frac_states,frac_abs_anwg_mass
0.0002824060999717594,0.04834138791071101
0.0005648121999435188,0.07002771759430346
0.0008472182999152782,0.09002581854514141
0.0011296243998870376,0.10838296117117723
0.001412030499858797,0.12359668430767484
0.0016944365998305564,0.13847351977554287
0.001976842699802316,0.1529434199156983
0.0022592487997740753,0.1674133200558537
0.0025416548997458347,0.1818832201960091
0.002824060999717594,0.19635312033616453
0.0031064670996893535,0.20773422101425412
0.003388873199661113,0.21911532169234374
0.0036712792996328723,0.22914478984306078
0.003953685399604632,0.23917425799377784
0.004236091499576391,0.24920372614449487
0.0045184975995481505,0.2591648237686901
0.0048009036995199095,0.26908844349622973
0.005083309799491669,0.27806410816644583
0.005365715899463428,0.28702651044711697
0.005648121999435188,0.29598891272778804
0.005930528099406947,0.3047948297568569
0.006212934199378707,0.313326365578653
0.006495340299350466,0.32158088597221024
0.006777746399322226,0.3297189185166844
0.007060152499293985,0.33785695106115854
0.0073425585992657446,0.3457817207519144
0.0076249646992375035,0.35370649044267016
0.007907370799209263,0.36163126013342595
0.008189776899181022,0.36955602982418173
0.008472182999152781,0.3773350672910478
0.00875458909912454,0.3846504185807952
0.009036995199096301,0.3919082597663831
0.00931940129906806,0.399139057509772
0.009601807399039819,0.4063698552531609
0.009884213499011578,0.41359439692113237
0.010166619598983339,0.42061961937346687
0.010449025698955098,0.42761688970953327
0.010731431798926857,0.4344729343353778
0.011013837898898616,0.44132462498520014
0.011296243998870376,0.44800327000217166
0.011578650098842135,0.4546819150191432
0.011861056198813894,0.46129766150416956
0.012143462298785653,0.46791340798919595
0.012425868398757414,0.47452915447422234
0.012708274498729173,0.48093041873335063
0.012990680598700932,0.48725382822154756
0.01327308669867269,0.49314828490405743
0.013555492798644452,0.4990011847714645
0.01383789889861621,0.5048540846388715
0.01412030499858797,0.5106770469364355
0.014402711098559728,0.5162253033687184
0.014685117198531489,0.5217735598010014
0.014967523298503248,0.5273218162332843
0.015249929398475007,0.532808431635439
0.015532335498446766,0.5382900103877913
0.015814741598418527,0.5437303736247208
0.016097147698390286,0.5491034497595876
0.016379553798362045,0.5544485126076818
0.016661959898333804,0.5596406274351927
0.016944365998305563,0.5647925665407734
0.01722677209827732,0.5699445056463539
0.01750917819824908,0.5750649393389506
0.017791584298220843,0.5800926643770662
0.018073990398192602,0.5851203894151819
0.01835639649816436,0.5901481144532974
0.01863880259813612,0.5950020104996777
0.01892120869810788,0.5998003337915027
0.019203614798079638,0.6044913875040877
0.019486020898051397,0.6091824412166726
0.019768426998023156,0.6138323483240117
0.02005083309799492,0.6184671228302768
0.020333239197966677,0.623101897336542
0.020615645297938436,0.6276660237537128
0.020898051397910195,0.6321249400326161
0.021180457497881954,0.6365838563115195
0.021462863597853713,0.640756794249323
0.021745269697825472,0.6449192997885006
0.02202767579779723,0.6490598863993504
0.022310081897768994,0.6529038333486796
0.022592487997740753,0.6567053207901266
0.02287489409771251,0.6605068082315735
0.02315730019768427,0.6642644997522472
0.02343970629765603,0.668022191272921
0.02372211239762779,0.6717798827935948
0.024004518497599547,0.6754375584384684
0.024286924597571306,0.6790952340833422
0.024569330697543065,0.6827529097282158
0.024851736797514828,0.6863757913409757
0.025134142897486587,0.6899795522468225
0.025416548997458346,0.6935615900954178
0.025698955097430105,0.6971436279440133
0.025981361197401864,0.7007256657926088
0.026263767297373623,0.7043077036412042
0.02654617339734538,0.7078897414897997
0.02682857949731714,0.7114717793383951
0.027110985597288903,0.7149922372297526
0.027393391697260662,0.7185126951211102
0.02767579779723242,0.7220331530124677
0.02795820389720418,0.7255536109038252
0.02824060999717594,0.7290740687951828
0.028523016097147698,0.7325866800213501
0.028805422197119457,0.7360992912475174
0.029087828297091216,0.7395251365724286
0.029370234397062978,0.7429509818973398
0.029652640497034737,0.746376827222251
0.029935046597006496,0.7498026725471622
0.030217452696978255,0.7532285178720733
0.030499858796950014,0.7566543631969845
0.030782264896921773,0.7600802085218957
0.031064670996893532,0.7635060538468069
0.031347077096865295,0.7669318991717181
0.031629483196837054,0.7703429493494452
0.03191188929680881,0.773681677012049
0.03219429539678057,0.7770170220524462
0.03247670149675233,0.7803248952949594
0.03275910759672409,0.7836327685374725
0.03304151369669585,0.7869406417799858
0.03332391979666761,0.7902139052958991
0.033606325896639366,0.7934871244349826
0.033888731996611125,0.7967582233669687
0.034171138096582884,0.8000293222989546
0.03445354419655464,0.8032489276506866
0.0347359502965264,0.8064508298067121
0.03501835639649816,0.8096527319627378
0.03530076249646993,0.8128546341187634
0.035583168596441686,0.8160565362747889
0.035865574696413445,0.8192584384308146
0.036147980796385204,0.8224603405868401
0.03643038689635696,0.8256622427428657
0.03671279299632872,0.8288511893251725
0.03699519909630048,0.8319460472630151
0.03727760519627224,0.8350409052008577
0.037560011296244,0.8380581889579207
0.03784241739621576,0.8410754727149838
0.03812482349618752,0.8440234130809884
0.038407229596159276,0.8469713534469929
0.038689635696131035,0.8499192938129975
0.038972041796102794,0.8528302767392524
0.03925444789607455,0.8557412596655072
0.03953685399604631,0.8586317775086273
0.03981926009601807,0.8615222953517475
0.04010166619598984,0.8644128131948676
0.040384072295961596,0.8673033310379878
0.040666478395933355,0.870193848881108
0.040948884495905113,0.8730540515253696
0.04123129059587687,0.8759043721192455
0.04151369669584863,0.8787464648286537
0.04179610279582039,0.8815885575380619
0.04207850889579215,0.8842926220733648
0.04236091499576391,0.8869340684073505
0.04264332109573567,0.8895563292687904
0.042925727195707426,0.8921144268988033
0.043208133295679185,0.8946725245288163
0.043490539395650944,0.897186387047874
0.0437729454956227,0.8997002495669316
0.04405535159559446,0.9022052838192313
0.04433775769556622,0.9046387506254753
0.04462016379553799,0.9070722174317193
0.044902569895509746,0.9094713790776319
0.045184975995481505,0.9118314427886793
0.045467382095453264,0.9141863221223752
0.04574978819542502,0.9165143656615273
0.04603219429539678,0.9188424092006796
0.04631460039536854,0.9211704527398318
0.0465970064953403,0.9234984962789841
0.04687941259531206,0.9257873273926568
0.04716181869528382,0.9280480050409353
0.04744422479525558,0.9303072394796067
0.047726630895227336,0.9325232451043451
0.048009036995199095,0.9346254452765795
0.048291443095170854,0.9367276454488139
0.04857384919514261,0.9388298456210483
0.04885625529511437,0.9409320457932828
0.04913866139508613,0.9430292488610654
0.0494210674950579,0.9451089664963233
0.049703473595029656,0.9471585542870533
0.049985879695001414,0.9492081420777835
0.05026828579497317,0.9512577298685135
0.05055069189494493,0.9533073176592436
0.05083309799491669,0.9553567351161787
0.05111550409488845,0.9574006722804109
0.05139791019486021,0.9594277925507428
0.05168031629483197,0.9614549128210748
0.05196272239480373,0.9634820330914067
0.052245128494775486,0.9655091533617386
0.052527534594747245,0.9675362736320705
0.052809940694719004,0.9695068761843322
0.05309234679469076,0.9714763982092379
0.05337475289466252,0.9732690452184317
0.05365715899463428,0.9750362417041629
0.05393956509460604,0.9767747162229677
0.054221971194577806,0.9784802413118312
0.054504377294549565,0.9801857664006947
0.054786783394521324,0.9818912914895582
0.05506918949449308,0.9835797923364878
0.05535159559446484,0.9852682931834175
0.0556340016944366,0.9868833909113126
0.05591640779440836,0.9884952590306915
0.05619881389438012,0.9901071271500702
0.05648121999435188,0.9917189952694491
0.05676362609432364,0.9933204917308862
0.057046032194295396,0.9949219881923235
0.057328438294267155,0.9963779637114515
0.057610844394238914,0.9977938222595011
0.05789325049421067,0.9989402853122311
0.05817565659418243,0.9999999999999979
0.05845806269415419,0.9999999999999979
0.058740468794125957,0.9999999999999979
0.059022874894097715,0.9999999999999979
0.059305280994069474,0.9999999999999979
0.05958768709404123,0.9999999999999979
0.05987009319401299,0.9999999999999979
0.06015249929398475,0.9999999999999979
0.06043490539395651,0.9999999999999979
0.06071731149392827,0.9999999999999979
0.06099971759390003,0.9999999999999979
0.06128212369387179,0.9999999999999979
0.061564529793843546,0.9999999999999979
0.061846935893815305,0.9999999999999979
0.062129341993787064,0.9999999999999979
0.06241174809375882,0.9999999999999979
0.06269415419373059,0.9999999999999979
0.06297656029370234,0.9999999999999979
0.06325896639367411,0.9999999999999979
0.06354137249364586,0.9999999999999979
0.06382377859361762,0.9999999999999979
0.06410618469358938,0.9999999999999979
0.06438859079356114,0.9999999999999979
0.0646709968935329,0.9999999999999979
0.06495340299350466,0.9999999999999979
0.06523580909347641,0.9999999999999979
0.06551821519344818,0.9999999999999979
0.06580062129341994,0.9999999999999979
0.0660830273933917,0.9999999999999979
0.06636543349336346,0.9999999999999979
0.06664783959333521,0.9999999999999979
0.06693024569330698,0.9999999999999979
0.06721265179327873,0.9999999999999979
0.0674950578932505,0.9999999999999979
0.06777746399322225,0.9999999999999979
0.06805987009319402,0.9999999999999979
0.06834227619316577,0.9999999999999979
0.06862468229313753,0.9999999999999979
0.06890708839310929,0.9999999999999979
0.06918949449308105,0.9999999999999979
0.0694719005930528,0.9999999999999979
0.06975430669302457,0.9999999999999979
0.07003671279299632,0.9999999999999979
0.07031911889296809,0.9999999999999979
0.07060152499293985,0.9999999999999979
0.0708839310929116,0.9999999999999979
0.07116633719288337,0.9999999999999979
0.07144874329285512,0.9999999999999979
0.07173114939282689,0.9999999999999979
0.07201355549279864,0.9999999999999979
0.07229596159277041,0.9999999999999979
0.07257836769274216,0.9999999999999979
0.07286077379271393,0.9999999999999979
0.07314317989268568,0.9999999999999979
0.07342558599265744,0.9999999999999979
0.0737079920926292,0.9999999999999979
0.07399039819260096,0.9999999999999979
0.07427280429257271,0.9999999999999979
0.07455521039254448,0.9999999999999979
0.07483761649251623,0.9999999999999979
0.075120022592488,0.9999999999999979
0.07540242869245976,0.9999999999999979
0.07568483479243152,0.9999999999999979
0.07596724089240328,0.9999999999999979
0.07624964699237503,0.9999999999999979
0.0765320530923468,0.9999999999999979
0.07681445919231855,0.9999999999999979
0.07709686529229032,0.9999999999999979
0.07737927139226207,0.9999999999999979
0.07766167749223384,0.9999999999999979
0.07794408359220559,0.9999999999999979
0.07822648969217735,0.9999999999999979
0.0785088957921491,0.9999999999999979
0.07879130189212087,0.9999999999999979
0.07907370799209262,0.9999999999999979
0.07935611409206439,0.9999999999999979
0.07963852019203614,0.9999999999999979
0.07992092629200791,0.9999999999999979
0.08020333239197967,0.9999999999999979
0.08048573849195143,0.9999999999999979
0.08076814459192319,0.9999999999999979
0.08105055069189494,0.9999999999999979
0.08133295679186671,0.9999999999999979
0.08161536289183846,0.9999999999999979
0.08189776899181023,0.9999999999999979
0.08218017509178198,0.9999999999999979
0.08246258119175374,0.9999999999999979
0.0827449872917255,0.9999999999999979
0.08302739339169726,0.9999999999999979
0.08330979949166901,0.9999999999999979
0.08359220559164078,0.9999999999999979
0.08387461169161253,0.9999999999999979
0.0841570177915843,0.9999999999999979
0.08443942389155605,0.9999999999999979
0.08472182999152782,0.9999999999999979
0.08500423609149958,0.9999999999999979
0.08528664219147133,0.9999999999999979
0.0855690482914431,0.9999999999999979
0.08585145439141485,0.9999999999999979
0.08613386049138662,0.9999999999999979
0.08641626659135837,0.9999999999999979
0.08669867269133014,0.9999999999999979
0.08698107879130189,0.9999999999999979
0.08726348489127365,0.9999999999999979
0.0875458909912454,0.9999999999999979
0.08782829709121717,0.9999999999999979
0.08811070319118892,0.9999999999999979
0.08839310929116069,0.9999999999999979
0.08867551539113244,0.9999999999999979
0.08895792149110421,0.9999999999999979
0.08924032759107597,0.9999999999999979
0.08952273369104773,0.9999999999999979
0.08980513979101949,0.9999999999999979
0.09008754589099124,0.9999999999999979
0.09036995199096301,0.9999999999999979
0.09065235809093476,0.9999999999999979
0.09093476419090653,0.9999999999999979
0.09121717029087828,0.9999999999999979
0.09149957639085005,0.9999999999999979
0.0917819824908218,0.9999999999999979
0.09206438859079356,0.9999999999999979
0.09234679469076532,0.9999999999999979
0.09262920079073708,0.9999999999999979
0.09291160689070883,0.9999999999999979
0.0931940129906806,0.9999999999999979
0.09347641909065235,0.9999999999999979
0.09375882519062412,0.9999999999999979
0.09404123129059588,0.9999999999999979
0.09432363739056764,0.9999999999999979
0.0946060434905394,0.9999999999999979
0.09488844959051115,0.9999999999999979
0.09517085569048292,0.9999999999999979
0.09545326179045467,0.9999999999999979
0.09573566789042644,0.9999999999999979
0.09601807399039819,0.9999999999999979
0.09630048009036996,0.9999999999999979
0.09658288619034171,0.9999999999999979
0.09686529229031347,0.9999999999999979
0.09714769839028523,0.9999999999999979
0.09743010449025699,0.9999999999999979
0.09771251059022874,0.9999999999999979
0.09799491669020051,0.9999999999999979
0.09827732279017226,0.9999999999999979
0.09855972889014403,0.9999999999999979
0.0988421349901158,0.9999999999999979
0.09912454109008755,0.9999999999999979
0.09940694719005931,0.9999999999999979
0.09968935329003106,0.9999999999999979
0.09997175939000283,0.9999999999999979
0.10025416548997458,0.9999999999999979
0.10053657158994635,0.9999999999999979
0.1008189776899181,0.9999999999999979
0.10110138378988986,0.9999999999999979
0.10138378988986162,0.9999999999999979
0.10166619598983338,0.9999999999999979
0.10194860208980513,0.9999999999999979
0.1022310081897769,0.9999999999999979
0.10251341428974865,0.9999999999999979
0.10279582038972042,0.9999999999999979
0.10307822648969217,0.9999999999999979
0.10336063258966394,0.9999999999999979
0.1036430386896357,0.9999999999999979
0.10392544478960745,0.9999999999999979
0.10420785088957922,0.9999999999999979
0.10449025698955097,0.9999999999999979
0.10477266308952274,0.9999999999999979
0.10505506918949449,0.9999999999999979
0.10533747528946626,0.9999999999999979
0.10561988138943801,0.9999999999999979
0.10590228748940977,0.9999999999999979
0.10618469358938153,0.9999999999999979
0.10646709968935329,0.9999999999999979
0.10674950578932504,0.9999999999999979
0.10703191188929681,0.9999999999999979
0.10731431798926856,0.9999999999999979
0.10759672408924033,0.9999999999999979
0.10787913018921208,0.9999999999999979
0.10816153628918385,0.9999999999999979
0.10844394238915561,0.9999999999999979
0.10872634848912736,0.9999999999999979
0.10900875458909913,0.9999999999999979
0.10929116068907088,0.9999999999999979
0.10957356678904265,0.9999999999999979
0.1098559728890144,0.9999999999999979
0.11013837898898617,0.9999999999999979
0.11042078508895792,0.9999999999999979
0.11070319118892968,0.9999999999999979
0.11098559728890144,0.9999999999999979
0.1112680033888732,0.9999999999999979
0.11155040948884495,0.9999999999999979
0.11183281558881672,0.9999999999999979
0.11211522168878847,0.9999999999999979
0.11239762778876024,0.9999999999999979
0.112680033888732,0.9999999999999979
0.11296243998870376,0.9999999999999979
0.11324484608867552,0.9999999999999979
0.11352725218864727,0.9999999999999979
0.11380965828861904,0.9999999999999979
0.11409206438859079,0.9999999999999979
0.11437447048856256,0.9999999999999979
0.11465687658853431,0.9999999999999979
0.11493928268850608,0.9999999999999979
0.11522168878847783,0.9999999999999979
0.1155040948884496,0.9999999999999979
0.11578650098842135,0.9999999999999979
0.11606890708839311,0.9999999999999979
0.11635131318836486,0.9999999999999979
0.11663371928833663,0.9999999999999979
0.11691612538830838,0.9999999999999979
0.11719853148828015,0.9999999999999979
0.11748093758825191,0.9999999999999979
0.11776334368822367,0.9999999999999979
0.11804574978819543,0.9999999999999979
0.11832815588816718,0.9999999999999979
0.11861056198813895,0.9999999999999979
0.1188929680881107,0.9999999999999979
0.11917537418808247,0.9999999999999979
0.11945778028805422,0.9999999999999979
0.11974018638802598,0.9999999999999979
0.12002259248799774,0.9999999999999979
0.1203049985879695,0.9999999999999979
0.12058740468794125,0.9999999999999979
0.12086981078791302,0.9999999999999979
0.12115221688788477,0.9999999999999979
0.12143462298785654,0.9999999999999979
0.12171702908782829,0.9999999999999979
0.12199943518780006,0.9999999999999979
0.12228184128777182,0.9999999999999979
0.12256424738774357,0.9999999999999979
0.12284665348771534,0.9999999999999979
0.12312905958768709,0.9999999999999979
0.12341146568765886,0.9999999999999979
0.12369387178763061,0.9999999999999979
0.12397627788760238,0.9999999999999979
0.12425868398757413,0.9999999999999979
0.1245410900875459,0.9999999999999979
0.12482349618751765,0.9999999999999979
0.1251059022874894,0.9999999999999979
0.12538830838746118,0.9999999999999979
0.12567071448743292,0.9999999999999979
0.12595312058740468,0.9999999999999979
0.12623552668737645,0.9999999999999979
0.12651793278734821,0.9999999999999979
0.12680033888731998,0.9999999999999979
0.12708274498729172,0.9999999999999979
0.12736515108726348,0.9999999999999979
0.12764755718723525,0.9999999999999979
0.12792996328720702,0.9999999999999979
0.12821236938717875,0.9999999999999979
0.12849477548715052,0.9999999999999979
0.12877718158712229,0.9999999999999979
0.12905958768709405,0.9999999999999979
0.1293419937870658,0.9999999999999979
0.12962439988703756,0.9999999999999979
0.12990680598700932,0.9999999999999979
0.1301892120869811,0.9999999999999979
0.13047161818695283,0.9999999999999979
0.1307540242869246,0.9999999999999979
0.13103643038689636,0.9999999999999979
0.13131883648686812,0.9999999999999979
0.1316012425868399,0.9999999999999979
0.13188364868681163,0.9999999999999979
0.1321660547867834,0.9999999999999979
0.13244846088675516,0.9999999999999979
0.13273086698672693,0.9999999999999979
0.13301327308669866,0.9999999999999979
0.13329567918667043,0.9999999999999979
0.1335780852866422,0.9999999999999979
0.13386049138661396,0.9999999999999979
0.1341428974865857,0.9999999999999979
0.13442530358655747,0.9999999999999979
0.13470770968652923,0.9999999999999979
0.134990115786501,0.9999999999999979
0.13527252188647274,0.9999999999999979
0.1355549279864445,0.9999999999999979
0.13583733408641627,0.9999999999999979
0.13611974018638803,0.9999999999999979
0.1364021462863598,0.9999999999999979
0.13668455238633154,0.9999999999999979
0.1369669584863033,0.9999999999999979
0.13724936458627507,0.9999999999999979
0.13753177068624683,0.9999999999999979
0.13781417678621857,0.9999999999999979
0.13809658288619034,0.9999999999999979
0.1383789889861621,0.9999999999999979
0.13866139508613387,0.9999999999999979
0.1389438011861056,0.9999999999999979
0.13922620728607737,0.9999999999999979
0.13950861338604914,0.9999999999999979
0.1397910194860209,0.9999999999999979
0.14007342558599264,0.9999999999999979
0.1403558316859644,0.9999999999999979
0.14063823778593618,0.9999999999999979
0.14092064388590794,0.9999999999999979
0.1412030499858797,0.9999999999999979
0.14148545608585145,0.9999999999999979
0.1417678621858232,0.9999999999999979
0.14205026828579498,0.9999999999999979
0.14233267438576674,0.9999999999999979
0.14261508048573848,0.9999999999999979
0.14289748658571025,0.9999999999999979
0.14317989268568201,0.9999999999999979
0.14346229878565378,0.9999999999999979
0.14374470488562552,0.9999999999999979
0.14402711098559728,0.9999999999999979
0.14430951708556905,0.9999999999999979
0.14459192318554082,0.9999999999999979
0.14487432928551255,0.9999999999999979
0.14515673538548432,0.9999999999999979
0.14543914148545609,0.9999999999999979
0.14572154758542785,0.9999999999999979
0.14600395368539962,0.9999999999999979
0.14628635978537136,0.9999999999999979
0.14656876588534312,0.9999999999999979
0.1468511719853149,0.9999999999999979
0.14713357808528665,0.9999999999999979
0.1474159841852584,0.9999999999999979
0.14769839028523016,0.9999999999999979
0.14798079638520192,0.9999999999999979
0.1482632024851737,0.9999999999999979
0.14854560858514543,0.9999999999999979
0.1488280146851172,0.9999999999999979
0.14911042078508896,0.9999999999999979
0.14939282688506073,0.9999999999999979
0.14967523298503246,0.9999999999999979
0.14995763908500423,0.9999999999999979
0.150240045184976,0.9999999999999979
0.15052245128494776,0.9999999999999979
0.15080485738491953,0.9999999999999979
0.15108726348489127,0.9999999999999979
0.15136966958486303,0.9999999999999979
0.1516520756848348,0.9999999999999979
0.15193448178480656,0.9999999999999979
0.1522168878847783,0.9999999999999979
0.15249929398475007,0.9999999999999979
0.15278170008472183,0.9999999999999979
0.1530641061846936,0.9999999999999979
0.15334651228466534,0.9999999999999979
0.1536289183846371,0.9999999999999979
0.15391132448460887,0.9999999999999979
0.15419373058458063,0.9999999999999979
0.15447613668455237,0.9999999999999979
0.15475854278452414,0.9999999999999979
0.1550409488844959,0.9999999999999979
0.15532335498446767,0.9999999999999979
0.15560576108443944,0.9999999999999979
0.15588816718441117,0.9999999999999979
0.15617057328438294,0.9999999999999979
0.1564529793843547,0.9999999999999979
0.15673538548432647,0.9999999999999979
0.1570177915842982,0.9999999999999979
0.15730019768426998,0.9999999999999979
0.15758260378424174,0.9999999999999979
0.1578650098842135,0.9999999999999979
0.15814741598418525,0.9999999999999979
0.158429822084157,0.9999999999999979
0.15871222818412878,0.9999999999999979
0.15899463428410054,0.9999999999999979
0.15927704038407228,0.9999999999999979
0.15955944648404405,0.9999999999999979
0.15984185258401581,0.9999999999999979
0.16012425868398758,0.9999999999999979
0.16040666478395935,0.9999999999999979
0.16068907088393108,0.9999999999999979
0.16097147698390285,0.9999999999999979
0.16125388308387462,0.9999999999999979
0.16153628918384638,0.9999999999999979
0.16181869528381812,0.9999999999999979
0.1621011013837899,0.9999999999999979
0.16238350748376165,0.9999999999999979
0.16266591358373342,0.9999999999999979
0.16294831968370516,0.9999999999999979
0.16323072578367692,0.9999999999999979
0.1635131318836487,0.9999999999999979
0.16379553798362045,0.9999999999999979
0.1640779440835922,0.9999999999999979
0.16436035018356396,0.9999999999999979
0.16464275628353572,0.9999999999999979
0.1649251623835075,0.9999999999999979
0.16520756848347926,0.9999999999999979
0.165489974583451,0.9999999999999979
0.16577238068342276,0.9999999999999979
0.16605478678339453,0.9999999999999979
0.1663371928833663,0.9999999999999979
0.16661959898333803,0.9999999999999979
0.1669020050833098,0.9999999999999979
0.16718441118328156,0.9999999999999979
0.16746681728325333,0.9999999999999979
0.16774922338322507,0.9999999999999979
0.16803162948319683,0.9999999999999979
0.1683140355831686,0.9999999999999979
0.16859644168314036,0.9999999999999979
0.1688788477831121,0.9999999999999979
0.16916125388308387,0.9999999999999979
0.16944365998305563,0.9999999999999979
0.1697260660830274,0.9999999999999979
0.17000847218299917,0.9999999999999979
0.1702908782829709,0.9999999999999979
0.17057328438294267,0.9999999999999979
0.17085569048291444,0.9999999999999979
0.1711380965828862,0.9999999999999979
0.17142050268285794,0.9999999999999979
0.1717029087828297,0.9999999999999979
0.17198531488280147,0.9999999999999979
0.17226772098277324,0.9999999999999979
0.17255012708274498,0.9999999999999979
0.17283253318271674,0.9999999999999979
0.1731149392826885,0.9999999999999979
0.17339734538266027,0.9999999999999979
0.173679751482632,0.9999999999999979
0.17396215758260378,0.9999999999999979
0.17424456368257554,0.9999999999999979
0.1745269697825473,0.9999999999999979
0.17480937588251907,0.9999999999999979
0.1750917819824908,0.9999999999999979
0.17537418808246258,0.9999999999999979
0.17565659418243434,0.9999999999999979
0.1759390002824061,0.9999999999999979
0.17622140638237785,0.9999999999999979
0.17650381248234961,0.9999999999999979
0.17678621858232138,0.9999999999999979
0.17706862468229315,0.9999999999999979
0.17735103078226488,0.9999999999999979
0.17763343688223665,0.9999999999999979
0.17791584298220842,0.9999999999999979
0.17819824908218018,0.9999999999999979
0.17848065518215195,0.9999999999999979
0.1787630612821237,0.9999999999999979
0.17904546738209545,0.9999999999999979
0.17932787348206722,0.9999999999999979
0.17961027958203898,0.9999999999999979
0.17989268568201072,0.9999999999999979
0.1801750917819825,0.9999999999999979
0.18045749788195425,0.9999999999999979
0.18073990398192602,0.9999999999999979
0.18102231008189776,0.9999999999999979
0.18130471618186952,0.9999999999999979
0.1815871222818413,0.9999999999999979
0.18186952838181306,0.9999999999999979
0.1821519344817848,0.9999999999999979
0.18243434058175656,0.9999999999999979
0.18271674668172833,0.9999999999999979
0.1829991527817001,0.9999999999999979
0.18328155888167186,0.9999999999999979
0.1835639649816436,0.9999999999999979
0.18384637108161536,0.9999999999999979
0.18412877718158713,0.9999999999999979
0.1844111832815589,0.9999999999999979
0.18469358938153063,0.9999999999999979
0.1849759954815024,0.9999999999999979
0.18525840158147416,0.9999999999999979
0.18554080768144593,0.9999999999999979
0.18582321378141767,0.9999999999999979
0.18610561988138943,0.9999999999999979
0.1863880259813612,0.9999999999999979
0.18667043208133297,0.9999999999999979
0.1869528381813047,0.9999999999999979
0.18723524428127647,0.9999999999999979
0.18751765038124824,0.9999999999999979
0.18780005648122,0.9999999999999979
0.18808246258119177,0.9999999999999979
0.1883648686811635,0.9999999999999979
0.18864727478113527,0.9999999999999979
0.18892968088110704,0.9999999999999979
0.1892120869810788,0.9999999999999979
0.18949449308105054,0.9999999999999979
0.1897768991810223,0.9999999999999979
0.19005930528099407,0.9999999999999979
0.19034171138096584,0.9999999999999979
0.19062411748093758,0.9999999999999979
0.19090652358090934,0.9999999999999979
0.1911889296808811,0.9999999999999979
0.19147133578085287,0.9999999999999979
0.1917537418808246,0.9999999999999979
0.19203614798079638,0.9999999999999979
0.19231855408076814,0.9999999999999979
0.1926009601807399,0.9999999999999979
0.19288336628071168,0.9999999999999979
0.19316577238068341,0.9999999999999979
0.19344817848065518,0.9999999999999979
0.19373058458062695,0.9999999999999979
0.1940129906805987,0.9999999999999979
0.19429539678057045,0.9999999999999979
0.19457780288054222,0.9999999999999979
0.19486020898051398,0.9999999999999979
0.19514261508048575,0.9999999999999979
0.1954250211804575,0.9999999999999979
0.19570742728042925,0.9999999999999979
0.19598983338040102,0.9999999999999979
0.19627223948037278,0.9999999999999979
0.19655464558034452,0.9999999999999979
0.1968370516803163,0.9999999999999979
0.19711945778028805,0.9999999999999979
0.19740186388025982,0.9999999999999979
0.1976842699802316,0.9999999999999979
0.19796667608020332,0.9999999999999979
0.1982490821801751,0.9999999999999979
0.19853148828014686,0.9999999999999979
0.19881389438011862,0.9999999999999979
0.19909630048009036,0.9999999999999979
0.19937870658006213,0.9999999999999979
0.1996611126800339,0.9999999999999979
0.19994351878000566,0.9999999999999979
0.2002259248799774,0.9999999999999979
0.20050833097994916,0.9999999999999979
0.20079073707992093,0.9999999999999979
0.2010731431798927,0.9999999999999979
0.20135554927986443,0.9999999999999979
0.2016379553798362,0.9999999999999979
0.20192036147980796,0.9999999999999979
0.20220276757977973,0.9999999999999979
0.2024851736797515,0.9999999999999979
0.20276757977972323,0.9999999999999979
0.203049985879695,0.9999999999999979
0.20333239197966677,0.9999999999999979
0.20361479807963853,0.9999999999999979
0.20389720417961027,0.9999999999999979
0.20417961027958204,0.9999999999999979
0.2044620163795538,0.9999999999999979
0.20474442247952557,0.9999999999999979
0.2050268285794973,0.9999999999999979
0.20530923467946907,0.9999999999999979
0.20559164077944084,0.9999999999999979
0.2058740468794126,0.9999999999999979
0.20615645297938434,0.9999999999999979
0.2064388590793561,0.9999999999999979
0.20672126517932787,0.9999999999999979
0.20700367127929964,0.9999999999999979
0.2072860773792714,0.9999999999999979
0.20756848347924314,0.9999999999999979
0.2078508895792149,0.9999999999999979
0.20813329567918668,0.9999999999999979
0.20841570177915844,0.9999999999999979
0.20869810787913018,0.9999999999999979
0.20898051397910195,0.9999999999999979
0.2092629200790737,0.9999999999999979
0.20954532617904548,0.9999999999999979
0.20982773227901722,0.9999999999999979
0.21011013837898898,0.9999999999999979
0.21039254447896075,0.9999999999999979
0.2106749505789325,0.9999999999999979
0.21095735667890425,0.9999999999999979
0.21123976277887602,0.9999999999999979
0.21152216887884778,0.9999999999999979
0.21180457497881955,0.9999999999999979
0.21208698107879131,0.9999999999999979
0.21236938717876305,0.9999999999999979
0.21265179327873482,0.9999999999999979
0.21293419937870658,0.9999999999999979
0.21321660547867835,0.9999999999999979
0.2134990115786501,0.9999999999999979
0.21378141767862185,0.9999999999999979
0.21406382377859362,0.9999999999999979
0.2143462298785654,0.9999999999999979
0.21462863597853712,0.9999999999999979
0.2149110420785089,0.9999999999999979
0.21519344817848066,0.9999999999999979
0.21547585427845242,0.9999999999999979
0.21575826037842416,0.9999999999999979
0.21604066647839593,0.9999999999999979
0.2163230725783677,0.9999999999999979
0.21660547867833946,0.9999999999999979
0.21688788477831122,0.9999999999999979
0.21717029087828296,0.9999999999999979
0.21745269697825473,0.9999999999999979
0.2177351030782265,0.9999999999999979
0.21801750917819826,0.9999999999999979
0.21829991527817,0.9999999999999979
0.21858232137814176,0.9999999999999979
0.21886472747811353,0.9999999999999979
0.2191471335780853,0.9999999999999979
0.21942953967805703,0.9999999999999979
0.2197119457780288,0.9999999999999979
0.21999435187800057,0.9999999999999979
0.22027675797797233,0.9999999999999979
0.22055916407794407,0.9999999999999979
0.22084157017791584,0.9999999999999979
0.2211239762778876,0.9999999999999979
0.22140638237785937,0.9999999999999979
0.22168878847783113,0.9999999999999979
0.22197119457780287,0.9999999999999979
0.22225360067777464,0.9999999999999979
0.2225360067777464,0.9999999999999979
0.22281841287771817,0.9999999999999979
0.2231008189776899,0.9999999999999979
0.22338322507766167,0.9999999999999979
0.22366563117763344,0.9999999999999979
0.2239480372776052,0.9999999999999979
0.22423044337757694,0.9999999999999979
0.2245128494775487,0.9999999999999979
0.22479525557752048,0.9999999999999979
0.22507766167749224,0.9999999999999979
0.225360067777464,0.9999999999999979
0.22564247387743575,0.9999999999999979
0.2259248799774075,0.9999999999999979
0.22620728607737928,0.9999999999999979
0.22648969217735104,0.9999999999999979
0.22677209827732278,0.9999999999999979
0.22705450437729455,0.9999999999999979
0.2273369104772663,0.9999999999999979
0.22761931657723808,0.9999999999999979
0.22790172267720982,0.9999999999999979
0.22818412877718158,0.9999999999999979
0.22846653487715335,0.9999999999999979
0.22874894097712511,0.9999999999999979
0.22903134707709685,0.9999999999999979
0.22931375317706862,0.9999999999999979
0.22959615927704038,0.9999999999999979
0.22987856537701215,0.9999999999999979
0.23016097147698392,0.9999999999999979
0.23044337757695565,0.9999999999999979
0.23072578367692742,0.9999999999999979
0.2310081897768992,0.9999999999999979
0.23129059587687095,0.9999999999999979
0.2315730019768427,0.9999999999999979
0.23185540807681446,0.9999999999999979
0.23213781417678622,0.9999999999999979
0.232420220276758,0.9999999999999979
0.23270262637672973,0.9999999999999979
0.2329850324767015,0.9999999999999979
0.23326743857667326,0.9999999999999979
0.23354984467664502,0.9999999999999979
0.23383225077661676,0.9999999999999979
0.23411465687658853,0.9999999999999979
0.2343970629765603,0.9999999999999979
0.23467946907653206,0.9999999999999979
0.23496187517650383,0.9999999999999979
0.23524428127647556,0.9999999999999979
0.23552668737644733,0.9999999999999979
0.2358090934764191,0.9999999999999979
0.23609149957639086,0.9999999999999979
0.2363739056763626,0.9999999999999979
0.23665631177633437,0.9999999999999979
0.23693871787630613,0.9999999999999979
0.2372211239762779,0.9999999999999979
0.23750353007624964,0.9999999999999979
0.2377859361762214,0.9999999999999979
0.23806834227619317,0.9999999999999979
0.23835074837616493,0.9999999999999979
0.23863315447613667,0.9999999999999979
0.23891556057610844,0.9999999999999979
0.2391979666760802,0.9999999999999979
0.23948037277605197,0.9999999999999979
0.23976277887602374,0.9999999999999979
0.24004518497599547,0.9999999999999979
0.24032759107596724,0.9999999999999979
0.240609997175939,0.9999999999999979
0.24089240327591077,0.9999999999999979
0.2411748093758825,0.9999999999999979
0.24145721547585428,0.9999999999999979
0.24173962157582604,0.9999999999999979
0.2420220276757978,0.9999999999999979
0.24230443377576955,0.9999999999999979
0.2425868398757413,0.9999999999999979
0.24286924597571308,0.9999999999999979
0.24315165207568484,0.9999999999999979
0.24343405817565658,0.9999999999999979
0.24371646427562835,0.9999999999999979
0.2439988703756001,0.9999999999999979
0.24428127647557188,0.9999999999999979
0.24456368257554364,0.9999999999999979
0.24484608867551538,0.9999999999999979
0.24512849477548715,0.9999999999999979
0.24541090087545891,0.9999999999999979
0.24569330697543068,0.9999999999999979
0.24597571307540242,0.9999999999999979
0.24625811917537418,0.9999999999999979
0.24654052527534595,0.9999999999999979
0.24682293137531772,0.9999999999999979
0.24710533747528945,0.9999999999999979
0.24738774357526122,0.9999999999999979
0.247670149675233,0.9999999999999979
0.24795255577520475,0.9999999999999979
0.2482349618751765,0.9999999999999979
0.24851736797514826,0.9999999999999979
0.24879977407512002,0.9999999999999979
0.2490821801750918,0.9999999999999979
0.24936458627506355,0.9999999999999979
0.2496469923750353,0.9999999999999979
0.24992939847500706,0.9999999999999979
0.2502118045749788,0.9999999999999979
0.2504942106749506,0.9999999999999979
0.25077661677492236,0.9999999999999979
0.2510590228748941,0.9999999999999979
0.25134142897486583,0.9999999999999979
0.2516238350748376,0.9999999999999979
0.25190624117480936,0.9999999999999979
0.25218864727478113,0.9999999999999979
0.2524710533747529,0.9999999999999979
0.25275345947472466,0.9999999999999979
0.25303586557469643,0.9999999999999979
0.2533182716746682,0.9999999999999979
0.25360067777463996,0.9999999999999979
0.25388308387461167,0.9999999999999979
0.25416548997458344,0.9999999999999979
0.2544478960745552,0.9999999999999979
0.25473030217452697,0.9999999999999979
0.25501270827449873,0.9999999999999979
0.2552951143744705,0.9999999999999979
0.25557752047444227,0.9999999999999979
0.25585992657441403,0.9999999999999979
0.25614233267438574,0.9999999999999979
0.2564247387743575,0.9999999999999979
0.2567071448743293,0.9999999999999979
0.25698955097430104,0.9999999999999979
0.2572719570742728,0.9999999999999979
0.25755436317424457,0.9999999999999979
0.25783676927421634,0.9999999999999979
0.2581191753741881,0.9999999999999979
0.25840158147415987,0.9999999999999979
0.2586839875741316,0.9999999999999979
0.25896639367410335,0.9999999999999979
0.2592487997740751,0.9999999999999979
0.2595312058740469,0.9999999999999979
0.25981361197401864,0.9999999999999979
0.2600960180739904,0.9999999999999979
0.2603784241739622,0.9999999999999979
0.26066083027393394,0.9999999999999979
0.26094323637390565,0.9999999999999979
0.2612256424738774,0.9999999999999979
0.2615080485738492,0.9999999999999979
0.26179045467382095,0.9999999999999979
0.2620728607737927,0.9999999999999979
0.2623552668737645,0.9999999999999979
0.26263767297373625,0.9999999999999979
0.262920079073708,0.9999999999999979
0.2632024851736798,0.9999999999999979
0.2634848912736515,0.9999999999999979
0.26376729737362326,0.9999999999999979
0.264049703473595,0.9999999999999979
0.2643321095735668,0.9999999999999979
0.26461451567353855,0.9999999999999979
0.2648969217735103,0.9999999999999979
0.2651793278734821,0.9999999999999979
0.26546173397345385,0.9999999999999979
0.26574414007342556,0.9999999999999979
0.2660265461733973,0.9999999999999979
0.2663089522733691,0.9999999999999979
0.26659135837334086,0.9999999999999979
0.2668737644733126,0.9999999999999979
0.2671561705732844,0.9999999999999979
0.26743857667325616,0.9999999999999979
0.2677209827732279,0.9999999999999979
0.2680033888731997,0.9999999999999979
0.2682857949731714,0.9999999999999979
0.26856820107314316,0.9999999999999979
0.26885060717311493,0.9999999999999979
0.2691330132730867,0.9999999999999979
0.26941541937305846,0.9999999999999979
0.26969782547303023,0.9999999999999979
0.269980231573002,0.9999999999999979
0.27026263767297376,0.9999999999999979
0.27054504377294547,0.9999999999999979
0.27082744987291724,0.9999999999999979
0.271109855972889,0.9999999999999979
0.27139226207286077,0.9999999999999979
0.27167466817283253,0.9999999999999979
0.2719570742728043,0.9999999999999979
0.27223948037277607,0.9999999999999979
0.27252188647274783,0.9999999999999979
0.2728042925727196,0.9999999999999979
0.2730866986726913,0.9999999999999979
0.2733691047726631,0.9999999999999979
0.27365151087263484,0.9999999999999979
0.2739339169726066,0.9999999999999979
0.27421632307257837,0.9999999999999979
0.27449872917255014,0.9999999999999979
0.2747811352725219,0.9999999999999979
0.27506354137249367,0.9999999999999979
0.2753459474724654,0.9999999999999979
0.27562835357243715,0.9999999999999979
0.2759107596724089,0.9999999999999979
0.2761931657723807,0.9999999999999979
0.27647557187235244,0.9999999999999979
0.2767579779723242,0.9999999999999979
0.277040384072296,0.9999999999999979
0.27732279017226774,0.9999999999999979
0.2776051962722395,0.9999999999999979
0.2778876023722112,0.9999999999999979
0.278170008472183,0.9999999999999979
0.27845241457215475,0.9999999999999979
0.2787348206721265,0.9999999999999979
0.2790172267720983,0.9999999999999979
0.27929963287207005,0.9999999999999979
0.2795820389720418,0.9999999999999979
0.2798644450720136,0.9999999999999979
0.2801468511719853,0.9999999999999979
0.28042925727195706,0.9999999999999979
0.2807116633719288,0.9999999999999979
0.2809940694719006,0.9999999999999979
0.28127647557187235,0.9999999999999979
0.2815588816718441,0.9999999999999979
0.2818412877718159,0.9999999999999979
0.28212369387178765,0.9999999999999979
0.2824060999717594,0.9999999999999979
0.2826885060717311,0.9999999999999979
0.2829709121717029,0.9999999999999979
0.28325331827167466,0.9999999999999979
0.2835357243716464,0.9999999999999979
0.2838181304716182,0.9999999999999979
0.28410053657158996,0.9999999999999979
0.2843829426715617,0.9999999999999979
0.2846653487715335,0.9999999999999979
0.2849477548715052,0.9999999999999979
0.28523016097147696,0.9999999999999979
0.28551256707144873,0.9999999999999979
0.2857949731714205,0.9999999999999979
0.28607737927139226,0.9999999999999979
0.28635978537136403,0.9999999999999979
0.2866421914713358,0.9999999999999979
0.28692459757130756,0.9999999999999979
0.2872070036712793,0.9999999999999979
0.28748940977125104,0.9999999999999979
0.2877718158712228,0.9999999999999979
0.28805422197119457,0.9999999999999979
0.28833662807116633,0.9999999999999979
0.2886190341711381,0.9999999999999979
0.28890144027110987,0.9999999999999979
0.28918384637108163,0.9999999999999979
0.2894662524710534,0.9999999999999979
0.2897486585710251,0.9999999999999979
0.2900310646709969,0.9999999999999979
0.29031347077096864,0.9999999999999979
0.2905958768709404,0.9999999999999979
0.29087828297091217,0.9999999999999979
0.29116068907088394,0.9999999999999979
0.2914430951708557,0.9999999999999979
0.29172550127082747,0.9999999999999979
0.29200790737079924,0.9999999999999979
0.29229031347077095,0.9999999999999979
0.2925727195707427,0.9999999999999979
0.2928551256707145,0.9999999999999979
0.29313753177068624,0.9999999999999979
0.293419937870658,0.9999999999999979
0.2937023439706298,0.9999999999999979
0.29398475007060154,0.9999999999999979
0.2942671561705733,0.9999999999999979
0.294549562270545,0.9999999999999979
0.2948319683705168,0.9999999999999979
0.29511437447048855,0.9999999999999979
0.2953967805704603,0.9999999999999979
0.2956791866704321,0.9999999999999979
0.29596159277040385,0.9999999999999979
0.2962439988703756,0.9999999999999979
0.2965264049703474,0.9999999999999979
0.29680881107031915,0.9999999999999979
0.29709121717029086,0.9999999999999979
0.2973736232702626,0.9999999999999979
0.2976560293702344,0.9999999999999979
0.29793843547020615,0.9999999999999979
0.2982208415701779,0.9999999999999979
0.2985032476701497,0.9999999999999979
0.29878565377012145,0.9999999999999979
0.2990680598700932,0.9999999999999979
0.2993504659700649,0.9999999999999979
0.2996328720700367,0.9999999999999979
0.29991527817000846,0.9999999999999979
0.3001976842699802,0.9999999999999979
0.300480090369952,0.9999999999999979
0.30076249646992376,0.9999999999999979
0.3010449025698955,0.9999999999999979
0.3013273086698673,0.9999999999999979
0.30160971476983905,0.9999999999999979
0.30189212086981076,0.9999999999999979
0.30217452696978253,0.9999999999999979
0.3024569330697543,0.9999999999999979
0.30273933916972606,0.9999999999999979
0.30302174526969783,0.9999999999999979
0.3033041513696696,0.9999999999999979
0.30358655746964136,0.9999999999999979
0.3038689635696131,0.9999999999999979
0.30415136966958484,0.9999999999999979
0.3044337757695566,0.9999999999999979
0.30471618186952837,0.9999999999999979
0.30499858796950013,0.9999999999999979
0.3052809940694719,0.9999999999999979
0.30556340016944367,0.9999999999999979
0.30584580626941543,0.9999999999999979
0.3061282123693872,0.9999999999999979
0.30641061846935896,0.9999999999999979
0.3066930245693307,0.9999999999999979
0.30697543066930244,0.9999999999999979
0.3072578367692742,0.9999999999999979
0.30754024286924597,0.9999999999999979
0.30782264896921774,0.9999999999999979
0.3081050550691895,0.9999999999999979
0.30838746116916127,0.9999999999999979
0.30866986726913304,0.9999999999999979
0.30895227336910475,0.9999999999999979
0.3092346794690765,0.9999999999999979
0.3095170855690483,0.9999999999999979
0.30979949166902004,0.9999999999999979
0.3100818977689918,0.9999999999999979
0.3103643038689636,0.9999999999999979
0.31064670996893534,0.9999999999999979
0.3109291160689071,0.9999999999999979
0.3112115221688789,0.9999999999999979
0.3114939282688506,0.9999999999999979
0.31177633436882235,0.9999999999999979
0.3120587404687941,0.9999999999999979
0.3123411465687659,0.9999999999999979
0.31262355266873765,0.9999999999999979
0.3129059587687094,0.9999999999999979
0.3131883648686812,0.9999999999999979
0.31347077096865295,0.9999999999999979
0.31375317706862466,0.9999999999999979
0.3140355831685964,0.9999999999999979
0.3143179892685682,0.9999999999999979
0.31460039536853995,0.9999999999999979
0.3148828014685117,0.9999999999999979
0.3151652075684835,0.9999999999999979
0.31544761366845525,0.9999999999999979
0.315730019768427,0.9999999999999979
0.3160124258683988,0.9999999999999979
0.3162948319683705,0.9999999999999979
0.31657723806834226,0.9999999999999979
0.316859644168314,0.9999999999999979
0.3171420502682858,0.9999999999999979
0.31742445636825756,0.9999999999999979
0.3177068624682293,0.9999999999999979
0.3179892685682011,0.9999999999999979
0.31827167466817285,0.9999999999999979
0.31855408076814457,0.9999999999999979
0.31883648686811633,0.9999999999999979
0.3191188929680881,0.9999999999999979
0.31940129906805986,0.9999999999999979
0.31968370516803163,0.9999999999999979
0.3199661112680034,0.9999999999999979
0.32024851736797516,0.9999999999999979
0.3205309234679469,0.9999999999999979
0.3208133295679187,0.9999999999999979
0.3210957356678904,0.9999999999999979
0.32137814176786217,0.9999999999999979
0.32166054786783393,0.9999999999999979
0.3219429539678057,0.9999999999999979
0.32222536006777747,0.9999999999999979
0.32250776616774923,0.9999999999999979
0.322790172267721,0.9999999999999979
0.32307257836769276,0.9999999999999979
0.3233549844676645,0.9999999999999979
0.32363739056763624,0.9999999999999979
0.323919796667608,0.9999999999999979
0.3242022027675798,0.9999999999999979
0.32448460886755154,0.9999999999999979
0.3247670149675233,0.9999999999999979
0.32504942106749507,0.9999999999999979
0.32533182716746684,0.9999999999999979
0.3256142332674386,0.9999999999999979
0.3258966393674103,0.9999999999999979
0.3261790454673821,0.9999999999999979
0.32646145156735384,0.9999999999999979
0.3267438576673256,0.9999999999999979
0.3270262637672974,0.9999999999999979
0.32730866986726914,0.9999999999999979
0.3275910759672409,0.9999999999999979
0.3278734820672127,0.9999999999999979
0.3281558881671844,0.9999999999999979
0.32843829426715615,0.9999999999999979
0.3287207003671279,0.9999999999999979
0.3290031064670997,0.9999999999999979
0.32928551256707145,0.9999999999999979
0.3295679186670432,0.9999999999999979
0.329850324767015,0.9999999999999979
0.33013273086698675,0.9999999999999979
0.3304151369669585,0.9999999999999979
0.3306975430669302,0.9999999999999979
0.330979949166902,0.9999999999999979
0.33126235526687375,0.9999999999999979
0.3315447613668455,0.9999999999999979
0.3318271674668173,0.9999999999999979
0.33210957356678905,0.9999999999999979
0.3323919796667608,0.9999999999999979
0.3326743857667326,0.9999999999999979
0.3329567918667043,0.9999999999999979
0.33323919796667606,0.9999999999999979
0.3335216040666478,0.9999999999999979
0.3338040101666196,0.9999999999999979
0.33408641626659136,0.9999999999999979
0.3343688223665631,0.9999999999999979
0.3346512284665349,0.9999999999999979
0.33493363456650665,0.9999999999999979
0.3352160406664784,0.9999999999999979
0.33549844676645013,0.9999999999999979
0.3357808528664219,0.9999999999999979
0.33606325896639366,0.9999999999999979
0.33634566506636543,0.9999999999999979
0.3366280711663372,0.9999999999999979
0.33691047726630896,0.9999999999999979
0.3371928833662807,0.9999999999999979
0.3374752894662525,0.9999999999999979
0.3377576955662242,0.9999999999999979
0.33804010166619597,0.9999999999999979
0.33832250776616773,0.9999999999999979
0.3386049138661395,0.9999999999999979
0.33888731996611127,0.9999999999999979
0.33916972606608303,0.9999999999999979
0.3394521321660548,0.9999999999999979
0.33973453826602656,0.9999999999999979
0.34001694436599833,0.9999999999999979
0.34029935046597004,0.9999999999999979
0.3405817565659418,0.9999999999999979
0.3408641626659136,0.9999999999999979
0.34114656876588534,0.9999999999999979
0.3414289748658571,0.9999999999999979
0.34171138096582887,0.9999999999999979
0.34199378706580064,0.9999999999999979
0.3422761931657724,0.9999999999999979
0.3425585992657441,0.9999999999999979
0.3428410053657159,0.9999999999999979
0.34312341146568764,0.9999999999999979
0.3434058175656594,0.9999999999999979
0.3436882236656312,0.9999999999999979
0.34397062976560294,0.9999999999999979
0.3442530358655747,0.9999999999999979
0.3445354419655465,0.9999999999999979
0.34481784806551824,0.9999999999999979
0.34510025416548995,0.9999999999999979
0.3453826602654617,0.9999999999999979
0.3456650663654335,0.9999999999999979
0.34594747246540525,0.9999999999999979
0.346229878565377,0.9999999999999979
0.3465122846653488,0.9999999999999979
0.34679469076532055,0.9999999999999979
0.3470770968652923,0.9999999999999979
0.347359502965264,0.9999999999999979
0.3476419090652358,0.9999999999999979
0.34792431516520755,0.9999999999999979
0.3482067212651793,0.9999999999999979
0.3484891273651511,0.9999999999999979
0.34877153346512285,0.9999999999999979
0.3490539395650946,0.9999999999999979
0.3493363456650664,0.9999999999999979
0.34961875176503815,0.9999999999999979
0.34990115786500986,0.9999999999999979
0.3501835639649816,0.9999999999999979
0.3504659700649534,0.9999999999999979
0.35074837616492516,0.9999999999999979
0.3510307822648969,0.9999999999999979
0.3513131883648687,0.9999999999999979
0.35159559446484046,0.9999999999999979
0.3518780005648122,0.9999999999999979
0.352160406664784,0.9999999999999979
0.3524428127647557,0.9999999999999979
0.35272521886472746,0.9999999999999979
0.35300762496469923,0.9999999999999979
0.353290031064671,0.9999999999999979
0.35357243716464276,0.9999999999999979
0.3538548432646145,0.9999999999999979
0.3541372493645863,0.9999999999999979
0.35441965546455806,0.9999999999999979
0.35470206156452977,0.9999999999999979
0.35498446766450154,0.9999999999999979
0.3552668737644733,0.9999999999999979
0.35554927986444507,0.9999999999999979
0.35583168596441683,0.9999999999999979
0.3561140920643886,0.9999999999999979
0.35639649816436036,0.9999999999999979
0.35667890426433213,0.9999999999999979
0.3569613103643039,0.9999999999999979
0.3572437164642756,0.9999999999999979
0.3575261225642474,0.9999999999999979
0.35780852866421914,0.9999999999999979
0.3580909347641909,0.9999999999999979
0.35837334086416267,0.9999999999999979
0.35865574696413444,0.9999999999999979
0.3589381530641062,0.9999999999999979
0.35922055916407797,0.9999999999999979
0.3595029652640497,0.9999999999999979
0.35978537136402144,0.9999999999999979
0.3600677774639932,0.9999999999999979
0.360350183563965,0.9999999999999979
0.36063258966393674,0.9999999999999979
0.3609149957639085,0.9999999999999979
0.3611974018638803,0.9999999999999979
0.36147980796385204,0.9999999999999979
0.3617622140638238,0.9999999999999979
0.3620446201637955,0.9999999999999979
0.3623270262637673,0.9999999999999979
0.36260943236373905,0.9999999999999979
0.3628918384637108,0.9999999999999979
0.3631742445636826,0.9999999999999979
0.36345665066365435,0.9999999999999979
0.3637390567636261,0.9999999999999979
0.3640214628635979,0.9999999999999979
0.3643038689635696,0.9999999999999979
0.36458627506354135,0.9999999999999979
0.3648686811635131,0.9999999999999979
0.3651510872634849,0.9999999999999979
0.36543349336345665,0.9999999999999979
0.3657158994634284,0.9999999999999979
0.3659983055634002,0.9999999999999979
0.36628071166337195,0.9999999999999979
0.3665631177633437,0.9999999999999979
0.3668455238633154,0.9999999999999979
0.3671279299632872,0.9999999999999979
0.36741033606325896,0.9999999999999979
0.3676927421632307,0.9999999999999979
0.3679751482632025,0.9999999999999979
0.36825755436317426,0.9999999999999979
0.368539960463146,0.9999999999999979
0.3688223665631178,0.9999999999999979
0.3691047726630895,0.9999999999999979
0.36938717876306126,0.9999999999999979
0.36966958486303303,0.9999999999999979
0.3699519909630048,0.9999999999999979
0.37023439706297656,0.9999999999999979
0.3705168031629483,0.9999999999999979
0.3707992092629201,0.9999999999999979
0.37108161536289186,0.9999999999999979
0.3713640214628636,0.9999999999999979
0.37164642756283534,0.9999999999999979
0.3719288336628071,0.9999999999999979
0.37221123976277887,0.9999999999999979
0.37249364586275063,0.9999999999999979
0.3727760519627224,0.9999999999999979
0.37305845806269416,0.9999999999999979
0.37334086416266593,0.9999999999999979
0.3736232702626377,0.9999999999999979
0.3739056763626094,0.9999999999999979
0.3741880824625812,0.9999999999999979
0.37447048856255294,0.9999999999999979
0.3747528946625247,0.9999999999999979
0.37503530076249647,0.9999999999999979
0.37531770686246824,0.9999999999999979
0.37560011296244,0.9999999999999979
0.37588251906241177,0.9999999999999979
0.37616492516238353,0.9999999999999979
0.37644733126235524,0.9999999999999979
0.376729737362327,0.9999999999999979
0.3770121434622988,0.9999999999999979
0.37729454956227054,0.9999999999999979
0.3775769556622423,0.9999999999999979
0.3778593617622141,0.9999999999999979
0.37814176786218584,0.9999999999999979
0.3784241739621576,0.9999999999999979
0.3787065800621293,0.9999999999999979
0.3789889861621011,0.9999999999999979
0.37927139226207285,0.9999999999999979
0.3795537983620446,0.9999999999999979
0.3798362044620164,0.9999999999999979
0.38011861056198815,0.9999999999999979
0.3804010166619599,0.9999999999999979
0.3806834227619317,0.9999999999999979
0.38096582886190344,0.9999999999999979
0.38124823496187515,0.9999999999999979
0.3815306410618469,0.9999999999999979
0.3818130471618187,0.9999999999999979
0.38209545326179045,0.9999999999999979
0.3823778593617622,0.9999999999999979
0.382660265461734,0.9999999999999979
0.38294267156170575,0.9999999999999979
0.3832250776616775,0.9999999999999979
0.3835074837616492,0.9999999999999979
0.383789889861621,0.9999999999999979
0.38407229596159276,0.9999999999999979
0.3843547020615645,0.9999999999999979
0.3846371081615363,0.9999999999999979
0.38491951426150806,0.9999999999999979
0.3852019203614798,0.9999999999999979
0.3854843264614516,0.9999999999999979
0.38576673256142335,0.9999999999999979
0.38604913866139506,0.9999999999999979
0.38633154476136683,0.9999999999999979
0.3866139508613386,0.9999999999999979
0.38689635696131036,0.9999999999999979
0.3871787630612821,0.9999999999999979
0.3874611691612539,0.9999999999999979
0.38774357526122566,0.9999999999999979
0.3880259813611974,0.9999999999999979
0.38830838746116914,0.9999999999999979
0.3885907935611409,0.9999999999999979
0.38887319966111267,0.9999999999999979
0.38915560576108443,0.9999999999999979
0.3894380118610562,0.9999999999999979
0.38972041796102797,0.9999999999999979
0.39000282406099973,0.9999999999999979
0.3902852301609715,0.9999999999999979
0.39056763626094326,0.9999999999999979
0.390850042360915,0.9999999999999979
0.39113244846088674,0.9999999999999979
0.3914148545608585,0.9999999999999979
0.39169726066083027,0.9999999999999979
0.39197966676080204,0.9999999999999979
0.3922620728607738,0.9999999999999979
0.39254447896074557,0.9999999999999979
0.39282688506071733,0.9999999999999979
0.39310929116068904,0.9999999999999979
0.3933916972606608,0.9999999999999979
0.3936741033606326,0.9999999999999979
0.39395650946060434,0.9999999999999979
0.3942389155605761,0.9999999999999979
0.3945213216605479,0.9999999999999979
0.39480372776051964,0.9999999999999979
0.3950861338604914,0.9999999999999979
0.3953685399604632,0.9999999999999979
0.3956509460604349,0.9999999999999979
0.39593335216040665,0.9999999999999979
0.3962157582603784,0.9999999999999979
0.3964981643603502,0.9999999999999979
0.39678057046032195,0.9999999999999979
0.3970629765602937,0.9999999999999979
0.3973453826602655,0.9999999999999979
0.39762778876023724,0.9999999999999979
0.39791019486020895,0.9999999999999979
0.3981926009601807,0.9999999999999979
0.3984750070601525,0.9999999999999979
0.39875741316012425,0.9999999999999979
0.399039819260096,0.9999999999999979
0.3993222253600678,0.9999999999999979
0.39960463146003955,0.9999999999999979
0.3998870375600113,0.9999999999999979
0.4001694436599831,0.9999999999999979
0.4004518497599548,0.9999999999999979
0.40073425585992656,0.9999999999999979
0.4010166619598983,0.9999999999999979
0.4012990680598701,0.9999999999999979
0.40158147415984186,0.9999999999999979
0.4018638802598136,0.9999999999999979
0.4021462863597854,0.9999999999999979
0.40242869245975715,0.9999999999999979
0.40271109855972886,0.9999999999999979
0.40299350465970063,0.9999999999999979
0.4032759107596724,0.9999999999999979
0.40355831685964416,0.9999999999999979
0.4038407229596159,0.9999999999999979
0.4041231290595877,0.9999999999999979
0.40440553515955946,0.9999999999999979
0.4046879412595312,0.9999999999999979
0.404970347359503,0.9999999999999979
0.4052527534594747,0.9999999999999979
0.40553515955944647,0.9999999999999979
0.40581756565941823,0.9999999999999979
0.40609997175939,0.9999999999999979
0.40638237785936177,0.9999999999999979
0.40666478395933353,0.9999999999999979
0.4069471900593053,0.9999999999999979
0.40722959615927706,0.9999999999999979
0.4075120022592488,0.9999999999999979
0.40779440835922054,0.9999999999999979
0.4080768144591923,0.9999999999999979
0.40835922055916407,0.9999999999999979
0.40864162665913584,0.9999999999999979
0.4089240327591076,0.9999999999999979
0.40920643885907937,0.9999999999999979
0.40948884495905113,0.9999999999999979
0.4097712510590229,0.9999999999999979
0.4100536571589946,0.9999999999999979
0.4103360632589664,0.9999999999999979
0.41061846935893814,0.9999999999999979
0.4109008754589099,0.9999999999999979
0.4111832815588817,0.9999999999999979
0.41146568765885344,0.9999999999999979
0.4117480937588252,0.9999999999999979
0.412030499858797,0.9999999999999979
0.4123129059587687,0.9999999999999979
0.41259531205874045,0.9999999999999979
0.4128777181587122,0.9999999999999979
0.413160124258684,0.9999999999999979
0.41344253035865575,0.9999999999999979
0.4137249364586275,0.9999999999999979
0.4140073425585993,0.9999999999999979
0.41428974865857104,0.9999999999999979
0.4145721547585428,0.9999999999999979
0.4148545608585145,0.9999999999999979
0.4151369669584863,0.9999999999999979
0.41541937305845805,0.9999999999999979
0.4157017791584298,0.9999999999999979
0.4159841852584016,0.9999999999999979
0.41626659135837335,0.9999999999999979
0.4165489974583451,0.9999999999999979
0.4168314035583169,0.9999999999999979
0.4171138096582886,0.9999999999999979
0.41739621575826036,0.9999999999999979
0.4176786218582321,0.9999999999999979
0.4179610279582039,0.9999999999999979
0.41824343405817566,0.9999999999999979
0.4185258401581474,0.9999999999999979
0.4188082462581192,0.9999999999999979
0.41909065235809095,0.9999999999999979
0.4193730584580627,0.9999999999999979
0.41965546455803443,0.9999999999999979
0.4199378706580062,0.9999999999999979
0.42022027675797796,0.9999999999999979
0.42050268285794973,0.9999999999999979
0.4207850889579215,0.9999999999999979
0.42106749505789326,0.9999999999999979
0.421349901157865,0.9999999999999979
0.4216323072578368,0.9999999999999979
0.4219147133578085,0.9999999999999979
0.42219711945778027,0.9999999999999979
0.42247952555775203,0.9999999999999979
0.4227619316577238,0.9999999999999979
0.42304433775769557,0.9999999999999979
0.42332674385766733,0.9999999999999979
0.4236091499576391,0.9999999999999979
0.42389155605761086,0.9999999999999979
0.42417396215758263,0.9999999999999979
0.42445636825755434,0.9999999999999979
0.4247387743575261,0.9999999999999979
0.42502118045749787,0.9999999999999979
0.42530358655746964,0.9999999999999979
0.4255859926574414,0.9999999999999979
0.42586839875741317,0.9999999999999979
0.42615080485738493,0.9999999999999979
0.4264332109573567,0.9999999999999979
0.4267156170573284,0.9999999999999979
0.4269980231573002,0.9999999999999979
0.42728042925727194,0.9999999999999979
0.4275628353572437,0.9999999999999979
0.4278452414572155,0.9999999999999979
0.42812764755718724,0.9999999999999979
0.428410053657159,0.9999999999999979
0.4286924597571308,0.9999999999999979
0.42897486585710254,0.9999999999999979
0.42925727195707425,0.9999999999999979
0.429539678057046,0.9999999999999979
0.4298220841570178,0.9999999999999979
0.43010449025698955,0.9999999999999979
0.4303868963569613,0.9999999999999979
0.4306693024569331,0.9999999999999979
0.43095170855690484,0.9999999999999979
0.4312341146568766,0.9999999999999979
0.4315165207568483,0.9999999999999979
0.4317989268568201,0.9999999999999979
0.43208133295679185,0.9999999999999979
0.4323637390567636,0.9999999999999979
0.4326461451567354,0.9999999999999979
0.43292855125670715,0.9999999999999979
0.4332109573566789,0.9999999999999979
0.4334933634566507,0.9999999999999979
0.43377576955662245,0.9999999999999979
0.43405817565659416,0.9999999999999979
0.4343405817565659,0.9999999999999979
0.4346229878565377,0.9999999999999979
0.43490539395650946,0.9999999999999979
0.4351878000564812,0.9999999999999979
0.435470206156453,0.9999999999999979
0.43575261225642475,0.9999999999999979
0.4360350183563965,0.9999999999999979
0.43631742445636823,0.9999999999999979
0.43659983055634,0.9999999999999979
0.43688223665631176,0.9999999999999979
0.43716464275628353,0.9999999999999979
0.4374470488562553,0.9999999999999979
0.43772945495622706,0.9999999999999979
0.4380118610561988,0.9999999999999979
0.4382942671561706,0.9999999999999979
0.43857667325614236,0.9999999999999979
0.43885907935611407,0.9999999999999979
0.43914148545608583,0.9999999999999979
0.4394238915560576,0.9999999999999979
0.43970629765602937,0.9999999999999979
0.43998870375600113,0.9999999999999979
0.4402711098559729,0.9999999999999979
0.44055351595594466,0.9999999999999979
0.44083592205591643,0.9999999999999979
0.44111832815588814,0.9999999999999979
0.4414007342558599,0.9999999999999979
0.44168314035583167,0.9999999999999979
0.44196554645580344,0.9999999999999979
0.4422479525557752,0.9999999999999979
0.44253035865574697,0.9999999999999979
0.44281276475571874,0.9999999999999979
0.4430951708556905,0.9999999999999979
0.44337757695566227,0.9999999999999979
0.443659983055634,0.9999999999999979
0.44394238915560574,0.9999999999999979
0.4442247952555775,0.9999999999999979
0.4445072013555493,0.9999999999999979
0.44478960745552104,0.9999999999999979
0.4450720135554928,0.9999999999999979
0.4453544196554646,0.9999999999999979
0.44563682575543634,0.9999999999999979
0.44591923185540805,0.9999999999999979
0.4462016379553798,0.9999999999999979
0.4464840440553516,0.9999999999999979
0.44676645015532335,0.9999999999999979
0.4470488562552951,0.9999999999999979
0.4473312623552669,0.9999999999999979
0.44761366845523864,0.9999999999999979
0.4478960745552104,0.9999999999999979
0.4481784806551822,0.9999999999999979
0.4484608867551539,0.9999999999999979
0.44874329285512565,0.9999999999999979
0.4490256989550974,0.9999999999999979
0.4493081050550692,0.9999999999999979
0.44959051115504095,0.9999999999999979
0.4498729172550127,0.9999999999999979
0.4501553233549845,0.9999999999999979
0.45043772945495625,0.9999999999999979
0.450720135554928,0.9999999999999979
0.4510025416548997,0.9999999999999979
0.4512849477548715,0.9999999999999979
0.45156735385484326,0.9999999999999979
0.451849759954815,0.9999999999999979
0.4521321660547868,0.9999999999999979
0.45241457215475855,0.9999999999999979
0.4526969782547303,0.9999999999999979
0.4529793843547021,0.9999999999999979
0.4532617904546738,0.9999999999999979
0.45354419655464556,0.9999999999999979
0.45382660265461733,0.9999999999999979
0.4541090087545891,0.9999999999999979
0.45439141485456086,0.9999999999999979
0.4546738209545326,0.9999999999999979
0.4549562270545044,0.9999999999999979
0.45523863315447616,0.9999999999999979
0.4555210392544479,0.9999999999999979
0.45580344535441963,0.9999999999999979
0.4560858514543914,0.9999999999999979
0.45636825755436317,0.9999999999999979
0.45665066365433493,0.9999999999999979
0.4569330697543067,0.9999999999999979
0.45721547585427846,0.9999999999999979
0.45749788195425023,0.9999999999999979
0.457780288054222,0.9999999999999979
0.4580626941541937,0.9999999999999979
0.45834510025416547,0.9999999999999979
0.45862750635413724,0.9999999999999979
0.458909912454109,0.9999999999999979
0.45919231855408077,0.9999999999999979
0.45947472465405254,0.9999999999999979
0.4597571307540243,0.9999999999999979
0.46003953685399607,0.9999999999999979
0.46032194295396783,0.9999999999999979
0.46060434905393954,0.9999999999999979
0.4608867551539113,0.9999999999999979
0.4611691612538831,0.9999999999999979
0.46145156735385484,0.9999999999999979
0.4617339734538266,0.9999999999999979
0.4620163795537984,0.9999999999999979
0.46229878565377014,0.9999999999999979
0.4625811917537419,0.9999999999999979
0.4628635978537136,0.9999999999999979
0.4631460039536854,0.9999999999999979
0.46342841005365715,0.9999999999999979
0.4637108161536289,0.9999999999999979
0.4639932222536007,0.9999999999999979
0.46427562835357244,0.9999999999999979
0.4645580344535442,0.9999999999999979
0.464840440553516,0.9999999999999979
0.46512284665348774,0.9999999999999979
0.46540525275345945,0.9999999999999979
0.4656876588534312,0.9999999999999979
0.465970064953403,0.9999999999999979
0.46625247105337475,0.9999999999999979
0.4665348771533465,0.9999999999999979
0.4668172832533183,0.9999999999999979
0.46709968935329005,0.9999999999999979
0.4673820954532618,0.9999999999999979
0.4676645015532335,0.9999999999999979
0.4679469076532053,0.9999999999999979
0.46822931375317706,0.9999999999999979
0.4685117198531488,0.9999999999999979
0.4687941259531206,0.9999999999999979
0.46907653205309235,0.9999999999999979
0.4693589381530641,0.9999999999999979
0.4696413442530359,0.9999999999999979
0.46992375035300765,0.9999999999999979
0.47020615645297936,0.9999999999999979
0.47048856255295113,0.9999999999999979
0.4707709686529229,0.9999999999999979
0.47105337475289466,0.9999999999999979
0.4713357808528664,0.9999999999999979
0.4716181869528382,0.9999999999999979
0.47190059305280996,0.9999999999999979
0.4721829991527817,0.9999999999999979
0.47246540525275343,0.9999999999999979
0.4727478113527252,0.9999999999999979
0.47303021745269697,0.9999999999999979
0.47331262355266873,0.9999999999999979
0.4735950296526405,0.9999999999999979
0.47387743575261226,0.9999999999999979
0.47415984185258403,0.9999999999999979
0.4744422479525558,0.9999999999999979
0.47472465405252756,0.9999999999999979
0.47500706015249927,0.9999999999999979
0.47528946625247104,0.9999999999999979
0.4755718723524428,0.9999999999999979
0.47585427845241457,0.9999999999999979
0.47613668455238634,0.9999999999999979
0.4764190906523581,0.9999999999999979
0.47670149675232987,0.9999999999999979
0.47698390285230163,0.9999999999999979
0.47726630895227334,0.9999999999999979
0.4775487150522451,0.9999999999999979
0.4778311211522169,0.9999999999999979
0.47811352725218864,0.9999999999999979
0.4783959333521604,0.9999999999999979
0.4786783394521322,0.9999999999999979
0.47896074555210394,0.9999999999999979
0.4792431516520757,0.9999999999999979
0.47952555775204747,0.9999999999999979
0.4798079638520192,0.9999999999999979
0.48009036995199095,0.9999999999999979
0.4803727760519627,0.9999999999999979
0.4806551821519345,0.9999999999999979
0.48093758825190625,0.9999999999999979
0.481219994351878,0.9999999999999979
0.4815024004518498,0.9999999999999979
0.48178480655182154,0.9999999999999979
0.48206721265179325,0.9999999999999979
0.482349618751765,0.9999999999999979
0.4826320248517368,0.9999999999999979
0.48291443095170855,0.9999999999999979
0.4831968370516803,0.9999999999999979
0.4834792431516521,0.9999999999999979
0.48376164925162385,0.9999999999999979
0.4840440553515956,0.9999999999999979
0.4843264614515674,0.9999999999999979
0.4846088675515391,0.9999999999999979
0.48489127365151086,0.9999999999999979
0.4851736797514826,0.9999999999999979
0.4854560858514544,0.9999999999999979
0.48573849195142615,0.9999999999999979
0.4860208980513979,0.9999999999999979
0.4863033041513697,0.9999999999999979
0.48658571025134145,0.9999999999999979
0.48686811635131316,0.9999999999999979
0.48715052245128493,0.9999999999999979
0.4874329285512567,0.9999999999999979
0.48771533465122846,0.9999999999999979
0.4879977407512002,0.9999999999999979
0.488280146851172,0.9999999999999979
0.48856255295114376,0.9999999999999979
0.4888449590511155,0.9999999999999979
0.4891273651510873,0.9999999999999979
0.489409771251059,0.9999999999999979
0.48969217735103077,0.9999999999999979
0.48997458345100253,0.9999999999999979
0.4902569895509743,0.9999999999999979
0.49053939565094606,0.9999999999999979
0.49082180175091783,0.9999999999999979
0.4911042078508896,0.9999999999999979
0.49138661395086136,0.9999999999999979
0.49166902005083307,0.9999999999999979
0.49195142615080484,0.9999999999999979
0.4922338322507766,0.9999999999999979
0.49251623835074837,0.9999999999999979
0.49279864445072014,0.9999999999999979
0.4930810505506919,0.9999999999999979
0.49336345665066367,0.9999999999999979
0.49364586275063543,0.9999999999999979
0.4939282688506072,0.9999999999999979
0.4942106749505789,0.9999999999999979
0.4944930810505507,0.9999999999999979
0.49477548715052244,0.9999999999999979
0.4950578932504942,0.9999999999999979
0.495340299350466,0.9999999999999979
0.49562270545043774,0.9999999999999979
0.4959051115504095,0.9999999999999979
0.49618751765038127,0.9999999999999979
0.496469923750353,0.9999999999999979
0.49675232985032475,0.9999999999999979
0.4970347359502965,0.9999999999999979
0.4973171420502683,0.9999999999999979
0.49759954815024005,0.9999999999999979
0.4978819542502118,0.9999999999999979
0.4981643603501836,0.9999999999999979
0.49844676645015534,0.9999999999999979
0.4987291725501271,0.9999999999999979
0.4990115786500988,0.9999999999999979
0.4992939847500706,0.9999999999999979
0.49957639085004235,0.9999999999999979
0.4998587969500141,0.9999999999999979
0.5001412030499859,0.9999999999999979
0.5004236091499576,0.9999999999999979
0.5007060152499294,0.9999999999999979
0.5009884213499012,0.9999999999999979
0.501270827449873,0.9999999999999979
0.5015532335498447,0.9999999999999979
0.5018356396498165,0.9999999999999979
0.5021180457497882,0.9999999999999979
0.50240045184976,0.9999999999999979
0.5026828579497317,0.9999999999999979
0.5029652640497034,0.9999999999999979
0.5032476701496752,0.9999999999999979
0.503530076249647,0.9999999999999979
0.5038124823496187,0.9999999999999979
0.5040948884495905,0.9999999999999979
0.5043772945495623,0.9999999999999979
0.504659700649534,0.9999999999999979
0.5049421067495058,0.9999999999999979
0.5052245128494776,0.9999999999999979
0.5055069189494493,0.9999999999999979
0.5057893250494211,0.9999999999999979
0.5060717311493929,0.9999999999999979
0.5063541372493646,0.9999999999999979
0.5066365433493364,0.9999999999999979
0.5069189494493082,0.9999999999999979
0.5072013555492799,0.9999999999999979
0.5074837616492516,0.9999999999999979
0.5077661677492233,0.9999999999999979
0.5080485738491951,0.9999999999999979
0.5083309799491669,0.9999999999999979
0.5086133860491386,0.9999999999999979
0.5088957921491104,0.9999999999999979
0.5091781982490822,0.9999999999999979
0.5094606043490539,0.9999999999999979
0.5097430104490257,0.9999999999999979
0.5100254165489975,0.9999999999999979
0.5103078226489692,0.9999999999999979
0.510590228748941,0.9999999999999979
0.5108726348489128,0.9999999999999979
0.5111550409488845,0.9999999999999979
0.5114374470488563,0.9999999999999979
0.5117198531488281,0.9999999999999979
0.5120022592487998,0.9999999999999979
0.5122846653487715,0.9999999999999979
0.5125670714487432,0.9999999999999979
0.512849477548715,0.9999999999999979
0.5131318836486868,0.9999999999999979
0.5134142897486585,0.9999999999999979
0.5136966958486303,0.9999999999999979
0.5139791019486021,0.9999999999999979
0.5142615080485738,0.9999999999999979
0.5145439141485456,0.9999999999999979
0.5148263202485174,0.9999999999999979
0.5151087263484891,0.9999999999999979
0.5153911324484609,0.9999999999999979
0.5156735385484327,0.9999999999999979
0.5159559446484044,0.9999999999999979
0.5162383507483762,0.9999999999999979
0.516520756848348,0.9999999999999979
0.5168031629483197,0.9999999999999979
0.5170855690482914,0.9999999999999979
0.5173679751482632,0.9999999999999979
0.5176503812482349,0.9999999999999979
0.5179327873482067,0.9999999999999979
0.5182151934481785,0.9999999999999979
0.5184975995481502,0.9999999999999979
0.518780005648122,0.9999999999999979
0.5190624117480938,0.9999999999999979
0.5193448178480655,0.9999999999999979
0.5196272239480373,0.9999999999999979
0.519909630048009,0.9999999999999979
0.5201920361479808,0.9999999999999979
0.5204744422479526,0.9999999999999979
0.5207568483479244,0.9999999999999979
0.5210392544478961,0.9999999999999979
0.5213216605478679,0.9999999999999979
0.5216040666478396,0.9999999999999979
0.5218864727478113,0.9999999999999979
0.5221688788477831,0.9999999999999979
0.5224512849477548,0.9999999999999979
0.5227336910477266,0.9999999999999979
0.5230160971476984,0.9999999999999979
0.5232985032476701,0.9999999999999979
0.5235809093476419,0.9999999999999979
0.5238633154476137,0.9999999999999979
0.5241457215475854,0.9999999999999979
0.5244281276475572,0.9999999999999979
0.524710533747529,0.9999999999999979
0.5249929398475007,0.9999999999999979
0.5252753459474725,0.9999999999999979
0.5255577520474443,0.9999999999999979
0.525840158147416,0.9999999999999979
0.5261225642473878,0.9999999999999979
0.5264049703473596,0.9999999999999979
0.5266873764473312,0.9999999999999979
0.526969782547303,0.9999999999999979
0.5272521886472747,0.9999999999999979
0.5275345947472465,0.9999999999999979
0.5278170008472183,0.9999999999999979
0.52809940694719,0.9999999999999979
0.5283818130471618,0.9999999999999979
0.5286642191471336,0.9999999999999979
0.5289466252471053,0.9999999999999979
0.5292290313470771,0.9999999999999979
0.5295114374470489,0.9999999999999979
0.5297938435470206,0.9999999999999979
0.5300762496469924,0.9999999999999979
0.5303586557469642,0.9999999999999979
0.5306410618469359,0.9999999999999979
0.5309234679469077,0.9999999999999979
0.5312058740468795,0.9999999999999979
0.5314882801468511,0.9999999999999979
0.5317706862468229,0.9999999999999979
0.5320530923467947,0.9999999999999979
0.5323354984467664,0.9999999999999979
0.5326179045467382,0.9999999999999979
0.53290031064671,0.9999999999999979
0.5331827167466817,0.9999999999999979
0.5334651228466535,0.9999999999999979
0.5337475289466252,0.9999999999999979
0.534029935046597,0.9999999999999979
0.5343123411465688,0.9999999999999979
0.5345947472465405,0.9999999999999979
0.5348771533465123,0.9999999999999979
0.5351595594464841,0.9999999999999979
0.5354419655464558,0.9999999999999979
0.5357243716464276,0.9999999999999979
0.5360067777463994,0.9999999999999979
0.536289183846371,0.9999999999999979
0.5365715899463428,0.9999999999999979
0.5368539960463146,0.9999999999999979
0.5371364021462863,0.9999999999999979
0.5374188082462581,0.9999999999999979
0.5377012143462299,0.9999999999999979
0.5379836204462016,0.9999999999999979
0.5382660265461734,0.9999999999999979
0.5385484326461452,0.9999999999999979
0.5388308387461169,0.9999999999999979
0.5391132448460887,0.9999999999999979
0.5393956509460605,0.9999999999999979
0.5396780570460322,0.9999999999999979
0.539960463146004,0.9999999999999979
0.5402428692459758,0.9999999999999979
0.5405252753459475,0.9999999999999979
0.5408076814459193,0.9999999999999979
0.5410900875458909,0.9999999999999979
0.5413724936458627,0.9999999999999979
0.5416548997458345,0.9999999999999979
0.5419373058458062,0.9999999999999979
0.542219711945778,0.9999999999999979
0.5425021180457498,0.9999999999999979
0.5427845241457215,0.9999999999999979
0.5430669302456933,0.9999999999999979
0.5433493363456651,0.9999999999999979
0.5436317424456368,0.9999999999999979
0.5439141485456086,0.9999999999999979
0.5441965546455804,0.9999999999999979
0.5444789607455521,0.9999999999999979
0.5447613668455239,0.9999999999999979
0.5450437729454957,0.9999999999999979
0.5453261790454674,0.9999999999999979
0.5456085851454392,0.9999999999999979
0.5458909912454109,0.9999999999999979
0.5461733973453826,0.9999999999999979
0.5464558034453544,0.9999999999999979
0.5467382095453261,0.9999999999999979
0.5470206156452979,0.9999999999999979
0.5473030217452697,0.9999999999999979
0.5475854278452414,0.9999999999999979
0.5478678339452132,0.9999999999999979
0.548150240045185,0.9999999999999979
0.5484326461451567,0.9999999999999979
0.5487150522451285,0.9999999999999979
0.5489974583451003,0.9999999999999979
0.549279864445072,0.9999999999999979
0.5495622705450438,0.9999999999999979
0.5498446766450156,0.9999999999999979
0.5501270827449873,0.9999999999999979
0.5504094888449591,0.9999999999999979
0.5506918949449308,0.9999999999999979
0.5509743010449025,0.9999999999999979
0.5512567071448743,0.9999999999999979
0.5515391132448461,0.9999999999999979
0.5518215193448178,0.9999999999999979
0.5521039254447896,0.9999999999999979
0.5523863315447614,0.9999999999999979
0.5526687376447331,0.9999999999999979
0.5529511437447049,0.9999999999999979
0.5532335498446767,0.9999999999999979
0.5535159559446484,0.9999999999999979
0.5537983620446202,0.9999999999999979
0.554080768144592,0.9999999999999979
0.5543631742445637,0.9999999999999979
0.5546455803445355,0.9999999999999979
0.5549279864445072,0.9999999999999979
0.555210392544479,0.9999999999999979
0.5554927986444507,0.9999999999999979
0.5557752047444224,0.9999999999999979
0.5560576108443942,0.9999999999999979
0.556340016944366,0.9999999999999979
0.5566224230443377,0.9999999999999979
0.5569048291443095,0.9999999999999979
0.5571872352442813,0.9999999999999979
0.557469641344253,0.9999999999999979
0.5577520474442248,0.9999999999999979
0.5580344535441966,0.9999999999999979
0.5583168596441683,0.9999999999999979
0.5585992657441401,0.9999999999999979
0.5588816718441119,0.9999999999999979
0.5591640779440836,0.9999999999999979
0.5594464840440554,0.9999999999999979
0.5597288901440272,0.9999999999999979
0.5600112962439989,0.9999999999999979
0.5602937023439706,0.9999999999999979
0.5605761084439423,0.9999999999999979
0.5608585145439141,0.9999999999999979
0.5611409206438859,0.9999999999999979
0.5614233267438576,0.9999999999999979
0.5617057328438294,0.9999999999999979
0.5619881389438012,0.9999999999999979
0.5622705450437729,0.9999999999999979
0.5625529511437447,0.9999999999999979
0.5628353572437165,0.9999999999999979
0.5631177633436882,0.9999999999999979
0.56340016944366,0.9999999999999979
0.5636825755436318,0.9999999999999979
0.5639649816436035,0.9999999999999979
0.5642473877435753,0.9999999999999979
0.5645297938435471,0.9999999999999979
0.5648121999435188,0.9999999999999979
0.5650946060434905,0.9999999999999979
0.5653770121434623,0.9999999999999979
0.565659418243434,0.9999999999999979
0.5659418243434058,0.9999999999999979
0.5662242304433776,0.9999999999999979
0.5665066365433493,0.9999999999999979
0.5667890426433211,0.9999999999999979
0.5670714487432928,0.9999999999999979
0.5673538548432646,0.9999999999999979
0.5676362609432364,0.9999999999999979
0.5679186670432081,0.9999999999999979
0.5682010731431799,0.9999999999999979
0.5684834792431517,0.9999999999999979
0.5687658853431234,0.9999999999999979
0.5690482914430952,0.9999999999999979
0.569330697543067,0.9999999999999979
0.5696131036430387,0.9999999999999979
0.5698955097430104,0.9999999999999979
0.5701779158429822,0.9999999999999979
0.5704603219429539,0.9999999999999979
0.5707427280429257,0.9999999999999979
0.5710251341428975,0.9999999999999979
0.5713075402428692,0.9999999999999979
0.571589946342841,0.9999999999999979
0.5718723524428128,0.9999999999999979
0.5721547585427845,0.9999999999999979
0.5724371646427563,0.9999999999999979
0.5727195707427281,0.9999999999999979
0.5730019768426998,0.9999999999999979
0.5732843829426716,0.9999999999999979
0.5735667890426434,0.9999999999999979
0.5738491951426151,0.9999999999999979
0.5741316012425869,0.9999999999999979
0.5744140073425587,0.9999999999999979
0.5746964134425303,0.9999999999999979
0.5749788195425021,0.9999999999999979
0.5752612256424738,0.9999999999999979
0.5755436317424456,0.9999999999999979
0.5758260378424174,0.9999999999999979
0.5761084439423891,0.9999999999999979
0.5763908500423609,0.9999999999999979
0.5766732561423327,0.9999999999999979
0.5769556622423044,0.9999999999999979
0.5772380683422762,0.9999999999999979
0.577520474442248,0.9999999999999979
0.5778028805422197,0.9999999999999979
0.5780852866421915,0.9999999999999979
0.5783676927421633,0.9999999999999979
0.578650098842135,0.9999999999999979
0.5789325049421068,0.9999999999999979
0.5792149110420786,0.9999999999999979
0.5794973171420502,0.9999999999999979
0.579779723242022,0.9999999999999979
0.5800621293419937,0.9999999999999979
0.5803445354419655,0.9999999999999979
0.5806269415419373,0.9999999999999979
0.580909347641909,0.9999999999999979
0.5811917537418808,0.9999999999999979
0.5814741598418526,0.9999999999999979
0.5817565659418243,0.9999999999999979
0.5820389720417961,0.9999999999999979
0.5823213781417679,0.9999999999999979
0.5826037842417396,0.9999999999999979
0.5828861903417114,0.9999999999999979
0.5831685964416832,0.9999999999999979
0.5834510025416549,0.9999999999999979
0.5837334086416267,0.9999999999999979
0.5840158147415985,0.9999999999999979
0.5842982208415701,0.9999999999999979
0.5845806269415419,0.9999999999999979
0.5848630330415137,0.9999999999999979
0.5851454391414854,0.9999999999999979
0.5854278452414572,0.9999999999999979
0.585710251341429,0.9999999999999979
0.5859926574414007,0.9999999999999979
0.5862750635413725,0.9999999999999979
0.5865574696413443,0.9999999999999979
0.586839875741316,0.9999999999999979
0.5871222818412878,0.9999999999999979
0.5874046879412596,0.9999999999999979
0.5876870940412313,0.9999999999999979
0.5879695001412031,0.9999999999999979
0.5882519062411748,0.9999999999999979
0.5885343123411466,0.9999999999999979
0.5888167184411184,0.9999999999999979
0.58909912454109,0.9999999999999979
0.5893815306410618,0.9999999999999979
0.5896639367410336,0.9999999999999979
0.5899463428410053,0.9999999999999979
0.5902287489409771,0.9999999999999979
0.5905111550409489,0.9999999999999979
0.5907935611409206,0.9999999999999979
0.5910759672408924,0.9999999999999979
0.5913583733408642,0.9999999999999979
0.5916407794408359,0.9999999999999979
0.5919231855408077,0.9999999999999979
0.5922055916407795,0.9999999999999979
0.5924879977407512,0.9999999999999979
0.592770403840723,0.9999999999999979
0.5930528099406948,0.9999999999999979
0.5933352160406665,0.9999999999999979
0.5936176221406383,0.9999999999999979
0.59390002824061,0.9999999999999979
0.5941824343405817,0.9999999999999979
0.5944648404405535,0.9999999999999979
0.5947472465405252,0.9999999999999979
0.595029652640497,0.9999999999999979
0.5953120587404688,0.9999999999999979
0.5955944648404405,0.9999999999999979
0.5958768709404123,0.9999999999999979
0.5961592770403841,0.9999999999999979
0.5964416831403558,0.9999999999999979
0.5967240892403276,0.9999999999999979
0.5970064953402994,0.9999999999999979
0.5972889014402711,0.9999999999999979
0.5975713075402429,0.9999999999999979
0.5978537136402147,0.9999999999999979
0.5981361197401864,0.9999999999999979
0.5984185258401582,0.9999999999999979
0.5987009319401299,0.9999999999999979
0.5989833380401016,0.9999999999999979
0.5992657441400734,0.9999999999999979
0.5995481502400452,0.9999999999999979
0.5998305563400169,0.9999999999999979
0.6001129624399887,0.9999999999999979
0.6003953685399605,0.9999999999999979
0.6006777746399322,0.9999999999999979
0.600960180739904,0.9999999999999979
0.6012425868398757,0.9999999999999979
0.6015249929398475,0.9999999999999979
0.6018073990398193,0.9999999999999979
0.602089805139791,0.9999999999999979
0.6023722112397628,0.9999999999999979
0.6026546173397346,0.9999999999999979
0.6029370234397063,0.9999999999999979
0.6032194295396781,0.9999999999999979
0.6035018356396498,0.9999999999999979
0.6037842417396215,0.9999999999999979
0.6040666478395933,0.9999999999999979
0.6043490539395651,0.9999999999999979
0.6046314600395368,0.9999999999999979
0.6049138661395086,0.9999999999999979
0.6051962722394804,0.9999999999999979
0.6054786783394521,0.9999999999999979
0.6057610844394239,0.9999999999999979
0.6060434905393957,0.9999999999999979
0.6063258966393674,0.9999999999999979
0.6066083027393392,0.9999999999999979
0.606890708839311,0.9999999999999979
0.6071731149392827,0.9999999999999979
0.6074555210392545,0.9999999999999979
0.6077379271392263,0.9999999999999979
0.608020333239198,0.9999999999999979
0.6083027393391697,0.9999999999999979
0.6085851454391414,0.9999999999999979
0.6088675515391132,0.9999999999999979
0.609149957639085,0.9999999999999979
0.6094323637390567,0.9999999999999979
0.6097147698390285,0.9999999999999979
0.6099971759390003,0.9999999999999979
0.610279582038972,0.9999999999999979
0.6105619881389438,0.9999999999999979
0.6108443942389156,0.9999999999999979
0.6111268003388873,0.9999999999999979
0.6114092064388591,0.9999999999999979
0.6116916125388309,0.9999999999999979
0.6119740186388026,0.9999999999999979
0.6122564247387744,0.9999999999999979
0.6125388308387462,0.9999999999999979
0.6128212369387179,0.9999999999999979
0.6131036430386896,0.9999999999999979
0.6133860491386613,0.9999999999999979
0.6136684552386331,0.9999999999999979
0.6139508613386049,0.9999999999999979
0.6142332674385766,0.9999999999999979
0.6145156735385484,0.9999999999999979
0.6147980796385202,0.9999999999999979
0.6150804857384919,0.9999999999999979
0.6153628918384637,0.9999999999999979
0.6156452979384355,0.9999999999999979
0.6159277040384072,0.9999999999999979
0.616210110138379,0.9999999999999979
0.6164925162383508,0.9999999999999979
0.6167749223383225,0.9999999999999979
0.6170573284382943,0.9999999999999979
0.6173397345382661,0.9999999999999979
0.6176221406382378,0.9999999999999979
0.6179045467382095,0.9999999999999979
0.6181869528381813,0.9999999999999979
0.618469358938153,0.9999999999999979
0.6187517650381248,0.9999999999999979
0.6190341711380966,0.9999999999999979
0.6193165772380683,0.9999999999999979
0.6195989833380401,0.9999999999999979
0.6198813894380119,0.9999999999999979
0.6201637955379836,0.9999999999999979
0.6204462016379554,0.9999999999999979
0.6207286077379272,0.9999999999999979
0.6210110138378989,0.9999999999999979
0.6212934199378707,0.9999999999999979
0.6215758260378424,0.9999999999999979
0.6218582321378142,0.9999999999999979
0.622140638237786,0.9999999999999979
0.6224230443377577,0.9999999999999979
0.6227054504377294,0.9999999999999979
0.6229878565377012,0.9999999999999979
0.6232702626376729,0.9999999999999979
0.6235526687376447,0.9999999999999979
0.6238350748376165,0.9999999999999979
0.6241174809375882,0.9999999999999979
0.62439988703756,0.9999999999999979
0.6246822931375318,0.9999999999999979
0.6249646992375035,0.9999999999999979
0.6252471053374753,0.9999999999999979
0.6255295114374471,0.9999999999999979
0.6258119175374188,0.9999999999999979
0.6260943236373906,0.9999999999999979
0.6263767297373624,0.9999999999999979
0.6266591358373341,0.9999999999999979
0.6269415419373059,0.9999999999999979
0.6272239480372777,0.9999999999999979
0.6275063541372493,0.9999999999999979
0.6277887602372211,0.9999999999999979
0.6280711663371928,0.9999999999999979
0.6283535724371646,0.9999999999999979
0.6286359785371364,0.9999999999999979
0.6289183846371081,0.9999999999999979
0.6292007907370799,0.9999999999999979
0.6294831968370517,0.9999999999999979
0.6297656029370234,0.9999999999999979
0.6300480090369952,0.9999999999999979
0.630330415136967,0.9999999999999979
0.6306128212369387,0.9999999999999979
0.6308952273369105,0.9999999999999979
0.6311776334368823,0.9999999999999979
0.631460039536854,0.9999999999999979
0.6317424456368258,0.9999999999999979
0.6320248517367976,0.9999999999999979
0.6323072578367692,0.9999999999999979
0.632589663936741,0.9999999999999979
0.6328720700367128,0.9999999999999979
0.6331544761366845,0.9999999999999979
0.6334368822366563,0.9999999999999979
0.633719288336628,0.9999999999999979
0.6340016944365998,0.9999999999999979
0.6342841005365716,0.9999999999999979
0.6345665066365433,0.9999999999999979
0.6348489127365151,0.9999999999999979
0.6351313188364869,0.9999999999999979
0.6354137249364586,0.9999999999999979
0.6356961310364304,0.9999999999999979
0.6359785371364022,0.9999999999999979
0.6362609432363739,0.9999999999999979
0.6365433493363457,0.9999999999999979
0.6368257554363175,0.9999999999999979
0.6371081615362891,0.9999999999999979
0.6373905676362609,0.9999999999999979
0.6376729737362327,0.9999999999999979
0.6379553798362044,0.9999999999999979
0.6382377859361762,0.9999999999999979
0.638520192036148,0.9999999999999979
0.6388025981361197,0.9999999999999979
0.6390850042360915,0.9999999999999979
0.6393674103360633,0.9999999999999979
0.639649816436035,0.9999999999999979
0.6399322225360068,0.9999999999999979
0.6402146286359786,0.9999999999999979
0.6404970347359503,0.9999999999999979
0.6407794408359221,0.9999999999999979
0.6410618469358939,0.9999999999999979
0.6413442530358656,0.9999999999999979
0.6416266591358374,0.9999999999999979
0.641909065235809,0.9999999999999979
0.6421914713357808,0.9999999999999979
0.6424738774357526,0.9999999999999979
0.6427562835357243,0.9999999999999979
0.6430386896356961,0.9999999999999979
0.6433210957356679,0.9999999999999979
0.6436035018356396,0.9999999999999979
0.6438859079356114,0.9999999999999979
0.6441683140355832,0.9999999999999979
0.6444507201355549,0.9999999999999979
0.6447331262355267,0.9999999999999979
0.6450155323354985,0.9999999999999979
0.6452979384354702,0.9999999999999979
0.645580344535442,0.9999999999999979
0.6458627506354138,0.9999999999999979
0.6461451567353855,0.9999999999999979
0.6464275628353573,0.9999999999999979
0.646709968935329,0.9999999999999979
0.6469923750353007,0.9999999999999979
0.6472747811352725,0.9999999999999979
0.6475571872352442,0.9999999999999979
0.647839593335216,0.9999999999999979
0.6481219994351878,0.9999999999999979
0.6484044055351595,0.9999999999999979
0.6486868116351313,0.9999999999999979
0.6489692177351031,0.9999999999999979
0.6492516238350748,0.9999999999999979
0.6495340299350466,0.9999999999999979
0.6498164360350184,0.9999999999999979
0.6500988421349901,0.9999999999999979
0.6503812482349619,0.9999999999999979
0.6506636543349337,0.9999999999999979
0.6509460604349054,0.9999999999999979
0.6512284665348772,0.9999999999999979
0.6515108726348489,0.9999999999999979
0.6517932787348206,0.9999999999999979
0.6520756848347924,0.9999999999999979
0.6523580909347642,0.9999999999999979
0.6526404970347359,0.9999999999999979
0.6529229031347077,0.9999999999999979
0.6532053092346795,0.9999999999999979
0.6534877153346512,0.9999999999999979
0.653770121434623,0.9999999999999979
0.6540525275345948,0.9999999999999979
0.6543349336345665,0.9999999999999979
0.6546173397345383,0.9999999999999979
0.65489974583451,0.9999999999999979
0.6551821519344818,0.9999999999999979
0.6554645580344536,0.9999999999999979
0.6557469641344253,0.9999999999999979
0.6560293702343971,0.9999999999999979
0.6563117763343688,0.9999999999999979
0.6565941824343405,0.9999999999999979
0.6568765885343123,0.9999999999999979
0.6571589946342841,0.9999999999999979
0.6574414007342558,0.9999999999999979
0.6577238068342276,0.9999999999999979
0.6580062129341994,0.9999999999999979
0.6582886190341711,0.9999999999999979
0.6585710251341429,0.9999999999999979
0.6588534312341147,0.9999999999999979
0.6591358373340864,0.9999999999999979
0.6594182434340582,0.9999999999999979
0.65970064953403,0.9999999999999979
0.6599830556340017,0.9999999999999979
0.6602654617339735,0.9999999999999979
0.6605478678339453,0.9999999999999979
0.660830273933917,0.9999999999999979
0.6611126800338887,0.9999999999999979
0.6613950861338604,0.9999999999999979
0.6616774922338322,0.9999999999999979
0.661959898333804,0.9999999999999979
0.6622423044337757,0.9999999999999979
0.6625247105337475,0.9999999999999979
0.6628071166337193,0.9999999999999979
0.663089522733691,0.9999999999999979
0.6633719288336628,0.9999999999999979
0.6636543349336346,0.9999999999999979
0.6639367410336063,0.9999999999999979
0.6642191471335781,0.9999999999999979
0.6645015532335499,0.9999999999999979
0.6647839593335216,0.9999999999999979
0.6650663654334934,0.9999999999999979
0.6653487715334652,0.9999999999999979
0.6656311776334369,0.9999999999999979
0.6659135837334086,0.9999999999999979
0.6661959898333804,0.9999999999999979
0.6664783959333521,0.9999999999999979
0.6667608020333239,0.9999999999999979
0.6670432081332957,0.9999999999999979
0.6673256142332674,0.9999999999999979
0.6676080203332392,0.9999999999999979
0.667890426433211,0.9999999999999979
0.6681728325331827,0.9999999999999979
0.6684552386331545,0.9999999999999979
0.6687376447331262,0.9999999999999979
0.669020050833098,0.9999999999999979
0.6693024569330698,0.9999999999999979
0.6695848630330415,0.9999999999999979
0.6698672691330133,0.9999999999999979
0.6701496752329851,0.9999999999999979
0.6704320813329568,0.9999999999999979
0.6707144874329285,0.9999999999999979
0.6709968935329003,0.9999999999999979
0.671279299632872,0.9999999999999979
0.6715617057328438,0.9999999999999979
0.6718441118328156,0.9999999999999979
0.6721265179327873,0.9999999999999979
0.6724089240327591,0.9999999999999979
0.6726913301327309,0.9999999999999979
0.6729737362327026,0.9999999999999979
0.6732561423326744,0.9999999999999979
0.6735385484326462,0.9999999999999979
0.6738209545326179,0.9999999999999979
0.6741033606325897,0.9999999999999979
0.6743857667325615,0.9999999999999979
0.6746681728325332,0.9999999999999979
0.674950578932505,0.9999999999999979
0.6752329850324768,0.9999999999999979
0.6755153911324484,0.9999999999999979
0.6757977972324202,0.9999999999999979
0.6760802033323919,0.9999999999999979
0.6763626094323637,0.9999999999999979
0.6766450155323355,0.9999999999999979
0.6769274216323072,0.9999999999999979
0.677209827732279,0.9999999999999979
0.6774922338322508,0.9999999999999979
0.6777746399322225,0.9999999999999979
0.6780570460321943,0.9999999999999979
0.6783394521321661,0.9999999999999979
0.6786218582321378,0.9999999999999979
0.6789042643321096,0.9999999999999979
0.6791866704320814,0.9999999999999979
0.6794690765320531,0.9999999999999979
0.6797514826320249,0.9999999999999979
0.6800338887319967,0.9999999999999979
0.6803162948319683,0.9999999999999979
0.6805987009319401,0.9999999999999979
0.6808811070319118,0.9999999999999979
0.6811635131318836,0.9999999999999979
0.6814459192318554,0.9999999999999979
0.6817283253318271,0.9999999999999979
0.6820107314317989,0.9999999999999979
0.6822931375317707,0.9999999999999979
0.6825755436317424,0.9999999999999979
0.6828579497317142,0.9999999999999979
0.683140355831686,0.9999999999999979
0.6834227619316577,0.9999999999999979
0.6837051680316295,0.9999999999999979
0.6839875741316013,0.9999999999999979
0.684269980231573,0.9999999999999979
0.6845523863315448,0.9999999999999979
0.6848347924315166,0.9999999999999979
0.6851171985314882,0.9999999999999979
0.68539960463146,0.9999999999999979
0.6856820107314318,0.9999999999999979
0.6859644168314035,0.9999999999999979
0.6862468229313753,0.9999999999999979
0.686529229031347,0.9999999999999979
0.6868116351313188,0.9999999999999979
0.6870940412312906,0.9999999999999979
0.6873764473312624,0.9999999999999979
0.6876588534312341,0.9999999999999979
0.6879412595312059,0.9999999999999979
0.6882236656311777,0.9999999999999979
0.6885060717311494,0.9999999999999979
0.6887884778311212,0.9999999999999979
0.689070883931093,0.9999999999999979
0.6893532900310647,0.9999999999999979
0.6896356961310365,0.9999999999999979
0.6899181022310081,0.9999999999999979
0.6902005083309799,0.9999999999999979
0.6904829144309517,0.9999999999999979
0.6907653205309234,0.9999999999999979
0.6910477266308952,0.9999999999999979
0.691330132730867,0.9999999999999979
0.6916125388308387,0.9999999999999979
0.6918949449308105,0.9999999999999979
0.6921773510307823,0.9999999999999979
0.692459757130754,0.9999999999999979
0.6927421632307258,0.9999999999999979
0.6930245693306976,0.9999999999999979
0.6933069754306693,0.9999999999999979
0.6935893815306411,0.9999999999999979
0.6938717876306129,0.9999999999999979
0.6941541937305846,0.9999999999999979
0.6944365998305564,0.9999999999999979
0.694719005930528,0.9999999999999979
0.6950014120304998,0.9999999999999979
0.6952838181304716,0.9999999999999979
0.6955662242304433,0.9999999999999979
0.6958486303304151,0.9999999999999979
0.6961310364303869,0.9999999999999979
0.6964134425303586,0.9999999999999979
0.6966958486303304,0.9999999999999979
0.6969782547303022,0.9999999999999979
0.6972606608302739,0.9999999999999979
0.6975430669302457,0.9999999999999979
0.6978254730302175,0.9999999999999979
0.6981078791301892,0.9999999999999979
0.698390285230161,0.9999999999999979
0.6986726913301328,0.9999999999999979
0.6989550974301045,0.9999999999999979
0.6992375035300763,0.9999999999999979
0.699519909630048,0.9999999999999979
0.6998023157300197,0.9999999999999979
0.7000847218299915,0.9999999999999979
0.7003671279299633,0.9999999999999979
0.700649534029935,0.9999999999999979
0.7009319401299068,0.9999999999999979
0.7012143462298785,0.9999999999999979
0.7014967523298503,0.9999999999999979
0.7017791584298221,0.9999999999999979
0.7020615645297938,0.9999999999999979
0.7023439706297656,0.9999999999999979
0.7026263767297374,0.9999999999999979
0.7029087828297091,0.9999999999999979
0.7031911889296809,0.9999999999999979
0.7034735950296527,0.9999999999999979
0.7037560011296244,0.9999999999999979
0.7040384072295962,0.9999999999999979
0.704320813329568,0.9999999999999979
0.7046032194295396,0.9999999999999979
0.7048856255295114,0.9999999999999979
0.7051680316294832,0.9999999999999979
0.7054504377294549,0.9999999999999979
0.7057328438294267,0.9999999999999979
0.7060152499293985,0.9999999999999979
0.7062976560293702,0.9999999999999979
0.706580062129342,0.9999999999999979
0.7068624682293138,0.9999999999999979
0.7071448743292855,0.9999999999999979
0.7074272804292573,0.9999999999999979
0.707709686529229,0.9999999999999979
0.7079920926292008,0.9999999999999979
0.7082744987291726,0.9999999999999979
0.7085569048291444,0.9999999999999979
0.7088393109291161,0.9999999999999979
0.7091217170290879,0.9999999999999979
0.7094041231290595,0.9999999999999979
0.7096865292290313,0.9999999999999979
0.7099689353290031,0.9999999999999979
0.7102513414289748,0.9999999999999979
0.7105337475289466,0.9999999999999979
0.7108161536289184,0.9999999999999979
0.7110985597288901,0.9999999999999979
0.7113809658288619,0.9999999999999979
0.7116633719288337,0.9999999999999979
0.7119457780288054,0.9999999999999979
0.7122281841287772,0.9999999999999979
0.712510590228749,0.9999999999999979
0.7127929963287207,0.9999999999999979
0.7130754024286925,0.9999999999999979
0.7133578085286643,0.9999999999999979
0.713640214628636,0.9999999999999979
0.7139226207286078,0.9999999999999979
0.7142050268285794,0.9999999999999979
0.7144874329285512,0.9999999999999979
0.714769839028523,0.9999999999999979
0.7150522451284947,0.9999999999999979
0.7153346512284665,0.9999999999999979
0.7156170573284383,0.9999999999999979
0.71589946342841,0.9999999999999979
0.7161818695283818,0.9999999999999979
0.7164642756283536,0.9999999999999979
0.7167466817283253,0.9999999999999979
0.7170290878282971,0.9999999999999979
0.7173114939282689,0.9999999999999979
0.7175939000282406,0.9999999999999979
0.7178763061282124,0.9999999999999979
0.7181587122281842,0.9999999999999979
0.7184411183281559,0.9999999999999979
0.7187235244281277,0.9999999999999979
0.7190059305280994,0.9999999999999979
0.7192883366280711,0.9999999999999979
0.7195707427280429,0.9999999999999979
0.7198531488280147,0.9999999999999979
0.7201355549279864,0.9999999999999979
0.7204179610279582,0.9999999999999979
0.72070036712793,0.9999999999999979
0.7209827732279017,0.9999999999999979
0.7212651793278735,0.9999999999999979
0.7215475854278453,0.9999999999999979
0.721829991527817,0.9999999999999979
0.7221123976277888,0.9999999999999979
0.7223948037277605,0.9999999999999979
0.7226772098277323,0.9999999999999979
0.7229596159277041,0.9999999999999979
0.7232420220276758,0.9999999999999979
0.7235244281276476,0.9999999999999979
0.7238068342276193,0.9999999999999979
0.724089240327591,0.9999999999999979
0.7243716464275628,0.9999999999999979
0.7246540525275346,0.9999999999999979
0.7249364586275063,0.9999999999999979
0.7252188647274781,0.9999999999999979
0.7255012708274499,0.9999999999999979
0.7257836769274216,0.9999999999999979
0.7260660830273934,0.9999999999999979
0.7263484891273652,0.9999999999999979
0.7266308952273369,0.9999999999999979
0.7269133013273087,0.9999999999999979
0.7271957074272805,0.9999999999999979
0.7274781135272522,0.9999999999999979
0.727760519627224,0.9999999999999979
0.7280429257271958,0.9999999999999979
0.7283253318271675,0.9999999999999979
0.7286077379271392,0.9999999999999979
0.7288901440271109,0.9999999999999979
0.7291725501270827,0.9999999999999979
0.7294549562270545,0.9999999999999979
0.7297373623270262,0.9999999999999979
0.730019768426998,0.9999999999999979
0.7303021745269698,0.9999999999999979
0.7305845806269415,0.9999999999999979
0.7308669867269133,0.9999999999999979
0.7311493928268851,0.9999999999999979
0.7314317989268568,0.9999999999999979
0.7317142050268286,0.9999999999999979
0.7319966111268004,0.9999999999999979
0.7322790172267721,0.9999999999999979
0.7325614233267439,0.9999999999999979
0.7328438294267157,0.9999999999999979
0.7331262355266874,0.9999999999999979
0.7334086416266591,0.9999999999999979
0.7336910477266309,0.9999999999999979
0.7339734538266026,0.9999999999999979
0.7342558599265744,0.9999999999999979
0.7345382660265461,0.9999999999999979
0.7348206721265179,0.9999999999999979
0.7351030782264897,0.9999999999999979
0.7353854843264614,0.9999999999999979
0.7356678904264332,0.9999999999999979
0.735950296526405,0.9999999999999979
0.7362327026263767,0.9999999999999979
0.7365151087263485,0.9999999999999979
0.7367975148263203,0.9999999999999979
0.737079920926292,0.9999999999999979
0.7373623270262638,0.9999999999999979
0.7376447331262356,0.9999999999999979
0.7379271392262073,0.9999999999999979
0.738209545326179,0.9999999999999979
0.7384919514261508,0.9999999999999979
0.7387743575261225,0.9999999999999979
0.7390567636260943,0.9999999999999979
0.7393391697260661,0.9999999999999979
0.7396215758260378,0.9999999999999979
0.7399039819260096,0.9999999999999979
0.7401863880259814,0.9999999999999979
0.7404687941259531,0.9999999999999979
0.7407512002259249,0.9999999999999979
0.7410336063258967,0.9999999999999979
0.7413160124258684,0.9999999999999979
0.7415984185258402,0.9999999999999979
0.741880824625812,0.9999999999999979
0.7421632307257837,0.9999999999999979
0.7424456368257555,0.9999999999999979
0.7427280429257272,0.9999999999999979
0.7430104490256989,0.9999999999999979
0.7432928551256707,0.9999999999999979
0.7435752612256424,0.9999999999999979
0.7438576673256142,0.9999999999999979
0.744140073425586,0.9999999999999979
0.7444224795255577,0.9999999999999979
0.7447048856255295,0.9999999999999979
0.7449872917255013,0.9999999999999979
0.745269697825473,0.9999999999999979
0.7455521039254448,0.9999999999999979
0.7458345100254166,0.9999999999999979
0.7461169161253883,0.9999999999999979
0.7463993222253601,0.9999999999999979
0.7466817283253319,0.9999999999999979
0.7469641344253036,0.9999999999999979
0.7472465405252754,0.9999999999999979
0.7475289466252472,0.9999999999999979
0.7478113527252188,0.9999999999999979
0.7480937588251906,0.9999999999999979
0.7483761649251623,0.9999999999999979
0.7486585710251341,0.9999999999999979
0.7489409771251059,0.9999999999999979
0.7492233832250776,0.9999999999999979
0.7495057893250494,0.9999999999999979
0.7497881954250212,0.9999999999999979
0.7500706015249929,0.9999999999999979
0.7503530076249647,0.9999999999999979
0.7506354137249365,0.9999999999999979
0.7509178198249082,0.9999999999999979
0.75120022592488,0.9999999999999979
0.7514826320248518,0.9999999999999979
0.7517650381248235,0.9999999999999979
0.7520474442247953,0.9999999999999979
0.7523298503247671,0.9999999999999979
0.7526122564247387,0.9999999999999979
0.7528946625247105,0.9999999999999979
0.7531770686246823,0.9999999999999979
0.753459474724654,0.9999999999999979
0.7537418808246258,0.9999999999999979
0.7540242869245976,0.9999999999999979
0.7543066930245693,0.9999999999999979
0.7545890991245411,0.9999999999999979
0.7548715052245129,0.9999999999999979
0.7551539113244846,0.9999999999999979
0.7554363174244564,0.9999999999999979
0.7557187235244281,0.9999999999999979
0.7560011296243999,0.9999999999999979
0.7562835357243717,0.9999999999999979
0.7565659418243434,0.9999999999999979
0.7568483479243152,0.9999999999999979
0.757130754024287,0.9999999999999979
0.7574131601242586,0.9999999999999979
0.7576955662242304,0.9999999999999979
0.7579779723242022,0.9999999999999979
0.7582603784241739,0.9999999999999979
0.7585427845241457,0.9999999999999979
0.7588251906241175,0.9999999999999979
0.7591075967240892,0.9999999999999979
0.759390002824061,0.9999999999999979
0.7596724089240328,0.9999999999999979
0.7599548150240045,0.9999999999999979
0.7602372211239763,0.9999999999999979
0.7605196272239481,0.9999999999999979
0.7608020333239198,0.9999999999999979
0.7610844394238916,0.9999999999999979
0.7613668455238634,0.9999999999999979
0.7616492516238351,0.9999999999999979
0.7619316577238069,0.9999999999999979
0.7622140638237785,0.9999999999999979
0.7624964699237503,0.9999999999999979
0.7627788760237221,0.9999999999999979
0.7630612821236938,0.9999999999999979
0.7633436882236656,0.9999999999999979
0.7636260943236374,0.9999999999999979
0.7639085004236091,0.9999999999999979
0.7641909065235809,0.9999999999999979
0.7644733126235527,0.9999999999999979
0.7647557187235244,0.9999999999999979
0.7650381248234962,0.9999999999999979
0.765320530923468,0.9999999999999979
0.7656029370234397,0.9999999999999979
0.7658853431234115,0.9999999999999979
0.7661677492233833,0.9999999999999979
0.766450155323355,0.9999999999999979
0.7667325614233268,0.9999999999999979
0.7670149675232985,0.9999999999999979
0.7672973736232702,0.9999999999999979
0.767579779723242,0.9999999999999979
0.7678621858232137,0.9999999999999979
0.7681445919231855,0.9999999999999979
0.7684269980231573,0.9999999999999979
0.768709404123129,0.9999999999999979
0.7689918102231008,0.9999999999999979
0.7692742163230726,0.9999999999999979
0.7695566224230443,0.9999999999999979
0.7698390285230161,0.9999999999999979
0.7701214346229879,0.9999999999999979
0.7704038407229596,0.9999999999999979
0.7706862468229314,0.9999999999999979
0.7709686529229032,0.9999999999999979
0.7712510590228749,0.9999999999999979
0.7715334651228467,0.9999999999999979
0.7718158712228184,0.9999999999999979
0.7720982773227901,0.9999999999999979
0.7723806834227619,0.9999999999999979
0.7726630895227337,0.9999999999999979
0.7729454956227054,0.9999999999999979
0.7732279017226772,0.9999999999999979
0.773510307822649,0.9999999999999979
0.7737927139226207,0.9999999999999979
0.7740751200225925,0.9999999999999979
0.7743575261225643,0.9999999999999979
0.774639932222536,0.9999999999999979
0.7749223383225078,0.9999999999999979
0.7752047444224796,0.9999999999999979
0.7754871505224513,0.9999999999999979
0.7757695566224231,0.9999999999999979
0.7760519627223949,0.9999999999999979
0.7763343688223666,0.9999999999999979
0.7766167749223383,0.9999999999999979
0.77689918102231,0.9999999999999979
0.7771815871222818,0.9999999999999979
0.7774639932222536,0.9999999999999979
0.7777463993222253,0.9999999999999979
0.7780288054221971,0.9999999999999979
0.7783112115221689,0.9999999999999979
0.7785936176221406,0.9999999999999979
0.7788760237221124,0.9999999999999979
0.7791584298220842,0.9999999999999979
0.7794408359220559,0.9999999999999979
0.7797232420220277,0.9999999999999979
0.7800056481219995,0.9999999999999979
0.7802880542219712,0.9999999999999979
0.780570460321943,0.9999999999999979
0.7808528664219148,0.9999999999999979
0.7811352725218865,0.9999999999999979
0.7814176786218582,0.9999999999999979
0.78170008472183,0.9999999999999979
0.7819824908218017,0.9999999999999979
0.7822648969217735,0.9999999999999979
0.7825473030217452,0.9999999999999979
0.782829709121717,0.9999999999999979
0.7831121152216888,0.9999999999999979
0.7833945213216605,0.9999999999999979
0.7836769274216323,0.9999999999999979
0.7839593335216041,0.9999999999999979
0.7842417396215758,0.9999999999999979
0.7845241457215476,0.9999999999999979
0.7848065518215194,0.9999999999999979
0.7850889579214911,0.9999999999999979
0.7853713640214629,0.9999999999999979
0.7856537701214347,0.9999999999999979
0.7859361762214064,0.9999999999999979
0.7862185823213781,0.9999999999999979
0.7865009884213499,0.9999999999999979
0.7867833945213216,0.9999999999999979
0.7870658006212934,0.9999999999999979
0.7873482067212652,0.9999999999999979
0.7876306128212369,0.9999999999999979
0.7879130189212087,0.9999999999999979
0.7881954250211805,0.9999999999999979
0.7884778311211522,0.9999999999999979
0.788760237221124,0.9999999999999979
0.7890426433210957,0.9999999999999979
0.7893250494210675,0.9999999999999979
0.7896074555210393,0.9999999999999979
0.789889861621011,0.9999999999999979
0.7901722677209828,0.9999999999999979
0.7904546738209546,0.9999999999999979
0.7907370799209263,0.9999999999999979
0.791019486020898,0.9999999999999979
0.7913018921208698,0.9999999999999979
0.7915842982208415,0.9999999999999979
0.7918667043208133,0.9999999999999979
0.7921491104207851,0.9999999999999979
0.7924315165207568,0.9999999999999979
0.7927139226207286,0.9999999999999979
0.7929963287207004,0.9999999999999979
0.7932787348206721,0.9999999999999979
0.7935611409206439,0.9999999999999979
0.7938435470206157,0.9999999999999979
0.7941259531205874,0.9999999999999979
0.7944083592205592,0.9999999999999979
0.794690765320531,0.9999999999999979
0.7949731714205027,0.9999999999999979
0.7952555775204745,0.9999999999999979
0.7955379836204463,0.9999999999999979
0.7958203897204179,0.9999999999999979
0.7961027958203897,0.9999999999999979
0.7963852019203614,0.9999999999999979
0.7966676080203332,0.9999999999999979
0.796950014120305,0.9999999999999979
0.7972324202202767,0.9999999999999979
0.7975148263202485,0.9999999999999979
0.7977972324202203,0.9999999999999979
0.798079638520192,0.9999999999999979
0.7983620446201638,0.9999999999999979
0.7986444507201356,0.9999999999999979
0.7989268568201073,0.9999999999999979
0.7992092629200791,0.9999999999999979
0.7994916690200509,0.9999999999999979
0.7997740751200226,0.9999999999999979
0.8000564812199944,0.9999999999999979
0.8003388873199662,0.9999999999999979
0.8006212934199378,0.9999999999999979
0.8009036995199096,0.9999999999999979
0.8011861056198814,0.9999999999999979
0.8014685117198531,0.9999999999999979
0.8017509178198249,0.9999999999999979
0.8020333239197966,0.9999999999999979
0.8023157300197684,0.9999999999999979
0.8025981361197402,0.9999999999999979
0.802880542219712,0.9999999999999979
0.8031629483196837,0.9999999999999979
0.8034453544196555,0.9999999999999979
0.8037277605196272,0.9999999999999979
0.804010166619599,0.9999999999999979
0.8042925727195708,0.9999999999999979
0.8045749788195425,0.9999999999999979
0.8048573849195143,0.9999999999999979
0.8051397910194861,0.9999999999999979
0.8054221971194577,0.9999999999999979
0.8057046032194295,0.9999999999999979
0.8059870093194013,0.9999999999999979
0.806269415419373,0.9999999999999979
0.8065518215193448,0.9999999999999979
0.8068342276193166,0.9999999999999979
0.8071166337192883,0.9999999999999979
0.8073990398192601,0.9999999999999979
0.8076814459192319,0.9999999999999979
0.8079638520192036,0.9999999999999979
0.8082462581191754,0.9999999999999979
0.8085286642191472,0.9999999999999979
0.8088110703191189,0.9999999999999979
0.8090934764190907,0.9999999999999979
0.8093758825190625,0.9999999999999979
0.8096582886190342,0.9999999999999979
0.809940694719006,0.9999999999999979
0.8102231008189776,0.9999999999999979
0.8105055069189494,0.9999999999999979
0.8107879130189212,0.9999999999999979
0.8110703191188929,0.9999999999999979
0.8113527252188647,0.9999999999999979
0.8116351313188365,0.9999999999999979
0.8119175374188082,0.9999999999999979
0.81219994351878,0.9999999999999979
0.8124823496187518,0.9999999999999979
0.8127647557187235,0.9999999999999979
0.8130471618186953,0.9999999999999979
0.8133295679186671,0.9999999999999979
0.8136119740186388,0.9999999999999979
0.8138943801186106,0.9999999999999979
0.8141767862185824,0.9999999999999979
0.8144591923185541,0.9999999999999979
0.8147415984185259,0.9999999999999979
0.8150240045184975,0.9999999999999979
0.8153064106184693,0.9999999999999979
0.8155888167184411,0.9999999999999979
0.8158712228184128,0.9999999999999979
0.8161536289183846,0.9999999999999979
0.8164360350183564,0.9999999999999979
0.8167184411183281,0.9999999999999979
0.8170008472182999,0.9999999999999979
0.8172832533182717,0.9999999999999979
0.8175656594182434,0.9999999999999979
0.8178480655182152,0.9999999999999979
0.818130471618187,0.9999999999999979
0.8184128777181587,0.9999999999999979
0.8186952838181305,0.9999999999999979
0.8189776899181023,0.9999999999999979
0.819260096018074,0.9999999999999979
0.8195425021180458,0.9999999999999979
0.8198249082180175,0.9999999999999979
0.8201073143179892,0.9999999999999979
0.820389720417961,0.9999999999999979
0.8206721265179328,0.9999999999999979
0.8209545326179045,0.9999999999999979
0.8212369387178763,0.9999999999999979
0.821519344817848,0.9999999999999979
0.8218017509178198,0.9999999999999979
0.8220841570177916,0.9999999999999979
0.8223665631177633,0.9999999999999979
0.8226489692177351,0.9999999999999979
0.8229313753177069,0.9999999999999979
0.8232137814176786,0.9999999999999979
0.8234961875176504,0.9999999999999979
0.8237785936176222,0.9999999999999979
0.824060999717594,0.9999999999999979
0.8243434058175657,0.9999999999999979
0.8246258119175374,0.9999999999999979
0.8249082180175091,0.9999999999999979
0.8251906241174809,0.9999999999999979
0.8254730302174527,0.9999999999999979
0.8257554363174244,0.9999999999999979
0.8260378424173962,0.9999999999999979
0.826320248517368,0.9999999999999979
0.8266026546173397,0.9999999999999979
0.8268850607173115,0.9999999999999979
0.8271674668172833,0.9999999999999979
0.827449872917255,0.9999999999999979
0.8277322790172268,0.9999999999999979
0.8280146851171986,0.9999999999999979
0.8282970912171703,0.9999999999999979
0.8285794973171421,0.9999999999999979
0.8288619034171139,0.9999999999999979
0.8291443095170856,0.9999999999999979
0.8294267156170573,0.9999999999999979
0.829709121717029,0.9999999999999979
0.8299915278170008,0.9999999999999979
0.8302739339169726,0.9999999999999979
0.8305563400169443,0.9999999999999979
0.8308387461169161,0.9999999999999979
0.8311211522168879,0.9999999999999979
0.8314035583168596,0.9999999999999979
0.8316859644168314,0.9999999999999979
0.8319683705168032,0.9999999999999979
0.8322507766167749,0.9999999999999979
0.8325331827167467,0.9999999999999979
0.8328155888167185,0.9999999999999979
0.8330979949166902,0.9999999999999979
0.833380401016662,0.9999999999999979
0.8336628071166338,0.9999999999999979
0.8339452132166055,0.9999999999999979
0.8342276193165772,0.9999999999999979
0.834510025416549,0.9999999999999979
0.8347924315165207,0.9999999999999979
0.8350748376164925,0.9999999999999979
0.8353572437164642,0.9999999999999979
0.835639649816436,0.9999999999999979
0.8359220559164078,0.9999999999999979
0.8362044620163795,0.9999999999999979
0.8364868681163513,0.9999999999999979
0.8367692742163231,0.9999999999999979
0.8370516803162948,0.9999999999999979
0.8373340864162666,0.9999999999999979
0.8376164925162384,0.9999999999999979
0.8378988986162101,0.9999999999999979
0.8381813047161819,0.9999999999999979
0.8384637108161537,0.9999999999999979
0.8387461169161254,0.9999999999999979
0.8390285230160971,0.9999999999999979
0.8393109291160689,0.9999999999999979
0.8395933352160406,0.9999999999999979
0.8398757413160124,0.9999999999999979
0.8401581474159842,0.9999999999999979
0.8404405535159559,0.9999999999999979
0.8407229596159277,0.9999999999999979
0.8410053657158995,0.9999999999999979
0.8412877718158712,0.9999999999999979
0.841570177915843,0.9999999999999979
0.8418525840158148,0.9999999999999979
0.8421349901157865,0.9999999999999979
0.8424173962157583,0.9999999999999979
0.84269980231573,0.9999999999999979
0.8429822084157018,0.9999999999999979
0.8432646145156736,0.9999999999999979
0.8435470206156453,0.9999999999999979
0.843829426715617,0.9999999999999979
0.8441118328155888,0.9999999999999979
0.8443942389155605,0.9999999999999979
0.8446766450155323,0.9999999999999979
0.8449590511155041,0.9999999999999979
0.8452414572154758,0.9999999999999979
0.8455238633154476,0.9999999999999979
0.8458062694154194,0.9999999999999979
0.8460886755153911,0.9999999999999979
0.8463710816153629,0.9999999999999979
0.8466534877153347,0.9999999999999979
0.8469358938153064,0.9999999999999979
0.8472182999152782,0.9999999999999979
0.84750070601525,0.9999999999999979
0.8477831121152217,0.9999999999999979
0.8480655182151935,0.9999999999999979
0.8483479243151653,0.9999999999999979
0.8486303304151369,0.9999999999999979
0.8489127365151087,0.9999999999999979
0.8491951426150804,0.9999999999999979
0.8494775487150522,0.9999999999999979
0.849759954815024,0.9999999999999979
0.8500423609149957,0.9999999999999979
0.8503247670149675,0.9999999999999979
0.8506071731149393,0.9999999999999979
0.850889579214911,0.9999999999999979
0.8511719853148828,0.9999999999999979
0.8514543914148546,0.9999999999999979
0.8517367975148263,0.9999999999999979
0.8520192036147981,0.9999999999999979
0.8523016097147699,0.9999999999999979
0.8525840158147416,0.9999999999999979
0.8528664219147134,0.9999999999999979
0.8531488280146852,0.9999999999999979
0.8534312341146568,0.9999999999999979
0.8537136402146286,0.9999999999999979
0.8539960463146004,0.9999999999999979
0.8542784524145721,0.9999999999999979
0.8545608585145439,0.9999999999999979
0.8548432646145157,0.9999999999999979
0.8551256707144874,0.9999999999999979
0.8554080768144592,0.9999999999999979
0.855690482914431,0.9999999999999979
0.8559728890144027,0.9999999999999979
0.8562552951143745,0.9999999999999979
0.8565377012143462,0.9999999999999979
0.856820107314318,0.9999999999999979
0.8571025134142898,0.9999999999999979
0.8573849195142615,0.9999999999999979
0.8576673256142333,0.9999999999999979
0.8579497317142051,0.9999999999999979
0.8582321378141767,0.9999999999999979
0.8585145439141485,0.9999999999999979
0.8587969500141203,0.9999999999999979
0.859079356114092,0.9999999999999979
0.8593617622140638,0.9999999999999979
0.8596441683140356,0.9999999999999979
0.8599265744140073,0.9999999999999979
0.8602089805139791,0.9999999999999979
0.8604913866139509,0.9999999999999979
0.8607737927139226,0.9999999999999979
0.8610561988138944,0.9999999999999979
0.8613386049138662,0.9999999999999979
0.8616210110138379,0.9999999999999979
0.8619034171138097,0.9999999999999979
0.8621858232137815,0.9999999999999979
0.8624682293137532,0.9999999999999979
0.862750635413725,0.9999999999999979
0.8630330415136966,0.9999999999999979
0.8633154476136684,0.9999999999999979
0.8635978537136402,0.9999999999999979
0.8638802598136119,0.9999999999999979
0.8641626659135837,0.9999999999999979
0.8644450720135555,0.9999999999999979
0.8647274781135272,0.9999999999999979
0.865009884213499,0.9999999999999979
0.8652922903134708,0.9999999999999979
0.8655746964134425,0.9999999999999979
0.8658571025134143,0.9999999999999979
0.8661395086133861,0.9999999999999979
0.8664219147133578,0.9999999999999979
0.8667043208133296,0.9999999999999979
0.8669867269133014,0.9999999999999979
0.8672691330132731,0.9999999999999979
0.8675515391132449,0.9999999999999979
0.8678339452132166,0.9999999999999979
0.8681163513131883,0.9999999999999979
0.8683987574131601,0.9999999999999979
0.8686811635131318,0.9999999999999979
0.8689635696131036,0.9999999999999979
0.8692459757130754,0.9999999999999979
0.8695283818130471,0.9999999999999979
0.8698107879130189,0.9999999999999979
0.8700931940129907,0.9999999999999979
0.8703756001129624,0.9999999999999979
0.8706580062129342,0.9999999999999979
0.870940412312906,0.9999999999999979
0.8712228184128777,0.9999999999999979
0.8715052245128495,0.9999999999999979
0.8717876306128213,0.9999999999999979
0.872070036712793,0.9999999999999979
0.8723524428127648,0.9999999999999979
0.8726348489127365,0.9999999999999979
0.8729172550127082,0.9999999999999979
0.87319966111268,0.9999999999999979
0.8734820672126518,0.9999999999999979
0.8737644733126235,0.9999999999999979
0.8740468794125953,0.9999999999999979
0.8743292855125671,0.9999999999999979
0.8746116916125388,0.9999999999999979
0.8748940977125106,0.9999999999999979
0.8751765038124824,0.9999999999999979
0.8754589099124541,0.9999999999999979
0.8757413160124259,0.9999999999999979
0.8760237221123977,0.9999999999999979
0.8763061282123694,0.9999999999999979
0.8765885343123412,0.9999999999999979
0.876870940412313,0.9999999999999979
0.8771533465122847,0.9999999999999979
0.8774357526122564,0.9999999999999979
0.8777181587122281,0.9999999999999979
0.8780005648121999,0.9999999999999979
0.8782829709121717,0.9999999999999979
0.8785653770121434,0.9999999999999979
0.8788477831121152,0.9999999999999979
0.879130189212087,0.9999999999999979
0.8794125953120587,0.9999999999999979
0.8796950014120305,0.9999999999999979
0.8799774075120023,0.9999999999999979
0.880259813611974,0.9999999999999979
0.8805422197119458,0.9999999999999979
0.8808246258119176,0.9999999999999979
0.8811070319118893,0.9999999999999979
0.8813894380118611,0.9999999999999979
0.8816718441118329,0.9999999999999979
0.8819542502118046,0.9999999999999979
0.8822366563117763,0.9999999999999979
0.882519062411748,0.9999999999999979
0.8828014685117198,0.9999999999999979
0.8830838746116916,0.9999999999999979
0.8833662807116633,0.9999999999999979
0.8836486868116351,0.9999999999999979
0.8839310929116069,0.9999999999999979
0.8842134990115786,0.9999999999999979
0.8844959051115504,0.9999999999999979
0.8847783112115222,0.9999999999999979
0.8850607173114939,0.9999999999999979
0.8853431234114657,0.9999999999999979
0.8856255295114375,0.9999999999999979
0.8859079356114092,0.9999999999999979
0.886190341711381,0.9999999999999979
0.8864727478113528,0.9999999999999979
0.8867551539113245,0.9999999999999979
0.8870375600112962,0.9999999999999979
0.887319966111268,0.9999999999999979
0.8876023722112397,0.9999999999999979
0.8878847783112115,0.9999999999999979
0.8881671844111833,0.9999999999999979
0.888449590511155,0.9999999999999979
0.8887319966111268,0.9999999999999979
0.8890144027110986,0.9999999999999979
0.8892968088110703,0.9999999999999979
0.8895792149110421,0.9999999999999979
0.8898616210110138,0.9999999999999979
0.8901440271109856,0.9999999999999979
0.8904264332109574,0.9999999999999979
0.8907088393109291,0.9999999999999979
0.8909912454109009,0.9999999999999979
0.8912736515108727,0.9999999999999979
0.8915560576108444,0.9999999999999979
0.8918384637108161,0.9999999999999979
0.8921208698107879,0.9999999999999979
0.8924032759107596,0.9999999999999979
0.8926856820107314,0.9999999999999979
0.8929680881107032,0.9999999999999979
0.8932504942106749,0.9999999999999979
0.8935329003106467,0.9999999999999979
0.8938153064106185,0.9999999999999979
0.8940977125105902,0.9999999999999979
0.894380118610562,0.9999999999999979
0.8946625247105338,0.9999999999999979
0.8949449308105055,0.9999999999999979
0.8952273369104773,0.9999999999999979
0.895509743010449,0.9999999999999979
0.8957921491104208,0.9999999999999979
0.8960745552103926,0.9999999999999979
0.8963569613103644,0.9999999999999979
0.896639367410336,0.9999999999999979
0.8969217735103078,0.9999999999999979
0.8972041796102795,0.9999999999999979
0.8974865857102513,0.9999999999999979
0.8977689918102231,0.9999999999999979
0.8980513979101948,0.9999999999999979
0.8983338040101666,0.9999999999999979
0.8986162101101384,0.9999999999999979
0.8988986162101101,0.9999999999999979
0.8991810223100819,0.9999999999999979
0.8994634284100537,0.9999999999999979
0.8997458345100254,0.9999999999999979
0.9000282406099972,0.9999999999999979
0.900310646709969,0.9999999999999979
0.9005930528099407,0.9999999999999979
0.9008754589099125,0.9999999999999979
0.9011578650098843,0.9999999999999979
0.901440271109856,0.9999999999999979
0.9017226772098277,0.9999999999999979
0.9020050833097994,0.9999999999999979
0.9022874894097712,0.9999999999999979
0.902569895509743,0.9999999999999979
0.9028523016097147,0.9999999999999979
0.9031347077096865,0.9999999999999979
0.9034171138096583,0.9999999999999979
0.90369951990963,0.9999999999999979
0.9039819260096018,0.9999999999999979
0.9042643321095736,0.9999999999999979
0.9045467382095453,0.9999999999999979
0.9048291443095171,0.9999999999999979
0.9051115504094889,0.9999999999999979
0.9053939565094606,0.9999999999999979
0.9056763626094324,0.9999999999999979
0.9059587687094042,0.9999999999999979
0.9062411748093759,0.9999999999999979
0.9065235809093476,0.9999999999999979
0.9068059870093194,0.9999999999999979
0.9070883931092911,0.9999999999999979
0.9073707992092629,0.9999999999999979
0.9076532053092347,0.9999999999999979
0.9079356114092064,0.9999999999999979
0.9082180175091782,0.9999999999999979
0.90850042360915,0.9999999999999979
0.9087828297091217,0.9999999999999979
0.9090652358090935,0.9999999999999979
0.9093476419090653,0.9999999999999979
0.909630048009037,0.9999999999999979
0.9099124541090088,0.9999999999999979
0.9101948602089805,0.9999999999999979
0.9104772663089523,0.9999999999999979
0.9107596724089241,0.9999999999999979
0.9110420785088958,0.9999999999999979
0.9113244846088675,0.9999999999999979
0.9116068907088393,0.9999999999999979
0.911889296808811,0.9999999999999979
0.9121717029087828,0.9999999999999979
0.9124541090087546,0.9999999999999979
0.9127365151087263,0.9999999999999979
0.9130189212086981,0.9999999999999979
0.9133013273086699,0.9999999999999979
0.9135837334086416,0.9999999999999979
0.9138661395086134,0.9999999999999979
0.9141485456085852,0.9999999999999979
0.9144309517085569,0.9999999999999979
0.9147133578085287,0.9999999999999979
0.9149957639085005,0.9999999999999979
0.9152781700084722,0.9999999999999979
0.915560576108444,0.9999999999999979
0.9158429822084158,0.9999999999999979
0.9161253883083874,0.9999999999999979
0.9164077944083592,0.9999999999999979
0.9166902005083309,0.9999999999999979
0.9169726066083027,0.9999999999999979
0.9172550127082745,0.9999999999999979
0.9175374188082462,0.9999999999999979
0.917819824908218,0.9999999999999979
0.9181022310081898,0.9999999999999979
0.9183846371081615,0.9999999999999979
0.9186670432081333,0.9999999999999979
0.9189494493081051,0.9999999999999979
0.9192318554080768,0.9999999999999979
0.9195142615080486,0.9999999999999979
0.9197966676080204,0.9999999999999979
0.9200790737079921,0.9999999999999979
0.9203614798079639,0.9999999999999979
0.9206438859079357,0.9999999999999979
0.9209262920079073,0.9999999999999979
0.9212086981078791,0.9999999999999979
0.9214911042078509,0.9999999999999979
0.9217735103078226,0.9999999999999979
0.9220559164077944,0.9999999999999979
0.9223383225077662,0.9999999999999979
0.9226207286077379,0.9999999999999979
0.9229031347077097,0.9999999999999979
0.9231855408076814,0.9999999999999979
0.9234679469076532,0.9999999999999979
0.923750353007625,0.9999999999999979
0.9240327591075967,0.9999999999999979
0.9243151652075685,0.9999999999999979
0.9245975713075403,0.9999999999999979
0.924879977407512,0.9999999999999979
0.9251623835074838,0.9999999999999979
0.9254447896074556,0.9999999999999979
0.9257271957074272,0.9999999999999979
0.926009601807399,0.9999999999999979
0.9262920079073708,0.9999999999999979
0.9265744140073425,0.9999999999999979
0.9268568201073143,0.9999999999999979
0.9271392262072861,0.9999999999999979
0.9274216323072578,0.9999999999999979
0.9277040384072296,0.9999999999999979
0.9279864445072014,0.9999999999999979
0.9282688506071731,0.9999999999999979
0.9285512567071449,0.9999999999999979
0.9288336628071167,0.9999999999999979
0.9291160689070884,0.9999999999999979
0.9293984750070602,0.9999999999999979
0.929680881107032,0.9999999999999979
0.9299632872070037,0.9999999999999979
0.9302456933069755,0.9999999999999979
0.9305280994069471,0.9999999999999979
0.9308105055069189,0.9999999999999979
0.9310929116068907,0.9999999999999979
0.9313753177068624,0.9999999999999979
0.9316577238068342,0.9999999999999979
0.931940129906806,0.9999999999999979
0.9322225360067777,0.9999999999999979
0.9325049421067495,0.9999999999999979
0.9327873482067213,0.9999999999999979
0.933069754306693,0.9999999999999979
0.9333521604066648,0.9999999999999979
0.9336345665066366,0.9999999999999979
0.9339169726066083,0.9999999999999979
0.9341993787065801,0.9999999999999979
0.9344817848065519,0.9999999999999979
0.9347641909065236,0.9999999999999979
0.9350465970064954,0.9999999999999979
0.935329003106467,0.9999999999999979
0.9356114092064388,0.9999999999999979
0.9358938153064106,0.9999999999999979
0.9361762214063823,0.9999999999999979
0.9364586275063541,0.9999999999999979
0.9367410336063259,0.9999999999999979
0.9370234397062976,0.9999999999999979
0.9373058458062694,0.9999999999999979
0.9375882519062412,0.9999999999999979
0.9378706580062129,0.9999999999999979
0.9381530641061847,0.9999999999999979
0.9384354702061565,0.9999999999999979
0.9387178763061282,0.9999999999999979
0.9390002824061,0.9999999999999979
0.9392826885060718,0.9999999999999979
0.9395650946060435,0.9999999999999979
0.9398475007060153,0.9999999999999979
0.940129906805987,0.9999999999999979
0.9404123129059587,0.9999999999999979
0.9406947190059305,0.9999999999999979
0.9409771251059023,0.9999999999999979
0.941259531205874,0.9999999999999979
0.9415419373058458,0.9999999999999979
0.9418243434058176,0.9999999999999979
0.9421067495057893,0.9999999999999979
0.9423891556057611,0.9999999999999979
0.9426715617057329,0.9999999999999979
0.9429539678057046,0.9999999999999979
0.9432363739056764,0.9999999999999979
0.9435187800056481,0.9999999999999979
0.9438011861056199,0.9999999999999979
0.9440835922055917,0.9999999999999979
0.9443659983055634,0.9999999999999979
0.9446484044055352,0.9999999999999979
0.9449308105055069,0.9999999999999979
0.9452132166054786,0.9999999999999979
0.9454956227054504,0.9999999999999979
0.9457780288054222,0.9999999999999979
0.9460604349053939,0.9999999999999979
0.9463428410053657,0.9999999999999979
0.9466252471053375,0.9999999999999979
0.9469076532053092,0.9999999999999979
0.947190059305281,0.9999999999999979
0.9474724654052528,0.9999999999999979
0.9477548715052245,0.9999999999999979
0.9480372776051963,0.9999999999999979
0.9483196837051681,0.9999999999999979
0.9486020898051398,0.9999999999999979
0.9488844959051116,0.9999999999999979
0.9491669020050834,0.9999999999999979
0.9494493081050551,0.9999999999999979
0.9497317142050268,0.9999999999999979
0.9500141203049985,0.9999999999999979
0.9502965264049703,0.9999999999999979
0.9505789325049421,0.9999999999999979
0.9508613386049138,0.9999999999999979
0.9511437447048856,0.9999999999999979
0.9514261508048574,0.9999999999999979
0.9517085569048291,0.9999999999999979
0.9519909630048009,0.9999999999999979
0.9522733691047727,0.9999999999999979
0.9525557752047444,0.9999999999999979
0.9528381813047162,0.9999999999999979
0.953120587404688,0.9999999999999979
0.9534029935046597,0.9999999999999979
0.9536853996046315,0.9999999999999979
0.9539678057046033,0.9999999999999979
0.954250211804575,0.9999999999999979
0.9545326179045467,0.9999999999999979
0.9548150240045185,0.9999999999999979
0.9550974301044902,0.9999999999999979
0.955379836204462,0.9999999999999979
0.9556622423044338,0.9999999999999979
0.9559446484044055,0.9999999999999979
0.9562270545043773,0.9999999999999979
0.956509460604349,0.9999999999999979
0.9567918667043208,0.9999999999999979
0.9570742728042926,0.9999999999999979
0.9573566789042643,0.9999999999999979
0.9576390850042361,0.9999999999999979
0.9579214911042079,0.9999999999999979
0.9582038972041796,0.9999999999999979
0.9584863033041514,0.9999999999999979
0.9587687094041232,0.9999999999999979
0.9590511155040949,0.9999999999999979
0.9593335216040666,0.9999999999999979
0.9596159277040384,0.9999999999999979
0.9598983338040101,0.9999999999999979
0.9601807399039819,0.9999999999999979
0.9604631460039537,0.9999999999999979
0.9607455521039254,0.9999999999999979
0.9610279582038972,0.9999999999999979
0.961310364303869,0.9999999999999979
0.9615927704038407,0.9999999999999979
0.9618751765038125,0.9999999999999979
0.9621575826037843,0.9999999999999979
0.962439988703756,0.9999999999999979
0.9627223948037278,0.9999999999999979
0.9630048009036996,0.9999999999999979
0.9632872070036713,0.9999999999999979
0.9635696131036431,0.9999999999999979
0.9638520192036149,0.9999999999999979
0.9641344253035865,0.9999999999999979
0.9644168314035583,0.9999999999999979
0.96469923750353,0.9999999999999979
0.9649816436035018,0.9999999999999979
0.9652640497034736,0.9999999999999979
0.9655464558034453,0.9999999999999979
0.9658288619034171,0.9999999999999979
0.9661112680033889,0.9999999999999979
0.9663936741033606,0.9999999999999979
0.9666760802033324,0.9999999999999979
0.9669584863033042,0.9999999999999979
0.9672408924032759,0.9999999999999979
0.9675232985032477,0.9999999999999979
0.9678057046032195,0.9999999999999979
0.9680881107031912,0.9999999999999979
0.968370516803163,0.9999999999999979
0.9686529229031348,0.9999999999999979
0.9689353290031064,0.9999999999999979
0.9692177351030782,0.9999999999999979
0.96950014120305,0.9999999999999979
0.9697825473030217,0.9999999999999979
0.9700649534029935,0.9999999999999979
0.9703473595029652,0.9999999999999979
0.970629765602937,0.9999999999999979
0.9709121717029088,0.9999999999999979
0.9711945778028805,0.9999999999999979
0.9714769839028523,0.9999999999999979
0.9717593900028241,0.9999999999999979
0.9720417961027958,0.9999999999999979
0.9723242022027676,0.9999999999999979
0.9726066083027394,0.9999999999999979
0.9728890144027111,0.9999999999999979
0.9731714205026829,0.9999999999999979
0.9734538266026547,0.9999999999999979
0.9737362327026263,0.9999999999999979
0.9740186388025981,0.9999999999999979
0.9743010449025699,0.9999999999999979
0.9745834510025416,0.9999999999999979
0.9748658571025134,0.9999999999999979
0.9751482632024852,0.9999999999999979
0.9754306693024569,0.9999999999999979
0.9757130754024287,0.9999999999999979
0.9759954815024005,0.9999999999999979
0.9762778876023722,0.9999999999999979
0.976560293702344,0.9999999999999979
0.9768426998023158,0.9999999999999979
0.9771251059022875,0.9999999999999979
0.9774075120022593,0.9999999999999979
0.977689918102231,0.9999999999999979
0.9779723242022028,0.9999999999999979
0.9782547303021746,0.9999999999999979
0.9785371364021462,0.9999999999999979
0.978819542502118,0.9999999999999979
0.9791019486020898,0.9999999999999979
0.9793843547020615,0.9999999999999979
0.9796667608020333,0.9999999999999979
0.9799491669020051,0.9999999999999979
0.9802315730019768,0.9999999999999979
0.9805139791019486,0.9999999999999979
0.9807963852019204,0.9999999999999979
0.9810787913018921,0.9999999999999979
0.9813611974018639,0.9999999999999979
0.9816436035018357,0.9999999999999979
0.9819260096018074,0.9999999999999979
0.9822084157017792,0.9999999999999979
0.982490821801751,0.9999999999999979
0.9827732279017227,0.9999999999999979
0.9830556340016945,0.9999999999999979
0.9833380401016661,0.9999999999999979
0.9836204462016379,0.9999999999999979
0.9839028523016097,0.9999999999999979
0.9841852584015814,0.9999999999999979
0.9844676645015532,0.9999999999999979
0.984750070601525,0.9999999999999979
0.9850324767014967,0.9999999999999979
0.9853148828014685,0.9999999999999979
0.9855972889014403,0.9999999999999979
0.985879695001412,0.9999999999999979
0.9861621011013838,0.9999999999999979
0.9864445072013556,0.9999999999999979
0.9867269133013273,0.9999999999999979
0.9870093194012991,0.9999999999999979
0.9872917255012709,0.9999999999999979
0.9875741316012426,0.9999999999999979
0.9878565377012144,0.9999999999999979
0.988138943801186,0.9999999999999979
0.9884213499011578,0.9999999999999979
0.9887037560011296,0.9999999999999979
0.9889861621011014,0.9999999999999979
0.9892685682010731,0.9999999999999979
0.9895509743010449,0.9999999999999979
0.9898333804010166,0.9999999999999979
0.9901157865009884,0.9999999999999979
0.9903981926009602,0.9999999999999979
0.990680598700932,0.9999999999999979
0.9909630048009037,0.9999999999999979
0.9912454109008755,0.9999999999999979
0.9915278170008472,0.9999999999999979
0.991810223100819,0.9999999999999979
0.9920926292007908,0.9999999999999979
0.9923750353007625,0.9999999999999979
0.9926574414007343,0.9999999999999979
0.992939847500706,0.9999999999999979
0.9932222536006777,0.9999999999999979
0.9935046597006495,0.9999999999999979
0.9937870658006213,0.9999999999999979
0.994069471900593,0.9999999999999979
0.9943518780005648,0.9999999999999979
0.9946342841005366,0.9999999999999979
0.9949166902005083,0.9999999999999979
0.9951990963004801,0.9999999999999979
0.9954815024004519,0.9999999999999979
0.9957639085004236,0.9999999999999979
0.9960463146003954,0.9999999999999979
0.9963287207003672,0.9999999999999979
0.9966111268003389,0.9999999999999979
0.9968935329003107,0.9999999999999979
0.9971759390002825,0.9999999999999979
0.9974583451002542,0.9999999999999979
0.9977407512002259,0.9999999999999979
0.9980231573001976,0.9999999999999979
0.9983055634001694,0.9999999999999979
0.9985879695001412,0.9999999999999979
0.9988703756001129,0.9999999999999979
0.9991527817000847,0.9999999999999979
0.9994351878000565,0.9999999999999979
0.9997175939000282,0.9999999999999979
1.0,0.9999999999999979
