scenario_id,policy_name,arrival_normalized_weighted_goodput,unweighted_slo_success_rate,completion_fraction,mean_ttft,p95_ttft,p99_ttft,mean_tpot,p95_tpot,mean_queuing_delay,mean_prefill_delay_s,ttft_attainment,tbt_attainment,request_throughput,token_throughput,decode_stalled_steps,cumulative_decode_tokens_deferred,steps_with_prefill_while_decode_deferred,prefill_stalled_steps,cumulative_prefill_requests_stalled,budget_saturation_fraction,mean_num_decoding,mean_num_prefilling,fraction_prefill_tokens_while_decodes_active,status
pd1.psizeshort.occlow.slottft_tight.loadmoderate.s20260818,decode_priority_chunked,0.36538461538461536,0.36538461538461536,1.0,0.010292071760997612,0.01776918058917968,0.017954669046268787,0.001,0.0010000000000000002,0.0007343794533053103,0.009557692307692298,1.0,1.0,22.559652928416483,7035.574837310195,0,0,0,0,0,0.0,7.032523850823938,0.19297484822202948,0.9624753616720592,success
pd1.psizeshort.occlow.slottft_tight.loadmoderate.s20260818,chunked_prefill_large,0.36538461538461536,0.36538461538461536,1.0,0.004311302530228388,0.005897174630225167,0.005969912791646977,0.001,0.0010000000000000002,0.0007343794533053103,0.0035769230769230774,1.0,1.0,22.569444444444443,7038.628472222222,0,0,0,0,0,0.006507592190889371,7.035574837310195,0.05813449023861171,0.9510580534791179,success
pd1.psizeshort.occlow.slottft_tight.loadmoderate.s20260818,adaptive_prefill_control,0.36538461538461536,0.36538461538461536,1.0,0.010292071760997612,0.01776918058917968,0.017954669046268787,0.001,0.0010000000000000002,0.0007343794533053103,0.009557692307692298,1.0,1.0,22.559652928416483,7035.574837310195,0,0,0,0,0,0.0,7.032523850823938,0.19297484822202948,0.9624753616720592,success
pd1.psizeshort.occlow.slottft_tight.loadmoderate.s20260818,full_prefill,0.36538461538461536,0.36538461538461536,1.0,0.0033497640686899264,0.003980569317359304,0.004895159815767518,0.001,0.0010000000000000002,0.0007343794533053103,0.002615384615384616,1.0,1.0,22.569444444444443,7038.628472222222,0,0,0,0,0,0.01388286334056399,7.035574837310195,0.03644251626898048,0.9624009818141247,success
pd1.psizeshort.occlow.slottft_tight.loadmoderate.s20260819,full_prefill,0.28846153846153844,0.28846153846153844,1.0,0.0031921486358553078,0.003924801059675516,0.004390510877049469,0.001,0.0010000000000000002,0.0006921486358553118,0.0024999999999999957,1.0,1.0,15.762352227947863,5583.510154592301,0,0,0,0,0,0.0080545229244114,5.70631970260223,0.024163568773234202,0.9638664491225277,success
pd1.psizeshort.occlow.slottft_tight.loadmoderate.s20260819,chunked_prefill_small,0.28846153846153844,0.28846153846153844,1.0,0.009749840943547618,0.016083931745767895,0.01719116235405531,0.001,0.0010000000000000002,0.0006921486358553118,0.009057692307692305,1.0,1.0,15.757575757575756,5581.818181818181,0,0,0,0,0,0.0,5.690454124189064,0.12944084028421377,0.9352938835608261,success
pd1.psizeshort.occlow.slottft_tight.loadmoderate.s20260819,chunked_prefill_large,0.28846153846153844,0.28846153846153844,1.0,0.004153687097393771,0.005736532857882838,0.005896481883850101,0.001,0.0010000000000000002,0.0006921486358553118,0.003461538461538458,1.0,1.0,15.762352227947863,5583.510154592301,0,0,0,0,0,0.0037163208423660575,5.7045524930318985,0.03964075565190461,0.948426121214533,success
pd1.psizeshort.occlow.slottft_tight.loadmoderate.s20260818,chunked_prefill_small,0.36538461538461536,0.36538461538461536,1.0,0.010292071760997612,0.01776918058917968,0.017954669046268787,0.001,0.0010000000000000002,0.0007343794533053103,0.009557692307692298,1.0,1.0,22.559652928416483,7035.574837310195,0,0,0,0,0,0.0,7.032523850823938,0.19297484822202948,0.9624753616720592,success
pd1.psizeshort.occlow.slottft_tight.loadmoderate.s20260819,decode_priority_chunked,0.28846153846153844,0.28846153846153844,1.0,0.009749840943547618,0.016083931745767895,0.01719116235405531,0.001,0.0010000000000000002,0.0006921486358553118,0.009057692307692305,1.0,1.0,15.757575757575756,5581.818181818181,0,0,0,0,0,0.0,5.690454124189064,0.12944084028421377,0.9352938835608261,success
pd1.psizeshort.occlow.slottft_tight.loadhigh.s20260818,full_prefill,0.3194444444444444,0.3194444444444444,1.0,0.003364224567840382,0.0039881179684395016,0.004724792128175824,0.001,0.0010000000000000002,0.000753113456729271,0.002611111111111111,1.0,1.0,30.52140737600678,9885.120813904197,0,0,0,0,0,0.019846639603067207,10.518267929634641,0.05232295895354082,0.9683328487219476,success
pd1.psizeshort.occlow.slottft_tight.loadmoderate.s20260819,adaptive_prefill_control,0.28846153846153844,0.28846153846153844,1.0,0.009749840943547618,0.016083931745767895,0.01719116235405531,0.001,0.0010000000000000002,0.0006921486358553118,0.009057692307692305,1.0,1.0,15.757575757575756,5581.818181818181,0,0,0,0,0,0.0,5.690454124189064,0.12944084028421377,0.9352938835608261,success
pd1.psizeshort.occlow.slottft_tight.loadhigh.s20260818,decode_priority_chunked,0.2916666666666667,0.2916666666666667,1.0,0.010433669012284826,0.017741096257395752,0.017867661411482254,0.001,0.0010000000000000002,0.000753113456729271,0.009680555555555557,1.0,1.0,30.508474576271187,9880.932203389832,0,0,0,0,0,0.0,10.480449438202248,0.2808988764044944,0.9683857154185721,success
pd1.psizeshort.occlow.slottft_tight.loadhigh.s20260818,chunked_prefill_small,0.2916666666666667,0.2916666666666667,1.0,0.010433669012284826,0.017741096257395752,0.017867661411482254,0.001,0.0010000000000000002,0.000753113456729271,0.009680555555555557,1.0,1.0,30.508474576271187,9880.932203389832,0,0,0,0,0,0.0,10.480449438202248,0.2808988764044944,0.9683857154185721,success
pd1.psizeshort.occlow.slottft_tight.loadhigh.s20260818,chunked_prefill_large,0.3194444444444444,0.3194444444444444,1.0,0.004336446790062605,0.005833510181571497,0.005946598798336361,0.001,0.0010000000000000002,0.000753113456729271,0.003583333333333334,1.0,1.0,30.52140737600678,9885.120813904197,0,0,0,0,0,0.008566275924256087,10.513525698827772,0.08385933273219116,0.9602706774867172,success
pd1.psizeshort.occlow.slottft_tight.loadhigh.s20260818,adaptive_prefill_control,0.2916666666666667,0.2916666666666667,1.0,0.010433669012284826,0.017741096257395752,0.017867661411482254,0.001,0.0010000000000000002,0.000753113456729271,0.009680555555555557,1.0,1.0,30.508474576271187,9880.932203389832,0,0,0,0,0,0.0,10.480449438202248,0.2808988764044944,0.9683857154185721,success
pd1.psizeshort.occlow.slottft_tight.loadhigh.s20260819,chunked_prefill_small,0.3472222222222222,0.3472222222222222,1.0,0.010088584577620636,0.015875444583657083,0.017133492635154093,0.001,0.0010000000000000002,0.0007274734665095226,0.009361111111111113,1.0,1.0,23.376623376623375,6616.233766233766,0,0,0,0,0,0.0,6.6140863356053226,0.19539110678351185,0.9574961360123647,success
pd1.psizeshort.occlow.slotbt_tight.loadmoderate.s20260818,full_prefill,1.0,1.0,1.0,0.0033497640686899264,0.003980569317359304,0.004895159815767518,0.001,0.0010000000000000002,0.0007343794533053103,0.002615384615384616,1.0,1.0,22.569444444444443,7038.628472222222,0,0,0,0,0,0.01388286334056399,7.035574837310195,0.03644251626898048,0.9624009818141247,success
pd1.psizeshort.occlow.slotbt_tight.loadmoderate.s20260818,chunked_prefill_small,1.0,1.0,1.0,0.010292071760997612,0.01776918058917968,0.017954669046268787,0.001,0.0010000000000000002,0.0007343794533053103,0.009557692307692298,1.0,1.0,22.559652928416483,7035.574837310195,0,0,0,0,0,0.0,7.032523850823938,0.19297484822202948,0.9624753616720592,success
pd1.psizeshort.occlow.slottft_tight.loadhigh.s20260819,decode_priority_chunked,0.3472222222222222,0.3472222222222222,1.0,0.010088584577620636,0.015875444583657083,0.017133492635154093,0.001,0.0010000000000000002,0.0007274734665095226,0.009361111111111113,1.0,1.0,23.376623376623375,6616.233766233766,0,0,0,0,0,0.0,6.6140863356053226,0.19539110678351185,0.9574961360123647,success
pd1.psizeshort.occlow.slottft_tight.loadhigh.s20260819,chunked_prefill_large,0.3472222222222222,0.3472222222222222,1.0,0.0043108067998428555,0.005829332353343286,0.005896094418120094,0.001,0.0010000000000000002,0.0007274734665095226,0.003583333333333334,1.0,1.0,23.384215654433255,6618.382591750568,0,0,0,0,0,0.006493506493506494,6.6162337662337665,0.06038961038961039,0.966604106866858,success
pd1.psizeshort.occlow.slotbt_tight.loadmoderate.s20260818,chunked_prefill_large,1.0,1.0,1.0,0.004311302530228388,0.005897174630225167,0.005969912791646977,0.001,0.0010000000000000002,0.0007343794533053103,0.0035769230769230774,1.0,1.0,22.569444444444443,7038.628472222222,0,0,0,0,0,0.006507592190889371,7.035574837310195,0.05813449023861171,0.9510580534791179,success
pd1.psizeshort.occlow.slottft_tight.loadhigh.s20260819,adaptive_prefill_control,0.3472222222222222,0.3472222222222222,1.0,0.010088584577620636,0.015875444583657083,0.017133492635154093,0.001,0.0010000000000000002,0.0007274734665095226,0.009361111111111113,1.0,1.0,23.376623376623375,6616.233766233766,0,0,0,0,0,0.0,6.6140863356053226,0.19539110678351185,0.9574961360123647,success
pd1.psizeshort.occlow.slotbt_tight.loadmoderate.s20260818,decode_priority_chunked,1.0,1.0,1.0,0.010292071760997612,0.01776918058917968,0.017954669046268787,0.001,0.0010000000000000002,0.0007343794533053103,0.009557692307692298,1.0,1.0,22.559652928416483,7035.574837310195,0,0,0,0,0,0.0,7.032523850823938,0.19297484822202948,0.9624753616720592,success
pd1.psizeshort.occlow.slottft_tight.loadhigh.s20260819,full_prefill,0.3611111111111111,0.3611111111111111,1.0,0.0032691401331761895,0.0038865159805918695,0.004248957414913487,0.001,0.0010000000000000002,0.0007274734665095226,0.0025416666666666665,1.0,1.0,23.384215654433255,6618.382591750568,0,0,0,0,0,0.012987012987012988,6.6162337662337665,0.03603896103896104,0.9773128725988077,success
pd1.psizeshort.occlow.slotbt_tight.loadmoderate.s20260818,adaptive_prefill_control,1.0,1.0,1.0,0.010292071760997612,0.01776918058917968,0.017954669046268787,0.001,0.0010000000000000002,0.0007343794533053103,0.009557692307692298,1.0,1.0,22.559652928416483,7035.574837310195,0,0,0,0,0,0.0,7.032523850823938,0.19297484822202948,0.9624753616720592,success
pd1.psizeshort.occlow.slotbt_tight.loadmoderate.s20260819,full_prefill,1.0,1.0,1.0,0.0031921486358553078,0.003924801059675516,0.004390510877049469,0.001,0.0010000000000000002,0.0006921486358553118,0.0024999999999999957,1.0,1.0,15.762352227947863,5583.510154592301,0,0,0,0,0,0.0080545229244114,5.70631970260223,0.024163568773234202,0.9638664491225277,success
pd1.psizeshort.occlow.slotbt_tight.loadmoderate.s20260819,chunked_prefill_small,1.0,1.0,1.0,0.009749840943547618,0.016083931745767895,0.01719116235405531,0.001,0.0010000000000000002,0.0006921486358553118,0.009057692307692305,1.0,1.0,15.757575757575756,5581.818181818181,0,0,0,0,0,0.0,5.690454124189064,0.12944084028421377,0.9352938835608261,success
pd1.psizeshort.occlow.slotbt_tight.loadmoderate.s20260819,decode_priority_chunked,1.0,1.0,1.0,0.009749840943547618,0.016083931745767895,0.01719116235405531,0.001,0.0010000000000000002,0.0006921486358553118,0.009057692307692305,1.0,1.0,15.757575757575756,5581.818181818181,0,0,0,0,0,0.0,5.690454124189064,0.12944084028421377,0.9352938835608261,success
pd1.psizeshort.occlow.slotbt_tight.loadmoderate.s20260819,chunked_prefill_large,1.0,1.0,1.0,0.004153687097393771,0.005736532857882838,0.005896481883850101,0.001,0.0010000000000000002,0.0006921486358553118,0.003461538461538458,1.0,1.0,15.762352227947863,5583.510154592301,0,0,0,0,0,0.0037163208423660575,5.7045524930318985,0.03964075565190461,0.948426121214533,success
pd1.psizeshort.occlow.slotbt_tight.loadmoderate.s20260819,adaptive_prefill_control,1.0,1.0,1.0,0.009749840943547618,0.016083931745767895,0.01719116235405531,0.001,0.0010000000000000002,0.0006921486358553118,0.009057692307692305,1.0,1.0,15.757575757575756,5581.818181818181,0,0,0,0,0,0.0,5.690454124189064,0.12944084028421377,0.9352938835608261,success
pd1.psizeshort.occlow.slotbt_tight.loadhigh.s20260818,full_prefill,1.0,1.0,1.0,0.003364224567840382,0.0039881179684395016,0.004724792128175824,0.001,0.0010000000000000002,0.000753113456729271,0.002611111111111111,1.0,1.0,30.52140737600678,9885.120813904197,0,0,0,0,0,0.019846639603067207,10.518267929634641,0.05232295895354082,0.9683328487219476,success
pd1.psizeshort.occlow.slotbt_tight.loadhigh.s20260818,chunked_prefill_large,1.0,1.0,1.0,0.004336446790062605,0.005833510181571497,0.005946598798336361,0.001,0.0010000000000000002,0.000753113456729271,0.003583333333333334,1.0,1.0,30.52140737600678,9885.120813904197,0,0,0,0,0,0.008566275924256087,10.513525698827772,0.08385933273219116,0.9602706774867172,success
pd1.psizeshort.occlow.slotbt_tight.loadhigh.s20260818,decode_priority_chunked,1.0,1.0,1.0,0.010433669012284826,0.017741096257395752,0.017867661411482254,0.001,0.0010000000000000002,0.000753113456729271,0.009680555555555557,1.0,1.0,30.508474576271187,9880.932203389832,0,0,0,0,0,0.0,10.480449438202248,0.2808988764044944,0.9683857154185721,success
pd1.psizeshort.occlow.slotbt_tight.loadhigh.s20260818,adaptive_prefill_control,1.0,1.0,1.0,0.010433669012284826,0.017741096257395752,0.017867661411482254,0.001,0.0010000000000000002,0.000753113456729271,0.009680555555555557,1.0,1.0,30.508474576271187,9880.932203389832,0,0,0,0,0,0.0,10.480449438202248,0.2808988764044944,0.9683857154185721,success
pd1.psizeshort.occlow.slotbt_tight.loadhigh.s20260819,full_prefill,1.0,1.0,1.0,0.0032691401331761895,0.0038865159805918695,0.004248957414913487,0.001,0.0010000000000000002,0.0007274734665095226,0.0025416666666666665,1.0,1.0,23.384215654433255,6618.382591750568,0,0,0,0,0,0.012987012987012988,6.6162337662337665,0.03603896103896104,0.9773128725988077,success
pd1.psizeshort.occlow.slotbt_tight.loadhigh.s20260819,chunked_prefill_small,1.0,1.0,1.0,0.010088584577620636,0.015875444583657083,0.017133492635154093,0.001,0.0010000000000000002,0.0007274734665095226,0.009361111111111113,1.0,1.0,23.376623376623375,6616.233766233766,0,0,0,0,0,0.0,6.6140863356053226,0.19539110678351185,0.9574961360123647,success
pd1.psizeshort.occlow.slotbt_tight.loadhigh.s20260818,chunked_prefill_small,1.0,1.0,1.0,0.010433669012284826,0.017741096257395752,0.017867661411482254,0.001,0.0010000000000000002,0.000753113456729271,0.009680555555555557,1.0,1.0,30.508474576271187,9880.932203389832,0,0,0,0,0,0.0,10.480449438202248,0.2808988764044944,0.9683857154185721,success
pd1.psizeshort.occlow.slotbt_tight.loadhigh.s20260819,chunked_prefill_large,1.0,1.0,1.0,0.0043108067998428555,0.005829332353343286,0.005896094418120094,0.001,0.0010000000000000002,0.0007274734665095226,0.003583333333333334,1.0,1.0,23.384215654433255,6618.382591750568,0,0,0,0,0,0.006493506493506494,6.6162337662337665,0.06038961038961039,0.966604106866858,success
pd1.psizeshort.occlow.slotbt_tight.loadhigh.s20260819,decode_priority_chunked,1.0,1.0,1.0,0.010088584577620636,0.015875444583657083,0.017133492635154093,0.001,0.0010000000000000002,0.0007274734665095226,0.009361111111111113,1.0,1.0,23.376623376623375,6616.233766233766,0,0,0,0,0,0.0,6.6140863356053226,0.19539110678351185,0.9574961360123647,success
pd1.psizeshort.occlow.slobalanced.loadmoderate.s20260818,full_prefill,0.9230769230769231,0.9230769230769231,1.0,0.0033497640686899264,0.003980569317359304,0.004895159815767518,0.001,0.0010000000000000002,0.0007343794533053103,0.002615384615384616,1.0,1.0,22.569444444444443,7038.628472222222,0,0,0,0,0,0.01388286334056399,7.035574837310195,0.03644251626898048,0.9624009818141247,success
pd1.psizeshort.occlow.slobalanced.loadmoderate.s20260818,chunked_prefill_small,0.8846153846153846,0.8846153846153846,1.0,0.010292071760997612,0.01776918058917968,0.017954669046268787,0.001,0.0010000000000000002,0.0007343794533053103,0.009557692307692298,1.0,1.0,22.559652928416483,7035.574837310195,0,0,0,0,0,0.0,7.032523850823938,0.19297484822202948,0.9624753616720592,success
pd1.psizeshort.occlow.slotbt_tight.loadhigh.s20260819,adaptive_prefill_control,1.0,1.0,1.0,0.010088584577620636,0.015875444583657083,0.017133492635154093,0.001,0.0010000000000000002,0.0007274734665095226,0.009361111111111113,1.0,1.0,23.376623376623375,6616.233766233766,0,0,0,0,0,0.0,6.6140863356053226,0.19539110678351185,0.9574961360123647,success
pd1.psizeshort.occlow.slobalanced.loadmoderate.s20260818,decode_priority_chunked,0.8846153846153846,0.8846153846153846,1.0,0.010292071760997612,0.01776918058917968,0.017954669046268787,0.001,0.0010000000000000002,0.0007343794533053103,0.009557692307692298,1.0,1.0,22.559652928416483,7035.574837310195,0,0,0,0,0,0.0,7.032523850823938,0.19297484822202948,0.9624753616720592,success
pd1.psizeshort.occlow.slobalanced.loadmoderate.s20260818,chunked_prefill_large,0.9230769230769231,0.9230769230769231,1.0,0.004311302530228388,0.005897174630225167,0.005969912791646977,0.001,0.0010000000000000002,0.0007343794533053103,0.0035769230769230774,1.0,1.0,22.569444444444443,7038.628472222222,0,0,0,0,0,0.006507592190889371,7.035574837310195,0.05813449023861171,0.9510580534791179,success
pd1.psizeshort.occlow.slobalanced.loadmoderate.s20260819,full_prefill,0.9615384615384616,0.9615384615384616,1.0,0.0031921486358553078,0.003924801059675516,0.004390510877049469,0.001,0.0010000000000000002,0.0006921486358553118,0.0024999999999999957,1.0,1.0,15.762352227947863,5583.510154592301,0,0,0,0,0,0.0080545229244114,5.70631970260223,0.024163568773234202,0.9638664491225277,success
pd1.psizeshort.occlow.slobalanced.loadmoderate.s20260819,chunked_prefill_small,0.9615384615384616,0.9615384615384616,1.0,0.009749840943547618,0.016083931745767895,0.01719116235405531,0.001,0.0010000000000000002,0.0006921486358553118,0.009057692307692305,1.0,1.0,15.757575757575756,5581.818181818181,0,0,0,0,0,0.0,5.690454124189064,0.12944084028421377,0.9352938835608261,success
pd1.psizeshort.occlow.slobalanced.loadmoderate.s20260819,chunked_prefill_large,0.9615384615384616,0.9615384615384616,1.0,0.004153687097393771,0.005736532857882838,0.005896481883850101,0.001,0.0010000000000000002,0.0006921486358553118,0.003461538461538458,1.0,1.0,15.762352227947863,5583.510154592301,0,0,0,0,0,0.0037163208423660575,5.7045524930318985,0.03964075565190461,0.948426121214533,success
pd1.psizeshort.occlow.slobalanced.loadmoderate.s20260819,decode_priority_chunked,0.9615384615384616,0.9615384615384616,1.0,0.009749840943547618,0.016083931745767895,0.01719116235405531,0.001,0.0010000000000000002,0.0006921486358553118,0.009057692307692305,1.0,1.0,15.757575757575756,5581.818181818181,0,0,0,0,0,0.0,5.690454124189064,0.12944084028421377,0.9352938835608261,success
pd1.psizeshort.occlow.slobalanced.loadhigh.s20260818,full_prefill,0.9444444444444444,0.9444444444444444,1.0,0.003364224567840382,0.0039881179684395016,0.004724792128175824,0.001,0.0010000000000000002,0.000753113456729271,0.002611111111111111,1.0,1.0,30.52140737600678,9885.120813904197,0,0,0,0,0,0.019846639603067207,10.518267929634641,0.05232295895354082,0.9683328487219476,success
pd1.psizeshort.occlow.slobalanced.loadmoderate.s20260819,adaptive_prefill_control,0.9615384615384616,0.9615384615384616,1.0,0.009749840943547618,0.016083931745767895,0.01719116235405531,0.001,0.0010000000000000002,0.0006921486358553118,0.009057692307692305,1.0,1.0,15.757575757575756,5581.818181818181,0,0,0,0,0,0.0,5.690454124189064,0.12944084028421377,0.9352938835608261,success
pd1.psizeshort.occlow.slobalanced.loadhigh.s20260818,chunked_prefill_small,0.9166666666666666,0.9166666666666666,1.0,0.010433669012284826,0.017741096257395752,0.017867661411482254,0.001,0.0010000000000000002,0.000753113456729271,0.009680555555555557,1.0,1.0,30.508474576271187,9880.932203389832,0,0,0,0,0,0.0,10.480449438202248,0.2808988764044944,0.9683857154185721,success
pd1.psizeshort.occlow.slobalanced.loadmoderate.s20260818,adaptive_prefill_control,0.8846153846153846,0.8846153846153846,1.0,0.010292071760997612,0.01776918058917968,0.017954669046268787,0.001,0.0010000000000000002,0.0007343794533053103,0.009557692307692298,1.0,1.0,22.559652928416483,7035.574837310195,0,0,0,0,0,0.0,7.032523850823938,0.19297484822202948,0.9624753616720592,success
pd1.psizeshort.occlow.slobalanced.loadhigh.s20260818,decode_priority_chunked,0.9166666666666666,0.9166666666666666,1.0,0.010433669012284826,0.017741096257395752,0.017867661411482254,0.001,0.0010000000000000002,0.000753113456729271,0.009680555555555557,1.0,1.0,30.508474576271187,9880.932203389832,0,0,0,0,0,0.0,10.480449438202248,0.2808988764044944,0.9683857154185721,success
pd1.psizeshort.occlow.slobalanced.loadhigh.s20260818,chunked_prefill_large,0.9444444444444444,0.9444444444444444,1.0,0.004336446790062605,0.005833510181571497,0.005946598798336361,0.001,0.0010000000000000002,0.000753113456729271,0.003583333333333334,1.0,1.0,30.52140737600678,9885.120813904197,0,0,0,0,0,0.008566275924256087,10.513525698827772,0.08385933273219116,0.9602706774867172,success
pd1.psizeshort.occlow.slobalanced.loadhigh.s20260818,adaptive_prefill_control,0.9166666666666666,0.9166666666666666,1.0,0.010433669012284826,0.017741096257395752,0.017867661411482254,0.001,0.0010000000000000002,0.000753113456729271,0.009680555555555557,1.0,1.0,30.508474576271187,9880.932203389832,0,0,0,0,0,0.0,10.480449438202248,0.2808988764044944,0.9683857154185721,success
pd1.psizeshort.occlow.slobalanced.loadhigh.s20260819,full_prefill,0.9583333333333334,0.9583333333333334,1.0,0.0032691401331761895,0.0038865159805918695,0.004248957414913487,0.001,0.0010000000000000002,0.0007274734665095226,0.0025416666666666665,1.0,1.0,23.384215654433255,6618.382591750568,0,0,0,0,0,0.012987012987012988,6.6162337662337665,0.03603896103896104,0.9773128725988077,success
pd1.psizeshort.occlow.slobalanced.loadhigh.s20260819,decode_priority_chunked,0.9444444444444444,0.9444444444444444,1.0,0.010088584577620636,0.015875444583657083,0.017133492635154093,0.001,0.0010000000000000002,0.0007274734665095226,0.009361111111111113,1.0,1.0,23.376623376623375,6616.233766233766,0,0,0,0,0,0.0,6.6140863356053226,0.19539110678351185,0.9574961360123647,success
pd1.psizeshort.occlow.slobalanced.loadhigh.s20260819,chunked_prefill_small,0.9444444444444444,0.9444444444444444,1.0,0.010088584577620636,0.015875444583657083,0.017133492635154093,0.001,0.0010000000000000002,0.0007274734665095226,0.009361111111111113,1.0,1.0,23.376623376623375,6616.233766233766,0,0,0,0,0,0.0,6.6140863356053226,0.19539110678351185,0.9574961360123647,success
pd1.psizeshort.occlow.slobalanced.loadhigh.s20260819,chunked_prefill_large,0.9583333333333334,0.9583333333333334,1.0,0.0043108067998428555,0.005829332353343286,0.005896094418120094,0.001,0.0010000000000000002,0.0007274734665095226,0.003583333333333334,1.0,1.0,23.384215654433255,6618.382591750568,0,0,0,0,0,0.006493506493506494,6.6162337662337665,0.06038961038961039,0.966604106866858,success
pd1.psizeshort.occlow.slobalanced.loadhigh.s20260819,adaptive_prefill_control,0.9444444444444444,0.9444444444444444,1.0,0.010088584577620636,0.015875444583657083,0.017133492635154093,0.001,0.0010000000000000002,0.0007274734665095226,0.009361111111111113,1.0,1.0,23.376623376623375,6616.233766233766,0,0,0,0,0,0.0,6.6140863356053226,0.19539110678351185,0.9574961360123647,success
pd1.psizeshort.occmedium.slottft_tight.loadmoderate.s20260818,full_prefill,0.6333333333333333,0.6333333333333333,1.0,0.0030273943721614233,0.0039829281422368,0.004715997497744506,0.0010000000000000002,0.0010000000000000002,0.0006273943721614235,0.0023999999999999994,1.0,1.0,20.604395604395602,21876.373626373625,0,0,0,1,1,0.00801098649576562,21.87136644541085,0.02883955138475624,0.9671806524914787,success
pd1.psizeshort.occmedium.slottft_tight.loadmoderate.s20260818,decode_priority_chunked,0.6333333333333333,0.6333333333333333,1.0,0.007471838816605865,0.01766057852177277,0.017955335005122072,0.0010000000000000002,0.0010000000000000002,0.0006273943721614235,0.006844444444444443,1.0,1.0,20.59967956054017,21871.36644541085,0,0,0,0,0,0.0,21.866361556064074,0.12036613272311213,0.9672455770167181,success
pd1.psizeshort.occmedium.slottft_tight.loadmoderate.s20260818,chunked_prefill_small,0.6333333333333333,0.6333333333333333,1.0,0.007471838816605865,0.01766057852177277,0.017955335005122072,0.0010000000000000002,0.0010000000000000002,0.0006273943721614235,0.006844444444444443,1.0,1.0,20.59967956054017,21871.36644541085,0,0,0,0,0,0.0,21.866361556064074,0.12036613272311213,0.9672455770167181,success
pd1.psizeshort.occmedium.slottft_tight.loadmoderate.s20260818,chunked_prefill_large,0.6333333333333333,0.6333333333333333,1.0,0.0035496165943836445,0.005821638068961101,0.005955335005122071,0.0010000000000000002,0.0010000000000000002,0.0006273943721614235,0.002922222222222222,1.0,1.0,20.604395604395602,21876.373626373625,0,0,0,1,1,0.0036621652552071412,21.87136644541085,0.03959716182192721,0.9572796623924688,success
pd1.psizeshort.occmedium.slottft_tight.loadmoderate.s20260819,full_prefill,0.5888888888888889,0.5888888888888889,1.0,0.0029306098394469844,0.003911299044176199,0.004050537783600353,0.0010000000000000002,0.0010000000000000002,0.0006417209505580947,0.00228888888888889,1.0,1.0,21.11684655091506,22610.276865321444,0,0,0,0,0,0.006098991320666197,22.604973023692235,0.027210884353741496,0.9714880332986472,success
pd1.psizeshort.occmedium.slottft_tight.loadmoderate.s20260819,chunked_prefill_small,0.5888888888888889,0.5888888888888889,1.0,0.007163943172780319,0.015732942010257715,0.01699439352158027,0.0010000000000000002,0.0010000000000000002,0.0006417209505580947,0.006522222222222223,1.0,1.0,21.11684655091506,22610.276865321444,0,0,0,0,0,0.0,22.604973023692235,0.11658456486042693,0.9465834200485606,success
pd1.psizeshort.occmedium.slottft_tight.loadmoderate.s20260818,adaptive_prefill_control,0.6333333333333333,0.6333333333333333,1.0,0.007471838816605865,0.01766057852177277,0.017955335005122072,0.0010000000000000002,0.0010000000000000002,0.0006273943721614235,0.006844444444444443,1.0,1.0,20.59967956054017,21871.36644541085,0,0,0,0,0,0.0,21.866361556064074,0.12036613272311213,0.9672455770167181,success
pd1.psizeshort.occmedium.slottft_tight.loadmoderate.s20260819,decode_priority_chunked,0.5888888888888889,0.5888888888888889,1.0,0.007163943172780319,0.015732942010257715,0.01699439352158027,0.0010000000000000002,0.0010000000000000002,0.0006417209505580947,0.006522222222222223,1.0,1.0,21.11684655091506,22610.276865321444,0,0,0,0,0,0.0,22.604973023692235,0.11658456486042693,0.9465834200485606,success
pd1.psizeshort.occmedium.slottft_tight.loadmoderate.s20260819,adaptive_prefill_control,0.5888888888888889,0.5888888888888889,1.0,0.007163943172780319,0.015732942010257715,0.01699439352158027,0.0010000000000000002,0.0010000000000000002,0.0006417209505580947,0.006522222222222223,1.0,1.0,21.11684655091506,22610.276865321444,0,0,0,0,0,0.0,22.604973023692235,0.11658456486042693,0.9465834200485606,success
pd1.psizeshort.occmedium.slottft_tight.loadhigh.s20260818,full_prefill,0.5545454545454546,0.5545454545454546,1.0,0.003093954355561171,0.003997909467862241,0.00469661888616385,0.0010000000000000005,0.0010000000000000002,0.0006212270828338981,0.0024727272727272727,1.0,1.0,24.785939612438035,23138.801261829656,0,0,0,3,3,0.01103852218968236,23.13358864609146,0.03649470601486821,0.9757728253055356,success
pd1.psizeshort.occmedium.slottft_tight.loadhigh.s20260818,decode_priority_chunked,0.5363636363636364,0.5363636363636364,1.0,0.008048499810106627,0.017279507308315654,0.01792687862339446,0.0010000000000000005,0.0010000000000000002,0.0006212270828338981,0.0074272727272727285,1.0,1.0,24.780355936021625,23133.588646091463,0,0,0,0,0,0.0,23.12837837837838,0.15923423423423425,0.9758207524562664,success
pd1.psizeshort.occmedium.slottft_tight.loadhigh.s20260818,chunked_prefill_small,0.5363636363636364,0.5363636363636364,1.0,0.008048499810106627,0.017279507308315654,0.01792687862339446,0.0010000000000000005,0.0010000000000000002,0.0006212270828338981,0.0074272727272727285,1.0,1.0,24.780355936021625,23133.588646091463,0,0,0,0,0,0.0,23.12837837837838,0.15923423423423425,0.9758207524562664,success
pd1.psizeshort.occmedium.slottft_tight.loadhigh.s20260818,chunked_prefill_large,0.5545454545454546,0.5545454545454546,1.0,0.0036848634464702627,0.005917337243685272,0.0059867314248436545,0.0010000000000000005,0.0010000000000000002,0.0006212270828338981,0.0030636363636363643,1.0,1.0,24.785939612438035,23138.801261829656,0,0,0,0,0,0.004730795224149583,23.13358864609146,0.051137643613426445,0.968463934819075,success
pd1.psizeshort.occmedium.slottft_tight.loadmoderate.s20260819,chunked_prefill_large,0.5888888888888889,0.5888888888888889,1.0,0.00348616539500254,0.005823142678960561,0.005919752165757866,0.0010000000000000002,0.0010000000000000002,0.0006417209505580947,0.002844444444444446,1.0,1.0,21.11684655091506,22610.276865321444,0,0,0,0,0,0.0030494956603330987,22.604973023692235,0.038939713816561104,0.9580298300381547,success
pd1.psizeshort.occmedium.slottft_tight.loadhigh.s20260818,adaptive_prefill_control,0.5363636363636364,0.5363636363636364,1.0,0.008048499810106627,0.017279507308315654,0.01792687862339446,0.0010000000000000005,0.0010000000000000002,0.0006212270828338981,0.0074272727272727285,1.0,1.0,24.780355936021625,23133.588646091463,0,0,0,0,0,0.0,23.12837837837838,0.15923423423423425,0.9758207524562664,success
pd1.psizeshort.occmedium.slottft_tight.loadhigh.s20260819,full_prefill,0.5818181818181818,0.5818181818181818,1.0,0.0030499104499533123,0.003949314036429832,0.0043554314764945225,0.0010000000000000002,0.0010000000000000002,0.0006680922681351291,0.0023818181818181824,1.0,1.0,25.275735294117645,21887.86764705882,0,0,0,1,1,0.009418791637950839,21.882839421088903,0.03491844704801286,0.9793845459333383,success
pd1.psizeshort.occmedium.slottft_tight.loadhigh.s20260819,decode_priority_chunked,0.5727272727272728,0.5727272727272728,1.0,0.00784991044995331,0.015729591364919266,0.01697256992133246,0.0010000000000000002,0.0010000000000000002,0.0006680922681351295,0.0071818181818181824,1.0,1.0,25.269928784746153,21882.839421088906,0,0,0,0,0,0.0,21.877813504823152,0.15617822691777675,0.9613773731597823,success
pd1.psizeshort.occmedium.slottft_tight.loadhigh.s20260819,chunked_prefill_small,0.5727272727272728,0.5727272727272728,1.0,0.00784991044995331,0.015729591364919266,0.01697256992133246,0.0010000000000000002,0.0010000000000000002,0.0006680922681351295,0.0071818181818181824,1.0,1.0,25.269928784746153,21882.839421088906,0,0,0,0,0,0.0,21.877813504823152,0.15617822691777675,0.9613773731597823,success
pd1.psizeshort.occmedium.slottft_tight.loadhigh.s20260819,chunked_prefill_large,0.5727272727272728,0.5727272727272728,1.0,0.003713546813589676,0.0057816867413242965,0.005958645477769837,0.0010000000000000002,0.0010000000000000002,0.0006680922681351291,0.003045454545454546,1.0,1.0,25.275735294117645,21887.86764705882,0,0,0,0,0,0.004824259131633356,21.882839421088903,0.051688490696071676,0.969653650339829,success
pd1.psizeshort.occmedium.slottft_tight.loadhigh.s20260819,adaptive_prefill_control,0.5727272727272728,0.5727272727272728,1.0,0.00784991044995331,0.015729591364919266,0.01697256992133246,0.0010000000000000002,0.0010000000000000002,0.0006680922681351295,0.0071818181818181824,1.0,1.0,25.269928784746153,21882.839421088906,0,0,0,0,0,0.0,21.877813504823152,0.15617822691777675,0.9613773731597823,success
pd1.psizeshort.occmedium.slotbt_tight.loadmoderate.s20260818,full_prefill,1.0,1.0,1.0,0.0030273943721614233,0.0039829281422368,0.004715997497744506,0.0010000000000000002,0.0010000000000000002,0.0006273943721614235,0.0023999999999999994,1.0,1.0,20.604395604395602,21876.373626373625,0,0,0,1,1,0.00801098649576562,21.87136644541085,0.02883955138475624,0.9671806524914787,success
pd1.psizeshort.occmedium.slotbt_tight.loadmoderate.s20260818,chunked_prefill_large,1.0,1.0,1.0,0.0035496165943836445,0.005821638068961101,0.005955335005122071,0.0010000000000000002,0.0010000000000000002,0.0006273943721614235,0.002922222222222222,1.0,1.0,20.604395604395602,21876.373626373625,0,0,0,1,1,0.0036621652552071412,21.87136644541085,0.03959716182192721,0.9572796623924688,success
pd1.psizeshort.occmedium.slotbt_tight.loadmoderate.s20260818,decode_priority_chunked,1.0,1.0,1.0,0.007471838816605865,0.01766057852177277,0.017955335005122072,0.0010000000000000002,0.0010000000000000002,0.0006273943721614235,0.006844444444444443,1.0,1.0,20.59967956054017,21871.36644541085,0,0,0,0,0,0.0,21.866361556064074,0.12036613272311213,0.9672455770167181,success
pd1.psizeshort.occmedium.slotbt_tight.loadmoderate.s20260818,chunked_prefill_small,1.0,1.0,1.0,0.007471838816605865,0.01766057852177277,0.017955335005122072,0.0010000000000000002,0.0010000000000000002,0.0006273943721614235,0.006844444444444443,1.0,1.0,20.59967956054017,21871.36644541085,0,0,0,0,0,0.0,21.866361556064074,0.12036613272311213,0.9672455770167181,success
pd1.psizeshort.occmedium.slotbt_tight.loadmoderate.s20260818,adaptive_prefill_control,1.0,1.0,1.0,0.007471838816605865,0.01766057852177277,0.017955335005122072,0.0010000000000000002,0.0010000000000000002,0.0006273943721614235,0.006844444444444443,1.0,1.0,20.59967956054017,21871.36644541085,0,0,0,0,0,0.0,21.866361556064074,0.12036613272311213,0.9672455770167181,success
pd1.psizeshort.occmedium.slotbt_tight.loadmoderate.s20260819,full_prefill,1.0,1.0,1.0,0.0029306098394469844,0.003911299044176199,0.004050537783600353,0.0010000000000000002,0.0010000000000000002,0.0006417209505580947,0.00228888888888889,1.0,1.0,21.11684655091506,22610.276865321444,0,0,0,0,0,0.006098991320666197,22.604973023692235,0.027210884353741496,0.9714880332986472,success
pd1.psizeshort.occmedium.slotbt_tight.loadmoderate.s20260819,chunked_prefill_small,1.0,1.0,1.0,0.007163943172780319,0.015732942010257715,0.01699439352158027,0.0010000000000000002,0.0010000000000000002,0.0006417209505580947,0.006522222222222223,1.0,1.0,21.11684655091506,22610.276865321444,0,0,0,0,0,0.0,22.604973023692235,0.11658456486042693,0.9465834200485606,success
pd1.psizeshort.occmedium.slotbt_tight.loadmoderate.s20260819,decode_priority_chunked,1.0,1.0,1.0,0.007163943172780319,0.015732942010257715,0.01699439352158027,0.0010000000000000002,0.0010000000000000002,0.0006417209505580947,0.006522222222222223,1.0,1.0,21.11684655091506,22610.276865321444,0,0,0,0,0,0.0,22.604973023692235,0.11658456486042693,0.9465834200485606,success
pd1.psizeshort.occmedium.slotbt_tight.loadmoderate.s20260819,chunked_prefill_large,1.0,1.0,1.0,0.00348616539500254,0.005823142678960561,0.005919752165757866,0.0010000000000000002,0.0010000000000000002,0.0006417209505580947,0.002844444444444446,1.0,1.0,21.11684655091506,22610.276865321444,0,0,0,0,0,0.0030494956603330987,22.604973023692235,0.038939713816561104,0.9580298300381547,success
pd1.psizeshort.occmedium.slotbt_tight.loadmoderate.s20260819,adaptive_prefill_control,1.0,1.0,1.0,0.007163943172780319,0.015732942010257715,0.01699439352158027,0.0010000000000000002,0.0010000000000000002,0.0006417209505580947,0.006522222222222223,1.0,1.0,21.11684655091506,22610.276865321444,0,0,0,0,0,0.0,22.604973023692235,0.11658456486042693,0.9465834200485606,success
pd1.psizeshort.occmedium.slotbt_tight.loadhigh.s20260818,full_prefill,1.0,1.0,1.0,0.003093954355561171,0.003997909467862241,0.00469661888616385,0.0010000000000000005,0.0010000000000000002,0.0006212270828338981,0.0024727272727272727,1.0,1.0,24.785939612438035,23138.801261829656,0,0,0,3,3,0.01103852218968236,23.13358864609146,0.03649470601486821,0.9757728253055356,success
pd1.psizeshort.occmedium.slotbt_tight.loadhigh.s20260818,decode_priority_chunked,1.0,1.0,1.0,0.008048499810106627,0.017279507308315654,0.01792687862339446,0.0010000000000000005,0.0010000000000000002,0.0006212270828338981,0.0074272727272727285,1.0,1.0,24.780355936021625,23133.588646091463,0,0,0,0,0,0.0,23.12837837837838,0.15923423423423425,0.9758207524562664,success
pd1.psizeshort.occmedium.slotbt_tight.loadhigh.s20260818,chunked_prefill_large,1.0,1.0,1.0,0.0036848634464702627,0.005917337243685272,0.0059867314248436545,0.0010000000000000005,0.0010000000000000002,0.0006212270828338981,0.0030636363636363643,1.0,1.0,24.785939612438035,23138.801261829656,0,0,0,0,0,0.004730795224149583,23.13358864609146,0.051137643613426445,0.968463934819075,success
pd1.psizeshort.occmedium.slotbt_tight.loadhigh.s20260819,full_prefill,1.0,1.0,1.0,0.0030499104499533123,0.003949314036429832,0.0043554314764945225,0.0010000000000000002,0.0010000000000000002,0.0006680922681351291,0.0023818181818181824,1.0,1.0,25.275735294117645,21887.86764705882,0,0,0,1,1,0.009418791637950839,21.882839421088903,0.03491844704801286,0.9793845459333383,success
pd1.psizeshort.occmedium.slotbt_tight.loadhigh.s20260818,adaptive_prefill_control,1.0,1.0,1.0,0.008048499810106627,0.017279507308315654,0.01792687862339446,0.0010000000000000005,0.0010000000000000002,0.0006212270828338981,0.0074272727272727285,1.0,1.0,24.780355936021625,23133.588646091463,0,0,0,0,0,0.0,23.12837837837838,0.15923423423423425,0.9758207524562664,success
pd1.psizeshort.occmedium.slotbt_tight.loadhigh.s20260819,chunked_prefill_small,1.0,1.0,1.0,0.00784991044995331,0.015729591364919266,0.01697256992133246,0.0010000000000000002,0.0010000000000000002,0.0006680922681351295,0.0071818181818181824,1.0,1.0,25.269928784746153,21882.839421088906,0,0,0,0,0,0.0,21.877813504823152,0.15617822691777675,0.9613773731597823,success
pd1.psizeshort.occmedium.slotbt_tight.loadhigh.s20260819,chunked_prefill_large,1.0,1.0,1.0,0.003713546813589676,0.0057816867413242965,0.005958645477769837,0.0010000000000000002,0.0010000000000000002,0.0006680922681351291,0.003045454545454546,1.0,1.0,25.275735294117645,21887.86764705882,0,0,0,0,0,0.004824259131633356,21.882839421088903,0.051688490696071676,0.969653650339829,success
pd1.psizeshort.occmedium.slotbt_tight.loadhigh.s20260819,decode_priority_chunked,1.0,1.0,1.0,0.00784991044995331,0.015729591364919266,0.01697256992133246,0.0010000000000000002,0.0010000000000000002,0.0006680922681351295,0.0071818181818181824,1.0,1.0,25.269928784746153,21882.839421088906,0,0,0,0,0,0.0,21.877813504823152,0.15617822691777675,0.9613773731597823,success
pd1.psizeshort.occmedium.slotbt_tight.loadhigh.s20260818,chunked_prefill_small,1.0,1.0,1.0,0.008048499810106627,0.017279507308315654,0.01792687862339446,0.0010000000000000005,0.0010000000000000002,0.0006212270828338981,0.0074272727272727285,1.0,1.0,24.780355936021625,23133.588646091463,0,0,0,0,0,0.0,23.12837837837838,0.15923423423423425,0.9758207524562664,success
pd1.psizeshort.occmedium.slotbt_tight.loadhigh.s20260819,adaptive_prefill_control,1.0,1.0,1.0,0.00784991044995331,0.015729591364919266,0.01697256992133246,0.0010000000000000002,0.0010000000000000002,0.0006680922681351295,0.0071818181818181824,1.0,1.0,25.269928784746153,21882.839421088906,0,0,0,0,0,0.0,21.877813504823152,0.15617822691777675,0.9613773731597823,success
pd1.psizeshort.occmedium.slobalanced.loadmoderate.s20260818,full_prefill,0.9555555555555556,0.9555555555555556,1.0,0.0030273943721614233,0.0039829281422368,0.004715997497744506,0.0010000000000000002,0.0010000000000000002,0.0006273943721614235,0.0023999999999999994,1.0,1.0,20.604395604395602,21876.373626373625,0,0,0,1,1,0.00801098649576562,21.87136644541085,0.02883955138475624,0.9671806524914787,success
pd1.psizeshort.occmedium.slobalanced.loadmoderate.s20260818,decode_priority_chunked,0.9333333333333333,0.9333333333333333,1.0,0.007471838816605865,0.01766057852177277,0.017955335005122072,0.0010000000000000002,0.0010000000000000002,0.0006273943721614235,0.006844444444444443,1.0,1.0,20.59967956054017,21871.36644541085,0,0,0,0,0,0.0,21.866361556064074,0.12036613272311213,0.9672455770167181,success
pd1.psizeshort.occmedium.slobalanced.loadmoderate.s20260818,chunked_prefill_small,0.9333333333333333,0.9333333333333333,1.0,0.007471838816605865,0.01766057852177277,0.017955335005122072,0.0010000000000000002,0.0010000000000000002,0.0006273943721614235,0.006844444444444443,1.0,1.0,20.59967956054017,21871.36644541085,0,0,0,0,0,0.0,21.866361556064074,0.12036613272311213,0.9672455770167181,success
pd1.psizeshort.occmedium.slobalanced.loadmoderate.s20260818,chunked_prefill_large,0.9555555555555556,0.9555555555555556,1.0,0.0035496165943836445,0.005821638068961101,0.005955335005122071,0.0010000000000000002,0.0010000000000000002,0.0006273943721614235,0.002922222222222222,1.0,1.0,20.604395604395602,21876.373626373625,0,0,0,1,1,0.0036621652552071412,21.87136644541085,0.03959716182192721,0.9572796623924688,success
pd1.psizeshort.occmedium.slobalanced.loadmoderate.s20260818,adaptive_prefill_control,0.9333333333333333,0.9333333333333333,1.0,0.007471838816605865,0.01766057852177277,0.017955335005122072,0.0010000000000000002,0.0010000000000000002,0.0006273943721614235,0.006844444444444443,1.0,1.0,20.59967956054017,21871.36644541085,0,0,0,0,0,0.0,21.866361556064074,0.12036613272311213,0.9672455770167181,success
pd1.psizeshort.occmedium.slobalanced.loadmoderate.s20260819,full_prefill,0.9777777777777777,0.9777777777777777,1.0,0.0029306098394469844,0.003911299044176199,0.004050537783600353,0.0010000000000000002,0.0010000000000000002,0.0006417209505580947,0.00228888888888889,1.0,1.0,21.11684655091506,22610.276865321444,0,0,0,0,0,0.006098991320666197,22.604973023692235,0.027210884353741496,0.9714880332986472,success
pd1.psizeshort.occmedium.slobalanced.loadmoderate.s20260819,decode_priority_chunked,0.9777777777777777,0.9777777777777777,1.0,0.007163943172780319,0.015732942010257715,0.01699439352158027,0.0010000000000000002,0.0010000000000000002,0.0006417209505580947,0.006522222222222223,1.0,1.0,21.11684655091506,22610.276865321444,0,0,0,0,0,0.0,22.604973023692235,0.11658456486042693,0.9465834200485606,success
pd1.psizeshort.occmedium.slobalanced.loadmoderate.s20260819,chunked_prefill_large,0.9777777777777777,0.9777777777777777,1.0,0.00348616539500254,0.005823142678960561,0.005919752165757866,0.0010000000000000002,0.0010000000000000002,0.0006417209505580947,0.002844444444444446,1.0,1.0,21.11684655091506,22610.276865321444,0,0,0,0,0,0.0030494956603330987,22.604973023692235,0.038939713816561104,0.9580298300381547,success
pd1.psizeshort.occmedium.slobalanced.loadmoderate.s20260819,adaptive_prefill_control,0.9777777777777777,0.9777777777777777,1.0,0.007163943172780319,0.015732942010257715,0.01699439352158027,0.0010000000000000002,0.0010000000000000002,0.0006417209505580947,0.006522222222222223,1.0,1.0,21.11684655091506,22610.276865321444,0,0,0,0,0,0.0,22.604973023692235,0.11658456486042693,0.9465834200485606,success
pd1.psizeshort.occmedium.slobalanced.loadhigh.s20260818,full_prefill,0.9636363636363636,0.9636363636363636,1.0,0.003093954355561171,0.003997909467862241,0.00469661888616385,0.0010000000000000005,0.0010000000000000002,0.0006212270828338981,0.0024727272727272727,1.0,1.0,24.785939612438035,23138.801261829656,0,0,0,3,3,0.01103852218968236,23.13358864609146,0.03649470601486821,0.9757728253055356,success
pd1.psizeshort.occmedium.slobalanced.loadhigh.s20260818,chunked_prefill_small,0.9454545454545454,0.9454545454545454,1.0,0.008048499810106627,0.017279507308315654,0.01792687862339446,0.0010000000000000005,0.0010000000000000002,0.0006212270828338981,0.0074272727272727285,1.0,1.0,24.780355936021625,23133.588646091463,0,0,0,0,0,0.0,23.12837837837838,0.15923423423423425,0.9758207524562664,success
pd1.psizeshort.occmedium.slobalanced.loadhigh.s20260818,chunked_prefill_large,0.9636363636363636,0.9636363636363636,1.0,0.0036848634464702627,0.005917337243685272,0.0059867314248436545,0.0010000000000000005,0.0010000000000000002,0.0006212270828338981,0.0030636363636363643,1.0,1.0,24.785939612438035,23138.801261829656,0,0,0,0,0,0.004730795224149583,23.13358864609146,0.051137643613426445,0.968463934819075,success
pd1.psizeshort.occmedium.slobalanced.loadmoderate.s20260819,chunked_prefill_small,0.9777777777777777,0.9777777777777777,1.0,0.007163943172780319,0.015732942010257715,0.01699439352158027,0.0010000000000000002,0.0010000000000000002,0.0006417209505580947,0.006522222222222223,1.0,1.0,21.11684655091506,22610.276865321444,0,0,0,0,0,0.0,22.604973023692235,0.11658456486042693,0.9465834200485606,success
pd1.psizeshort.occmedium.slobalanced.loadhigh.s20260818,decode_priority_chunked,0.9454545454545454,0.9454545454545454,1.0,0.008048499810106627,0.017279507308315654,0.01792687862339446,0.0010000000000000005,0.0010000000000000002,0.0006212270828338981,0.0074272727272727285,1.0,1.0,24.780355936021625,23133.588646091463,0,0,0,0,0,0.0,23.12837837837838,0.15923423423423425,0.9758207524562664,success
pd1.psizeshort.occmedium.slobalanced.loadhigh.s20260819,full_prefill,0.9727272727272728,0.9727272727272728,1.0,0.0030499104499533123,0.003949314036429832,0.0043554314764945225,0.0010000000000000002,0.0010000000000000002,0.0006680922681351291,0.0023818181818181824,1.0,1.0,25.275735294117645,21887.86764705882,0,0,0,1,1,0.009418791637950839,21.882839421088903,0.03491844704801286,0.9793845459333383,success
pd1.psizeshort.occmedium.slobalanced.loadhigh.s20260818,adaptive_prefill_control,0.9454545454545454,0.9454545454545454,1.0,0.008048499810106627,0.017279507308315654,0.01792687862339446,0.0010000000000000005,0.0010000000000000002,0.0006212270828338981,0.0074272727272727285,1.0,1.0,24.780355936021625,23133.588646091463,0,0,0,0,0,0.0,23.12837837837838,0.15923423423423425,0.9758207524562664,success
pd1.psizeshort.occmedium.slobalanced.loadhigh.s20260819,chunked_prefill_small,0.9636363636363636,0.9636363636363636,1.0,0.00784991044995331,0.015729591364919266,0.01697256992133246,0.0010000000000000002,0.0010000000000000002,0.0006680922681351295,0.0071818181818181824,1.0,1.0,25.269928784746153,21882.839421088906,0,0,0,0,0,0.0,21.877813504823152,0.15617822691777675,0.9613773731597823,success
pd1.psizeshort.occmedium.slobalanced.loadhigh.s20260819,decode_priority_chunked,0.9636363636363636,0.9636363636363636,1.0,0.00784991044995331,0.015729591364919266,0.01697256992133246,0.0010000000000000002,0.0010000000000000002,0.0006680922681351295,0.0071818181818181824,1.0,1.0,25.269928784746153,21882.839421088906,0,0,0,0,0,0.0,21.877813504823152,0.15617822691777675,0.9613773731597823,success
pd1.psizeshort.occmedium.slobalanced.loadhigh.s20260819,chunked_prefill_large,0.9727272727272728,0.9727272727272728,1.0,0.003713546813589676,0.0057816867413242965,0.005958645477769837,0.0010000000000000002,0.0010000000000000002,0.0006680922681351291,0.003045454545454546,1.0,1.0,25.275735294117645,21887.86764705882,0,0,0,0,0,0.004824259131633356,21.882839421088903,0.051688490696071676,0.969653650339829,success
pd1.psizeshort.occmedium.slobalanced.loadhigh.s20260819,adaptive_prefill_control,0.9636363636363636,0.9636363636363636,1.0,0.00784991044995331,0.015729591364919266,0.01697256992133246,0.0010000000000000002,0.0010000000000000002,0.0006680922681351295,0.0071818181818181824,1.0,1.0,25.269928784746153,21882.839421088906,0,0,0,0,0,0.0,21.877813504823152,0.15617822691777675,0.9613773731597823,success
pd1.psizeshort.occhigh.slottft_tight.loadmoderate.s20260818,chunked_prefill_small,0.725,0.725,1.0,0.0065457766783352635,0.01662182321699639,0.017835608553272226,0.0010000000000000005,0.0010000000000000002,0.0005957766783352626,0.005950000000000001,1.0,1.0,23.36448598130841,32710.864485981307,0,0,0,0,0,0.0,32.70449678800856,0.11563169164882227,0.9704296348396929,success
pd1.psizeshort.occhigh.slottft_tight.loadmoderate.s20260818,decode_priority_chunked,0.725,0.725,1.0,0.0065457766783352635,0.01662182321699639,0.017835608553272226,0.0010000000000000005,0.0010000000000000002,0.0005957766783352626,0.005950000000000001,1.0,1.0,23.36448598130841,32710.864485981307,0,0,0,0,0,0.0,32.70449678800856,0.11563169164882227,0.9704296348396929,success
pd1.psizeshort.occhigh.slottft_tight.loadmoderate.s20260818,chunked_prefill_large,0.725,0.725,1.0,0.0032957766783352632,0.005601304219410691,0.005878104871715593,0.0010000000000000005,0.0010000000000000002,0.0005957766783352626,0.0027000000000000006,1.0,1.0,23.369036027263878,32717.234664070107,0,0,0,1,1,0.003309968847352025,32.71086448598131,0.0397196261682243,0.9614325068870524,success
pd1.psizeshort.occhigh.slottft_tight.loadmoderate.s20260818,adaptive_prefill_control,0.725,0.725,1.0,0.0065457766783352635,0.01662182321699639,0.017835608553272226,0.0010000000000000005,0.0010000000000000002,0.0005957766783352626,0.005950000000000001,1.0,1.0,23.36448598130841,32710.864485981307,0,0,0,0,0,0.0,32.70449678800856,0.11563169164882227,0.9704296348396929,success
pd1.psizeshort.occhigh.slottft_tight.loadmoderate.s20260819,full_prefill,0.6916666666666667,0.6916666666666667,1.0,0.0028113304885705034,0.00393806851684329,0.004748948162084139,0.0010000000000000002,0.0010000000000000002,0.0005529971552371691,0.0022583333333333344,1.0,1.0,22.14022140221402,34111.43911439114,0,0,0,3,3,0.005165098690278546,34.105146651909244,0.02785463936543073,0.9740341788545978,success
pd1.psizeshort.occhigh.slottft_tight.loadmoderate.s20260819,chunked_prefill_small,0.6916666666666667,0.6916666666666667,1.0,0.006211330488570503,0.015521729411539382,0.0168683429676851,0.0010000000000000005,0.0010000000000000002,0.0005529971552371691,0.005658333333333334,1.0,1.0,22.13613724405091,34105.14665190924,0,0,0,0,0,0.0,34.098856510512725,0.10309848764293618,0.9513535710901222,success
pd1.psizeshort.occhigh.slottft_tight.loadmoderate.s20260819,chunked_prefill_large,0.6916666666666667,0.6916666666666667,1.0,0.0032113304885705036,0.005753829773242457,0.0059552631722585595,0.0010000000000000002,0.0010000000000000002,0.0005529971552371691,0.0026583333333333346,1.0,1.0,22.14022140221402,34111.43911439114,0,0,0,1,1,0.002582549345139273,34.105146651909244,0.0367090942630511,0.9617778058565246,success
pd1.psizeshort.occhigh.slottft_tight.loadmoderate.s20260818,full_prefill,0.725,0.725,1.0,0.00291244334500193,0.003912039493921987,0.004609621717747107,0.0010000000000000005,0.0010000000000000002,0.0005957766783352626,0.002316666666666667,1.0,1.0,23.369036027263878,32717.234664070107,0,0,0,4,4,0.00661993769470405,32.71086448598131,0.030763239875389408,0.970371021628275,success
pd1.psizeshort.occhigh.slottft_tight.loadmoderate.s20260819,decode_priority_chunked,0.6916666666666667,0.6916666666666667,1.0,0.006211330488570503,0.015521729411539382,0.0168683429676851,0.0010000000000000005,0.0010000000000000002,0.0005529971552371691,0.005658333333333334,1.0,1.0,22.13613724405091,34105.14665190924,0,0,0,0,0,0.0,34.098856510512725,0.10309848764293618,0.9513535710901222,success
pd1.psizeshort.occhigh.slottft_tight.loadmoderate.s20260819,adaptive_prefill_control,0.6916666666666667,0.6916666666666667,1.0,0.006211330488570503,0.015521729411539382,0.0168683429676851,0.0010000000000000005,0.0010000000000000002,0.0005529971552371691,0.005658333333333334,1.0,1.0,22.13613724405091,34105.14665190924,0,0,0,0,0,0.0,34.098856510512725,0.10309848764293618,0.9513535710901222,success
pd1.psizeshort.occhigh.slottft_tight.loadhigh.s20260818,full_prefill,0.65,0.65,1.0,0.0029639367661590033,0.00395467353135023,0.004697034218949461,0.001,0.0010000000000000002,0.0005925081947304329,0.0023714285714285703,1.0,1.0,26.917900403768503,34999.615458565655,0,0,0,4,4,0.00922722029988466,34.99288735101884,0.03690888119953864,0.9774747677294299,success
pd1.psizeshort.occhigh.slottft_tight.loadhigh.s20260818,chunked_prefill_small,0.6357142857142857,0.6357142857142857,1.0,0.007149651051873288,0.016624258790886276,0.01777434962114469,0.001,0.0010000000000000002,0.0005925081947304329,0.006557142857142855,1.0,1.0,26.90238278247502,34979.43889315911,0,0,0,3,3,0.0013448607108549472,34.97271853986551,0.1494716618635927,0.9775193280306574,success
pd1.psizeshort.occhigh.slottft_tight.loadhigh.s20260818,decode_priority_chunked,0.6357142857142857,0.6357142857142857,1.0,0.007149651051873288,0.016624258790886276,0.01777434962114469,0.001,0.0010000000000000002,0.0005925081947304329,0.006557142857142855,1.0,1.0,26.90238278247502,34979.43889315911,0,0,0,3,3,0.0013448607108549472,34.97271853986551,0.1494716618635927,0.9775193280306574,success
pd1.psizeshort.occhigh.slottft_tight.loadhigh.s20260818,chunked_prefill_large,0.65,0.65,1.0,0.0034353653375875743,0.00574621087788759,0.0058765663300488526,0.001,0.0010000000000000002,0.0005925081947304329,0.0028428571428571418,1.0,1.0,26.917900403768503,34999.615458565655,0,0,0,1,1,0.004229142637447136,34.99288735101884,0.049596309111880045,0.9706793217922153,success
pd1.psizeshort.occhigh.slottft_tight.loadhigh.s20260818,adaptive_prefill_control,0.6357142857142857,0.6357142857142857,1.0,0.007149651051873288,0.016624258790886276,0.01777434962114469,0.001,0.0010000000000000002,0.0005925081947304329,0.006557142857142855,1.0,1.0,26.90238278247502,34979.43889315911,0,0,0,3,3,0.0013448607108549472,34.97271853986551,0.1494716618635927,0.9775193280306574,success
pd1.psizeshort.occhigh.slottft_tight.loadhigh.s20260819,chunked_prefill_small,0.6642857142857143,0.6642857142857143,1.0,0.006912399267057848,0.01583027079695898,0.016678799470949208,0.001,0.0010000000000000002,0.0006266849813435618,0.006285714285714286,1.0,1.0,25.974025974025974,33673.28385899815,0,0,0,0,0,0.0001854943424225561,33.667037655351514,0.13726581339269153,0.9638879118302263,success
pd1.psizeshort.occhigh.slottft_tight.loadhigh.s20260819,decode_priority_chunked,0.6642857142857143,0.6642857142857143,1.0,0.006912399267057848,0.01583027079695898,0.016678799470949208,0.001,0.0010000000000000002,0.0006266849813435618,0.006285714285714286,1.0,1.0,25.974025974025974,33673.28385899815,0,0,0,0,0,0.0001854943424225561,33.667037655351514,0.13726581339269153,0.9638879118302263,success
pd1.psizeshort.occhigh.slottft_tight.loadhigh.s20260819,chunked_prefill_large,0.6642857142857143,0.6642857142857143,1.0,0.003455256409914991,0.005761109663251579,0.005928396453423257,0.001,0.0010000000000000002,0.0006266849813435618,0.0028285714285714286,1.0,1.0,25.978845796993877,33679.53238077565,0,0,0,2,2,0.0037105751391465678,33.67328385899815,0.047495361781076065,0.9716262164380349,success
pd1.psizeshort.occhigh.slotbt_tight.loadmoderate.s20260818,full_prefill,1.0,1.0,1.0,0.00291244334500193,0.003912039493921987,0.004609621717747107,0.0010000000000000005,0.0010000000000000002,0.0005957766783352626,0.002316666666666667,1.0,1.0,23.369036027263878,32717.234664070107,0,0,0,4,4,0.00661993769470405,32.71086448598131,0.030763239875389408,0.970371021628275,success
pd1.psizeshort.occhigh.slottft_tight.loadhigh.s20260819,full_prefill,0.6714285714285714,0.6714285714285714,1.0,0.002940970695629276,0.003913005240094252,0.003969145831078261,0.001,0.0010000000000000002,0.0006266849813435618,0.0023142857142857145,1.0,1.0,25.978845796993877,33679.53238077565,0,0,0,4,4,0.0074211502782931356,33.67328385899815,0.034137291280148425,0.9807245867041857,success
pd1.psizeshort.occhigh.slotbt_tight.loadmoderate.s20260818,chunked_prefill_small,1.0,1.0,1.0,0.0065457766783352635,0.01662182321699639,0.017835608553272226,0.0010000000000000005,0.0010000000000000002,0.0005957766783352626,0.005950000000000001,1.0,1.0,23.36448598130841,32710.864485981307,0,0,0,0,0,0.0,32.70449678800856,0.11563169164882227,0.9704296348396929,success
pd1.psizeshort.occhigh.slottft_tight.loadhigh.s20260819,adaptive_prefill_control,0.6642857142857143,0.6642857142857143,1.0,0.006912399267057848,0.01583027079695898,0.016678799470949208,0.001,0.0010000000000000002,0.0006266849813435618,0.006285714285714286,1.0,1.0,25.974025974025974,33673.28385899815,0,0,0,0,0,0.0001854943424225561,33.667037655351514,0.13726581339269153,0.9638879118302263,success
pd1.psizeshort.occhigh.slotbt_tight.loadmoderate.s20260818,chunked_prefill_large,1.0,1.0,1.0,0.0032957766783352632,0.005601304219410691,0.005878104871715593,0.0010000000000000005,0.0010000000000000002,0.0005957766783352626,0.0027000000000000006,1.0,1.0,23.369036027263878,32717.234664070107,0,0,0,1,1,0.003309968847352025,32.71086448598131,0.0397196261682243,0.9614325068870524,success
pd1.psizeshort.occhigh.slotbt_tight.loadmoderate.s20260818,decode_priority_chunked,1.0,1.0,1.0,0.0065457766783352635,0.01662182321699639,0.017835608553272226,0.0010000000000000005,0.0010000000000000002,0.0005957766783352626,0.005950000000000001,1.0,1.0,23.36448598130841,32710.864485981307,0,0,0,0,0,0.0,32.70449678800856,0.11563169164882227,0.9704296348396929,success
pd1.psizeshort.occhigh.slotbt_tight.loadmoderate.s20260818,adaptive_prefill_control,1.0,1.0,1.0,0.0065457766783352635,0.01662182321699639,0.017835608553272226,0.0010000000000000005,0.0010000000000000002,0.0005957766783352626,0.005950000000000001,1.0,1.0,23.36448598130841,32710.864485981307,0,0,0,0,0,0.0,32.70449678800856,0.11563169164882227,0.9704296348396929,success
pd1.psizeshort.occhigh.slotbt_tight.loadmoderate.s20260819,full_prefill,1.0,1.0,1.0,0.0028113304885705034,0.00393806851684329,0.004748948162084139,0.0010000000000000002,0.0010000000000000002,0.0005529971552371691,0.0022583333333333344,1.0,1.0,22.14022140221402,34111.43911439114,0,0,0,3,3,0.005165098690278546,34.105146651909244,0.02785463936543073,0.9740341788545978,success
pd1.psizeshort.occhigh.slotbt_tight.loadmoderate.s20260819,decode_priority_chunked,1.0,1.0,1.0,0.006211330488570503,0.015521729411539382,0.0168683429676851,0.0010000000000000005,0.0010000000000000002,0.0005529971552371691,0.005658333333333334,1.0,1.0,22.13613724405091,34105.14665190924,0,0,0,0,0,0.0,34.098856510512725,0.10309848764293618,0.9513535710901222,success
pd1.psizeshort.occhigh.slotbt_tight.loadmoderate.s20260819,chunked_prefill_small,1.0,1.0,1.0,0.006211330488570503,0.015521729411539382,0.0168683429676851,0.0010000000000000005,0.0010000000000000002,0.0005529971552371691,0.005658333333333334,1.0,1.0,22.13613724405091,34105.14665190924,0,0,0,0,0,0.0,34.098856510512725,0.10309848764293618,0.9513535710901222,success
pd1.psizeshort.occhigh.slotbt_tight.loadmoderate.s20260819,adaptive_prefill_control,1.0,1.0,1.0,0.006211330488570503,0.015521729411539382,0.0168683429676851,0.0010000000000000005,0.0010000000000000002,0.0005529971552371691,0.005658333333333334,1.0,1.0,22.13613724405091,34105.14665190924,0,0,0,0,0,0.0,34.098856510512725,0.10309848764293618,0.9513535710901222,success
pd1.psizeshort.occhigh.slotbt_tight.loadhigh.s20260818,full_prefill,1.0,1.0,1.0,0.0029639367661590033,0.00395467353135023,0.004697034218949461,0.001,0.0010000000000000002,0.0005925081947304329,0.0023714285714285703,1.0,1.0,26.917900403768503,34999.615458565655,0,0,0,4,4,0.00922722029988466,34.99288735101884,0.03690888119953864,0.9774747677294299,success
pd1.psizeshort.occhigh.slotbt_tight.loadhigh.s20260818,chunked_prefill_small,1.0,1.0,1.0,0.007149651051873288,0.016624258790886276,0.01777434962114469,0.001,0.0010000000000000002,0.0005925081947304329,0.006557142857142855,1.0,1.0,26.90238278247502,34979.43889315911,0,0,0,3,3,0.0013448607108549472,34.97271853986551,0.1494716618635927,0.9775193280306574,success
pd1.psizeshort.occhigh.slotbt_tight.loadmoderate.s20260819,chunked_prefill_large,1.0,1.0,1.0,0.0032113304885705036,0.005753829773242457,0.0059552631722585595,0.0010000000000000002,0.0010000000000000002,0.0005529971552371691,0.0026583333333333346,1.0,1.0,22.14022140221402,34111.43911439114,0,0,0,1,1,0.002582549345139273,34.105146651909244,0.0367090942630511,0.9617778058565246,success
pd1.psizeshort.occhigh.slotbt_tight.loadhigh.s20260818,decode_priority_chunked,1.0,1.0,1.0,0.007149651051873288,0.016624258790886276,0.01777434962114469,0.001,0.0010000000000000002,0.0005925081947304329,0.006557142857142855,1.0,1.0,26.90238278247502,34979.43889315911,0,0,0,3,3,0.0013448607108549472,34.97271853986551,0.1494716618635927,0.9775193280306574,success
pd1.psizeshort.occhigh.slotbt_tight.loadhigh.s20260818,chunked_prefill_large,1.0,1.0,1.0,0.0034353653375875743,0.00574621087788759,0.0058765663300488526,0.001,0.0010000000000000002,0.0005925081947304329,0.0028428571428571418,1.0,1.0,26.917900403768503,34999.615458565655,0,0,0,1,1,0.004229142637447136,34.99288735101884,0.049596309111880045,0.9706793217922153,success
pd1.psizeshort.occhigh.slotbt_tight.loadhigh.s20260818,adaptive_prefill_control,1.0,1.0,1.0,0.007149651051873288,0.016624258790886276,0.01777434962114469,0.001,0.0010000000000000002,0.0005925081947304329,0.006557142857142855,1.0,1.0,26.90238278247502,34979.43889315911,0,0,0,3,3,0.0013448607108549472,34.97271853986551,0.1494716618635927,0.9775193280306574,success
pd1.psizeshort.occhigh.slotbt_tight.loadhigh.s20260819,full_prefill,1.0,1.0,1.0,0.002940970695629276,0.003913005240094252,0.003969145831078261,0.001,0.0010000000000000002,0.0006266849813435618,0.0023142857142857145,1.0,1.0,25.978845796993877,33679.53238077565,0,0,0,4,4,0.0074211502782931356,33.67328385899815,0.034137291280148425,0.9807245867041857,success
pd1.psizeshort.occhigh.slotbt_tight.loadhigh.s20260819,chunked_prefill_small,1.0,1.0,1.0,0.006912399267057848,0.01583027079695898,0.016678799470949208,0.001,0.0010000000000000002,0.0006266849813435618,0.006285714285714286,1.0,1.0,25.974025974025974,33673.28385899815,0,0,0,0,0,0.0001854943424225561,33.667037655351514,0.13726581339269153,0.9638879118302263,success
pd1.psizeshort.occhigh.slotbt_tight.loadhigh.s20260819,chunked_prefill_large,1.0,1.0,1.0,0.003455256409914991,0.005761109663251579,0.005928396453423257,0.001,0.0010000000000000002,0.0006266849813435618,0.0028285714285714286,1.0,1.0,25.978845796993877,33679.53238077565,0,0,0,2,2,0.0037105751391465678,33.67328385899815,0.047495361781076065,0.9716262164380349,success
pd1.psizeshort.occhigh.slotbt_tight.loadhigh.s20260819,decode_priority_chunked,1.0,1.0,1.0,0.006912399267057848,0.01583027079695898,0.016678799470949208,0.001,0.0010000000000000002,0.0006266849813435618,0.006285714285714286,1.0,1.0,25.974025974025974,33673.28385899815,0,0,0,0,0,0.0001854943424225561,33.667037655351514,0.13726581339269153,0.9638879118302263,success
pd1.psizeshort.occhigh.slobalanced.loadmoderate.s20260818,full_prefill,0.9666666666666667,0.9666666666666667,1.0,0.00291244334500193,0.003912039493921987,0.004609621717747107,0.0010000000000000005,0.0010000000000000002,0.0005957766783352626,0.002316666666666667,1.0,1.0,23.369036027263878,32717.234664070107,0,0,0,4,4,0.00661993769470405,32.71086448598131,0.030763239875389408,0.970371021628275,success
pd1.psizeshort.occhigh.slobalanced.loadmoderate.s20260818,chunked_prefill_small,0.95,0.95,1.0,0.0065457766783352635,0.01662182321699639,0.017835608553272226,0.0010000000000000005,0.0010000000000000002,0.0005957766783352626,0.005950000000000001,1.0,1.0,23.36448598130841,32710.864485981307,0,0,0,0,0,0.0,32.70449678800856,0.11563169164882227,0.9704296348396929,success
pd1.psizeshort.occhigh.slobalanced.loadmoderate.s20260818,decode_priority_chunked,0.95,0.95,1.0,0.0065457766783352635,0.01662182321699639,0.017835608553272226,0.0010000000000000005,0.0010000000000000002,0.0005957766783352626,0.005950000000000001,1.0,1.0,23.36448598130841,32710.864485981307,0,0,0,0,0,0.0,32.70449678800856,0.11563169164882227,0.9704296348396929,success
pd1.psizeshort.occhigh.slobalanced.loadmoderate.s20260818,chunked_prefill_large,0.9666666666666667,0.9666666666666667,1.0,0.0032957766783352632,0.005601304219410691,0.005878104871715593,0.0010000000000000005,0.0010000000000000002,0.0005957766783352626,0.0027000000000000006,1.0,1.0,23.369036027263878,32717.234664070107,0,0,0,1,1,0.003309968847352025,32.71086448598131,0.0397196261682243,0.9614325068870524,success
pd1.psizeshort.occhigh.slobalanced.loadmoderate.s20260818,adaptive_prefill_control,0.95,0.95,1.0,0.0065457766783352635,0.01662182321699639,0.017835608553272226,0.0010000000000000005,0.0010000000000000002,0.0005957766783352626,0.005950000000000001,1.0,1.0,23.36448598130841,32710.864485981307,0,0,0,0,0,0.0,32.70449678800856,0.11563169164882227,0.9704296348396929,success
pd1.psizeshort.occhigh.slobalanced.loadmoderate.s20260819,full_prefill,0.9833333333333333,0.9833333333333333,1.0,0.0028113304885705034,0.00393806851684329,0.004748948162084139,0.0010000000000000002,0.0010000000000000002,0.0005529971552371691,0.0022583333333333344,1.0,1.0,22.14022140221402,34111.43911439114,0,0,0,3,3,0.005165098690278546,34.105146651909244,0.02785463936543073,0.9740341788545978,success
pd1.psizeshort.occhigh.slobalanced.loadmoderate.s20260819,chunked_prefill_small,0.9833333333333333,0.9833333333333333,1.0,0.006211330488570503,0.015521729411539382,0.0168683429676851,0.0010000000000000005,0.0010000000000000002,0.0005529971552371691,0.005658333333333334,1.0,1.0,22.13613724405091,34105.14665190924,0,0,0,0,0,0.0,34.098856510512725,0.10309848764293618,0.9513535710901222,success
pd1.psizeshort.occhigh.slotbt_tight.loadhigh.s20260819,adaptive_prefill_control,1.0,1.0,1.0,0.006912399267057848,0.01583027079695898,0.016678799470949208,0.001,0.0010000000000000002,0.0006266849813435618,0.006285714285714286,1.0,1.0,25.974025974025974,33673.28385899815,0,0,0,0,0,0.0001854943424225561,33.667037655351514,0.13726581339269153,0.9638879118302263,success
pd1.psizeshort.occhigh.slobalanced.loadmoderate.s20260819,decode_priority_chunked,0.9833333333333333,0.9833333333333333,1.0,0.006211330488570503,0.015521729411539382,0.0168683429676851,0.0010000000000000005,0.0010000000000000002,0.0005529971552371691,0.005658333333333334,1.0,1.0,22.13613724405091,34105.14665190924,0,0,0,0,0,0.0,34.098856510512725,0.10309848764293618,0.9513535710901222,success
pd1.psizeshort.occhigh.slobalanced.loadmoderate.s20260819,chunked_prefill_large,0.9833333333333333,0.9833333333333333,1.0,0.0032113304885705036,0.005753829773242457,0.0059552631722585595,0.0010000000000000002,0.0010000000000000002,0.0005529971552371691,0.0026583333333333346,1.0,1.0,22.14022140221402,34111.43911439114,0,0,0,1,1,0.002582549345139273,34.105146651909244,0.0367090942630511,0.9617778058565246,success
pd1.psizeshort.occhigh.slobalanced.loadmoderate.s20260819,adaptive_prefill_control,0.9833333333333333,0.9833333333333333,1.0,0.006211330488570503,0.015521729411539382,0.0168683429676851,0.0010000000000000005,0.0010000000000000002,0.0005529971552371691,0.005658333333333334,1.0,1.0,22.13613724405091,34105.14665190924,0,0,0,0,0,0.0,34.098856510512725,0.10309848764293618,0.9513535710901222,success
pd1.psizeshort.occhigh.slobalanced.loadhigh.s20260818,full_prefill,0.9714285714285714,0.9714285714285714,1.0,0.0029639367661590033,0.00395467353135023,0.004697034218949461,0.001,0.0010000000000000002,0.0005925081947304329,0.0023714285714285703,1.0,1.0,26.917900403768503,34999.615458565655,0,0,0,4,4,0.00922722029988466,34.99288735101884,0.03690888119953864,0.9774747677294299,success
pd1.psizeshort.occhigh.slobalanced.loadhigh.s20260818,chunked_prefill_small,0.9571428571428572,0.9571428571428572,1.0,0.007149651051873288,0.016624258790886276,0.01777434962114469,0.001,0.0010000000000000002,0.0005925081947304329,0.006557142857142855,1.0,1.0,26.90238278247502,34979.43889315911,0,0,0,3,3,0.0013448607108549472,34.97271853986551,0.1494716618635927,0.9775193280306574,success
pd1.psizeshort.occhigh.slobalanced.loadhigh.s20260818,decode_priority_chunked,0.9571428571428572,0.9571428571428572,1.0,0.007149651051873288,0.016624258790886276,0.01777434962114469,0.001,0.0010000000000000002,0.0005925081947304329,0.006557142857142855,1.0,1.0,26.90238278247502,34979.43889315911,0,0,0,3,3,0.0013448607108549472,34.97271853986551,0.1494716618635927,0.9775193280306574,success
pd1.psizeshort.occhigh.slobalanced.loadhigh.s20260818,chunked_prefill_large,0.9714285714285714,0.9714285714285714,1.0,0.0034353653375875743,0.00574621087788759,0.0058765663300488526,0.001,0.0010000000000000002,0.0005925081947304329,0.0028428571428571418,1.0,1.0,26.917900403768503,34999.615458565655,0,0,0,1,1,0.004229142637447136,34.99288735101884,0.049596309111880045,0.9706793217922153,success
pd1.psizemedium.occlow.slottft_tight.loadmoderate.s20260818,full_prefill,0.38095238095238093,0.38095238095238093,1.0,0.013176736859521091,0.0314255454402041,0.032415811506953766,0.0010000000000000002,0.0010000000000000002,0.0006767368595210888,0.0125,1.0,1.0,13.972055888223553,3751.497005988024,0,0,0,82,353,0.032317297098788104,4.141388174807198,0.17737789203084833,0.9507180951116422,success
pd1.psizemedium.occlow.slottft_tight.loadmoderate.s20260818,chunked_prefill_small,0.3333333333333333,0.3333333333333333,1.0,0.025248165430949664,0.04850774837848879,0.05149319126978348,0.0010000000000000002,0.0010000000000000005,0.0006767368595210888,0.02457142857142857,0.9761904761904762,1.0,13.95812562313061,3747.7567298105682,0,0,0,62,248,0.024497257769652652,4.123217550274223,0.3619744058500914,0.8147558034034832,success
pd1.psizemedium.occlow.slottft_tight.loadmoderate.s20260818,chunked_prefill_large,0.38095238095238093,0.38095238095238093,1.0,0.01486721304999728,0.032475545440204104,0.03541581150695376,0.0010000000000000002,0.0010000000000000002,0.0006767368595210888,0.014190476190476193,1.0,1.0,13.972055888223553,3751.497005988024,0,0,0,81,340,0.030825688073394496,4.1383486238532114,0.20330275229357797,0.9167275221846024,success
pd1.psizemedium.occlow.slottft_tight.loadmoderate.s20260818,decode_priority_chunked,0.3333333333333333,0.3333333333333333,1.0,0.025248165430949664,0.04850774837848879,0.05149319126978348,0.0010000000000000002,0.0010000000000000005,0.0006767368595210888,0.02457142857142857,0.9761904761904762,1.0,13.95812562313061,3747.7567298105682,0,0,0,62,248,0.024497257769652652,4.123217550274223,0.3619744058500914,0.8147558034034832,success
pd1.psizeshort.occhigh.slobalanced.loadhigh.s20260819,full_prefill,0.9785714285714285,0.9785714285714285,1.0,0.002940970695629276,0.003913005240094252,0.003969145831078261,0.001,0.0010000000000000002,0.0006266849813435618,0.0023142857142857145,1.0,1.0,25.978845796993877,33679.53238077565,0,0,0,4,4,0.0074211502782931356,33.67328385899815,0.034137291280148425,0.9807245867041857,success
pd1.psizemedium.occlow.slottft_tight.loadmoderate.s20260818,adaptive_prefill_control,0.3333333333333333,0.3333333333333333,1.0,0.025248165430949664,0.04850774837848879,0.05149319126978348,0.0010000000000000002,0.0010000000000000005,0.0006767368595210888,0.02457142857142857,0.9761904761904762,1.0,13.95812562313061,3747.7567298105682,0,0,0,62,248,0.024497257769652652,4.123217550274223,0.3619744058500914,0.8147558034034832,success
pd1.psizeshort.occhigh.slobalanced.loadhigh.s20260819,chunked_prefill_small,0.9714285714285714,0.9714285714285714,1.0,0.006912399267057848,0.01583027079695898,0.016678799470949208,0.001,0.0010000000000000002,0.0006266849813435618,0.006285714285714286,1.0,1.0,25.974025974025974,33673.28385899815,0,0,0,0,0,0.0001854943424225561,33.667037655351514,0.13726581339269153,0.9638879118302263,success
pd1.psizeshort.occhigh.slobalanced.loadhigh.s20260819,decode_priority_chunked,0.9714285714285714,0.9714285714285714,1.0,0.006912399267057848,0.01583027079695898,0.016678799470949208,0.001,0.0010000000000000002,0.0006266849813435618,0.006285714285714286,1.0,1.0,25.974025974025974,33673.28385899815,0,0,0,0,0,0.0001854943424225561,33.667037655351514,0.13726581339269153,0.9638879118302263,success
pd1.psizemedium.occlow.slottft_tight.loadmoderate.s20260819,full_prefill,0.3333333333333333,0.3333333333333333,1.0,0.015685146133416723,0.035723064829519494,0.037258057513852694,0.001,0.0010000000000000002,0.0006613366096072038,0.015023809523809516,1.0,1.0,13.080037371535347,4629.087511678605,0,0,0,85,454,0.032723434201266714,5.230119634060521,0.2072484166080225,0.9617685469941442,success
pd1.psizemedium.occlow.slottft_tight.loadmoderate.s20260819,chunked_prefill_small,0.30952380952380953,0.30952380952380953,1.0,0.028089908038178638,0.0536092772942468,0.0549726487196203,0.001,0.0010000000000000002,0.0006613366096072038,0.02742857142857143,0.8809523809523809,1.0,13.07596513075965,4627.646326276463,0,0,0,73,326,0.027017543859649124,5.215438596491228,0.3894736842105263,0.8431351897880945,success
pd1.psizeshort.occhigh.slobalanced.loadhigh.s20260819,chunked_prefill_large,0.9785714285714285,0.9785714285714285,1.0,0.003455256409914991,0.005761109663251579,0.005928396453423257,0.001,0.0010000000000000002,0.0006266849813435618,0.0028285714285714286,1.0,1.0,25.978845796993877,33679.53238077565,0,0,0,2,2,0.0037105751391465678,33.67328385899815,0.047495361781076065,0.9716262164380349,success
pd1.psizemedium.occlow.slottft_tight.loadmoderate.s20260819,chunked_prefill_large,0.3333333333333333,0.3333333333333333,1.0,0.017518479466750052,0.03863364777715518,0.039310487080150544,0.001,0.0010000000000000002,0.0006613366096072038,0.016857142857142852,1.0,1.0,13.080037371535347,4629.087511678605,0,0,0,85,441,0.03163444639718805,5.224604569420035,0.23409490333919156,0.9401988456839533,success
pd1.psizemedium.occlow.slottft_tight.loadmoderate.s20260819,decode_priority_chunked,0.30952380952380953,0.30952380952380953,1.0,0.028089908038178638,0.0536092772942468,0.0549726487196203,0.001,0.0010000000000000002,0.0006613366096072038,0.02742857142857143,0.8809523809523809,1.0,13.07596513075965,4627.646326276463,0,0,0,73,326,0.027017543859649124,5.215438596491228,0.3894736842105263,0.8431351897880945,success
pd1.psizemedium.occlow.slottft_tight.loadhigh.s20260818,full_prefill,0.3157894736842105,0.3157894736842105,1.0,0.020152198252390015,0.04467223949679936,0.04697826660411493,0.0010000000000000002,0.0010000000000000002,0.0007136017611619452,0.019438596491228068,1.0,1.0,26.158788435061958,6918.77007801744,0,0,0,127,862,0.06232294617563739,7.118035882908404,0.4962228517469311,0.9656759521087781,success
pd1.psizemedium.occlow.slottft_tight.loadmoderate.s20260819,adaptive_prefill_control,0.30952380952380953,0.30952380952380953,1.0,0.028089908038178638,0.0536092772942468,0.0549726487196203,0.001,0.0010000000000000002,0.0006613366096072038,0.02742857142857143,0.8809523809523809,1.0,13.07596513075965,4627.646326276463,0,0,0,73,326,0.027017543859649124,5.215438596491228,0.3894736842105263,0.8431351897880945,success
pd1.psizemedium.occlow.slottft_tight.loadhigh.s20260818,chunked_prefill_small,0.2631578947368421,0.2631578947368421,1.0,0.03316974211203914,0.06016277798681027,0.06828472143065627,0.001,0.0010000000000000002,0.0007136017611619452,0.03245614035087719,0.7894736842105263,1.0,26.146788990825687,6915.596330275229,0,0,0,107,694,0.05112570356472795,7.071294559099437,0.8409943714821764,0.8732627399073462,success
pd1.psizemedium.occlow.slottft_tight.loadhigh.s20260818,chunked_prefill_large,0.2982456140350877,0.2982456140350877,1.0,0.021906584217302297,0.045920609630842636,0.04830258615101895,0.0010000000000000002,0.0010000000000000002,0.0007136017611619452,0.02119298245614035,1.0,1.0,26.158788435061958,6918.77007801744,0,0,0,122,836,0.061291843470061294,7.107967939651108,0.5426685525695427,0.9425726490584201,success
pd1.psizemedium.occlow.slottft_tight.loadhigh.s20260818,decode_priority_chunked,0.2631578947368421,0.2631578947368421,1.0,0.03316974211203914,0.06016277798681027,0.06828472143065627,0.001,0.0010000000000000002,0.0007136017611619452,0.03245614035087719,0.7894736842105263,1.0,26.146788990825687,6915.596330275229,0,0,0,107,694,0.05112570356472795,7.071294559099437,0.8409943714821764,0.8732627399073462,success
pd1.psizemedium.occlow.slottft_tight.loadhigh.s20260818,adaptive_prefill_control,0.2631578947368421,0.2631578947368421,1.0,0.03316974211203914,0.06016277798681027,0.06828472143065627,0.001,0.0010000000000000002,0.0007136017611619452,0.03245614035087719,0.7894736842105263,1.0,26.146788990825687,6915.596330275229,0,0,0,107,694,0.05112570356472795,7.071294559099437,0.8409943714821764,0.8732627399073462,success
pd1.psizemedium.occlow.slottft_tight.loadhigh.s20260819,full_prefill,0.2631578947368421,0.2631578947368421,1.0,0.024612854093480557,0.05683810631817539,0.059907803751637165,0.001,0.0010000000000000002,0.0006654856724279308,0.023947368421052627,0.8947368421052632,1.0,20.652173913043477,6451.449275362318,0,0,0,137,1104,0.060073559460563954,7.276665304454434,0.5345320800980793,0.9781605282864728,success
pd1.psizeshort.occhigh.slobalanced.loadhigh.s20260819,adaptive_prefill_control,0.9714285714285714,0.9714285714285714,1.0,0.006912399267057848,0.01583027079695898,0.016678799470949208,0.001,0.0010000000000000002,0.0006266849813435618,0.006285714285714286,1.0,1.0,25.974025974025974,33673.28385899815,0,0,0,0,0,0.0001854943424225561,33.667037655351514,0.13726581339269153,0.9638879118302263,success
pd1.psizemedium.occlow.slottft_tight.loadhigh.s20260819,chunked_prefill_small,0.21052631578947367,0.21052631578947367,1.0,0.03843741549698933,0.07780218141085452,0.08900915948516476,0.001,0.0010000000000000002,0.0006654856724279308,0.037771929824561394,0.6491228070175439,1.0,20.629750271444085,6444.444444444444,0,0,0,120,877,0.05154220779220779,7.226461038961039,0.8506493506493507,0.9014772959357342,success
pd1.psizemedium.occlow.slottft_tight.loadhigh.s20260819,chunked_prefill_large,0.24561403508771928,0.24561403508771928,1.0,0.026612854093480562,0.05780658671363674,0.06292294188706701,0.001,0.0010000000000000002,0.0006654856724279308,0.02594736842105263,0.8421052631578947,1.0,20.652173913043477,6451.449275362318,0,0,0,136,1073,0.05839118007349939,7.270722743977133,0.5806451612903226,0.9642181224045204,success
pd1.psizemedium.occlow.slottft_tight.loadhigh.s20260819,decode_priority_chunked,0.21052631578947367,0.21052631578947367,1.0,0.03843741549698933,0.07780218141085452,0.08900915948516476,0.001,0.0010000000000000002,0.0006654856724279308,0.037771929824561394,0.6491228070175439,1.0,20.629750271444085,6444.444444444444,0,0,0,120,877,0.05154220779220779,7.226461038961039,0.8506493506493507,0.9014772959357342,success
pd1.psizemedium.occlow.slotbt_tight.loadmoderate.s20260818,full_prefill,1.0,1.0,1.0,0.013176736859521091,0.0314255454402041,0.032415811506953766,0.0010000000000000002,0.0010000000000000002,0.0006767368595210888,0.0125,1.0,1.0,13.972055888223553,3751.497005988024,0,0,0,82,353,0.032317297098788104,4.141388174807198,0.17737789203084833,0.9507180951116422,success
pd1.psizemedium.occlow.slottft_tight.loadhigh.s20260819,adaptive_prefill_control,0.21052631578947367,0.21052631578947367,1.0,0.03843741549698933,0.07780218141085452,0.08900915948516476,0.001,0.0010000000000000002,0.0006654856724279308,0.037771929824561394,0.6491228070175439,1.0,20.629750271444085,6444.444444444444,0,0,0,120,877,0.05154220779220779,7.226461038961039,0.8506493506493507,0.9014772959357342,success
pd1.psizemedium.occlow.slotbt_tight.loadmoderate.s20260818,chunked_prefill_small,1.0,1.0,1.0,0.025248165430949664,0.04850774837848879,0.05149319126978348,0.0010000000000000002,0.0010000000000000005,0.0006767368595210888,0.02457142857142857,1.0,1.0,13.95812562313061,3747.7567298105682,0,0,0,62,248,0.024497257769652652,4.123217550274223,0.3619744058500914,0.8147558034034832,success
pd1.psizemedium.occlow.slotbt_tight.loadmoderate.s20260818,chunked_prefill_large,1.0,1.0,1.0,0.01486721304999728,0.032475545440204104,0.03541581150695376,0.0010000000000000002,0.0010000000000000002,0.0006767368595210888,0.014190476190476193,1.0,1.0,13.972055888223553,3751.497005988024,0,0,0,81,340,0.030825688073394496,4.1383486238532114,0.20330275229357797,0.9167275221846024,success
pd1.psizemedium.occlow.slotbt_tight.loadmoderate.s20260818,decode_priority_chunked,1.0,1.0,1.0,0.025248165430949664,0.04850774837848879,0.05149319126978348,0.0010000000000000002,0.0010000000000000005,0.0006767368595210888,0.02457142857142857,1.0,1.0,13.95812562313061,3747.7567298105682,0,0,0,62,248,0.024497257769652652,4.123217550274223,0.3619744058500914,0.8147558034034832,success
pd1.psizeshort.occhigh.slobalanced.loadhigh.s20260818,adaptive_prefill_control,0.9571428571428572,0.9571428571428572,1.0,0.007149651051873288,0.016624258790886276,0.01777434962114469,0.001,0.0010000000000000002,0.0005925081947304329,0.006557142857142855,1.0,1.0,26.90238278247502,34979.43889315911,0,0,0,3,3,0.0013448607108549472,34.97271853986551,0.1494716618635927,0.9775193280306574,success
pd1.psizemedium.occlow.slotbt_tight.loadmoderate.s20260818,adaptive_prefill_control,1.0,1.0,1.0,0.025248165430949664,0.04850774837848879,0.05149319126978348,0.0010000000000000002,0.0010000000000000005,0.0006767368595210888,0.02457142857142857,1.0,1.0,13.95812562313061,3747.7567298105682,0,0,0,62,248,0.024497257769652652,4.123217550274223,0.3619744058500914,0.8147558034034832,success
pd1.psizemedium.occlow.slotbt_tight.loadmoderate.s20260819,full_prefill,1.0,1.0,1.0,0.015685146133416723,0.035723064829519494,0.037258057513852694,0.001,0.0010000000000000002,0.0006613366096072038,0.015023809523809516,1.0,1.0,13.080037371535347,4629.087511678605,0,0,0,85,454,0.032723434201266714,5.230119634060521,0.2072484166080225,0.9617685469941442,success
pd1.psizemedium.occlow.slotbt_tight.loadmoderate.s20260819,chunked_prefill_small,1.0,1.0,1.0,0.028089908038178638,0.0536092772942468,0.0549726487196203,0.001,0.0010000000000000002,0.0006613366096072038,0.02742857142857143,1.0,1.0,13.07596513075965,4627.646326276463,0,0,0,73,326,0.027017543859649124,5.215438596491228,0.3894736842105263,0.8431351897880945,success
pd1.psizemedium.occlow.slotbt_tight.loadmoderate.s20260819,chunked_prefill_large,1.0,1.0,1.0,0.017518479466750052,0.03863364777715518,0.039310487080150544,0.001,0.0010000000000000002,0.0006613366096072038,0.016857142857142852,1.0,1.0,13.080037371535347,4629.087511678605,0,0,0,85,441,0.03163444639718805,5.224604569420035,0.23409490333919156,0.9401988456839533,success
pd1.psizemedium.occlow.slotbt_tight.loadmoderate.s20260819,decode_priority_chunked,1.0,1.0,1.0,0.028089908038178638,0.0536092772942468,0.0549726487196203,0.001,0.0010000000000000002,0.0006613366096072038,0.02742857142857143,1.0,1.0,13.07596513075965,4627.646326276463,0,0,0,73,326,0.027017543859649124,5.215438596491228,0.3894736842105263,0.8431351897880945,success
pd1.psizemedium.occlow.slotbt_tight.loadhigh.s20260818,full_prefill,1.0,1.0,1.0,0.020152198252390015,0.04467223949679936,0.04697826660411493,0.0010000000000000002,0.0010000000000000002,0.0007136017611619452,0.019438596491228068,1.0,1.0,26.158788435061958,6918.77007801744,0,0,0,127,862,0.06232294617563739,7.118035882908404,0.4962228517469311,0.9656759521087781,success
pd1.psizemedium.occlow.slotbt_tight.loadmoderate.s20260819,adaptive_prefill_control,1.0,1.0,1.0,0.028089908038178638,0.0536092772942468,0.0549726487196203,0.001,0.0010000000000000002,0.0006613366096072038,0.02742857142857143,1.0,1.0,13.07596513075965,4627.646326276463,0,0,0,73,326,0.027017543859649124,5.215438596491228,0.3894736842105263,0.8431351897880945,success
pd1.psizemedium.occlow.slotbt_tight.loadhigh.s20260818,chunked_prefill_large,1.0,1.0,1.0,0.021906584217302297,0.045920609630842636,0.04830258615101895,0.0010000000000000002,0.0010000000000000002,0.0007136017611619452,0.02119298245614035,1.0,1.0,26.158788435061958,6918.77007801744,0,0,0,122,836,0.061291843470061294,7.107967939651108,0.5426685525695427,0.9425726490584201,success
pd1.psizemedium.occlow.slotbt_tight.loadhigh.s20260818,decode_priority_chunked,1.0,1.0,1.0,0.03316974211203914,0.06016277798681027,0.06828472143065627,0.001,0.0010000000000000002,0.0007136017611619452,0.03245614035087719,1.0,1.0,26.146788990825687,6915.596330275229,0,0,0,107,694,0.05112570356472795,7.071294559099437,0.8409943714821764,0.8732627399073462,success
pd1.psizemedium.occlow.slotbt_tight.loadhigh.s20260818,adaptive_prefill_control,1.0,1.0,1.0,0.03316974211203914,0.06016277798681027,0.06828472143065627,0.001,0.0010000000000000002,0.0007136017611619452,0.03245614035087719,1.0,1.0,26.146788990825687,6915.596330275229,0,0,0,107,694,0.05112570356472795,7.071294559099437,0.8409943714821764,0.8732627399073462,success
pd1.psizemedium.occlow.slotbt_tight.loadhigh.s20260819,full_prefill,1.0,1.0,1.0,0.024612854093480557,0.05683810631817539,0.059907803751637165,0.001,0.0010000000000000002,0.0006654856724279308,0.023947368421052627,1.0,1.0,20.652173913043477,6451.449275362318,0,0,0,137,1104,0.060073559460563954,7.276665304454434,0.5345320800980793,0.9781605282864728,success
pd1.psizemedium.occlow.slotbt_tight.loadhigh.s20260819,chunked_prefill_small,1.0,1.0,1.0,0.03843741549698933,0.07780218141085452,0.08900915948516476,0.001,0.0010000000000000002,0.0006654856724279308,0.037771929824561394,1.0,1.0,20.629750271444085,6444.444444444444,0,0,0,120,877,0.05154220779220779,7.226461038961039,0.8506493506493507,0.9014772959357342,success
pd1.psizemedium.occlow.slotbt_tight.loadhigh.s20260818,chunked_prefill_small,1.0,1.0,1.0,0.03316974211203914,0.06016277798681027,0.06828472143065627,0.001,0.0010000000000000002,0.0007136017611619452,0.03245614035087719,1.0,1.0,26.146788990825687,6915.596330275229,0,0,0,107,694,0.05112570356472795,7.071294559099437,0.8409943714821764,0.8732627399073462,success
pd1.psizemedium.occlow.slotbt_tight.loadhigh.s20260819,chunked_prefill_large,1.0,1.0,1.0,0.026612854093480562,0.05780658671363674,0.06292294188706701,0.001,0.0010000000000000002,0.0006654856724279308,0.02594736842105263,1.0,1.0,20.652173913043477,6451.449275362318,0,0,0,136,1073,0.05839118007349939,7.270722743977133,0.5806451612903226,0.9642181224045204,success
pd1.psizemedium.occlow.slotbt_tight.loadhigh.s20260819,decode_priority_chunked,1.0,1.0,1.0,0.03843741549698933,0.07780218141085452,0.08900915948516476,0.001,0.0010000000000000002,0.0006654856724279308,0.037771929824561394,1.0,1.0,20.629750271444085,6444.444444444444,0,0,0,120,877,0.05154220779220779,7.226461038961039,0.8506493506493507,0.9014772959357342,success
pd1.psizemedium.occlow.slobalanced.loadmoderate.s20260818,full_prefill,0.9523809523809523,0.9523809523809523,1.0,0.013176736859521091,0.0314255454402041,0.032415811506953766,0.0010000000000000002,0.0010000000000000002,0.0006767368595210888,0.0125,1.0,1.0,13.972055888223553,3751.497005988024,0,0,0,82,353,0.032317297098788104,4.141388174807198,0.17737789203084833,0.9507180951116422,success
pd1.psizemedium.occlow.slotbt_tight.loadhigh.s20260819,adaptive_prefill_control,1.0,1.0,1.0,0.03843741549698933,0.07780218141085452,0.08900915948516476,0.001,0.0010000000000000002,0.0006654856724279308,0.037771929824561394,1.0,1.0,20.629750271444085,6444.444444444444,0,0,0,120,877,0.05154220779220779,7.226461038961039,0.8506493506493507,0.9014772959357342,success
pd1.psizemedium.occlow.slobalanced.loadmoderate.s20260818,chunked_prefill_small,0.9523809523809523,0.9523809523809523,1.0,0.025248165430949664,0.04850774837848879,0.05149319126978348,0.0010000000000000002,0.0010000000000000005,0.0006767368595210888,0.02457142857142857,1.0,1.0,13.95812562313061,3747.7567298105682,0,0,0,62,248,0.024497257769652652,4.123217550274223,0.3619744058500914,0.8147558034034832,success
pd1.psizemedium.occlow.slobalanced.loadmoderate.s20260818,chunked_prefill_large,0.9523809523809523,0.9523809523809523,1.0,0.01486721304999728,0.032475545440204104,0.03541581150695376,0.0010000000000000002,0.0010000000000000002,0.0006767368595210888,0.014190476190476193,1.0,1.0,13.972055888223553,3751.497005988024,0,0,0,81,340,0.030825688073394496,4.1383486238532114,0.20330275229357797,0.9167275221846024,success
pd1.psizemedium.occlow.slobalanced.loadmoderate.s20260818,decode_priority_chunked,0.9523809523809523,0.9523809523809523,1.0,0.025248165430949664,0.04850774837848879,0.05149319126978348,0.0010000000000000002,0.0010000000000000005,0.0006767368595210888,0.02457142857142857,1.0,1.0,13.95812562313061,3747.7567298105682,0,0,0,62,248,0.024497257769652652,4.123217550274223,0.3619744058500914,0.8147558034034832,success
pd1.psizemedium.occlow.slobalanced.loadmoderate.s20260819,full_prefill,0.9523809523809523,0.9523809523809523,1.0,0.015685146133416723,0.035723064829519494,0.037258057513852694,0.001,0.0010000000000000002,0.0006613366096072038,0.015023809523809516,1.0,1.0,13.080037371535347,4629.087511678605,0,0,0,85,454,0.032723434201266714,5.230119634060521,0.2072484166080225,0.9617685469941442,success
pd1.psizemedium.occlow.slobalanced.loadmoderate.s20260819,chunked_prefill_small,0.9285714285714286,0.9285714285714286,1.0,0.028089908038178638,0.0536092772942468,0.0549726487196203,0.001,0.0010000000000000002,0.0006613366096072038,0.02742857142857143,1.0,1.0,13.07596513075965,4627.646326276463,0,0,0,73,326,0.027017543859649124,5.215438596491228,0.3894736842105263,0.8431351897880945,success
pd1.psizemedium.occlow.slobalanced.loadmoderate.s20260819,chunked_prefill_large,0.9523809523809523,0.9523809523809523,1.0,0.017518479466750052,0.03863364777715518,0.039310487080150544,0.001,0.0010000000000000002,0.0006613366096072038,0.016857142857142852,1.0,1.0,13.080037371535347,4629.087511678605,0,0,0,85,441,0.03163444639718805,5.224604569420035,0.23409490333919156,0.9401988456839533,success
pd1.psizemedium.occlow.slobalanced.loadmoderate.s20260819,decode_priority_chunked,0.9285714285714286,0.9285714285714286,1.0,0.028089908038178638,0.0536092772942468,0.0549726487196203,0.001,0.0010000000000000002,0.0006613366096072038,0.02742857142857143,1.0,1.0,13.07596513075965,4627.646326276463,0,0,0,73,326,0.027017543859649124,5.215438596491228,0.3894736842105263,0.8431351897880945,success
pd1.psizemedium.occlow.slobalanced.loadhigh.s20260818,full_prefill,0.8771929824561403,0.8771929824561403,1.0,0.020152198252390015,0.04467223949679936,0.04697826660411493,0.0010000000000000002,0.0010000000000000002,0.0007136017611619452,0.019438596491228068,1.0,1.0,26.158788435061958,6918.77007801744,0,0,0,127,862,0.06232294617563739,7.118035882908404,0.4962228517469311,0.9656759521087781,success
pd1.psizemedium.occlow.slobalanced.loadmoderate.s20260819,adaptive_prefill_control,0.9285714285714286,0.9285714285714286,1.0,0.028089908038178638,0.0536092772942468,0.0549726487196203,0.001,0.0010000000000000002,0.0006613366096072038,0.02742857142857143,1.0,1.0,13.07596513075965,4627.646326276463,0,0,0,73,326,0.027017543859649124,5.215438596491228,0.3894736842105263,0.8431351897880945,success
pd1.psizemedium.occlow.slobalanced.loadhigh.s20260818,chunked_prefill_small,0.8771929824561403,0.8771929824561403,1.0,0.03316974211203914,0.06016277798681027,0.06828472143065627,0.001,0.0010000000000000002,0.0007136017611619452,0.03245614035087719,1.0,1.0,26.146788990825687,6915.596330275229,0,0,0,107,694,0.05112570356472795,7.071294559099437,0.8409943714821764,0.8732627399073462,success
pd1.psizemedium.occlow.slobalanced.loadhigh.s20260818,decode_priority_chunked,0.8771929824561403,0.8771929824561403,1.0,0.03316974211203914,0.06016277798681027,0.06828472143065627,0.001,0.0010000000000000002,0.0007136017611619452,0.03245614035087719,1.0,1.0,26.146788990825687,6915.596330275229,0,0,0,107,694,0.05112570356472795,7.071294559099437,0.8409943714821764,0.8732627399073462,success
pd1.psizemedium.occlow.slobalanced.loadhigh.s20260818,chunked_prefill_large,0.8771929824561403,0.8771929824561403,1.0,0.021906584217302297,0.045920609630842636,0.04830258615101895,0.0010000000000000002,0.0010000000000000002,0.0007136017611619452,0.02119298245614035,1.0,1.0,26.158788435061958,6918.77007801744,0,0,0,122,836,0.061291843470061294,7.107967939651108,0.5426685525695427,0.9425726490584201,success
pd1.psizemedium.occlow.slobalanced.loadhigh.s20260818,adaptive_prefill_control,0.8771929824561403,0.8771929824561403,1.0,0.03316974211203914,0.06016277798681027,0.06828472143065627,0.001,0.0010000000000000002,0.0007136017611619452,0.03245614035087719,1.0,1.0,26.146788990825687,6915.596330275229,0,0,0,107,694,0.05112570356472795,7.071294559099437,0.8409943714821764,0.8732627399073462,success
pd1.psizemedium.occlow.slobalanced.loadmoderate.s20260818,adaptive_prefill_control,0.9523809523809523,0.9523809523809523,1.0,0.025248165430949664,0.04850774837848879,0.05149319126978348,0.0010000000000000002,0.0010000000000000005,0.0006767368595210888,0.02457142857142857,1.0,1.0,13.95812562313061,3747.7567298105682,0,0,0,62,248,0.024497257769652652,4.123217550274223,0.3619744058500914,0.8147558034034832,success
pd1.psizemedium.occlow.slobalanced.loadhigh.s20260819,full_prefill,0.9298245614035088,0.9298245614035088,1.0,0.024612854093480557,0.05683810631817539,0.059907803751637165,0.001,0.0010000000000000002,0.0006654856724279308,0.023947368421052627,1.0,1.0,20.652173913043477,6451.449275362318,0,0,0,137,1104,0.060073559460563954,7.276665304454434,0.5345320800980793,0.9781605282864728,success
pd1.psizemedium.occlow.slobalanced.loadhigh.s20260819,chunked_prefill_small,0.9298245614035088,0.9298245614035088,1.0,0.03843741549698933,0.07780218141085452,0.08900915948516476,0.001,0.0010000000000000002,0.0006654856724279308,0.037771929824561394,1.0,1.0,20.629750271444085,6444.444444444444,0,0,0,120,877,0.05154220779220779,7.226461038961039,0.8506493506493507,0.9014772959357342,success
pd1.psizemedium.occlow.slobalanced.loadhigh.s20260819,chunked_prefill_large,0.9298245614035088,0.9298245614035088,1.0,0.026612854093480562,0.05780658671363674,0.06292294188706701,0.001,0.0010000000000000002,0.0006654856724279308,0.02594736842105263,1.0,1.0,20.652173913043477,6451.449275362318,0,0,0,136,1073,0.05839118007349939,7.270722743977133,0.5806451612903226,0.9642181224045204,success
pd1.psizemedium.occlow.slobalanced.loadhigh.s20260819,decode_priority_chunked,0.9298245614035088,0.9298245614035088,1.0,0.03843741549698933,0.07780218141085452,0.08900915948516476,0.001,0.0010000000000000002,0.0006654856724279308,0.037771929824561394,1.0,1.0,20.629750271444085,6444.444444444444,0,0,0,120,877,0.05154220779220779,7.226461038961039,0.8506493506493507,0.9014772959357342,success
pd1.psizemedium.occlow.slobalanced.loadhigh.s20260819,adaptive_prefill_control,0.9298245614035088,0.9298245614035088,1.0,0.03843741549698933,0.07780218141085452,0.08900915948516476,0.001,0.0010000000000000002,0.0006654856724279308,0.037771929824561394,1.0,1.0,20.629750271444085,6444.444444444444,0,0,0,120,877,0.05154220779220779,7.226461038961039,0.8506493506493507,0.9014772959357342,success
pd1.psizemedium.occmedium.slottft_tight.loadmoderate.s20260818,decode_priority_chunked,0.65,0.65,1.0,0.015356536823592615,0.04695880754485516,0.05025850470025567,0.0010000000000000002,0.0010000000000000002,0.0006190368235926148,0.014737499999999997,0.9875,1.0,18.23985408116735,19613.999088007295,0,0,0,68,268,0.01618418053339412,19.60952815135628,0.2505128789605653,0.8341129538505153,success
pd1.psizemedium.occmedium.slottft_tight.loadmoderate.s20260818,full_prefill,0.675,0.675,1.0,0.008544036823592616,0.027878749266122913,0.03212728115824765,0.0010000000000000002,0.0010000000000000002,0.0006190368235926148,0.007925000000000001,1.0,1.0,18.244013683010262,19618.47206385405,0,0,0,85,386,0.020063839489284085,19.613999088007297,0.12631098951208392,0.9585282384626288,success
pd1.psizemedium.occmedium.slottft_tight.loadmoderate.s20260818,chunked_prefill_small,0.65,0.65,1.0,0.015356536823592615,0.04695880754485516,0.05025850470025567,0.0010000000000000002,0.0010000000000000002,0.0006190368235926148,0.014737499999999997,0.9875,1.0,18.23985408116735,19613.999088007295,0,0,0,68,268,0.01618418053339412,19.60952815135628,0.2505128789605653,0.8341129538505153,success
pd1.psizemedium.occmedium.slottft_tight.loadmoderate.s20260818,adaptive_prefill_control,0.65,0.65,1.0,0.015356536823592615,0.04695880754485516,0.05025850470025567,0.0010000000000000002,0.0010000000000000002,0.0006190368235926148,0.014737499999999997,0.9875,1.0,18.23985408116735,19613.999088007295,0,0,0,68,268,0.01618418053339412,19.60952815135628,0.2505128789605653,0.8341129538505153,success
pd1.psizemedium.occmedium.slottft_tight.loadmoderate.s20260819,full_prefill,0.65,0.65,1.0,0.010726798678916183,0.03499558838740644,0.03817315773410088,0.0010000000000000002,0.0010000000000000002,0.0005642986789161826,0.0101625,1.0,1.0,18.12004530011325,21519.592298980748,0,0,0,89,559,0.021286231884057972,21.51471920289855,0.1659873188405797,0.9700905461980333,success
pd1.psizemedium.occmedium.slottft_tight.loadmoderate.s20260819,chunked_prefill_small,0.6375,0.6375,1.0,0.017589298678916183,0.05261941289624871,0.055069405966872695,0.0010000000000000002,0.0010000000000000002,0.0005642986789161826,0.017025000000000002,0.925,1.0,18.12004530011325,21519.592298980748,0,0,0,76,416,0.018115942028985508,21.51471920289855,0.29030797101449274,0.8604225489241554,success
pd1.psizemedium.occmedium.slottft_tight.loadmoderate.s20260819,chunked_prefill_large,0.65,0.65,1.0,0.011664298678916182,0.03786218198578119,0.04017315773410088,0.0010000000000000002,0.0010000000000000002,0.0005642986789161826,0.011099999999999999,1.0,1.0,18.12004530011325,21519.592298980748,0,0,0,88,542,0.020606884057971016,21.51471920289855,0.18297101449275363,0.9501509103300555,success
pd1.psizemedium.occmedium.slottft_tight.loadmoderate.s20260818,chunked_prefill_large,0.675,0.675,1.0,0.009394036823592616,0.030828749266122918,0.03512728115824765,0.0010000000000000002,0.0010000000000000002,0.0006190368235926148,0.008775,1.0,1.0,18.244013683010262,19618.47206385405,0,0,0,82,368,0.0196078431372549,19.613999088007297,0.14181486548107616,0.9274244173096005,success
pd1.psizemedium.occmedium.slottft_tight.loadmoderate.s20260819,decode_priority_chunked,0.6375,0.6375,1.0,0.017589298678916183,0.05261941289624871,0.055069405966872695,0.0010000000000000002,0.0010000000000000002,0.0005642986789161826,0.017025000000000002,0.925,1.0,18.12004530011325,21519.592298980748,0,0,0,76,416,0.018115942028985508,21.51471920289855,0.29030797101449274,0.8604225489241554,success
pd1.psizemedium.occmedium.slottft_tight.loadmoderate.s20260819,adaptive_prefill_control,0.6375,0.6375,1.0,0.017589298678916183,0.05261941289624871,0.055069405966872695,0.0010000000000000002,0.0010000000000000002,0.0005642986789161826,0.017025000000000002,0.925,1.0,18.12004530011325,21519.592298980748,0,0,0,76,416,0.018115942028985508,21.51471920289855,0.29030797101449274,0.8604225489241554,success
pd1.psizemedium.occmedium.slottft_tight.loadhigh.s20260818,full_prefill,0.5789473684210527,0.5789473684210527,1.0,0.015667257799913847,0.04349524470298923,0.04875157418588944,0.0010000000000000002,0.0010000000000000002,0.0006356788525454256,0.015031578947368422,1.0,1.0,21.148708815672308,20693.00979519145,0,0,0,132,1103,0.030046739372357,20.688404184286668,0.29668373024705097,0.9709487063095779,success
pd1.psizemedium.occmedium.slottft_tight.loadhigh.s20260818,decode_priority_chunked,0.5578947368421052,0.5578947368421052,1.0,0.02365673148412438,0.05856356516023998,0.07083462809836019,0.0010000000000000002,0.0010000000000000002,0.0006356788525454257,0.02302105263157895,0.8210526315789474,1.0,21.148708815672308,20693.00979519145,0,0,0,112,902,0.02559537057645226,20.688404184286668,0.4656131760516359,0.8837948252383114,success
pd1.psizemedium.occmedium.slottft_tight.loadhigh.s20260818,chunked_prefill_small,0.5578947368421052,0.5578947368421052,1.0,0.02365673148412438,0.05856356516023998,0.07083462809836019,0.0010000000000000002,0.0010000000000000002,0.0006356788525454257,0.02302105263157895,0.8210526315789474,1.0,21.148708815672308,20693.00979519145,0,0,0,112,902,0.02559537057645226,20.688404184286668,0.4656131760516359,0.8837948252383114,success
pd1.psizemedium.occmedium.slottft_tight.loadhigh.s20260818,chunked_prefill_large,0.5789473684210527,0.5789473684210527,1.0,0.016783047273598056,0.045795244702989235,0.05000139536673325,0.0010000000000000002,0.0010000000000000002,0.0006356788525454256,0.016147368421052632,0.9894736842105263,1.0,21.148708815672308,20693.00979519145,0,0,0,130,1079,0.029824170932561764,20.688404184286668,0.3202759848653461,0.9491602360417613,success
pd1.psizemedium.occmedium.slottft_tight.loadhigh.s20260818,adaptive_prefill_control,0.5578947368421052,0.5578947368421052,1.0,0.02365673148412438,0.05856356516023998,0.07083462809836019,0.0010000000000000002,0.0010000000000000002,0.0006356788525454257,0.02302105263157895,0.8210526315789474,1.0,21.148708815672308,20693.00979519145,0,0,0,112,902,0.02559537057645226,20.688404184286668,0.4656131760516359,0.8837948252383114,success
pd1.psizemedium.occmedium.slottft_tight.loadhigh.s20260819,chunked_prefill_small,0.5263157894736842,0.5263157894736842,1.0,0.02751086062754381,0.06980193673377633,0.08643146660199222,0.0010000000000000002,0.0010000000000000002,0.0006582290485964465,0.026852631578947374,0.7789473684210526,1.0,21.869244935543275,22990.331491712706,0,0,0,127,1151,0.02991944764096663,22.985040276179518,0.5652474108170311,0.907210355987055,success
pd1.psizemedium.occmedium.slottft_tight.loadhigh.s20260819,decode_priority_chunked,0.5263157894736842,0.5263157894736842,1.0,0.02751086062754381,0.06980193673377633,0.08643146660199222,0.0010000000000000002,0.0010000000000000002,0.0006582290485964465,0.026852631578947374,0.7789473684210526,1.0,21.869244935543275,22990.331491712706,0,0,0,127,1151,0.02991944764096663,22.985040276179518,0.5652474108170311,0.907210355987055,success
pd1.psizemedium.occmedium.slottft_tight.loadhigh.s20260819,chunked_prefill_large,0.5473684210526316,0.5473684210526316,1.0,0.020289807995964873,0.05535971477326611,0.0639477778304508,0.0010000000000000002,0.0010000000000000002,0.0006582290485964465,0.01963157894736842,0.8736842105263158,1.0,21.879318286503914,23000.921234454167,0,0,0,143,1381,0.033847570803591985,22.99562514390974,0.4075523831452913,0.9668608414239482,success
pd1.psizemedium.occmedium.slotbt_tight.loadmoderate.s20260818,full_prefill,1.0,1.0,1.0,0.008544036823592616,0.027878749266122913,0.03212728115824765,0.0010000000000000002,0.0010000000000000002,0.0006190368235926148,0.007925000000000001,1.0,1.0,18.244013683010262,19618.47206385405,0,0,0,85,386,0.020063839489284085,19.613999088007297,0.12631098951208392,0.9585282384626288,success
pd1.psizemedium.occmedium.slotbt_tight.loadmoderate.s20260818,chunked_prefill_small,1.0,1.0,1.0,0.015356536823592615,0.04695880754485516,0.05025850470025567,0.0010000000000000002,0.0010000000000000002,0.0006190368235926148,0.014737499999999997,1.0,1.0,18.23985408116735,19613.999088007295,0,0,0,68,268,0.01618418053339412,19.60952815135628,0.2505128789605653,0.8341129538505153,success
pd1.psizemedium.occmedium.slottft_tight.loadhigh.s20260819,adaptive_prefill_control,0.5263157894736842,0.5263157894736842,1.0,0.02751086062754381,0.06980193673377633,0.08643146660199222,0.0010000000000000002,0.0010000000000000002,0.0006582290485964465,0.026852631578947374,0.7789473684210526,1.0,21.869244935543275,22990.331491712706,0,0,0,127,1151,0.02991944764096663,22.985040276179518,0.5652474108170311,0.907210355987055,success
pd1.psizemedium.occmedium.slotbt_tight.loadmoderate.s20260818,chunked_prefill_large,1.0,1.0,1.0,0.009394036823592616,0.030828749266122918,0.03512728115824765,0.0010000000000000002,0.0010000000000000002,0.0006190368235926148,0.008775,1.0,1.0,18.244013683010262,19618.47206385405,0,0,0,82,368,0.0196078431372549,19.613999088007297,0.14181486548107616,0.9274244173096005,success
pd1.psizemedium.occmedium.slottft_tight.loadhigh.s20260819,full_prefill,0.5578947368421052,0.5578947368421052,1.0,0.01919507115385961,0.05322418574067588,0.060844469660345374,0.0010000000000000002,0.0010000000000000002,0.0006582290485964465,0.01853684210526316,0.8947368421052632,1.0,21.879318286503914,23000.921234454167,0,0,0,144,1422,0.034308081970987794,22.99562514390974,0.3836058024407092,0.980116504854369,success
pd1.psizemedium.occmedium.slotbt_tight.loadmoderate.s20260818,decode_priority_chunked,1.0,1.0,1.0,0.015356536823592615,0.04695880754485516,0.05025850470025567,0.0010000000000000002,0.0010000000000000002,0.0006190368235926148,0.014737499999999997,1.0,1.0,18.23985408116735,19613.999088007295,0,0,0,68,268,0.01618418053339412,19.60952815135628,0.2505128789605653,0.8341129538505153,success
pd1.psizemedium.occmedium.slotbt_tight.loadmoderate.s20260818,adaptive_prefill_control,1.0,1.0,1.0,0.015356536823592615,0.04695880754485516,0.05025850470025567,0.0010000000000000002,0.0010000000000000002,0.0006190368235926148,0.014737499999999997,1.0,1.0,18.23985408116735,19613.999088007295,0,0,0,68,268,0.01618418053339412,19.60952815135628,0.2505128789605653,0.8341129538505153,success
pd1.psizemedium.occmedium.slotbt_tight.loadmoderate.s20260819,full_prefill,1.0,1.0,1.0,0.010726798678916183,0.03499558838740644,0.03817315773410088,0.0010000000000000002,0.0010000000000000002,0.0005642986789161826,0.0101625,1.0,1.0,18.12004530011325,21519.592298980748,0,0,0,89,559,0.021286231884057972,21.51471920289855,0.1659873188405797,0.9700905461980333,success
pd1.psizemedium.occmedium.slotbt_tight.loadmoderate.s20260819,decode_priority_chunked,1.0,1.0,1.0,0.017589298678916183,0.05261941289624871,0.055069405966872695,0.0010000000000000002,0.0010000000000000002,0.0005642986789161826,0.017025000000000002,1.0,1.0,18.12004530011325,21519.592298980748,0,0,0,76,416,0.018115942028985508,21.51471920289855,0.29030797101449274,0.8604225489241554,success
pd1.psizemedium.occmedium.slotbt_tight.loadmoderate.s20260819,chunked_prefill_small,1.0,1.0,1.0,0.017589298678916183,0.05261941289624871,0.055069405966872695,0.0010000000000000002,0.0010000000000000002,0.0005642986789161826,0.017025000000000002,1.0,1.0,18.12004530011325,21519.592298980748,0,0,0,76,416,0.018115942028985508,21.51471920289855,0.29030797101449274,0.8604225489241554,success
pd1.psizemedium.occmedium.slotbt_tight.loadmoderate.s20260819,chunked_prefill_large,1.0,1.0,1.0,0.011664298678916182,0.03786218198578119,0.04017315773410088,0.0010000000000000002,0.0010000000000000002,0.0005642986789161826,0.011099999999999999,1.0,1.0,18.12004530011325,21519.592298980748,0,0,0,88,542,0.020606884057971016,21.51471920289855,0.18297101449275363,0.9501509103300555,success
pd1.psizemedium.occmedium.slotbt_tight.loadmoderate.s20260819,adaptive_prefill_control,1.0,1.0,1.0,0.017589298678916183,0.05261941289624871,0.055069405966872695,0.0010000000000000002,0.0010000000000000002,0.0005642986789161826,0.017025000000000002,1.0,1.0,18.12004530011325,21519.592298980748,0,0,0,76,416,0.018115942028985508,21.51471920289855,0.29030797101449274,0.8604225489241554,success
pd1.psizemedium.occmedium.slotbt_tight.loadhigh.s20260818,chunked_prefill_small,1.0,1.0,1.0,0.02365673148412438,0.05856356516023998,0.07083462809836019,0.0010000000000000002,0.0010000000000000002,0.0006356788525454257,0.02302105263157895,1.0,1.0,21.148708815672308,20693.00979519145,0,0,0,112,902,0.02559537057645226,20.688404184286668,0.4656131760516359,0.8837948252383114,success
pd1.psizemedium.occmedium.slotbt_tight.loadhigh.s20260818,chunked_prefill_large,1.0,1.0,1.0,0.016783047273598056,0.045795244702989235,0.05000139536673325,0.0010000000000000002,0.0010000000000000002,0.0006356788525454256,0.016147368421052632,1.0,1.0,21.148708815672308,20693.00979519145,0,0,0,130,1079,0.029824170932561764,20.688404184286668,0.3202759848653461,0.9491602360417613,success
pd1.psizemedium.occmedium.slotbt_tight.loadhigh.s20260818,decode_priority_chunked,1.0,1.0,1.0,0.02365673148412438,0.05856356516023998,0.07083462809836019,0.0010000000000000002,0.0010000000000000002,0.0006356788525454257,0.02302105263157895,1.0,1.0,21.148708815672308,20693.00979519145,0,0,0,112,902,0.02559537057645226,20.688404184286668,0.4656131760516359,0.8837948252383114,success
pd1.psizemedium.occmedium.slotbt_tight.loadhigh.s20260818,adaptive_prefill_control,1.0,1.0,1.0,0.02365673148412438,0.05856356516023998,0.07083462809836019,0.0010000000000000002,0.0010000000000000002,0.0006356788525454257,0.02302105263157895,1.0,1.0,21.148708815672308,20693.00979519145,0,0,0,112,902,0.02559537057645226,20.688404184286668,0.4656131760516359,0.8837948252383114,success
pd1.psizemedium.occmedium.slotbt_tight.loadhigh.s20260819,chunked_prefill_small,1.0,1.0,1.0,0.02751086062754381,0.06980193673377633,0.08643146660199222,0.0010000000000000002,0.0010000000000000002,0.0006582290485964465,0.026852631578947374,1.0,1.0,21.869244935543275,22990.331491712706,0,0,0,127,1151,0.02991944764096663,22.985040276179518,0.5652474108170311,0.907210355987055,success
pd1.psizemedium.occmedium.slotbt_tight.loadhigh.s20260819,full_prefill,1.0,1.0,1.0,0.01919507115385961,0.05322418574067588,0.060844469660345374,0.0010000000000000002,0.0010000000000000002,0.0006582290485964465,0.01853684210526316,1.0,1.0,21.879318286503914,23000.921234454167,0,0,0,144,1422,0.034308081970987794,22.99562514390974,0.3836058024407092,0.980116504854369,success
pd1.psizemedium.occmedium.slotbt_tight.loadhigh.s20260818,full_prefill,1.0,1.0,1.0,0.015667257799913847,0.04349524470298923,0.04875157418588944,0.0010000000000000002,0.0010000000000000002,0.0006356788525454256,0.015031578947368422,1.0,1.0,21.148708815672308,20693.00979519145,0,0,0,132,1103,0.030046739372357,20.688404184286668,0.29668373024705097,0.9709487063095779,success
pd1.psizemedium.occmedium.slotbt_tight.loadhigh.s20260819,chunked_prefill_large,1.0,1.0,1.0,0.020289807995964873,0.05535971477326611,0.0639477778304508,0.0010000000000000002,0.0010000000000000002,0.0006582290485964465,0.01963157894736842,1.0,1.0,21.879318286503914,23000.921234454167,0,0,0,143,1381,0.033847570803591985,22.99562514390974,0.4075523831452913,0.9668608414239482,success
pd1.psizemedium.occmedium.slotbt_tight.loadhigh.s20260819,decode_priority_chunked,1.0,1.0,1.0,0.02751086062754381,0.06980193673377633,0.08643146660199222,0.0010000000000000002,0.0010000000000000002,0.0006582290485964465,0.026852631578947374,1.0,1.0,21.869244935543275,22990.331491712706,0,0,0,127,1151,0.02991944764096663,22.985040276179518,0.5652474108170311,0.907210355987055,success
pd1.psizemedium.occmedium.slobalanced.loadmoderate.s20260818,full_prefill,0.975,0.975,1.0,0.008544036823592616,0.027878749266122913,0.03212728115824765,0.0010000000000000002,0.0010000000000000002,0.0006190368235926148,0.007925000000000001,1.0,1.0,18.244013683010262,19618.47206385405,0,0,0,85,386,0.020063839489284085,19.613999088007297,0.12631098951208392,0.9585282384626288,success
pd1.psizemedium.occmedium.slotbt_tight.loadhigh.s20260819,adaptive_prefill_control,1.0,1.0,1.0,0.02751086062754381,0.06980193673377633,0.08643146660199222,0.0010000000000000002,0.0010000000000000002,0.0006582290485964465,0.026852631578947374,1.0,1.0,21.869244935543275,22990.331491712706,0,0,0,127,1151,0.02991944764096663,22.985040276179518,0.5652474108170311,0.907210355987055,success
pd1.psizemedium.occmedium.slobalanced.loadmoderate.s20260818,chunked_prefill_small,0.975,0.975,1.0,0.015356536823592615,0.04695880754485516,0.05025850470025567,0.0010000000000000002,0.0010000000000000002,0.0006190368235926148,0.014737499999999997,1.0,1.0,18.23985408116735,19613.999088007295,0,0,0,68,268,0.01618418053339412,19.60952815135628,0.2505128789605653,0.8341129538505153,success
pd1.psizemedium.occmedium.slobalanced.loadmoderate.s20260818,decode_priority_chunked,0.975,0.975,1.0,0.015356536823592615,0.04695880754485516,0.05025850470025567,0.0010000000000000002,0.0010000000000000002,0.0006190368235926148,0.014737499999999997,1.0,1.0,18.23985408116735,19613.999088007295,0,0,0,68,268,0.01618418053339412,19.60952815135628,0.2505128789605653,0.8341129538505153,success
pd1.psizemedium.occmedium.slobalanced.loadmoderate.s20260818,chunked_prefill_large,0.975,0.975,1.0,0.009394036823592616,0.030828749266122918,0.03512728115824765,0.0010000000000000002,0.0010000000000000002,0.0006190368235926148,0.008775,1.0,1.0,18.244013683010262,19618.47206385405,0,0,0,82,368,0.0196078431372549,19.613999088007297,0.14181486548107616,0.9274244173096005,success
pd1.psizemedium.occmedium.slobalanced.loadmoderate.s20260819,full_prefill,0.975,0.975,1.0,0.010726798678916183,0.03499558838740644,0.03817315773410088,0.0010000000000000002,0.0010000000000000002,0.0005642986789161826,0.0101625,1.0,1.0,18.12004530011325,21519.592298980748,0,0,0,89,559,0.021286231884057972,21.51471920289855,0.1659873188405797,0.9700905461980333,success
pd1.psizemedium.occmedium.slobalanced.loadmoderate.s20260819,chunked_prefill_small,0.9625,0.9625,1.0,0.017589298678916183,0.05261941289624871,0.055069405966872695,0.0010000000000000002,0.0010000000000000002,0.0005642986789161826,0.017025000000000002,1.0,1.0,18.12004530011325,21519.592298980748,0,0,0,76,416,0.018115942028985508,21.51471920289855,0.29030797101449274,0.8604225489241554,success
pd1.psizemedium.occmedium.slobalanced.loadmoderate.s20260819,decode_priority_chunked,0.9625,0.9625,1.0,0.017589298678916183,0.05261941289624871,0.055069405966872695,0.0010000000000000002,0.0010000000000000002,0.0005642986789161826,0.017025000000000002,1.0,1.0,18.12004530011325,21519.592298980748,0,0,0,76,416,0.018115942028985508,21.51471920289855,0.29030797101449274,0.8604225489241554,success
pd1.psizemedium.occmedium.slobalanced.loadmoderate.s20260819,chunked_prefill_large,0.975,0.975,1.0,0.011664298678916182,0.03786218198578119,0.04017315773410088,0.0010000000000000002,0.0010000000000000002,0.0005642986789161826,0.011099999999999999,1.0,1.0,18.12004530011325,21519.592298980748,0,0,0,88,542,0.020606884057971016,21.51471920289855,0.18297101449275363,0.9501509103300555,success
pd1.psizemedium.occmedium.slobalanced.loadmoderate.s20260818,adaptive_prefill_control,0.975,0.975,1.0,0.015356536823592615,0.04695880754485516,0.05025850470025567,0.0010000000000000002,0.0010000000000000002,0.0006190368235926148,0.014737499999999997,1.0,1.0,18.23985408116735,19613.999088007295,0,0,0,68,268,0.01618418053339412,19.60952815135628,0.2505128789605653,0.8341129538505153,success
pd1.psizemedium.occmedium.slobalanced.loadhigh.s20260818,full_prefill,0.9263157894736842,0.9263157894736842,1.0,0.015667257799913847,0.04349524470298923,0.04875157418588944,0.0010000000000000002,0.0010000000000000002,0.0006356788525454256,0.015031578947368422,1.0,1.0,21.148708815672308,20693.00979519145,0,0,0,132,1103,0.030046739372357,20.688404184286668,0.29668373024705097,0.9709487063095779,success
pd1.psizemedium.occmedium.slobalanced.loadmoderate.s20260819,adaptive_prefill_control,0.9625,0.9625,1.0,0.017589298678916183,0.05261941289624871,0.055069405966872695,0.0010000000000000002,0.0010000000000000002,0.0005642986789161826,0.017025000000000002,1.0,1.0,18.12004530011325,21519.592298980748,0,0,0,76,416,0.018115942028985508,21.51471920289855,0.29030797101449274,0.8604225489241554,success
pd1.psizemedium.occmedium.slobalanced.loadhigh.s20260818,chunked_prefill_small,0.9263157894736842,0.9263157894736842,1.0,0.02365673148412438,0.05856356516023998,0.07083462809836019,0.0010000000000000002,0.0010000000000000002,0.0006356788525454257,0.02302105263157895,1.0,1.0,21.148708815672308,20693.00979519145,0,0,0,112,902,0.02559537057645226,20.688404184286668,0.4656131760516359,0.8837948252383114,success
pd1.psizemedium.occmedium.slobalanced.loadhigh.s20260818,chunked_prefill_large,0.9263157894736842,0.9263157894736842,1.0,0.016783047273598056,0.045795244702989235,0.05000139536673325,0.0010000000000000002,0.0010000000000000002,0.0006356788525454256,0.016147368421052632,1.0,1.0,21.148708815672308,20693.00979519145,0,0,0,130,1079,0.029824170932561764,20.688404184286668,0.3202759848653461,0.9491602360417613,success
pd1.psizemedium.occmedium.slobalanced.loadhigh.s20260818,decode_priority_chunked,0.9263157894736842,0.9263157894736842,1.0,0.02365673148412438,0.05856356516023998,0.07083462809836019,0.0010000000000000002,0.0010000000000000002,0.0006356788525454257,0.02302105263157895,1.0,1.0,21.148708815672308,20693.00979519145,0,0,0,112,902,0.02559537057645226,20.688404184286668,0.4656131760516359,0.8837948252383114,success
pd1.psizemedium.occmedium.slobalanced.loadhigh.s20260818,adaptive_prefill_control,0.9263157894736842,0.9263157894736842,1.0,0.02365673148412438,0.05856356516023998,0.07083462809836019,0.0010000000000000002,0.0010000000000000002,0.0006356788525454257,0.02302105263157895,1.0,1.0,21.148708815672308,20693.00979519145,0,0,0,112,902,0.02559537057645226,20.688404184286668,0.4656131760516359,0.8837948252383114,success
pd1.psizemedium.occmedium.slobalanced.loadhigh.s20260819,full_prefill,0.9578947368421052,0.9578947368421052,1.0,0.01919507115385961,0.05322418574067588,0.060844469660345374,0.0010000000000000002,0.0010000000000000002,0.0006582290485964465,0.01853684210526316,1.0,1.0,21.879318286503914,23000.921234454167,0,0,0,144,1422,0.034308081970987794,22.99562514390974,0.3836058024407092,0.980116504854369,success
pd1.psizemedium.occmedium.slobalanced.loadhigh.s20260819,decode_priority_chunked,0.9578947368421052,0.9578947368421052,1.0,0.02751086062754381,0.06980193673377633,0.08643146660199222,0.0010000000000000002,0.0010000000000000002,0.0006582290485964465,0.026852631578947374,1.0,1.0,21.869244935543275,22990.331491712706,0,0,0,127,1151,0.02991944764096663,22.985040276179518,0.5652474108170311,0.907210355987055,success
pd1.psizemedium.occmedium.slobalanced.loadhigh.s20260819,chunked_prefill_large,0.9578947368421052,0.9578947368421052,1.0,0.020289807995964873,0.05535971477326611,0.0639477778304508,0.0010000000000000002,0.0010000000000000002,0.0006582290485964465,0.01963157894736842,1.0,1.0,21.879318286503914,23000.921234454167,0,0,0,143,1381,0.033847570803591985,22.99562514390974,0.4075523831452913,0.9668608414239482,success
pd1.psizemedium.occmedium.slobalanced.loadhigh.s20260819,adaptive_prefill_control,0.9578947368421052,0.9578947368421052,1.0,0.02751086062754381,0.06980193673377633,0.08643146660199222,0.0010000000000000002,0.0010000000000000002,0.0006582290485964465,0.026852631578947374,1.0,1.0,21.869244935543275,22990.331491712706,0,0,0,127,1151,0.02991944764096663,22.985040276179518,0.5652474108170311,0.907210355987055,success
pd1.psizemedium.occmedium.slobalanced.loadhigh.s20260819,chunked_prefill_small,0.9578947368421052,0.9578947368421052,1.0,0.02751086062754381,0.06980193673377633,0.08643146660199222,0.0010000000000000002,0.0010000000000000002,0.0006582290485964465,0.026852631578947374,1.0,1.0,21.869244935543275,22990.331491712706,0,0,0,127,1151,0.02991944764096663,22.985040276179518,0.5652474108170311,0.907210355987055,success
pd1.psizemedium.occhigh.slottft_tight.loadmoderate.s20260818,full_prefill,0.7636363636363637,0.7636363636363637,1.0,0.0069004384090427615,0.025870113691099955,0.03179474504444747,0.0010000000000000005,0.0010000000000000002,0.0005913474999518551,0.0063090909090909066,1.0,1.0,20.665038512117224,32735.863235017845,0,0,0,85,386,0.01652892561983471,32.72971450037566,0.10969196093163035,0.9611245040906589,success
pd1.psizemedium.occhigh.slottft_tight.loadmoderate.s20260818,chunked_prefill_small,0.7454545454545455,0.7454545454545455,1.0,0.012200438409042762,0.045160162504126966,0.04977230555062627,0.0010000000000000002,0.0010000000000000002,0.0005913474999518551,0.011609090909090911,0.990909090909091,1.0,20.66115702479339,32729.71450037566,0,0,0,68,270,0.013333333333333334,32.72356807511737,0.2191549295774648,0.8444980163626354,success
pd1.psizemedium.occhigh.slottft_tight.loadmoderate.s20260818,decode_priority_chunked,0.7454545454545455,0.7454545454545455,1.0,0.012200438409042762,0.045160162504126966,0.04977230555062627,0.0010000000000000002,0.0010000000000000002,0.0005913474999518551,0.011609090909090911,0.990909090909091,1.0,20.66115702479339,32729.71450037566,0,0,0,68,270,0.013333333333333334,32.72356807511737,0.2191549295774648,0.8444980163626354,success
pd1.psizemedium.occhigh.slottft_tight.loadmoderate.s20260818,chunked_prefill_large,0.7636363636363637,0.7636363636363637,1.0,0.0075186202272245805,0.027652349800083846,0.03458941243797366,0.0010000000000000005,0.0010000000000000002,0.0005913474999518551,0.0069272727272727255,1.0,1.0,20.665038512117224,32735.863235017845,0,0,0,81,369,0.015965439519158527,32.72971450037566,0.12246431254695718,0.931967882158653,success
pd1.psizemedium.occhigh.slottft_tight.loadmoderate.s20260818,adaptive_prefill_control,0.7454545454545455,0.7454545454545455,1.0,0.012200438409042762,0.045160162504126966,0.04977230555062627,0.0010000000000000002,0.0010000000000000002,0.0005913474999518551,0.011609090909090911,0.990909090909091,1.0,20.66115702479339,32729.71450037566,0,0,0,68,270,0.013333333333333334,32.72356807511737,0.2191549295774648,0.8444980163626354,success
pd1.psizemedium.occhigh.slottft_tight.loadmoderate.s20260819,full_prefill,0.7454545454545455,0.7454545454545455,1.0,0.008724293224913516,0.03272300959122227,0.03666442541834766,0.0010000000000000005,0.0010000000000000002,0.00057883867945897,0.008145454545454544,1.0,1.0,20.340236686390533,33551.96005917159,0,0,0,89,582,0.017378443335182105,33.54575707154742,0.14531336661120356,0.9716965486741971,success
pd1.psizemedium.occhigh.slottft_tight.loadmoderate.s20260819,chunked_prefill_small,0.7363636363636363,0.7363636363636363,1.0,0.014115202315822606,0.049180570985679316,0.05552971997597098,0.0010000000000000005,0.0010000000000000002,0.00057883867945897,0.01353636363636364,0.9545454545454546,1.0,20.336476243298208,33545.75707154742,0,0,0,78,449,0.015157116451016635,33.539556377079485,0.2548983364140481,0.867917227146253,success
pd1.psizemedium.occhigh.slottft_tight.loadmoderate.s20260819,decode_priority_chunked,0.7363636363636363,0.7363636363636363,1.0,0.014115202315822606,0.049180570985679316,0.05552971997597098,0.0010000000000000005,0.0010000000000000002,0.00057883867945897,0.01353636363636364,0.9545454545454546,1.0,20.336476243298208,33545.75707154742,0,0,0,78,449,0.015157116451016635,33.539556377079485,0.2548983364140481,0.867917227146253,success
pd1.psizemedium.occhigh.slottft_tight.loadmoderate.s20260819,adaptive_prefill_control,0.7363636363636363,0.7363636363636363,1.0,0.014115202315822606,0.049180570985679316,0.05552971997597098,0.0010000000000000005,0.0010000000000000002,0.00057883867945897,0.01353636363636364,0.9545454545454546,1.0,20.336476243298208,33545.75707154742,0,0,0,78,449,0.015157116451016635,33.539556377079485,0.2548983364140481,0.867917227146253,success
pd1.psizemedium.occhigh.slottft_tight.loadhigh.s20260818,full_prefill,0.68,0.68,1.0,0.01218201787266887,0.040609031526469885,0.04728398363294281,0.0010000000000000005,0.0010000000000000002,0.0005580178726688705,0.011623999999999999,1.0,1.0,24.112654320987655,33912.2299382716,0,0,0,131,1068,0.026036644165863067,33.90568948891032,0.25612343297974927,0.9721780712121829,success
pd1.psizemedium.occhigh.slottft_tight.loadhigh.s20260818,chunked_prefill_small,0.664,0.664,1.0,0.01851001787266887,0.05456693276950271,0.06939410519544402,0.0010000000000000002,0.0010000000000000002,0.0005580178726688705,0.017952000000000006,0.888,1.0,24.108003857280615,33905.68948891031,0,0,0,113,860,0.022560740455071344,33.89915156189742,0.4086000771307366,0.8887122848487319,success
pd1.psizemedium.occhigh.slottft_tight.loadhigh.s20260818,decode_priority_chunked,0.664,0.664,1.0,0.01851001787266887,0.05456693276950271,0.06939410519544402,0.0010000000000000002,0.0010000000000000002,0.0005580178726688705,0.017952000000000006,0.888,1.0,24.108003857280615,33905.68948891031,0,0,0,113,860,0.022560740455071344,33.89915156189742,0.4086000771307366,0.8887122848487319,success
pd1.psizemedium.occhigh.slottft_tight.loadhigh.s20260818,chunked_prefill_large,0.68,0.68,1.0,0.01303801787266887,0.04260903152646989,0.04852398363294281,0.0010000000000000005,0.0010000000000000002,0.0005580178726688705,0.01248,0.992,1.0,24.112654320987655,33912.2299382716,0,0,0,130,1046,0.02584378013500482,33.90568948891032,0.2767598842815815,0.9513116246213201,success
pd1.psizemedium.occhigh.slottft_tight.loadmoderate.s20260819,chunked_prefill_large,0.7454545454545455,0.7454545454545455,1.0,0.00939702049764079,0.03571282921352457,0.03868037505538968,0.0010000000000000005,0.0010000000000000002,0.00057883867945897,0.008818181818181817,1.0,1.0,20.340236686390533,33551.96005917159,0,0,0,89,564,0.01700868922166759,33.54575707154742,0.1589942688112405,0.9528275811236617,success
pd1.psizemedium.occhigh.slottft_tight.loadhigh.s20260818,adaptive_prefill_control,0.664,0.664,1.0,0.01851001787266887,0.05456693276950271,0.06939410519544402,0.0010000000000000002,0.0010000000000000002,0.0005580178726688705,0.017952000000000006,0.888,1.0,24.108003857280615,33905.68948891031,0,0,0,113,860,0.022560740455071344,33.89915156189742,0.4086000771307366,0.8887122848487319,success
pd1.psizemedium.occhigh.slottft_tight.loadhigh.s20260819,full_prefill,0.664,0.664,1.0,0.016048251940897384,0.051897889348553834,0.06027462530904698,0.0010000000000000005,0.0010000000000000002,0.0006082519408973839,0.015439999999999999,0.92,1.0,23.092554960280804,34807.130980971735,0,0,0,145,1530,0.027705947543405985,34.80070188400443,0.33339490210565204,0.9807759699624531,success
pd1.psizemedium.occhigh.slottft_tight.loadhigh.s20260819,decode_priority_chunked,0.64,0.64,1.0,0.022328251940897388,0.0666404037572845,0.08515649572126743,0.0010000000000000002,0.0010000000000000002,0.000608251940897384,0.02172,0.824,1.0,23.092554960280804,34807.130980971735,0,0,0,130,1230,0.024565940155153305,34.80070188400443,0.4783893609161433,0.910287859824781,success
pd1.psizemedium.occhigh.slottft_tight.loadhigh.s20260819,chunked_prefill_large,0.656,0.656,1.0,0.016912251940897387,0.053492487759173264,0.06268225290618976,0.0010000000000000005,0.0010000000000000002,0.0006082519408973839,0.016303999999999996,0.912,1.0,23.092554960280804,34807.130980971735,0,0,0,146,1492,0.027705947543405985,34.80070188400443,0.3533431843369043,0.9679599499374217,success
pd1.psizemedium.occhigh.slottft_tight.loadhigh.s20260819,chunked_prefill_small,0.64,0.64,1.0,0.022328251940897388,0.0666404037572845,0.08515649572126743,0.0010000000000000002,0.0010000000000000002,0.000608251940897384,0.02172,0.824,1.0,23.092554960280804,34807.130980971735,0,0,0,130,1230,0.024565940155153305,34.80070188400443,0.4783893609161433,0.910287859824781,success
pd1.psizemedium.occhigh.slotbt_tight.loadmoderate.s20260818,full_prefill,1.0,1.0,1.0,0.0069004384090427615,0.025870113691099955,0.03179474504444747,0.0010000000000000005,0.0010000000000000002,0.0005913474999518551,0.0063090909090909066,1.0,1.0,20.665038512117224,32735.863235017845,0,0,0,85,386,0.01652892561983471,32.72971450037566,0.10969196093163035,0.9611245040906589,success
pd1.psizemedium.occhigh.slottft_tight.loadhigh.s20260819,adaptive_prefill_control,0.64,0.64,1.0,0.022328251940897388,0.0666404037572845,0.08515649572126743,0.0010000000000000002,0.0010000000000000002,0.000608251940897384,0.02172,0.824,1.0,23.092554960280804,34807.130980971735,0,0,0,130,1230,0.024565940155153305,34.80070188400443,0.4783893609161433,0.910287859824781,success
pd1.psizemedium.occhigh.slotbt_tight.loadmoderate.s20260818,chunked_prefill_large,1.0,1.0,1.0,0.0075186202272245805,0.027652349800083846,0.03458941243797366,0.0010000000000000005,0.0010000000000000002,0.0005913474999518551,0.0069272727272727255,1.0,1.0,20.665038512117224,32735.863235017845,0,0,0,81,369,0.015965439519158527,32.72971450037566,0.12246431254695718,0.931967882158653,success
pd1.psizemedium.occhigh.slotbt_tight.loadmoderate.s20260818,decode_priority_chunked,1.0,1.0,1.0,0.012200438409042762,0.045160162504126966,0.04977230555062627,0.0010000000000000002,0.0010000000000000002,0.0005913474999518551,0.011609090909090911,1.0,1.0,20.66115702479339,32729.71450037566,0,0,0,68,270,0.013333333333333334,32.72356807511737,0.2191549295774648,0.8444980163626354,success
pd1.psizemedium.occhigh.slotbt_tight.loadmoderate.s20260818,adaptive_prefill_control,1.0,1.0,1.0,0.012200438409042762,0.045160162504126966,0.04977230555062627,0.0010000000000000002,0.0010000000000000002,0.0005913474999518551,0.011609090909090911,1.0,1.0,20.66115702479339,32729.71450037566,0,0,0,68,270,0.013333333333333334,32.72356807511737,0.2191549295774648,0.8444980163626354,success
pd1.psizemedium.occhigh.slotbt_tight.loadmoderate.s20260818,chunked_prefill_small,1.0,1.0,1.0,0.012200438409042762,0.045160162504126966,0.04977230555062627,0.0010000000000000002,0.0010000000000000002,0.0005913474999518551,0.011609090909090911,1.0,1.0,20.66115702479339,32729.71450037566,0,0,0,68,270,0.013333333333333334,32.72356807511737,0.2191549295774648,0.8444980163626354,success
pd1.psizemedium.occhigh.slotbt_tight.loadmoderate.s20260819,full_prefill,1.0,1.0,1.0,0.008724293224913516,0.03272300959122227,0.03666442541834766,0.0010000000000000005,0.0010000000000000002,0.00057883867945897,0.008145454545454544,1.0,1.0,20.340236686390533,33551.96005917159,0,0,0,89,582,0.017378443335182105,33.54575707154742,0.14531336661120356,0.9716965486741971,success
pd1.psizemedium.occhigh.slotbt_tight.loadmoderate.s20260819,decode_priority_chunked,1.0,1.0,1.0,0.014115202315822606,0.049180570985679316,0.05552971997597098,0.0010000000000000005,0.0010000000000000002,0.00057883867945897,0.01353636363636364,1.0,1.0,20.336476243298208,33545.75707154742,0,0,0,78,449,0.015157116451016635,33.539556377079485,0.2548983364140481,0.867917227146253,success
pd1.psizemedium.occhigh.slotbt_tight.loadmoderate.s20260819,chunked_prefill_small,1.0,1.0,1.0,0.014115202315822606,0.049180570985679316,0.05552971997597098,0.0010000000000000005,0.0010000000000000002,0.00057883867945897,0.01353636363636364,1.0,1.0,20.336476243298208,33545.75707154742,0,0,0,78,449,0.015157116451016635,33.539556377079485,0.2548983364140481,0.867917227146253,success
pd1.psizemedium.occhigh.slotbt_tight.loadmoderate.s20260819,chunked_prefill_large,1.0,1.0,1.0,0.00939702049764079,0.03571282921352457,0.03868037505538968,0.0010000000000000005,0.0010000000000000002,0.00057883867945897,0.008818181818181817,1.0,1.0,20.340236686390533,33551.96005917159,0,0,0,89,564,0.01700868922166759,33.54575707154742,0.1589942688112405,0.9528275811236617,success
pd1.psizemedium.occhigh.slotbt_tight.loadmoderate.s20260819,adaptive_prefill_control,1.0,1.0,1.0,0.014115202315822606,0.049180570985679316,0.05552971997597098,0.0010000000000000005,0.0010000000000000002,0.00057883867945897,0.01353636363636364,1.0,1.0,20.336476243298208,33545.75707154742,0,0,0,78,449,0.015157116451016635,33.539556377079485,0.2548983364140481,0.867917227146253,success
pd1.psizemedium.occhigh.slotbt_tight.loadhigh.s20260818,full_prefill,1.0,1.0,1.0,0.01218201787266887,0.040609031526469885,0.04728398363294281,0.0010000000000000005,0.0010000000000000002,0.0005580178726688705,0.011623999999999999,1.0,1.0,24.112654320987655,33912.2299382716,0,0,0,131,1068,0.026036644165863067,33.90568948891032,0.25612343297974927,0.9721780712121829,success
pd1.psizemedium.occhigh.slotbt_tight.loadhigh.s20260818,decode_priority_chunked,1.0,1.0,1.0,0.01851001787266887,0.05456693276950271,0.06939410519544402,0.0010000000000000002,0.0010000000000000002,0.0005580178726688705,0.017952000000000006,1.0,1.0,24.108003857280615,33905.68948891031,0,0,0,113,860,0.022560740455071344,33.89915156189742,0.4086000771307366,0.8887122848487319,success
pd1.psizemedium.occhigh.slotbt_tight.loadhigh.s20260818,chunked_prefill_small,1.0,1.0,1.0,0.01851001787266887,0.05456693276950271,0.06939410519544402,0.0010000000000000002,0.0010000000000000002,0.0005580178726688705,0.017952000000000006,1.0,1.0,24.108003857280615,33905.68948891031,0,0,0,113,860,0.022560740455071344,33.89915156189742,0.4086000771307366,0.8887122848487319,success
pd1.psizemedium.occhigh.slotbt_tight.loadhigh.s20260818,adaptive_prefill_control,1.0,1.0,1.0,0.01851001787266887,0.05456693276950271,0.06939410519544402,0.0010000000000000002,0.0010000000000000002,0.0005580178726688705,0.017952000000000006,1.0,1.0,24.108003857280615,33905.68948891031,0,0,0,113,860,0.022560740455071344,33.89915156189742,0.4086000771307366,0.8887122848487319,success
pd1.psizemedium.occhigh.slotbt_tight.loadhigh.s20260819,full_prefill,1.0,1.0,1.0,0.016048251940897384,0.051897889348553834,0.06027462530904698,0.0010000000000000005,0.0010000000000000002,0.0006082519408973839,0.015439999999999999,1.0,1.0,23.092554960280804,34807.130980971735,0,0,0,145,1530,0.027705947543405985,34.80070188400443,0.33339490210565204,0.9807759699624531,success
pd1.psizemedium.occhigh.slotbt_tight.loadhigh.s20260819,chunked_prefill_small,1.0,1.0,1.0,0.022328251940897388,0.0666404037572845,0.08515649572126743,0.0010000000000000002,0.0010000000000000002,0.000608251940897384,0.02172,1.0,1.0,23.092554960280804,34807.130980971735,0,0,0,130,1230,0.024565940155153305,34.80070188400443,0.4783893609161433,0.910287859824781,success
pd1.psizemedium.occhigh.slotbt_tight.loadhigh.s20260819,chunked_prefill_large,1.0,1.0,1.0,0.016912251940897387,0.053492487759173264,0.06268225290618976,0.0010000000000000005,0.0010000000000000002,0.0006082519408973839,0.016303999999999996,1.0,1.0,23.092554960280804,34807.130980971735,0,0,0,146,1492,0.027705947543405985,34.80070188400443,0.3533431843369043,0.9679599499374217,success
pd1.psizemedium.occhigh.slotbt_tight.loadhigh.s20260819,decode_priority_chunked,1.0,1.0,1.0,0.022328251940897388,0.0666404037572845,0.08515649572126743,0.0010000000000000002,0.0010000000000000002,0.000608251940897384,0.02172,1.0,1.0,23.092554960280804,34807.130980971735,0,0,0,130,1230,0.024565940155153305,34.80070188400443,0.4783893609161433,0.910287859824781,success
pd1.psizemedium.occhigh.slotbt_tight.loadhigh.s20260818,chunked_prefill_large,1.0,1.0,1.0,0.01303801787266887,0.04260903152646989,0.04852398363294281,0.0010000000000000005,0.0010000000000000002,0.0005580178726688705,0.01248,1.0,1.0,24.112654320987655,33912.2299382716,0,0,0,130,1046,0.02584378013500482,33.90568948891032,0.2767598842815815,0.9513116246213201,success
pd1.psizemedium.occhigh.slobalanced.loadmoderate.s20260818,full_prefill,0.9818181818181818,0.9818181818181818,1.0,0.0069004384090427615,0.025870113691099955,0.03179474504444747,0.0010000000000000005,0.0010000000000000002,0.0005913474999518551,0.0063090909090909066,1.0,1.0,20.665038512117224,32735.863235017845,0,0,0,85,386,0.01652892561983471,32.72971450037566,0.10969196093163035,0.9611245040906589,success
pd1.psizemedium.occhigh.slotbt_tight.loadhigh.s20260819,adaptive_prefill_control,1.0,1.0,1.0,0.022328251940897388,0.0666404037572845,0.08515649572126743,0.0010000000000000002,0.0010000000000000002,0.000608251940897384,0.02172,1.0,1.0,23.092554960280804,34807.130980971735,0,0,0,130,1230,0.024565940155153305,34.80070188400443,0.4783893609161433,0.910287859824781,success
pd1.psizemedium.occhigh.slobalanced.loadmoderate.s20260818,chunked_prefill_small,0.9818181818181818,0.9818181818181818,1.0,0.012200438409042762,0.045160162504126966,0.04977230555062627,0.0010000000000000002,0.0010000000000000002,0.0005913474999518551,0.011609090909090911,1.0,1.0,20.66115702479339,32729.71450037566,0,0,0,68,270,0.013333333333333334,32.72356807511737,0.2191549295774648,0.8444980163626354,success
pd1.psizemedium.occhigh.slobalanced.loadmoderate.s20260818,decode_priority_chunked,0.9818181818181818,0.9818181818181818,1.0,0.012200438409042762,0.045160162504126966,0.04977230555062627,0.0010000000000000002,0.0010000000000000002,0.0005913474999518551,0.011609090909090911,1.0,1.0,20.66115702479339,32729.71450037566,0,0,0,68,270,0.013333333333333334,32.72356807511737,0.2191549295774648,0.8444980163626354,success
pd1.psizemedium.occhigh.slobalanced.loadmoderate.s20260818,chunked_prefill_large,0.9818181818181818,0.9818181818181818,1.0,0.0075186202272245805,0.027652349800083846,0.03458941243797366,0.0010000000000000005,0.0010000000000000002,0.0005913474999518551,0.0069272727272727255,1.0,1.0,20.665038512117224,32735.863235017845,0,0,0,81,369,0.015965439519158527,32.72971450037566,0.12246431254695718,0.931967882158653,success
pd1.psizemedium.occhigh.slobalanced.loadmoderate.s20260818,adaptive_prefill_control,0.9818181818181818,0.9818181818181818,1.0,0.012200438409042762,0.045160162504126966,0.04977230555062627,0.0010000000000000002,0.0010000000000000002,0.0005913474999518551,0.011609090909090911,1.0,1.0,20.66115702479339,32729.71450037566,0,0,0,68,270,0.013333333333333334,32.72356807511737,0.2191549295774648,0.8444980163626354,success
pd1.psizemedium.occhigh.slobalanced.loadmoderate.s20260819,full_prefill,0.9818181818181818,0.9818181818181818,1.0,0.008724293224913516,0.03272300959122227,0.03666442541834766,0.0010000000000000005,0.0010000000000000002,0.00057883867945897,0.008145454545454544,1.0,1.0,20.340236686390533,33551.96005917159,0,0,0,89,582,0.017378443335182105,33.54575707154742,0.14531336661120356,0.9716965486741971,success
pd1.psizemedium.occhigh.slobalanced.loadmoderate.s20260819,decode_priority_chunked,0.9727272727272728,0.9727272727272728,1.0,0.014115202315822606,0.049180570985679316,0.05552971997597098,0.0010000000000000005,0.0010000000000000002,0.00057883867945897,0.01353636363636364,1.0,1.0,20.336476243298208,33545.75707154742,0,0,0,78,449,0.015157116451016635,33.539556377079485,0.2548983364140481,0.867917227146253,success
pd1.psizemedium.occhigh.slobalanced.loadmoderate.s20260819,chunked_prefill_large,0.9818181818181818,0.9818181818181818,1.0,0.00939702049764079,0.03571282921352457,0.03868037505538968,0.0010000000000000005,0.0010000000000000002,0.00057883867945897,0.008818181818181817,1.0,1.0,20.340236686390533,33551.96005917159,0,0,0,89,564,0.01700868922166759,33.54575707154742,0.1589942688112405,0.9528275811236617,success
pd1.psizemedium.occhigh.slobalanced.loadmoderate.s20260819,adaptive_prefill_control,0.9727272727272728,0.9727272727272728,1.0,0.014115202315822606,0.049180570985679316,0.05552971997597098,0.0010000000000000005,0.0010000000000000002,0.00057883867945897,0.01353636363636364,1.0,1.0,20.336476243298208,33545.75707154742,0,0,0,78,449,0.015157116451016635,33.539556377079485,0.2548983364140481,0.867917227146253,success
pd1.psizemedium.occhigh.slobalanced.loadhigh.s20260818,full_prefill,0.944,0.944,1.0,0.01218201787266887,0.040609031526469885,0.04728398363294281,0.0010000000000000005,0.0010000000000000002,0.0005580178726688705,0.011623999999999999,1.0,1.0,24.112654320987655,33912.2299382716,0,0,0,131,1068,0.026036644165863067,33.90568948891032,0.25612343297974927,0.9721780712121829,success
pd1.psizemedium.occhigh.slobalanced.loadhigh.s20260818,chunked_prefill_small,0.944,0.944,1.0,0.01851001787266887,0.05456693276950271,0.06939410519544402,0.0010000000000000002,0.0010000000000000002,0.0005580178726688705,0.017952000000000006,1.0,1.0,24.108003857280615,33905.68948891031,0,0,0,113,860,0.022560740455071344,33.89915156189742,0.4086000771307366,0.8887122848487319,success
pd1.psizemedium.occhigh.slobalanced.loadhigh.s20260818,decode_priority_chunked,0.944,0.944,1.0,0.01851001787266887,0.05456693276950271,0.06939410519544402,0.0010000000000000002,0.0010000000000000002,0.0005580178726688705,0.017952000000000006,1.0,1.0,24.108003857280615,33905.68948891031,0,0,0,113,860,0.022560740455071344,33.89915156189742,0.4086000771307366,0.8887122848487319,success
pd1.psizemedium.occhigh.slobalanced.loadhigh.s20260818,chunked_prefill_large,0.944,0.944,1.0,0.01303801787266887,0.04260903152646989,0.04852398363294281,0.0010000000000000005,0.0010000000000000002,0.0005580178726688705,0.01248,1.0,1.0,24.112654320987655,33912.2299382716,0,0,0,130,1046,0.02584378013500482,33.90568948891032,0.2767598842815815,0.9513116246213201,success
pd1.psizemedium.occhigh.slobalanced.loadmoderate.s20260819,chunked_prefill_small,0.9727272727272728,0.9727272727272728,1.0,0.014115202315822606,0.049180570985679316,0.05552971997597098,0.0010000000000000005,0.0010000000000000002,0.00057883867945897,0.01353636363636364,1.0,1.0,20.336476243298208,33545.75707154742,0,0,0,78,449,0.015157116451016635,33.539556377079485,0.2548983364140481,0.867917227146253,success
pd1.psizelong.occlow.slottft_tight.loadmoderate.s20260818,full_prefill,0.2857142857142857,0.2857142857142857,1.0,0.097081498764283,0.24031635101734702,0.2560534638368184,0.0010000000000000002,0.0010000000000000005,0.0006767368595210887,0.0964047619047619,0.40476190476190477,1.0,13.972055888223553,3751.497005988024,0,0,0,302,3650,0.11322789360172537,4.053558590941768,1.4403306973400432,0.9704791471193869,success
pd1.psizelong.occlow.slottft_tight.loadmoderate.s20260818,chunked_prefill_large,0.2857142857142857,0.2857142857142857,1.0,0.1014862606690449,0.24631635101734703,0.26169346383681835,0.0010000000000000002,0.0010000000000000005,0.0006767368595210888,0.10080952380952381,0.38095238095238093,1.0,13.972055888223553,3751.497005988024,0,0,0,294,3521,0.11143062544931703,4.053558590941768,1.5068296189791517,0.9479103039615121,success
pd1.psizelong.occlow.slottft_tight.loadmoderate.s20260818,chunked_prefill_small,0.2857142857142857,0.2857142857142857,1.0,0.12810530828809252,0.28973793746786264,0.29813132211133714,0.0010000000000000002,0.0010000000000000005,0.0006767368595210888,0.12742857142857145,0.2857142857142857,1.0,13.95812562313061,3747.7567298105682,0,0,0,249,2770,0.08997155049786629,4.010312944523471,1.8883357041251778,0.8092731245631379,success
pd1.psizelong.occlow.slottft_tight.loadmoderate.s20260818,decode_priority_chunked,0.2857142857142857,0.2857142857142857,1.0,0.12810530828809252,0.28973793746786264,0.29813132211133714,0.0010000000000000002,0.0010000000000000005,0.0006767368595210888,0.12742857142857145,0.2857142857142857,1.0,13.95812562313061,3747.7567298105682,0,0,0,249,2770,0.08997155049786629,4.010312944523471,1.8883357041251778,0.8092731245631379,success
pd1.psizemedium.occhigh.slobalanced.loadhigh.s20260818,adaptive_prefill_control,0.944,0.944,1.0,0.01851001787266887,0.05456693276950271,0.06939410519544402,0.0010000000000000002,0.0010000000000000002,0.0005580178726688705,0.017952000000000006,1.0,1.0,24.108003857280615,33905.68948891031,0,0,0,113,860,0.022560740455071344,33.89915156189742,0.4086000771307366,0.8887122848487319,success
pd1.psizemedium.occhigh.slobalanced.loadhigh.s20260819,full_prefill,0.968,0.968,1.0,0.016048251940897384,0.051897889348553834,0.06027462530904698,0.0010000000000000005,0.0010000000000000002,0.0006082519408973839,0.015439999999999999,1.0,1.0,23.092554960280804,34807.130980971735,0,0,0,145,1530,0.027705947543405985,34.80070188400443,0.33339490210565204,0.9807759699624531,success
pd1.psizelong.occlow.slottft_tight.loadmoderate.s20260819,full_prefill,0.30952380952380953,0.30952380952380953,1.0,0.10168514613341675,0.2521435371354509,0.26479805751385266,0.0010000000000000002,0.0010000000000000002,0.0006613366096072039,0.10102380952380952,0.40476190476190477,1.0,13.080037371535347,4629.087511678605,0,0,0,312,3836,0.10702451954937045,4.925115970841617,1.3919814446653413,0.9608191411555741,success
pd1.psizelong.occlow.slottft_tight.loadmoderate.s20260818,adaptive_prefill_control,0.2857142857142857,0.2857142857142857,1.0,0.12810530828809252,0.28973793746786264,0.29813132211133714,0.0010000000000000002,0.0010000000000000005,0.0006767368595210888,0.12742857142857145,0.2857142857142857,1.0,13.95812562313061,3747.7567298105682,0,0,0,249,2770,0.08997155049786629,4.010312944523471,1.8883357041251778,0.8092731245631379,success
pd1.psizelong.occlow.slottft_tight.loadmoderate.s20260819,chunked_prefill_small,0.2857142857142857,0.2857142857142857,1.0,0.13282800327627384,0.29113608971837945,0.3046253482130783,0.0009999999999999998,0.0010000000000000002,0.0006613366096072038,0.13216666666666668,0.2857142857142857,1.0,13.07596513075965,4627.646326276463,0,0,0,255,2907,0.08702845797485109,4.918596955658504,1.8229649238914627,0.7688667359117923,success
pd1.psizemedium.occhigh.slobalanced.loadhigh.s20260819,decode_priority_chunked,0.968,0.968,1.0,0.022328251940897388,0.0666404037572845,0.08515649572126743,0.0010000000000000002,0.0010000000000000002,0.000608251940897384,0.02172,1.0,1.0,23.092554960280804,34807.130980971735,0,0,0,130,1230,0.024565940155153305,34.80070188400443,0.4783893609161433,0.910287859824781,success
pd1.psizemedium.occhigh.slobalanced.loadhigh.s20260819,chunked_prefill_small,0.968,0.968,1.0,0.022328251940897388,0.0666404037572845,0.08515649572126743,0.0010000000000000002,0.0010000000000000002,0.000608251940897384,0.02172,1.0,1.0,23.092554960280804,34807.130980971735,0,0,0,130,1230,0.024565940155153305,34.80070188400443,0.4783893609161433,0.910287859824781,success
pd1.psizemedium.occhigh.slobalanced.loadhigh.s20260819,chunked_prefill_large,0.968,0.968,1.0,0.016912251940897387,0.053492487759173264,0.06268225290618976,0.0010000000000000005,0.0010000000000000002,0.0006082519408973839,0.016303999999999996,1.0,1.0,23.092554960280804,34807.130980971735,0,0,0,146,1492,0.027705947543405985,34.80070188400443,0.3533431843369043,0.9679599499374217,success
pd1.psizelong.occlow.slottft_tight.loadmoderate.s20260819,chunked_prefill_large,0.30952380952380953,0.30952380952380953,1.0,0.1060422889905596,0.2591435371354509,0.26979805751385266,0.0010000000000000002,0.0010000000000000002,0.0006613366096072039,0.10538095238095238,0.38095238095238093,1.0,13.080037371535347,4629.087511678605,0,0,0,307,3697,0.1050364479787939,4.925115970841617,1.4526176275679257,0.9262047729968594,success
pd1.psizelong.occlow.slottft_tight.loadmoderate.s20260819,decode_priority_chunked,0.2857142857142857,0.2857142857142857,1.0,0.13282800327627384,0.29113608971837945,0.3046253482130783,0.0009999999999999998,0.0010000000000000002,0.0006613366096072038,0.13216666666666668,0.2857142857142857,1.0,13.07596513075965,4627.646326276463,0,0,0,255,2907,0.08702845797485109,4.918596955658504,1.8229649238914627,0.7688667359117923,success
pd1.psizelong.occlow.slottft_tight.loadhigh.s20260818,full_prefill,0.23076923076923078,0.23076923076923078,1.0,0.13808053329945916,0.32899438033985023,0.3436990236400488,0.001,0.0010000000000000002,0.0007343794533053103,0.13734615384615384,0.3269230769230769,1.0,22.569444444444443,7038.628472222222,0,0,0,410,6614,0.18394793926247288,7.035574837310195,3.0759219088937093,0.9783824357290298,success
pd1.psizelong.occlow.slottft_tight.loadhigh.s20260818,chunked_prefill_small,0.23076923076923078,0.23076923076923078,1.0,0.17059976406868993,0.3627245810113139,0.3794938365368516,0.001,0.0010000000000000005,0.0007343794533053103,0.16986538461538464,0.23076923076923078,1.0,22.559652928416483,7035.574837310195,0,0,0,345,5346,0.16825672159583693,7.032523850823938,3.807892454466609,0.8582848564458623,success
pd1.psizelong.occlow.slottft_tight.loadhigh.s20260818,decode_priority_chunked,0.23076923076923078,0.23076923076923078,1.0,0.17059976406868993,0.3627245810113139,0.3794938365368516,0.001,0.0010000000000000005,0.0007343794533053103,0.16986538461538464,0.23076923076923078,1.0,22.559652928416483,7035.574837310195,0,0,0,345,5346,0.16825672159583693,7.032523850823938,3.807892454466609,0.8582848564458623,success
pd1.psizelong.occlow.slottft_tight.loadhigh.s20260818,chunked_prefill_large,0.23076923076923078,0.23076923076923078,1.0,0.14279207176099762,0.33419438033985027,0.35020902364004874,0.001,0.0010000000000000002,0.0007343794533053103,0.14205769230769227,0.3076923076923077,1.0,22.569444444444443,7038.628472222222,0,0,0,403,6436,0.1809110629067245,7.035574837310195,3.1822125813449023,0.9615687746293864,success
pd1.psizelong.occlow.slottft_tight.loadhigh.s20260818,adaptive_prefill_control,0.23076923076923078,0.23076923076923078,1.0,0.17059976406868993,0.3627245810113139,0.3794938365368516,0.001,0.0010000000000000005,0.0007343794533053103,0.16986538461538464,0.23076923076923078,1.0,22.559652928416483,7035.574837310195,0,0,0,345,5346,0.16825672159583693,7.032523850823938,3.807892454466609,0.8582848564458623,success
pd1.psizemedium.occhigh.slobalanced.loadhigh.s20260819,adaptive_prefill_control,0.968,0.968,1.0,0.022328251940897388,0.0666404037572845,0.08515649572126743,0.0010000000000000002,0.0010000000000000002,0.000608251940897384,0.02172,1.0,1.0,23.092554960280804,34807.130980971735,0,0,0,130,1230,0.024565940155153305,34.80070188400443,0.4783893609161433,0.910287859824781,success
pd1.psizelong.occlow.slottft_tight.loadmoderate.s20260819,adaptive_prefill_control,0.2857142857142857,0.2857142857142857,1.0,0.13282800327627384,0.29113608971837945,0.3046253482130783,0.0009999999999999998,0.0010000000000000002,0.0006613366096072038,0.13216666666666668,0.2857142857142857,1.0,13.07596513075965,4627.646326276463,0,0,0,255,2907,0.08702845797485109,4.918596955658504,1.8229649238914627,0.7688667359117923,success
pd1.psizelong.occlow.slottft_tight.loadhigh.s20260819,full_prefill,0.23076923076923078,0.23076923076923078,1.0,0.14215368709739376,0.32889707882347574,0.3438109757155588,0.001,0.0010000000000000002,0.0006921486358553118,0.14146153846153847,0.3269230769230769,1.0,15.762352227947863,5583.510154592301,0,0,0,411,6829,0.12818181818181817,5.581818181818182,2.2133333333333334,0.9710382668212801,success
pd1.psizelong.occlow.slottft_tight.loadhigh.s20260819,chunked_prefill_small,0.23076923076923078,0.23076923076923078,1.0,0.17455753325123996,0.3621675178308579,0.38010097571555884,0.001,0.0010000000000000002,0.0006921486358553118,0.17386538461538464,0.23076923076923078,1.0,15.757575757575756,5581.818181818181,0,0,0,376,5569,0.11814601635867919,5.580127234171464,2.7231142078158133,0.8238161231627872,success
pd1.psizelong.occlow.slottft_tight.loadhigh.s20260819,chunked_prefill_large,0.23076923076923078,0.23076923076923078,1.0,0.1467113794050861,0.3331470788234757,0.34877097571555876,0.001,0.0010000000000000002,0.0006921486358553118,0.14601923076923076,0.3076923076923077,1.0,15.762352227947863,5583.510154592301,0,0,0,407,6647,0.12545454545454546,5.581818181818182,2.285151515151515,0.9444900114074535,success
pd1.psizelong.occlow.slottft_tight.loadhigh.s20260819,decode_priority_chunked,0.23076923076923078,0.23076923076923078,1.0,0.17455753325123996,0.3621675178308579,0.38010097571555884,0.001,0.0010000000000000002,0.0006921486358553118,0.17386538461538464,0.23076923076923078,1.0,15.757575757575756,5581.818181818181,0,0,0,376,5569,0.11814601635867919,5.580127234171464,2.7231142078158133,0.8238161231627872,success
pd1.psizelong.occlow.slotbt_tight.loadmoderate.s20260818,full_prefill,1.0,1.0,1.0,0.097081498764283,0.24031635101734702,0.2560534638368184,0.0010000000000000002,0.0010000000000000005,0.0006767368595210887,0.0964047619047619,1.0,1.0,13.972055888223553,3751.497005988024,0,0,0,302,3650,0.11322789360172537,4.053558590941768,1.4403306973400432,0.9704791471193869,success
pd1.psizelong.occlow.slottft_tight.loadhigh.s20260819,adaptive_prefill_control,0.23076923076923078,0.23076923076923078,1.0,0.17455753325123996,0.3621675178308579,0.38010097571555884,0.001,0.0010000000000000002,0.0006921486358553118,0.17386538461538464,0.23076923076923078,1.0,15.757575757575756,5581.818181818181,0,0,0,376,5569,0.11814601635867919,5.580127234171464,2.7231142078158133,0.8238161231627872,success
pd1.psizelong.occlow.slotbt_tight.loadmoderate.s20260818,chunked_prefill_small,1.0,1.0,1.0,0.12810530828809252,0.28973793746786264,0.29813132211133714,0.0010000000000000002,0.0010000000000000005,0.0006767368595210888,0.12742857142857145,1.0,1.0,13.95812562313061,3747.7567298105682,0,0,0,249,2770,0.08997155049786629,4.010312944523471,1.8883357041251778,0.8092731245631379,success
pd1.psizelong.occlow.slotbt_tight.loadmoderate.s20260818,decode_priority_chunked,1.0,1.0,1.0,0.12810530828809252,0.28973793746786264,0.29813132211133714,0.0010000000000000002,0.0010000000000000005,0.0006767368595210888,0.12742857142857145,1.0,1.0,13.95812562313061,3747.7567298105682,0,0,0,249,2770,0.08997155049786629,4.010312944523471,1.8883357041251778,0.8092731245631379,success
pd1.psizelong.occlow.slotbt_tight.loadmoderate.s20260818,adaptive_prefill_control,1.0,1.0,1.0,0.12810530828809252,0.28973793746786264,0.29813132211133714,0.0010000000000000002,0.0010000000000000005,0.0006767368595210888,0.12742857142857145,1.0,1.0,13.95812562313061,3747.7567298105682,0,0,0,249,2770,0.08997155049786629,4.010312944523471,1.8883357041251778,0.8092731245631379,success
pd1.psizelong.occlow.slotbt_tight.loadmoderate.s20260819,full_prefill,1.0,1.0,1.0,0.10168514613341675,0.2521435371354509,0.26479805751385266,0.0010000000000000002,0.0010000000000000002,0.0006613366096072039,0.10102380952380952,1.0,1.0,13.080037371535347,4629.087511678605,0,0,0,312,3836,0.10702451954937045,4.925115970841617,1.3919814446653413,0.9608191411555741,success
pd1.psizelong.occlow.slotbt_tight.loadmoderate.s20260819,chunked_prefill_small,1.0,1.0,1.0,0.13282800327627384,0.29113608971837945,0.3046253482130783,0.0009999999999999998,0.0010000000000000002,0.0006613366096072038,0.13216666666666668,1.0,1.0,13.07596513075965,4627.646326276463,0,0,0,255,2907,0.08702845797485109,4.918596955658504,1.8229649238914627,0.7688667359117923,success
pd1.psizelong.occlow.slotbt_tight.loadmoderate.s20260819,chunked_prefill_large,1.0,1.0,1.0,0.1060422889905596,0.2591435371354509,0.26979805751385266,0.0010000000000000002,0.0010000000000000002,0.0006613366096072039,0.10538095238095238,1.0,1.0,13.080037371535347,4629.087511678605,0,0,0,307,3697,0.1050364479787939,4.925115970841617,1.4526176275679257,0.9262047729968594,success
pd1.psizelong.occlow.slotbt_tight.loadmoderate.s20260819,decode_priority_chunked,1.0,1.0,1.0,0.13282800327627384,0.29113608971837945,0.3046253482130783,0.0009999999999999998,0.0010000000000000002,0.0006613366096072038,0.13216666666666668,1.0,1.0,13.07596513075965,4627.646326276463,0,0,0,255,2907,0.08702845797485109,4.918596955658504,1.8229649238914627,0.7688667359117923,success
pd1.psizelong.occlow.slotbt_tight.loadmoderate.s20260818,chunked_prefill_large,1.0,1.0,1.0,0.1014862606690449,0.24631635101734703,0.26169346383681835,0.0010000000000000002,0.0010000000000000005,0.0006767368595210888,0.10080952380952381,1.0,1.0,13.972055888223553,3751.497005988024,0,0,0,294,3521,0.11143062544931703,4.053558590941768,1.5068296189791517,0.9479103039615121,success
pd1.psizelong.occlow.slotbt_tight.loadhigh.s20260818,full_prefill,1.0,1.0,1.0,0.13808053329945916,0.32899438033985023,0.3436990236400488,0.001,0.0010000000000000002,0.0007343794533053103,0.13734615384615384,1.0,1.0,22.569444444444443,7038.628472222222,0,0,0,410,6614,0.18394793926247288,7.035574837310195,3.0759219088937093,0.9783824357290298,success
pd1.psizelong.occlow.slotbt_tight.loadmoderate.s20260819,adaptive_prefill_control,1.0,1.0,1.0,0.13282800327627384,0.29113608971837945,0.3046253482130783,0.0009999999999999998,0.0010000000000000002,0.0006613366096072038,0.13216666666666668,1.0,1.0,13.07596513075965,4627.646326276463,0,0,0,255,2907,0.08702845797485109,4.918596955658504,1.8229649238914627,0.7688667359117923,success
pd1.psizelong.occlow.slotbt_tight.loadhigh.s20260818,chunked_prefill_small,1.0,1.0,1.0,0.17059976406868993,0.3627245810113139,0.3794938365368516,0.001,0.0010000000000000005,0.0007343794533053103,0.16986538461538464,1.0,1.0,22.559652928416483,7035.574837310195,0,0,0,345,5346,0.16825672159583693,7.032523850823938,3.807892454466609,0.8582848564458623,success
pd1.psizelong.occlow.slotbt_tight.loadhigh.s20260818,chunked_prefill_large,1.0,1.0,1.0,0.14279207176099762,0.33419438033985027,0.35020902364004874,0.001,0.0010000000000000002,0.0007343794533053103,0.14205769230769227,1.0,1.0,22.569444444444443,7038.628472222222,0,0,0,403,6436,0.1809110629067245,7.035574837310195,3.1822125813449023,0.9615687746293864,success
pd1.psizelong.occlow.slotbt_tight.loadhigh.s20260818,decode_priority_chunked,1.0,1.0,1.0,0.17059976406868993,0.3627245810113139,0.3794938365368516,0.001,0.0010000000000000005,0.0007343794533053103,0.16986538461538464,1.0,1.0,22.559652928416483,7035.574837310195,0,0,0,345,5346,0.16825672159583693,7.032523850823938,3.807892454466609,0.8582848564458623,success
pd1.psizelong.occlow.slotbt_tight.loadhigh.s20260818,adaptive_prefill_control,1.0,1.0,1.0,0.17059976406868993,0.3627245810113139,0.3794938365368516,0.001,0.0010000000000000005,0.0007343794533053103,0.16986538461538464,1.0,1.0,22.559652928416483,7035.574837310195,0,0,0,345,5346,0.16825672159583693,7.032523850823938,3.807892454466609,0.8582848564458623,success
pd1.psizelong.occlow.slotbt_tight.loadhigh.s20260819,full_prefill,1.0,1.0,1.0,0.14215368709739376,0.32889707882347574,0.3438109757155588,0.001,0.0010000000000000002,0.0006921486358553118,0.14146153846153847,1.0,1.0,15.762352227947863,5583.510154592301,0,0,0,411,6829,0.12818181818181817,5.581818181818182,2.2133333333333334,0.9710382668212801,success
pd1.psizelong.occlow.slotbt_tight.loadhigh.s20260819,decode_priority_chunked,1.0,1.0,1.0,0.17455753325123996,0.3621675178308579,0.38010097571555884,0.001,0.0010000000000000002,0.0006921486358553118,0.17386538461538464,1.0,1.0,15.757575757575756,5581.818181818181,0,0,0,376,5569,0.11814601635867919,5.580127234171464,2.7231142078158133,0.8238161231627872,success
pd1.psizelong.occlow.slotbt_tight.loadhigh.s20260819,chunked_prefill_large,1.0,1.0,1.0,0.1467113794050861,0.3331470788234757,0.34877097571555876,0.001,0.0010000000000000002,0.0006921486358553118,0.14601923076923076,1.0,1.0,15.762352227947863,5583.510154592301,0,0,0,407,6647,0.12545454545454546,5.581818181818182,2.285151515151515,0.9444900114074535,success
pd1.psizelong.occlow.slobalanced.loadmoderate.s20260818,full_prefill,0.8571428571428571,0.8571428571428571,1.0,0.097081498764283,0.24031635101734702,0.2560534638368184,0.0010000000000000002,0.0010000000000000005,0.0006767368595210887,0.0964047619047619,0.6904761904761905,1.0,13.972055888223553,3751.497005988024,0,0,0,302,3650,0.11322789360172537,4.053558590941768,1.4403306973400432,0.9704791471193869,success
pd1.psizelong.occlow.slobalanced.loadmoderate.s20260818,chunked_prefill_small,0.7380952380952381,0.7380952380952381,1.0,0.12810530828809252,0.28973793746786264,0.29813132211133714,0.0010000000000000002,0.0010000000000000005,0.0006767368595210888,0.12742857142857145,0.5476190476190477,1.0,13.95812562313061,3747.7567298105682,0,0,0,249,2770,0.08997155049786629,4.010312944523471,1.8883357041251778,0.8092731245631379,success
pd1.psizelong.occlow.slobalanced.loadmoderate.s20260818,chunked_prefill_large,0.8571428571428571,0.8571428571428571,1.0,0.1014862606690449,0.24631635101734703,0.26169346383681835,0.0010000000000000002,0.0010000000000000005,0.0006767368595210888,0.10080952380952381,0.6666666666666666,1.0,13.972055888223553,3751.497005988024,0,0,0,294,3521,0.11143062544931703,4.053558590941768,1.5068296189791517,0.9479103039615121,success
pd1.psizelong.occlow.slotbt_tight.loadhigh.s20260819,adaptive_prefill_control,1.0,1.0,1.0,0.17455753325123996,0.3621675178308579,0.38010097571555884,0.001,0.0010000000000000002,0.0006921486358553118,0.17386538461538464,1.0,1.0,15.757575757575756,5581.818181818181,0,0,0,376,5569,0.11814601635867919,5.580127234171464,2.7231142078158133,0.8238161231627872,success
pd1.psizelong.occlow.slobalanced.loadmoderate.s20260818,decode_priority_chunked,0.7380952380952381,0.7380952380952381,1.0,0.12810530828809252,0.28973793746786264,0.29813132211133714,0.0010000000000000002,0.0010000000000000005,0.0006767368595210888,0.12742857142857145,0.5476190476190477,1.0,13.95812562313061,3747.7567298105682,0,0,0,249,2770,0.08997155049786629,4.010312944523471,1.8883357041251778,0.8092731245631379,success
pd1.psizelong.occlow.slobalanced.loadmoderate.s20260818,adaptive_prefill_control,0.7380952380952381,0.7380952380952381,1.0,0.12810530828809252,0.28973793746786264,0.29813132211133714,0.0010000000000000002,0.0010000000000000005,0.0006767368595210888,0.12742857142857145,0.5476190476190477,1.0,13.95812562313061,3747.7567298105682,0,0,0,249,2770,0.08997155049786629,4.010312944523471,1.8883357041251778,0.8092731245631379,success
pd1.psizelong.occlow.slotbt_tight.loadhigh.s20260819,chunked_prefill_small,1.0,1.0,1.0,0.17455753325123996,0.3621675178308579,0.38010097571555884,0.001,0.0010000000000000002,0.0006921486358553118,0.17386538461538464,1.0,1.0,15.757575757575756,5581.818181818181,0,0,0,376,5569,0.11814601635867919,5.580127234171464,2.7231142078158133,0.8238161231627872,success
pd1.psizelong.occlow.slobalanced.loadmoderate.s20260819,full_prefill,0.7857142857142857,0.7857142857142857,1.0,0.10168514613341675,0.2521435371354509,0.26479805751385266,0.0010000000000000002,0.0010000000000000002,0.0006613366096072039,0.10102380952380952,0.6666666666666666,1.0,13.080037371535347,4629.087511678605,0,0,0,312,3836,0.10702451954937045,4.925115970841617,1.3919814446653413,0.9608191411555741,success
pd1.psizelong.occlow.slobalanced.loadmoderate.s20260819,chunked_prefill_small,0.6904761904761905,0.6904761904761905,1.0,0.13282800327627384,0.29113608971837945,0.3046253482130783,0.0009999999999999998,0.0010000000000000002,0.0006613366096072038,0.13216666666666668,0.5238095238095238,1.0,13.07596513075965,4627.646326276463,0,0,0,255,2907,0.08702845797485109,4.918596955658504,1.8229649238914627,0.7688667359117923,success
pd1.psizelong.occlow.slobalanced.loadmoderate.s20260819,chunked_prefill_large,0.7857142857142857,0.7857142857142857,1.0,0.1060422889905596,0.2591435371354509,0.26979805751385266,0.0010000000000000002,0.0010000000000000002,0.0006613366096072039,0.10538095238095238,0.6428571428571429,1.0,13.080037371535347,4629.087511678605,0,0,0,307,3697,0.1050364479787939,4.925115970841617,1.4526176275679257,0.9262047729968594,success
pd1.psizelong.occlow.slobalanced.loadmoderate.s20260819,decode_priority_chunked,0.6904761904761905,0.6904761904761905,1.0,0.13282800327627384,0.29113608971837945,0.3046253482130783,0.0009999999999999998,0.0010000000000000002,0.0006613366096072038,0.13216666666666668,0.5238095238095238,1.0,13.07596513075965,4627.646326276463,0,0,0,255,2907,0.08702845797485109,4.918596955658504,1.8229649238914627,0.7688667359117923,success
pd1.psizelong.occlow.slobalanced.loadhigh.s20260818,full_prefill,0.7115384615384616,0.7115384615384616,1.0,0.13808053329945916,0.32899438033985023,0.3436990236400488,0.001,0.0010000000000000002,0.0007343794533053103,0.13734615384615384,0.5576923076923077,1.0,22.569444444444443,7038.628472222222,0,0,0,410,6614,0.18394793926247288,7.035574837310195,3.0759219088937093,0.9783824357290298,success
pd1.psizelong.occlow.slobalanced.loadmoderate.s20260819,adaptive_prefill_control,0.6904761904761905,0.6904761904761905,1.0,0.13282800327627384,0.29113608971837945,0.3046253482130783,0.0009999999999999998,0.0010000000000000002,0.0006613366096072038,0.13216666666666668,0.5238095238095238,1.0,13.07596513075965,4627.646326276463,0,0,0,255,2907,0.08702845797485109,4.918596955658504,1.8229649238914627,0.7688667359117923,success
pd1.psizelong.occlow.slobalanced.loadhigh.s20260818,chunked_prefill_small,0.6730769230769231,0.6730769230769231,1.0,0.17059976406868993,0.3627245810113139,0.3794938365368516,0.001,0.0010000000000000005,0.0007343794533053103,0.16986538461538464,0.4423076923076923,1.0,22.559652928416483,7035.574837310195,0,0,0,345,5346,0.16825672159583693,7.032523850823938,3.807892454466609,0.8582848564458623,success
pd1.psizelong.occlow.slobalanced.loadhigh.s20260818,decode_priority_chunked,0.6730769230769231,0.6730769230769231,1.0,0.17059976406868993,0.3627245810113139,0.3794938365368516,0.001,0.0010000000000000005,0.0007343794533053103,0.16986538461538464,0.4423076923076923,1.0,22.559652928416483,7035.574837310195,0,0,0,345,5346,0.16825672159583693,7.032523850823938,3.807892454466609,0.8582848564458623,success
pd1.psizelong.occlow.slobalanced.loadhigh.s20260818,adaptive_prefill_control,0.6730769230769231,0.6730769230769231,1.0,0.17059976406868993,0.3627245810113139,0.3794938365368516,0.001,0.0010000000000000005,0.0007343794533053103,0.16986538461538464,0.4423076923076923,1.0,22.559652928416483,7035.574837310195,0,0,0,345,5346,0.16825672159583693,7.032523850823938,3.807892454466609,0.8582848564458623,success
pd1.psizelong.occlow.slobalanced.loadhigh.s20260819,full_prefill,0.5769230769230769,0.5769230769230769,1.0,0.14215368709739376,0.32889707882347574,0.3438109757155588,0.001,0.0010000000000000002,0.0006921486358553118,0.14146153846153847,0.5384615384615384,1.0,15.762352227947863,5583.510154592301,0,0,0,411,6829,0.12818181818181817,5.581818181818182,2.2133333333333334,0.9710382668212801,success
pd1.psizelong.occlow.slobalanced.loadhigh.s20260819,chunked_prefill_small,0.5384615384615384,0.5384615384615384,1.0,0.17455753325123996,0.3621675178308579,0.38010097571555884,0.001,0.0010000000000000002,0.0006921486358553118,0.17386538461538464,0.4230769230769231,1.0,15.757575757575756,5581.818181818181,0,0,0,376,5569,0.11814601635867919,5.580127234171464,2.7231142078158133,0.8238161231627872,success
pd1.psizelong.occlow.slobalanced.loadhigh.s20260818,chunked_prefill_large,0.6923076923076923,0.6923076923076923,1.0,0.14279207176099762,0.33419438033985027,0.35020902364004874,0.001,0.0010000000000000002,0.0007343794533053103,0.14205769230769227,0.5384615384615384,1.0,22.569444444444443,7038.628472222222,0,0,0,403,6436,0.1809110629067245,7.035574837310195,3.1822125813449023,0.9615687746293864,success
pd1.psizelong.occlow.slobalanced.loadhigh.s20260819,chunked_prefill_large,0.5769230769230769,0.5769230769230769,1.0,0.1467113794050861,0.3331470788234757,0.34877097571555876,0.001,0.0010000000000000002,0.0006921486358553118,0.14601923076923076,0.5192307692307693,1.0,15.762352227947863,5583.510154592301,0,0,0,407,6647,0.12545454545454546,5.581818181818182,2.285151515151515,0.9444900114074535,success
pd1.psizelong.occlow.slobalanced.loadhigh.s20260819,decode_priority_chunked,0.5384615384615384,0.5384615384615384,1.0,0.17455753325123996,0.3621675178308579,0.38010097571555884,0.001,0.0010000000000000002,0.0006921486358553118,0.17386538461538464,0.4230769230769231,1.0,15.757575757575756,5581.818181818181,0,0,0,376,5569,0.11814601635867919,5.580127234171464,2.7231142078158133,0.8238161231627872,success
pd1.psizelong.occlow.slobalanced.loadhigh.s20260819,adaptive_prefill_control,0.5384615384615384,0.5384615384615384,1.0,0.17455753325123996,0.3621675178308579,0.38010097571555884,0.001,0.0010000000000000002,0.0006921486358553118,0.17386538461538464,0.4230769230769231,1.0,15.757575757575756,5581.818181818181,0,0,0,376,5569,0.11814601635867919,5.580127234171464,2.7231142078158133,0.8238161231627872,success
pd1.psizelong.occmedium.slottft_tight.loadmoderate.s20260818,full_prefill,0.625,0.625,1.0,0.08854403682359262,0.23894064922701952,0.2531512476546612,0.0010000000000000002,0.0010000000000000002,0.0006190368235926148,0.087925,0.4625,1.0,18.244013683010262,19618.47206385405,0,0,0,317,6554,0.0729594163246694,19.613999088007297,1.585499316005472,0.9717295410344976,success
pd1.psizelong.occmedium.slottft_tight.loadmoderate.s20260818,decode_priority_chunked,0.625,0.625,1.0,0.09626903682359261,0.2764548681643434,0.2940806780910894,0.0010000000000000002,0.0010000000000000002,0.0006190368235926148,0.09565000000000001,0.425,1.0,18.23985408116735,19613.999088007295,0,0,0,279,4929,0.06450877592888078,19.60952815135628,1.7260086619557784,0.8146714356705952,success
pd1.psizelong.occmedium.slottft_tight.loadmoderate.s20260818,chunked_prefill_small,0.625,0.625,1.0,0.09626903682359261,0.2764548681643434,0.2940806780910894,0.0010000000000000002,0.0010000000000000002,0.0006190368235926148,0.09565000000000001,0.425,1.0,18.23985408116735,19613.999088007295,0,0,0,279,4929,0.06450877592888078,19.60952815135628,1.7260086619557784,0.8146714356705952,success
pd1.psizelong.occmedium.slottft_tight.loadmoderate.s20260818,chunked_prefill_large,0.625,0.625,1.0,0.09078153682359262,0.2391624405647183,0.25990386686493566,0.0010000000000000002,0.0010000000000000002,0.0006190368235926148,0.0901625,0.45,1.0,18.244013683010262,19618.47206385405,0,0,0,316,6416,0.07250341997264022,19.613999088007297,1.626310989512084,0.9497414062835512,success
pd1.psizelong.occmedium.slottft_tight.loadmoderate.s20260819,full_prefill,0.6375,0.6375,1.0,0.08856429867891617,0.23655716353411194,0.2642231577341009,0.0010000000000000002,0.0010000000000000002,0.0005642986789161826,0.08800000000000001,0.475,1.0,18.12004530011325,21519.592298980748,0,0,0,325,6553,0.07404891304347826,21.51471920289855,1.576086956521739,0.9631185919754124,success
pd1.psizelong.occmedium.slottft_tight.loadmoderate.s20260819,chunked_prefill_small,0.625,0.625,1.0,0.09786429867891619,0.283928722555116,0.30484222701195823,0.0010000000000000002,0.0010000000000000002,0.0005642986789161826,0.09730000000000001,0.45,1.0,18.12004530011325,21519.592298980748,0,0,0,279,5002,0.06408514492753623,21.51471920289855,1.7445652173913044,0.7756381011837588,success
pd1.psizelong.occmedium.slottft_tight.loadmoderate.s20260819,chunked_prefill_large,0.6375,0.6375,1.0,0.09022679867891618,0.24044918868932788,0.26843315773410087,0.0010000000000000002,0.0010000000000000002,0.0005642986789161826,0.0896625,0.4625,1.0,18.12004530011325,21519.592298980748,0,0,0,321,6361,0.07336956521739131,21.51471920289855,1.6062047101449275,0.9293106346195404,success
pd1.psizelong.occmedium.slottft_tight.loadmoderate.s20260819,decode_priority_chunked,0.625,0.625,1.0,0.09786429867891619,0.283928722555116,0.30484222701195823,0.0010000000000000002,0.0010000000000000002,0.0005642986789161826,0.09730000000000001,0.45,1.0,18.12004530011325,21519.592298980748,0,0,0,279,5002,0.06408514492753623,21.51471920289855,1.7445652173913044,0.7756381011837588,success
pd1.psizelong.occmedium.slottft_tight.loadmoderate.s20260818,adaptive_prefill_control,0.625,0.625,1.0,0.09626903682359261,0.2764548681643434,0.2940806780910894,0.0010000000000000002,0.0010000000000000002,0.0006190368235926148,0.09565000000000001,0.425,1.0,18.23985408116735,19613.999088007295,0,0,0,279,4929,0.06450877592888078,19.60952815135628,1.7260086619557784,0.8146714356705952,success
pd1.psizelong.occmedium.slottft_tight.loadmoderate.s20260819,adaptive_prefill_control,0.625,0.625,1.0,0.09786429867891619,0.283928722555116,0.30484222701195823,0.0010000000000000002,0.0010000000000000002,0.0005642986789161826,0.09730000000000001,0.45,1.0,18.12004530011325,21519.592298980748,0,0,0,279,5002,0.06408514492753623,21.51471920289855,1.7445652173913044,0.7756381011837588,success
pd1.psizelong.occmedium.slottft_tight.loadhigh.s20260818,full_prefill,0.5555555555555556,0.5555555555555556,1.0,0.14653850548327252,0.3366518402493362,0.34716841555009326,0.0010000000000000002,0.0010000000000000002,0.0006273943721614235,0.14591111111111113,0.32222222222222224,1.0,20.604395604395602,21876.373626373625,0,0,0,430,12520,0.09887846189059281,21.87136644541085,2.985122453650721,0.9787724115056478,success
pd1.psizelong.occmedium.slottft_tight.loadhigh.s20260818,decode_priority_chunked,0.5555555555555556,0.5555555555555556,1.0,0.1630718388166059,0.3547700748152015,0.37411042083204105,0.0010000000000000002,0.0010000000000000002,0.0006273943721614235,0.16244444444444447,0.26666666666666666,1.0,20.59967956054017,21871.36644541085,0,0,0,415,10994,0.0954233409610984,21.866361556064074,3.324942791762014,0.8608413643148022,success
pd1.psizelong.occmedium.slottft_tight.loadhigh.s20260818,chunked_prefill_small,0.5555555555555556,0.5555555555555556,1.0,0.1630718388166059,0.3547700748152015,0.37411042083204105,0.0010000000000000002,0.0010000000000000002,0.0006273943721614235,0.16244444444444447,0.26666666666666666,1.0,20.59967956054017,21871.36644541085,0,0,0,415,10994,0.0954233409610984,21.866361556064074,3.324942791762014,0.8608413643148022,success
pd1.psizelong.occmedium.slottft_tight.loadhigh.s20260818,chunked_prefill_large,0.5555555555555556,0.5555555555555556,1.0,0.14839406103882807,0.33645045291290054,0.34892980727455414,0.0010000000000000002,0.0010000000000000002,0.0006273943721614235,0.14776666666666669,0.3111111111111111,1.0,20.604395604395602,21876.373626373625,0,0,0,428,12258,0.09864957656214236,21.87136644541085,3.0233463035019454,0.9622620648989294,success
pd1.psizelong.occmedium.slottft_tight.loadhigh.s20260818,adaptive_prefill_control,0.5555555555555556,0.5555555555555556,1.0,0.1630718388166059,0.3547700748152015,0.37411042083204105,0.0010000000000000002,0.0010000000000000002,0.0006273943721614235,0.16244444444444447,0.26666666666666666,1.0,20.59967956054017,21871.36644541085,0,0,0,415,10994,0.0954233409610984,21.866361556064074,3.324942791762014,0.8608413643148022,success
pd1.psizelong.occmedium.slottft_tight.loadhigh.s20260819,full_prefill,0.5555555555555556,0.5555555555555556,1.0,0.12937505428389146,0.3246422091004665,0.34243030117567597,0.0010000000000000002,0.0010000000000000002,0.0006417209505580947,0.12873333333333337,0.3888888888888889,1.0,21.11684655091506,22610.276865321444,0,0,0,427,10977,0.10063335679099226,22.604973023692235,2.696692470091485,0.9715348656199182,success
pd1.psizelong.occmedium.slottft_tight.loadhigh.s20260819,decode_priority_chunked,0.5555555555555556,0.5555555555555556,1.0,0.14500838761722476,0.3542907912112598,0.37252030117567597,0.0010000000000000002,0.0010000000000000002,0.0006417209505580947,0.14436666666666667,0.34444444444444444,1.0,21.11684655091506,22610.276865321444,0,0,0,408,9387,0.0964109781843772,22.604973023692235,3.0267417311752287,0.8268370991878357,success
pd1.psizelong.occmedium.slottft_tight.loadhigh.s20260819,chunked_prefill_large,0.5555555555555556,0.5555555555555556,1.0,0.13100838761722475,0.32738657756909756,0.34598030117567596,0.0010000000000000002,0.0010000000000000002,0.0006417209505580947,0.1303666666666667,0.37777777777777777,1.0,21.11684655091506,22610.276865321444,0,0,0,423,10698,0.09992962702322308,22.604973023692235,2.7311752287121744,0.9454418257715098,success
pd1.psizelong.occmedium.slotbt_tight.loadmoderate.s20260818,full_prefill,0.8875,0.8875,1.0,0.08854403682359262,0.23894064922701952,0.2531512476546612,0.0010000000000000002,0.0010000000000000002,0.0006190368235926148,0.087925,1.0,1.0,18.244013683010262,19618.47206385405,0,0,0,317,6554,0.0729594163246694,19.613999088007297,1.585499316005472,0.9717295410344976,success
pd1.psizelong.occmedium.slottft_tight.loadhigh.s20260819,adaptive_prefill_control,0.5555555555555556,0.5555555555555556,1.0,0.14500838761722476,0.3542907912112598,0.37252030117567597,0.0010000000000000002,0.0010000000000000002,0.0006417209505580947,0.14436666666666667,0.34444444444444444,1.0,21.11684655091506,22610.276865321444,0,0,0,408,9387,0.0964109781843772,22.604973023692235,3.0267417311752287,0.8268370991878357,success
pd1.psizelong.occmedium.slotbt_tight.loadmoderate.s20260818,chunked_prefill_small,0.9375,0.9375,1.0,0.09626903682359261,0.2764548681643434,0.2940806780910894,0.0010000000000000002,0.0010000000000000002,0.0006190368235926148,0.09565000000000001,1.0,1.0,18.23985408116735,19613.999088007295,0,0,0,279,4929,0.06450877592888078,19.60952815135628,1.7260086619557784,0.8146714356705952,success
pd1.psizelong.occmedium.slotbt_tight.loadmoderate.s20260818,chunked_prefill_large,0.8875,0.8875,1.0,0.09078153682359262,0.2391624405647183,0.25990386686493566,0.0010000000000000002,0.0010000000000000002,0.0006190368235926148,0.0901625,1.0,1.0,18.244013683010262,19618.47206385405,0,0,0,316,6416,0.07250341997264022,19.613999088007297,1.626310989512084,0.9497414062835512,success
pd1.psizelong.occmedium.slottft_tight.loadhigh.s20260819,chunked_prefill_small,0.5555555555555556,0.5555555555555556,1.0,0.14500838761722476,0.3542907912112598,0.37252030117567597,0.0010000000000000002,0.0010000000000000002,0.0006417209505580947,0.14436666666666667,0.34444444444444444,1.0,21.11684655091506,22610.276865321444,0,0,0,408,9387,0.0964109781843772,22.604973023692235,3.0267417311752287,0.8268370991878357,success
pd1.psizelong.occmedium.slotbt_tight.loadmoderate.s20260818,decode_priority_chunked,0.9375,0.9375,1.0,0.09626903682359261,0.2764548681643434,0.2940806780910894,0.0010000000000000002,0.0010000000000000002,0.0006190368235926148,0.09565000000000001,1.0,1.0,18.23985408116735,19613.999088007295,0,0,0,279,4929,0.06450877592888078,19.60952815135628,1.7260086619557784,0.8146714356705952,success
pd1.psizelong.occmedium.slotbt_tight.loadmoderate.s20260818,adaptive_prefill_control,0.9375,0.9375,1.0,0.09626903682359261,0.2764548681643434,0.2940806780910894,0.0010000000000000002,0.0010000000000000002,0.0006190368235926148,0.09565000000000001,1.0,1.0,18.23985408116735,19613.999088007295,0,0,0,279,4929,0.06450877592888078,19.60952815135628,1.7260086619557784,0.8146714356705952,success
pd1.psizelong.occmedium.slotbt_tight.loadmoderate.s20260819,full_prefill,0.8625,0.8625,1.0,0.08856429867891617,0.23655716353411194,0.2642231577341009,0.0010000000000000002,0.0010000000000000002,0.0005642986789161826,0.08800000000000001,1.0,1.0,18.12004530011325,21519.592298980748,0,0,0,325,6553,0.07404891304347826,21.51471920289855,1.576086956521739,0.9631185919754124,success
pd1.psizelong.occmedium.slotbt_tight.loadmoderate.s20260819,decode_priority_chunked,0.9375,0.9375,1.0,0.09786429867891619,0.283928722555116,0.30484222701195823,0.0010000000000000002,0.0010000000000000002,0.0005642986789161826,0.09730000000000001,1.0,1.0,18.12004530011325,21519.592298980748,0,0,0,279,5002,0.06408514492753623,21.51471920289855,1.7445652173913044,0.7756381011837588,success
pd1.psizelong.occmedium.slotbt_tight.loadmoderate.s20260819,chunked_prefill_small,0.9375,0.9375,1.0,0.09786429867891619,0.283928722555116,0.30484222701195823,0.0010000000000000002,0.0010000000000000002,0.0005642986789161826,0.09730000000000001,1.0,1.0,18.12004530011325,21519.592298980748,0,0,0,279,5002,0.06408514492753623,21.51471920289855,1.7445652173913044,0.7756381011837588,success
pd1.psizelong.occmedium.slotbt_tight.loadmoderate.s20260819,chunked_prefill_large,0.8625,0.8625,1.0,0.09022679867891618,0.24044918868932788,0.26843315773410087,0.0010000000000000002,0.0010000000000000002,0.0005642986789161826,0.0896625,1.0,1.0,18.12004530011325,21519.592298980748,0,0,0,321,6361,0.07336956521739131,21.51471920289855,1.6062047101449275,0.9293106346195404,success
pd1.psizelong.occmedium.slotbt_tight.loadmoderate.s20260819,adaptive_prefill_control,0.9375,0.9375,1.0,0.09786429867891619,0.283928722555116,0.30484222701195823,0.0010000000000000002,0.0010000000000000002,0.0005642986789161826,0.09730000000000001,1.0,1.0,18.12004530011325,21519.592298980748,0,0,0,279,5002,0.06408514492753623,21.51471920289855,1.7445652173913044,0.7756381011837588,success
pd1.psizelong.occmedium.slotbt_tight.loadhigh.s20260818,chunked_prefill_small,0.8,0.8,1.0,0.1630718388166059,0.3547700748152015,0.37411042083204105,0.0010000000000000002,0.0010000000000000002,0.0006273943721614235,0.16244444444444447,1.0,1.0,20.59967956054017,21871.36644541085,0,0,0,415,10994,0.0954233409610984,21.866361556064074,3.324942791762014,0.8608413643148022,success
pd1.psizelong.occmedium.slotbt_tight.loadhigh.s20260818,decode_priority_chunked,0.8,0.8,1.0,0.1630718388166059,0.3547700748152015,0.37411042083204105,0.0010000000000000002,0.0010000000000000002,0.0006273943721614235,0.16244444444444447,1.0,1.0,20.59967956054017,21871.36644541085,0,0,0,415,10994,0.0954233409610984,21.866361556064074,3.324942791762014,0.8608413643148022,success
pd1.psizelong.occmedium.slotbt_tight.loadhigh.s20260818,chunked_prefill_large,0.8,0.8,1.0,0.14839406103882807,0.33645045291290054,0.34892980727455414,0.0010000000000000002,0.0010000000000000002,0.0006273943721614235,0.14776666666666669,1.0,1.0,20.604395604395602,21876.373626373625,0,0,0,428,12258,0.09864957656214236,21.87136644541085,3.0233463035019454,0.9622620648989294,success
pd1.psizelong.occmedium.slotbt_tight.loadhigh.s20260818,adaptive_prefill_control,0.8,0.8,1.0,0.1630718388166059,0.3547700748152015,0.37411042083204105,0.0010000000000000002,0.0010000000000000002,0.0006273943721614235,0.16244444444444447,1.0,1.0,20.59967956054017,21871.36644541085,0,0,0,415,10994,0.0954233409610984,21.866361556064074,3.324942791762014,0.8608413643148022,success
pd1.psizelong.occmedium.slotbt_tight.loadhigh.s20260819,full_prefill,0.8222222222222222,0.8222222222222222,1.0,0.12937505428389146,0.3246422091004665,0.34243030117567597,0.0010000000000000002,0.0010000000000000002,0.0006417209505580947,0.12873333333333337,1.0,1.0,21.11684655091506,22610.276865321444,0,0,0,427,10977,0.10063335679099226,22.604973023692235,2.696692470091485,0.9715348656199182,success
pd1.psizelong.occmedium.slotbt_tight.loadhigh.s20260819,chunked_prefill_small,0.8333333333333334,0.8333333333333334,1.0,0.14500838761722476,0.3542907912112598,0.37252030117567597,0.0010000000000000002,0.0010000000000000002,0.0006417209505580947,0.14436666666666667,1.0,1.0,21.11684655091506,22610.276865321444,0,0,0,408,9387,0.0964109781843772,22.604973023692235,3.0267417311752287,0.8268370991878357,success
pd1.psizelong.occmedium.slotbt_tight.loadhigh.s20260819,chunked_prefill_large,0.8222222222222222,0.8222222222222222,1.0,0.13100838761722475,0.32738657756909756,0.34598030117567596,0.0010000000000000002,0.0010000000000000002,0.0006417209505580947,0.1303666666666667,1.0,1.0,21.11684655091506,22610.276865321444,0,0,0,423,10698,0.09992962702322308,22.604973023692235,2.7311752287121744,0.9454418257715098,success
pd1.psizelong.occmedium.slotbt_tight.loadhigh.s20260818,full_prefill,0.8,0.8,1.0,0.14653850548327252,0.3366518402493362,0.34716841555009326,0.0010000000000000002,0.0010000000000000002,0.0006273943721614235,0.14591111111111113,1.0,1.0,20.604395604395602,21876.373626373625,0,0,0,430,12520,0.09887846189059281,21.87136644541085,2.985122453650721,0.9787724115056478,success
pd1.psizelong.occmedium.slotbt_tight.loadhigh.s20260819,decode_priority_chunked,0.8333333333333334,0.8333333333333334,1.0,0.14500838761722476,0.3542907912112598,0.37252030117567597,0.0010000000000000002,0.0010000000000000002,0.0006417209505580947,0.14436666666666667,1.0,1.0,21.11684655091506,22610.276865321444,0,0,0,408,9387,0.0964109781843772,22.604973023692235,3.0267417311752287,0.8268370991878357,success
pd1.psizelong.occmedium.slobalanced.loadmoderate.s20260818,full_prefill,0.925,0.925,1.0,0.08854403682359262,0.23894064922701952,0.2531512476546612,0.0010000000000000002,0.0010000000000000002,0.0006190368235926148,0.087925,0.725,1.0,18.244013683010262,19618.47206385405,0,0,0,317,6554,0.0729594163246694,19.613999088007297,1.585499316005472,0.9717295410344976,success
pd1.psizelong.occmedium.slobalanced.loadmoderate.s20260818,decode_priority_chunked,0.8625,0.8625,1.0,0.09626903682359261,0.2764548681643434,0.2940806780910894,0.0010000000000000002,0.0010000000000000002,0.0006190368235926148,0.09565000000000001,0.7,1.0,18.23985408116735,19613.999088007295,0,0,0,279,4929,0.06450877592888078,19.60952815135628,1.7260086619557784,0.8146714356705952,success
pd1.psizelong.occmedium.slotbt_tight.loadhigh.s20260819,adaptive_prefill_control,0.8333333333333334,0.8333333333333334,1.0,0.14500838761722476,0.3542907912112598,0.37252030117567597,0.0010000000000000002,0.0010000000000000002,0.0006417209505580947,0.14436666666666667,1.0,1.0,21.11684655091506,22610.276865321444,0,0,0,408,9387,0.0964109781843772,22.604973023692235,3.0267417311752287,0.8268370991878357,success
pd1.psizelong.occmedium.slobalanced.loadmoderate.s20260818,chunked_prefill_large,0.925,0.925,1.0,0.09078153682359262,0.2391624405647183,0.25990386686493566,0.0010000000000000002,0.0010000000000000002,0.0006190368235926148,0.0901625,0.7125,1.0,18.244013683010262,19618.47206385405,0,0,0,316,6416,0.07250341997264022,19.613999088007297,1.626310989512084,0.9497414062835512,success
pd1.psizelong.occmedium.slobalanced.loadmoderate.s20260818,chunked_prefill_small,0.8625,0.8625,1.0,0.09626903682359261,0.2764548681643434,0.2940806780910894,0.0010000000000000002,0.0010000000000000002,0.0006190368235926148,0.09565000000000001,0.7,1.0,18.23985408116735,19613.999088007295,0,0,0,279,4929,0.06450877592888078,19.60952815135628,1.7260086619557784,0.8146714356705952,success
pd1.psizelong.occmedium.slobalanced.loadmoderate.s20260818,adaptive_prefill_control,0.8625,0.8625,1.0,0.09626903682359261,0.2764548681643434,0.2940806780910894,0.0010000000000000002,0.0010000000000000002,0.0006190368235926148,0.09565000000000001,0.7,1.0,18.23985408116735,19613.999088007295,0,0,0,279,4929,0.06450877592888078,19.60952815135628,1.7260086619557784,0.8146714356705952,success
pd1.psizelong.occmedium.slobalanced.loadmoderate.s20260819,chunked_prefill_small,0.8375,0.8375,1.0,0.09786429867891619,0.283928722555116,0.30484222701195823,0.0010000000000000002,0.0010000000000000002,0.0005642986789161826,0.09730000000000001,0.6875,1.0,18.12004530011325,21519.592298980748,0,0,0,279,5002,0.06408514492753623,21.51471920289855,1.7445652173913044,0.7756381011837588,success
pd1.psizelong.occmedium.slobalanced.loadmoderate.s20260819,decode_priority_chunked,0.8375,0.8375,1.0,0.09786429867891619,0.283928722555116,0.30484222701195823,0.0010000000000000002,0.0010000000000000002,0.0005642986789161826,0.09730000000000001,0.6875,1.0,18.12004530011325,21519.592298980748,0,0,0,279,5002,0.06408514492753623,21.51471920289855,1.7445652173913044,0.7756381011837588,success
pd1.psizelong.occmedium.slobalanced.loadmoderate.s20260819,chunked_prefill_large,0.8875,0.8875,1.0,0.09022679867891618,0.24044918868932788,0.26843315773410087,0.0010000000000000002,0.0010000000000000002,0.0005642986789161826,0.0896625,0.675,1.0,18.12004530011325,21519.592298980748,0,0,0,321,6361,0.07336956521739131,21.51471920289855,1.6062047101449275,0.9293106346195404,success
pd1.psizelong.occmedium.slobalanced.loadmoderate.s20260819,adaptive_prefill_control,0.8375,0.8375,1.0,0.09786429867891619,0.283928722555116,0.30484222701195823,0.0010000000000000002,0.0010000000000000002,0.0005642986789161826,0.09730000000000001,0.6875,1.0,18.12004530011325,21519.592298980748,0,0,0,279,5002,0.06408514492753623,21.51471920289855,1.7445652173913044,0.7756381011837588,success
pd1.psizelong.occmedium.slobalanced.loadmoderate.s20260819,full_prefill,0.8875,0.8875,1.0,0.08856429867891617,0.23655716353411194,0.2642231577341009,0.0010000000000000002,0.0010000000000000002,0.0005642986789161826,0.08800000000000001,0.6875,1.0,18.12004530011325,21519.592298980748,0,0,0,325,6553,0.07404891304347826,21.51471920289855,1.576086956521739,0.9631185919754124,success
pd1.psizelong.occmedium.slobalanced.loadhigh.s20260818,full_prefill,0.8333333333333334,0.8333333333333334,1.0,0.14653850548327252,0.3366518402493362,0.34716841555009326,0.0010000000000000002,0.0010000000000000002,0.0006273943721614235,0.14591111111111113,0.5444444444444444,1.0,20.604395604395602,21876.373626373625,0,0,0,430,12520,0.09887846189059281,21.87136644541085,2.985122453650721,0.9787724115056478,success
pd1.psizelong.occmedium.slobalanced.loadhigh.s20260818,chunked_prefill_small,0.8111111111111111,0.8111111111111111,1.0,0.1630718388166059,0.3547700748152015,0.37411042083204105,0.0010000000000000002,0.0010000000000000002,0.0006273943721614235,0.16244444444444447,0.4777777777777778,1.0,20.59967956054017,21871.36644541085,0,0,0,415,10994,0.0954233409610984,21.866361556064074,3.324942791762014,0.8608413643148022,success
pd1.psizelong.occmedium.slobalanced.loadhigh.s20260818,chunked_prefill_large,0.8222222222222222,0.8222222222222222,1.0,0.14839406103882807,0.33645045291290054,0.34892980727455414,0.0010000000000000002,0.0010000000000000002,0.0006273943721614235,0.14776666666666669,0.5333333333333333,1.0,20.604395604395602,21876.373626373625,0,0,0,428,12258,0.09864957656214236,21.87136644541085,3.0233463035019454,0.9622620648989294,success
pd1.psizelong.occmedium.slobalanced.loadhigh.s20260818,decode_priority_chunked,0.8111111111111111,0.8111111111111111,1.0,0.1630718388166059,0.3547700748152015,0.37411042083204105,0.0010000000000000002,0.0010000000000000002,0.0006273943721614235,0.16244444444444447,0.4777777777777778,1.0,20.59967956054017,21871.36644541085,0,0,0,415,10994,0.0954233409610984,21.866361556064074,3.324942791762014,0.8608413643148022,success
pd1.psizelong.occmedium.slobalanced.loadhigh.s20260818,adaptive_prefill_control,0.8111111111111111,0.8111111111111111,1.0,0.1630718388166059,0.3547700748152015,0.37411042083204105,0.0010000000000000002,0.0010000000000000002,0.0006273943721614235,0.16244444444444447,0.4777777777777778,1.0,20.59967956054017,21871.36644541085,0,0,0,415,10994,0.0954233409610984,21.866361556064074,3.324942791762014,0.8608413643148022,success
pd1.psizelong.occmedium.slobalanced.loadhigh.s20260819,full_prefill,0.7555555555555555,0.7555555555555555,1.0,0.12937505428389146,0.3246422091004665,0.34243030117567597,0.0010000000000000002,0.0010000000000000002,0.0006417209505580947,0.12873333333333337,0.5555555555555556,1.0,21.11684655091506,22610.276865321444,0,0,0,427,10977,0.10063335679099226,22.604973023692235,2.696692470091485,0.9715348656199182,success
pd1.psizelong.occmedium.slobalanced.loadhigh.s20260819,decode_priority_chunked,0.7333333333333333,0.7333333333333333,1.0,0.14500838761722476,0.3542907912112598,0.37252030117567597,0.0010000000000000002,0.0010000000000000002,0.0006417209505580947,0.14436666666666667,0.5,1.0,21.11684655091506,22610.276865321444,0,0,0,408,9387,0.0964109781843772,22.604973023692235,3.0267417311752287,0.8268370991878357,success
pd1.psizelong.occmedium.slobalanced.loadhigh.s20260819,chunked_prefill_small,0.7333333333333333,0.7333333333333333,1.0,0.14500838761722476,0.3542907912112598,0.37252030117567597,0.0010000000000000002,0.0010000000000000002,0.0006417209505580947,0.14436666666666667,0.5,1.0,21.11684655091506,22610.276865321444,0,0,0,408,9387,0.0964109781843772,22.604973023692235,3.0267417311752287,0.8268370991878357,success
pd1.psizelong.occmedium.slobalanced.loadhigh.s20260819,adaptive_prefill_control,0.7333333333333333,0.7333333333333333,1.0,0.14500838761722476,0.3542907912112598,0.37252030117567597,0.0010000000000000002,0.0010000000000000002,0.0006417209505580947,0.14436666666666667,0.5,1.0,21.11684655091506,22610.276865321444,0,0,0,408,9387,0.0964109781843772,22.604973023692235,3.0267417311752287,0.8268370991878357,success
pd1.psizelong.occmedium.slobalanced.loadhigh.s20260819,chunked_prefill_large,0.7555555555555555,0.7555555555555555,1.0,0.13100838761722475,0.32738657756909756,0.34598030117567596,0.0010000000000000002,0.0010000000000000002,0.0006417209505580947,0.1303666666666667,0.5444444444444444,1.0,21.11684655091506,22610.276865321444,0,0,0,423,10698,0.09992962702322308,22.604973023692235,2.7311752287121744,0.9454418257715098,success
pd1.psizelong.occhigh.slottft_tight.loadmoderate.s20260818,full_prefill,0.7272727272727273,0.7272727272727273,1.0,0.07076407477267913,0.22825303383657944,0.25293142044918016,0.0010000000000000005,0.0010000000000000002,0.000591347499951855,0.07017272727272725,0.5727272727272728,1.0,20.665038512117224,32735.863235017845,0,0,0,318,7179,0.06010518407212622,32.72971450037566,1.4291885800150264,0.9722902071619712,success
pd1.psizelong.occhigh.slottft_tight.loadmoderate.s20260818,chunked_prefill_small,0.7272727272727273,0.7272727272727273,1.0,0.07610952931813365,0.24399303520629598,0.2916633923246224,0.0010000000000000002,0.0010000000000000002,0.0005913474999518551,0.07551818181818182,0.5636363636363636,1.0,20.66115702479339,32729.71450037566,0,0,0,283,5488,0.05352112676056338,32.72356807511737,1.5393427230046948,0.8183469136173668,success
pd1.psizelong.occhigh.slottft_tight.loadmoderate.s20260818,decode_priority_chunked,0.7272727272727273,0.7272727272727273,1.0,0.07610952931813365,0.24399303520629598,0.2916633923246224,0.0010000000000000002,0.0010000000000000002,0.0005913474999518551,0.07551818181818182,0.5636363636363636,1.0,20.66115702479339,32729.71450037566,0,0,0,283,5488,0.05352112676056338,32.72356807511737,1.5393427230046948,0.8183469136173668,success
pd1.psizelong.occhigh.slottft_tight.loadmoderate.s20260818,chunked_prefill_large,0.7272727272727273,0.7272727272727273,1.0,0.07241862022722458,0.23383011309889776,0.25801857001258877,0.0010000000000000002,0.0010000000000000002,0.000591347499951855,0.07182727272727271,0.5636363636363636,1.0,20.665038512117224,32735.863235017845,0,0,0,317,7043,0.05991735537190083,32.72971450037566,1.4633734034560482,0.9507381460657266,success
pd1.psizelong.occhigh.slottft_tight.loadmoderate.s20260818,adaptive_prefill_control,0.7272727272727273,0.7272727272727273,1.0,0.07610952931813365,0.24399303520629598,0.2916633923246224,0.0010000000000000002,0.0010000000000000002,0.0005913474999518551,0.07551818181818182,0.5636363636363636,1.0,20.66115702479339,32729.71450037566,0,0,0,283,5488,0.05352112676056338,32.72356807511737,1.5393427230046948,0.8183469136173668,success
pd1.psizelong.occhigh.slottft_tight.loadmoderate.s20260819,full_prefill,0.7363636363636363,0.7363636363636363,1.0,0.08384247504309535,0.2502572011440854,0.26066442541834767,0.0010000000000000005,0.0010000000000000002,0.00057883867945897,0.0832636363636364,0.5363636363636364,1.0,20.340236686390533,33551.96005917159,0,0,0,327,8610,0.06082455167313736,33.54575707154742,1.6729524865964134,0.9637526400868426,success
pd1.psizelong.occhigh.slottft_tight.loadmoderate.s20260819,chunked_prefill_small,0.7272727272727273,0.7272727272727273,1.0,0.08784247504309532,0.2647726187411448,0.3015867454349026,0.0010000000000000005,0.0010000000000000002,0.00057883867945897,0.08726363636363636,0.4909090909090909,1.0,20.336476243298208,33545.75707154742,0,0,0,292,6724,0.054528650646950096,33.539556377079485,1.7539741219963032,0.7794952271949593,success
pd1.psizelong.occhigh.slottft_tight.loadmoderate.s20260819,decode_priority_chunked,0.7272727272727273,0.7272727272727273,1.0,0.08784247504309532,0.2647726187411448,0.3015867454349026,0.0010000000000000005,0.0010000000000000002,0.00057883867945897,0.08726363636363636,0.4909090909090909,1.0,20.336476243298208,33545.75707154742,0,0,0,292,6724,0.054528650646950096,33.539556377079485,1.7539741219963032,0.7794952271949593,success
pd1.psizelong.occhigh.slottft_tight.loadmoderate.s20260819,adaptive_prefill_control,0.7272727272727273,0.7272727272727273,1.0,0.08784247504309532,0.2647726187411448,0.3015867454349026,0.0010000000000000005,0.0010000000000000002,0.00057883867945897,0.08726363636363636,0.4909090909090909,1.0,20.336476243298208,33545.75707154742,0,0,0,292,6724,0.054528650646950096,33.539556377079485,1.7539741219963032,0.7794952271949593,success
pd1.psizelong.occhigh.slottft_tight.loadhigh.s20260818,full_prefill,0.6666666666666666,0.6666666666666666,1.0,0.11384577667833526,0.31549470860064927,0.3403229706065045,0.0010000000000000005,0.0010000000000000002,0.0005957766783352626,0.11325,0.425,1.0,23.369036027263878,32717.234664070107,0,0,0,432,12916,0.08450155763239875,32.71086448598131,2.6226635514018692,0.9790918949331422,success
pd1.psizelong.occhigh.slottft_tight.loadhigh.s20260818,decode_priority_chunked,0.6666666666666666,0.6666666666666666,1.0,0.1263541100116686,0.35283127884818866,0.3707728748201961,0.0010000000000000005,0.0010000000000000002,0.0005957766783352626,0.12575833333333336,0.38333333333333336,1.0,23.36448598130841,32710.864485981307,0,0,0,418,11358,0.08195444812147168,32.70449678800856,2.9143468950749463,0.8629357556728208,success
pd1.psizelong.occhigh.slottft_tight.loadhigh.s20260818,chunked_prefill_small,0.6666666666666666,0.6666666666666666,1.0,0.1263541100116686,0.35283127884818866,0.3707728748201961,0.0010000000000000005,0.0010000000000000002,0.0005957766783352626,0.12575833333333336,0.38333333333333336,1.0,23.36448598130841,32710.864485981307,0,0,0,418,11358,0.08195444812147168,32.70449678800856,2.9143468950749463,0.8629357556728208,success
pd1.psizelong.occhigh.slottft_tight.loadhigh.s20260818,chunked_prefill_large,0.6666666666666666,0.6666666666666666,1.0,0.11522911001166859,0.31998709000314607,0.34594297060650453,0.0010000000000000005,0.0010000000000000002,0.0005957766783352626,0.11463333333333332,0.4166666666666667,1.0,23.369036027263878,32717.234664070107,0,0,0,431,12651,0.08450155763239875,32.71086448598131,2.6549844236760123,0.9628300354366972,success
pd1.psizelong.occhigh.slottft_tight.loadhigh.s20260818,adaptive_prefill_control,0.6666666666666666,0.6666666666666666,1.0,0.1263541100116686,0.35283127884818866,0.3707728748201961,0.0010000000000000005,0.0010000000000000002,0.0005957766783352626,0.12575833333333336,0.38333333333333336,1.0,23.36448598130841,32710.864485981307,0,0,0,418,11358,0.08195444812147168,32.70449678800856,2.9143468950749463,0.8629357556728208,success
pd1.psizelong.occhigh.slottft_tight.loadmoderate.s20260819,chunked_prefill_large,0.7363636363636363,0.7363636363636363,1.0,0.08502429322491353,0.24907464537846802,0.2651403750553896,0.0010000000000000005,0.0010000000000000002,0.00057883867945897,0.08444545454545459,0.5272727272727272,1.0,20.340236686390533,33551.96005917159,0,0,0,326,8412,0.060639674616380104,33.54575707154742,1.6969865039748566,0.9305258934997818,success
pd1.psizelong.occhigh.slottft_tight.loadhigh.s20260819,full_prefill,0.6666666666666666,0.6666666666666666,1.0,0.11219466382190384,0.31924699001651025,0.3428019750018994,0.0010000000000000002,0.0010000000000000002,0.0005529971552371689,0.11164166666666667,0.4666666666666667,1.0,22.14022140221402,34111.43911439114,0,0,0,430,12725,0.07969009407858328,34.105146651909244,2.4491791182438662,0.9719028673343394,success
pd1.psizelong.occhigh.slottft_tight.loadhigh.s20260819,chunked_prefill_small,0.6666666666666666,0.6666666666666666,1.0,0.12309466382190383,0.34440509937528224,0.3697349109296595,0.0010000000000000005,0.0010000000000000002,0.0005529971552371691,0.12254166666666669,0.425,1.0,22.13613724405091,34105.14665190924,0,0,0,413,10992,0.07654002213205459,34.098856510512725,2.6899668019181115,0.8290757762838981,success
pd1.psizelong.occhigh.slottft_tight.loadhigh.s20260819,decode_priority_chunked,0.6666666666666666,0.6666666666666666,1.0,0.12309466382190383,0.34440509937528224,0.3697349109296595,0.0010000000000000005,0.0010000000000000002,0.0005529971552371691,0.12254166666666669,0.425,1.0,22.13613724405091,34105.14665190924,0,0,0,413,10992,0.07654002213205459,34.098856510512725,2.6899668019181115,0.8290757762838981,success
pd1.psizelong.occhigh.slottft_tight.loadhigh.s20260819,chunked_prefill_large,0.6666666666666666,0.6666666666666666,1.0,0.11332799715523716,0.32617840763863526,0.3453416518999448,0.0010000000000000002,0.0010000000000000002,0.0005529971552371691,0.11277500000000001,0.4583333333333333,1.0,22.14022140221402,34111.43911439114,0,0,0,427,12432,0.07932115845784911,34.105146651909244,2.474266740453791,0.9461471623908172,success
pd1.psizelong.occhigh.slotbt_tight.loadmoderate.s20260818,full_prefill,0.8727272727272727,0.8727272727272727,1.0,0.07076407477267913,0.22825303383657944,0.25293142044918016,0.0010000000000000005,0.0010000000000000002,0.000591347499951855,0.07017272727272725,1.0,1.0,20.665038512117224,32735.863235017845,0,0,0,318,7179,0.06010518407212622,32.72971450037566,1.4291885800150264,0.9722902071619712,success
pd1.psizelong.occhigh.slottft_tight.loadhigh.s20260819,adaptive_prefill_control,0.6666666666666666,0.6666666666666666,1.0,0.12309466382190383,0.34440509937528224,0.3697349109296595,0.0010000000000000005,0.0010000000000000002,0.0005529971552371691,0.12254166666666669,0.425,1.0,22.13613724405091,34105.14665190924,0,0,0,413,10992,0.07654002213205459,34.098856510512725,2.6899668019181115,0.8290757762838981,success
pd1.psizelong.occhigh.slotbt_tight.loadmoderate.s20260818,chunked_prefill_small,0.9181818181818182,0.9181818181818182,1.0,0.07610952931813365,0.24399303520629598,0.2916633923246224,0.0010000000000000002,0.0010000000000000002,0.0005913474999518551,0.07551818181818182,1.0,1.0,20.66115702479339,32729.71450037566,0,0,0,283,5488,0.05352112676056338,32.72356807511737,1.5393427230046948,0.8183469136173668,success
pd1.psizelong.occhigh.slotbt_tight.loadmoderate.s20260818,decode_priority_chunked,0.9181818181818182,0.9181818181818182,1.0,0.07610952931813365,0.24399303520629598,0.2916633923246224,0.0010000000000000002,0.0010000000000000002,0.0005913474999518551,0.07551818181818182,1.0,1.0,20.66115702479339,32729.71450037566,0,0,0,283,5488,0.05352112676056338,32.72356807511737,1.5393427230046948,0.8183469136173668,success
pd1.psizelong.occhigh.slotbt_tight.loadmoderate.s20260818,adaptive_prefill_control,0.9181818181818182,0.9181818181818182,1.0,0.07610952931813365,0.24399303520629598,0.2916633923246224,0.0010000000000000002,0.0010000000000000002,0.0005913474999518551,0.07551818181818182,1.0,1.0,20.66115702479339,32729.71450037566,0,0,0,283,5488,0.05352112676056338,32.72356807511737,1.5393427230046948,0.8183469136173668,success
pd1.psizelong.occhigh.slotbt_tight.loadmoderate.s20260819,full_prefill,0.8454545454545455,0.8454545454545455,1.0,0.08384247504309535,0.2502572011440854,0.26066442541834767,0.0010000000000000005,0.0010000000000000002,0.00057883867945897,0.0832636363636364,1.0,1.0,20.340236686390533,33551.96005917159,0,0,0,327,8610,0.06082455167313736,33.54575707154742,1.6729524865964134,0.9637526400868426,success
pd1.psizelong.occhigh.slotbt_tight.loadmoderate.s20260819,chunked_prefill_small,0.8909090909090909,0.8909090909090909,1.0,0.08784247504309532,0.2647726187411448,0.3015867454349026,0.0010000000000000005,0.0010000000000000002,0.00057883867945897,0.08726363636363636,1.0,1.0,20.336476243298208,33545.75707154742,0,0,0,292,6724,0.054528650646950096,33.539556377079485,1.7539741219963032,0.7794952271949593,success
pd1.psizelong.occhigh.slotbt_tight.loadmoderate.s20260819,decode_priority_chunked,0.8909090909090909,0.8909090909090909,1.0,0.08784247504309532,0.2647726187411448,0.3015867454349026,0.0010000000000000005,0.0010000000000000002,0.00057883867945897,0.08726363636363636,1.0,1.0,20.336476243298208,33545.75707154742,0,0,0,292,6724,0.054528650646950096,33.539556377079485,1.7539741219963032,0.7794952271949593,success
pd1.psizelong.occhigh.slotbt_tight.loadmoderate.s20260818,chunked_prefill_large,0.8636363636363636,0.8636363636363636,1.0,0.07241862022722458,0.23383011309889776,0.25801857001258877,0.0010000000000000002,0.0010000000000000002,0.000591347499951855,0.07182727272727271,1.0,1.0,20.665038512117224,32735.863235017845,0,0,0,317,7043,0.05991735537190083,32.72971450037566,1.4633734034560482,0.9507381460657266,success
pd1.psizelong.occhigh.slotbt_tight.loadmoderate.s20260819,chunked_prefill_large,0.8454545454545455,0.8454545454545455,1.0,0.08502429322491353,0.24907464537846802,0.2651403750553896,0.0010000000000000005,0.0010000000000000002,0.00057883867945897,0.08444545454545459,1.0,1.0,20.340236686390533,33551.96005917159,0,0,0,326,8412,0.060639674616380104,33.54575707154742,1.6969865039748566,0.9305258934997818,success
pd1.psizelong.occhigh.slotbt_tight.loadmoderate.s20260819,adaptive_prefill_control,0.8909090909090909,0.8909090909090909,1.0,0.08784247504309532,0.2647726187411448,0.3015867454349026,0.0010000000000000005,0.0010000000000000002,0.00057883867945897,0.08726363636363636,1.0,1.0,20.336476243298208,33545.75707154742,0,0,0,292,6724,0.054528650646950096,33.539556377079485,1.7539741219963032,0.7794952271949593,success
pd1.psizelong.occhigh.slotbt_tight.loadhigh.s20260818,full_prefill,0.85,0.85,1.0,0.11384577667833526,0.31549470860064927,0.3403229706065045,0.0010000000000000005,0.0010000000000000002,0.0005957766783352626,0.11325,1.0,1.0,23.369036027263878,32717.234664070107,0,0,0,432,12916,0.08450155763239875,32.71086448598131,2.6226635514018692,0.9790918949331422,success
pd1.psizelong.occhigh.slotbt_tight.loadhigh.s20260818,decode_priority_chunked,0.85,0.85,1.0,0.1263541100116686,0.35283127884818866,0.3707728748201961,0.0010000000000000005,0.0010000000000000002,0.0005957766783352626,0.12575833333333336,1.0,1.0,23.36448598130841,32710.864485981307,0,0,0,418,11358,0.08195444812147168,32.70449678800856,2.9143468950749463,0.8629357556728208,success
pd1.psizelong.occhigh.slotbt_tight.loadhigh.s20260818,chunked_prefill_small,0.85,0.85,1.0,0.1263541100116686,0.35283127884818866,0.3707728748201961,0.0010000000000000005,0.0010000000000000002,0.0005957766783352626,0.12575833333333336,1.0,1.0,23.36448598130841,32710.864485981307,0,0,0,418,11358,0.08195444812147168,32.70449678800856,2.9143468950749463,0.8629357556728208,success
pd1.psizelong.occhigh.slotbt_tight.loadhigh.s20260818,chunked_prefill_large,0.85,0.85,1.0,0.11522911001166859,0.31998709000314607,0.34594297060650453,0.0010000000000000005,0.0010000000000000002,0.0005957766783352626,0.11463333333333332,1.0,1.0,23.369036027263878,32717.234664070107,0,0,0,431,12651,0.08450155763239875,32.71086448598131,2.6549844236760123,0.9628300354366972,success
pd1.psizelong.occhigh.slotbt_tight.loadhigh.s20260818,adaptive_prefill_control,0.85,0.85,1.0,0.1263541100116686,0.35283127884818866,0.3707728748201961,0.0010000000000000005,0.0010000000000000002,0.0005957766783352626,0.12575833333333336,1.0,1.0,23.36448598130841,32710.864485981307,0,0,0,418,11358,0.08195444812147168,32.70449678800856,2.9143468950749463,0.8629357556728208,success
pd1.psizelong.occhigh.slotbt_tight.loadhigh.s20260819,chunked_prefill_small,0.8166666666666667,0.8166666666666667,1.0,0.12309466382190383,0.34440509937528224,0.3697349109296595,0.0010000000000000005,0.0010000000000000002,0.0005529971552371691,0.12254166666666669,0.9916666666666667,1.0,22.13613724405091,34105.14665190924,0,0,0,413,10992,0.07654002213205459,34.098856510512725,2.6899668019181115,0.8290757762838981,success
pd1.psizelong.occhigh.slotbt_tight.loadhigh.s20260819,chunked_prefill_large,0.8166666666666667,0.8166666666666667,1.0,0.11332799715523716,0.32617840763863526,0.3453416518999448,0.0010000000000000002,0.0010000000000000002,0.0005529971552371691,0.11277500000000001,1.0,1.0,22.14022140221402,34111.43911439114,0,0,0,427,12432,0.07932115845784911,34.105146651909244,2.474266740453791,0.9461471623908172,success
pd1.psizelong.occhigh.slotbt_tight.loadhigh.s20260819,decode_priority_chunked,0.8166666666666667,0.8166666666666667,1.0,0.12309466382190383,0.34440509937528224,0.3697349109296595,0.0010000000000000005,0.0010000000000000002,0.0005529971552371691,0.12254166666666669,0.9916666666666667,1.0,22.13613724405091,34105.14665190924,0,0,0,413,10992,0.07654002213205459,34.098856510512725,2.6899668019181115,0.8290757762838981,success
pd1.psizelong.occhigh.slobalanced.loadmoderate.s20260818,full_prefill,0.9454545454545454,0.9454545454545454,1.0,0.07076407477267913,0.22825303383657944,0.25293142044918016,0.0010000000000000005,0.0010000000000000002,0.000591347499951855,0.07017272727272725,0.7454545454545455,1.0,20.665038512117224,32735.863235017845,0,0,0,318,7179,0.06010518407212622,32.72971450037566,1.4291885800150264,0.9722902071619712,success
pd1.psizelong.occhigh.slotbt_tight.loadhigh.s20260819,full_prefill,0.8166666666666667,0.8166666666666667,1.0,0.11219466382190384,0.31924699001651025,0.3428019750018994,0.0010000000000000002,0.0010000000000000002,0.0005529971552371689,0.11164166666666667,1.0,1.0,22.14022140221402,34111.43911439114,0,0,0,430,12725,0.07969009407858328,34.105146651909244,2.4491791182438662,0.9719028673343394,success
pd1.psizelong.occhigh.slobalanced.loadmoderate.s20260818,chunked_prefill_small,0.9,0.9,1.0,0.07610952931813365,0.24399303520629598,0.2916633923246224,0.0010000000000000002,0.0010000000000000002,0.0005913474999518551,0.07551818181818182,0.7454545454545455,1.0,20.66115702479339,32729.71450037566,0,0,0,283,5488,0.05352112676056338,32.72356807511737,1.5393427230046948,0.8183469136173668,success
pd1.psizelong.occhigh.slotbt_tight.loadhigh.s20260819,adaptive_prefill_control,0.8166666666666667,0.8166666666666667,1.0,0.12309466382190383,0.34440509937528224,0.3697349109296595,0.0010000000000000005,0.0010000000000000002,0.0005529971552371691,0.12254166666666669,0.9916666666666667,1.0,22.13613724405091,34105.14665190924,0,0,0,413,10992,0.07654002213205459,34.098856510512725,2.6899668019181115,0.8290757762838981,success
pd1.psizelong.occhigh.slobalanced.loadmoderate.s20260818,chunked_prefill_large,0.9454545454545454,0.9454545454545454,1.0,0.07241862022722458,0.23383011309889776,0.25801857001258877,0.0010000000000000002,0.0010000000000000002,0.000591347499951855,0.07182727272727271,0.7363636363636363,1.0,20.665038512117224,32735.863235017845,0,0,0,317,7043,0.05991735537190083,32.72971450037566,1.4633734034560482,0.9507381460657266,success
pd1.psizelong.occhigh.slobalanced.loadmoderate.s20260818,decode_priority_chunked,0.9,0.9,1.0,0.07610952931813365,0.24399303520629598,0.2916633923246224,0.0010000000000000002,0.0010000000000000002,0.0005913474999518551,0.07551818181818182,0.7454545454545455,1.0,20.66115702479339,32729.71450037566,0,0,0,283,5488,0.05352112676056338,32.72356807511737,1.5393427230046948,0.8183469136173668,success
pd1.psizelong.occhigh.slobalanced.loadmoderate.s20260818,adaptive_prefill_control,0.9,0.9,1.0,0.07610952931813365,0.24399303520629598,0.2916633923246224,0.0010000000000000002,0.0010000000000000002,0.0005913474999518551,0.07551818181818182,0.7454545454545455,1.0,20.66115702479339,32729.71450037566,0,0,0,283,5488,0.05352112676056338,32.72356807511737,1.5393427230046948,0.8183469136173668,success
pd1.psizelong.occhigh.slobalanced.loadmoderate.s20260819,full_prefill,0.9181818181818182,0.9181818181818182,1.0,0.08384247504309535,0.2502572011440854,0.26066442541834767,0.0010000000000000005,0.0010000000000000002,0.00057883867945897,0.0832636363636364,0.7090909090909091,1.0,20.340236686390533,33551.96005917159,0,0,0,327,8610,0.06082455167313736,33.54575707154742,1.6729524865964134,0.9637526400868426,success
pd1.psizelong.occhigh.slobalanced.loadmoderate.s20260819,decode_priority_chunked,0.8818181818181818,0.8818181818181818,1.0,0.08784247504309532,0.2647726187411448,0.3015867454349026,0.0010000000000000005,0.0010000000000000002,0.00057883867945897,0.08726363636363636,0.7090909090909091,1.0,20.336476243298208,33545.75707154742,0,0,0,292,6724,0.054528650646950096,33.539556377079485,1.7539741219963032,0.7794952271949593,success
pd1.psizelong.occhigh.slobalanced.loadmoderate.s20260819,chunked_prefill_small,0.8818181818181818,0.8818181818181818,1.0,0.08784247504309532,0.2647726187411448,0.3015867454349026,0.0010000000000000005,0.0010000000000000002,0.00057883867945897,0.08726363636363636,0.7090909090909091,1.0,20.336476243298208,33545.75707154742,0,0,0,292,6724,0.054528650646950096,33.539556377079485,1.7539741219963032,0.7794952271949593,success
pd1.psizelong.occhigh.slobalanced.loadhigh.s20260818,full_prefill,0.875,0.875,1.0,0.11384577667833526,0.31549470860064927,0.3403229706065045,0.0010000000000000005,0.0010000000000000002,0.0005957766783352626,0.11325,0.6583333333333333,1.0,23.369036027263878,32717.234664070107,0,0,0,432,12916,0.08450155763239875,32.71086448598131,2.6226635514018692,0.9790918949331422,success
pd1.psizelong.occhigh.slobalanced.loadmoderate.s20260819,adaptive_prefill_control,0.8818181818181818,0.8818181818181818,1.0,0.08784247504309532,0.2647726187411448,0.3015867454349026,0.0010000000000000005,0.0010000000000000002,0.00057883867945897,0.08726363636363636,0.7090909090909091,1.0,20.336476243298208,33545.75707154742,0,0,0,292,6724,0.054528650646950096,33.539556377079485,1.7539741219963032,0.7794952271949593,success
pd1.psizelong.occhigh.slobalanced.loadhigh.s20260818,chunked_prefill_small,0.8583333333333333,0.8583333333333333,1.0,0.1263541100116686,0.35283127884818866,0.3707728748201961,0.0010000000000000005,0.0010000000000000002,0.0005957766783352626,0.12575833333333336,0.6083333333333333,1.0,23.36448598130841,32710.864485981307,0,0,0,418,11358,0.08195444812147168,32.70449678800856,2.9143468950749463,0.8629357556728208,success
pd1.psizelong.occhigh.slobalanced.loadhigh.s20260818,decode_priority_chunked,0.8583333333333333,0.8583333333333333,1.0,0.1263541100116686,0.35283127884818866,0.3707728748201961,0.0010000000000000005,0.0010000000000000002,0.0005957766783352626,0.12575833333333336,0.6083333333333333,1.0,23.36448598130841,32710.864485981307,0,0,0,418,11358,0.08195444812147168,32.70449678800856,2.9143468950749463,0.8629357556728208,success
pd1.psizelong.occhigh.slobalanced.loadhigh.s20260818,chunked_prefill_large,0.8666666666666667,0.8666666666666667,1.0,0.11522911001166859,0.31998709000314607,0.34594297060650453,0.0010000000000000005,0.0010000000000000002,0.0005957766783352626,0.11463333333333332,0.65,1.0,23.369036027263878,32717.234664070107,0,0,0,431,12651,0.08450155763239875,32.71086448598131,2.6549844236760123,0.9628300354366972,success
pd1.psizemixed.occlow.slottft_tight.loadmoderate.s20260818,full_prefill,0.2857142857142857,0.2857142857142857,1.0,0.043343403526187756,0.11201116023847982,0.11754581150695374,0.001,0.0010000000000000002,0.0006767368595210887,0.042666666666666665,0.5952380952380952,1.0,13.972055888223553,3751.497005988024,0,0,0,162,1533,0.06301764494058336,4.060857039971192,0.6301764494058336,0.9866656208330065,success
pd1.psizemixed.occlow.slottft_tight.loadmoderate.s20260818,chunked_prefill_small,0.3333333333333333,0.3333333333333333,1.0,0.05591483209761633,0.15375368121222568,0.15892440557766396,0.0010000000000000002,0.0010000000000000005,0.0006767368595210888,0.055238095238095246,0.47619047619047616,1.0,13.95812562313061,3747.7567298105682,0,0,0,103,839,0.04235463029432879,4.047738693467337,0.8176597272074659,0.9813430745268537,success
pd1.psizelong.occhigh.slobalanced.loadmoderate.s20260819,chunked_prefill_large,0.9181818181818182,0.9181818181818182,1.0,0.08502429322491353,0.24907464537846802,0.2651403750553896,0.0010000000000000005,0.0010000000000000002,0.00057883867945897,0.08444545454545459,0.7090909090909091,1.0,20.340236686390533,33551.96005917159,0,0,0,326,8412,0.060639674616380104,33.54575707154742,1.6969865039748566,0.9305258934997818,success
pd1.psizemixed.occlow.slottft_tight.loadmoderate.s20260818,chunked_prefill_large,0.2857142857142857,0.2857142857142857,1.0,0.04479578447856871,0.10944166828527586,0.12436581150695375,0.0010000000000000002,0.0010000000000000002,0.0006767368595210887,0.04411904761904763,0.5714285714285714,1.0,13.972055888223553,3751.497005988024,0,0,0,153,1420,0.0603882099209202,4.053558590941768,0.6509705248023006,0.9809284761830059,success
pd1.psizelong.occhigh.slobalanced.loadhigh.s20260818,adaptive_prefill_control,0.8583333333333333,0.8583333333333333,1.0,0.1263541100116686,0.35283127884818866,0.3707728748201961,0.0010000000000000005,0.0010000000000000002,0.0005957766783352626,0.12575833333333336,0.6083333333333333,1.0,23.36448598130841,32710.864485981307,0,0,0,418,11358,0.08195444812147168,32.70449678800856,2.9143468950749463,0.8629357556728208,success
pd1.psizemixed.occlow.slottft_tight.loadmoderate.s20260818,adaptive_prefill_control,0.3333333333333333,0.3333333333333333,1.0,0.05591483209761633,0.15375368121222568,0.15892440557766396,0.0010000000000000002,0.0010000000000000005,0.0006767368595210888,0.055238095238095246,0.47619047619047616,1.0,13.95812562313061,3747.7567298105682,0,0,0,103,839,0.04235463029432879,4.047738693467337,0.8176597272074659,0.9813430745268537,success
pd1.psizemixed.occlow.slottft_tight.loadmoderate.s20260818,decode_priority_chunked,0.3333333333333333,0.3333333333333333,1.0,0.05591483209761633,0.15375368121222568,0.15892440557766396,0.0010000000000000002,0.0010000000000000005,0.0006767368595210888,0.055238095238095246,0.47619047619047616,1.0,13.95812562313061,3747.7567298105682,0,0,0,103,839,0.04235463029432879,4.047738693467337,0.8176597272074659,0.9813430745268537,success
pd1.psizelong.occhigh.slobalanced.loadhigh.s20260819,decode_priority_chunked,0.8,0.8,1.0,0.12309466382190383,0.34440509937528224,0.3697349109296595,0.0010000000000000005,0.0010000000000000002,0.0005529971552371691,0.12254166666666669,0.5666666666666667,1.0,22.13613724405091,34105.14665190924,0,0,0,413,10992,0.07654002213205459,34.098856510512725,2.6899668019181115,0.8290757762838981,success
pd1.psizelong.occhigh.slobalanced.loadhigh.s20260819,full_prefill,0.8166666666666667,0.8166666666666667,1.0,0.11219466382190384,0.31924699001651025,0.3428019750018994,0.0010000000000000002,0.0010000000000000002,0.0005529971552371689,0.11164166666666667,0.6166666666666667,1.0,22.14022140221402,34111.43911439114,0,0,0,430,12725,0.07969009407858328,34.105146651909244,2.4491791182438662,0.9719028673343394,success
pd1.psizemixed.occlow.slottft_tight.loadmoderate.s20260819,full_prefill,0.30952380952380953,0.30952380952380953,1.0,0.045828003276273864,0.11418608971837946,0.11825292096902419,0.001,0.0010000000000000002,0.0006613366096072038,0.04516666666666666,0.5476190476190477,1.0,13.080037371535347,4629.087511678605,0,0,0,164,1638,0.05991098938719617,5.088668264293051,0.6350564875042793,0.9876247639600755,success
pd1.psizelong.occhigh.slobalanced.loadhigh.s20260819,chunked_prefill_small,0.8,0.8,1.0,0.12309466382190383,0.34440509937528224,0.3697349109296595,0.0010000000000000005,0.0010000000000000002,0.0005529971552371691,0.12254166666666669,0.5666666666666667,1.0,22.13613724405091,34105.14665190924,0,0,0,413,10992,0.07654002213205459,34.098856510512725,2.6899668019181115,0.8290757762838981,success
pd1.psizemixed.occlow.slottft_tight.loadmoderate.s20260819,chunked_prefill_small,0.30952380952380953,0.30952380952380953,1.0,0.05666133660960721,0.1472953733402926,0.1624410574046146,0.001,0.0010000000000000002,0.0006613366096072038,0.05600000000000001,0.47619047619047616,1.0,13.07596513075965,4627.646326276463,0,0,0,102,877,0.04056795131845842,5.025016903313049,0.7809330628803245,0.9716414890747235,success
pd1.psizelong.occhigh.slobalanced.loadhigh.s20260819,chunked_prefill_large,0.8166666666666667,0.8166666666666667,1.0,0.11332799715523716,0.32617840763863526,0.3453416518999448,0.0010000000000000002,0.0010000000000000002,0.0005529971552371691,0.11277500000000001,0.6083333333333333,1.0,22.14022140221402,34111.43911439114,0,0,0,427,12432,0.07932115845784911,34.105146651909244,2.474266740453791,0.9461471623908172,success
pd1.psizemixed.occlow.slottft_tight.loadmoderate.s20260819,decode_priority_chunked,0.30952380952380953,0.30952380952380953,1.0,0.05666133660960721,0.1472953733402926,0.1624410574046146,0.001,0.0010000000000000002,0.0006613366096072038,0.05600000000000001,0.47619047619047616,1.0,13.07596513075965,4627.646326276463,0,0,0,102,877,0.04056795131845842,5.025016903313049,0.7809330628803245,0.9716414890747235,success
pd1.psizemixed.occlow.slottft_tight.loadmoderate.s20260819,adaptive_prefill_control,0.30952380952380953,0.30952380952380953,1.0,0.05666133660960721,0.1472953733402926,0.1624410574046146,0.001,0.0010000000000000002,0.0006613366096072038,0.05600000000000001,0.47619047619047616,1.0,13.07596513075965,4627.646326276463,0,0,0,102,877,0.04056795131845842,5.025016903313049,0.7809330628803245,0.9716414890747235,success
pd1.psizemixed.occlow.slottft_tight.loadhigh.s20260818,full_prefill,0.25,0.25,1.0,0.06446514868407455,0.15295383628773013,0.16069902364004876,0.001,0.0010000000000000002,0.0007343794533053103,0.06373076923076922,0.4807692307692308,1.0,22.569444444444443,7038.628472222222,0,0,0,225,2970,0.10412147505422993,7.035574837310195,1.415184381778742,0.991643523110494,success
pd1.psizemixed.occlow.slottft_tight.loadhigh.s20260818,chunked_prefill_small,0.2692307692307692,0.2692307692307692,1.0,0.07694591791484376,0.1829181453683913,0.2134341542365092,0.001,0.0010000000000000002,0.0007343794533053103,0.07621153846153847,0.38461538461538464,1.0,22.559652928416483,7035.574837310195,0,0,0,179,1937,0.08542931483087597,7.032523850823938,1.6960104076322637,0.9868990940950869,success
pd1.psizemixed.occlow.slottft_tight.loadhigh.s20260818,chunked_prefill_large,0.25,0.25,1.0,0.06584976406868993,0.1536702954519277,0.16855606878623725,0.001,0.0010000000000000002,0.0007343794533053103,0.0651153846153846,0.46153846153846156,1.0,22.569444444444443,7038.628472222222,0,0,0,217,2806,0.1002169197396963,7.035574837310195,1.446420824295011,0.9874115585531971,success
pd1.psizemixed.occlow.slottft_tight.loadhigh.s20260818,decode_priority_chunked,0.2692307692307692,0.2692307692307692,1.0,0.07694591791484376,0.1829181453683913,0.2134341542365092,0.001,0.0010000000000000002,0.0007343794533053103,0.07621153846153847,0.38461538461538464,1.0,22.559652928416483,7035.574837310195,0,0,0,179,1937,0.08542931483087597,7.032523850823938,1.6960104076322637,0.9868990940950869,success
pd1.psizemixed.occlow.slottft_tight.loadmoderate.s20260819,chunked_prefill_large,0.30952380952380953,0.30952380952380953,1.0,0.04718514613341672,0.11555117901025279,0.12443292096902418,0.001,0.001,0.0006613366096072038,0.04652380952380952,0.5238095238095238,1.0,13.080037371535347,4629.087511678605,0,0,0,159,1521,0.05707450444292549,5.079972658920028,0.6534518113465482,0.9818698858016366,success
pd1.psizemixed.occlow.slottft_tight.loadhigh.s20260818,adaptive_prefill_control,0.2692307692307692,0.2692307692307692,1.0,0.07694591791484376,0.1829181453683913,0.2134341542365092,0.001,0.0010000000000000002,0.0007343794533053103,0.07621153846153847,0.38461538461538464,1.0,22.559652928416483,7035.574837310195,0,0,0,179,1937,0.08542931483087597,7.032523850823938,1.6960104076322637,0.9868990940950869,success
pd1.psizemixed.occlow.slottft_tight.loadhigh.s20260819,full_prefill,0.23076923076923078,0.23076923076923078,1.0,0.060884456328163014,0.14052704592369042,0.14777309452334367,0.001,0.0010000000000000002,0.0006921486358553118,0.0601923076923077,0.4807692307692308,1.0,15.762352227947863,5583.510154592301,0,0,0,212,2801,0.06818181818181818,5.581818181818182,0.9327272727272727,0.9927455652634366,success
pd1.psizelong.occhigh.slobalanced.loadhigh.s20260819,adaptive_prefill_control,0.8,0.8,1.0,0.12309466382190383,0.34440509937528224,0.3697349109296595,0.0010000000000000005,0.0010000000000000002,0.0005529971552371691,0.12254166666666669,0.5666666666666667,1.0,22.13613724405091,34105.14665190924,0,0,0,413,10992,0.07654002213205459,34.098856510512725,2.6899668019181115,0.8290757762838981,success
pd1.psizemixed.occlow.slottft_tight.loadhigh.s20260819,chunked_prefill_small,0.23076923076923078,0.23076923076923078,1.0,0.07211522555893222,0.17671113013682793,0.1887330945233437,0.001,0.0010000000000000002,0.0006921486358553118,0.07142307692307694,0.38461538461538464,1.0,15.757575757575756,5581.818181818181,0,0,0,168,1814,0.05392305362011512,5.580127234171464,1.1093607997576491,0.9801959226899656,success
pd1.psizemixed.occlow.slottft_tight.loadhigh.s20260819,decode_priority_chunked,0.23076923076923078,0.23076923076923078,1.0,0.07211522555893222,0.17671113013682793,0.1887330945233437,0.001,0.0010000000000000002,0.0006921486358553118,0.07142307692307694,0.38461538461538464,1.0,15.757575757575756,5581.818181818181,0,0,0,168,1814,0.05392305362011512,5.580127234171464,1.1093607997576491,0.9801959226899656,success
pd1.psizemixed.occlow.slottft_tight.loadhigh.s20260819,chunked_prefill_large,0.23076923076923078,0.23076923076923078,1.0,0.062326764020470694,0.1429899051285586,0.15424309452334367,0.001,0.0010000000000000002,0.0006921486358553118,0.06163461538461539,0.4807692307692308,1.0,15.762352227947863,5583.510154592301,0,0,0,206,2650,0.06575757575757575,5.581818181818182,0.9554545454545454,0.9882269879092754,success
pd1.psizemixed.occlow.slottft_tight.loadhigh.s20260819,adaptive_prefill_control,0.23076923076923078,0.23076923076923078,1.0,0.07211522555893222,0.17671113013682793,0.1887330945233437,0.001,0.0010000000000000002,0.0006921486358553118,0.07142307692307694,0.38461538461538464,1.0,15.757575757575756,5581.818181818181,0,0,0,168,1814,0.05392305362011512,5.580127234171464,1.1093607997576491,0.9801959226899656,success
pd1.psizemixed.occlow.slotbt_tight.loadmoderate.s20260818,chunked_prefill_small,1.0,1.0,1.0,0.05591483209761633,0.15375368121222568,0.15892440557766396,0.0010000000000000002,0.0010000000000000005,0.0006767368595210888,0.055238095238095246,1.0,1.0,13.95812562313061,3747.7567298105682,0,0,0,103,839,0.04235463029432879,4.047738693467337,0.8176597272074659,0.9813430745268537,success
pd1.psizemixed.occlow.slotbt_tight.loadmoderate.s20260818,decode_priority_chunked,1.0,1.0,1.0,0.05591483209761633,0.15375368121222568,0.15892440557766396,0.0010000000000000002,0.0010000000000000005,0.0006767368595210888,0.055238095238095246,1.0,1.0,13.95812562313061,3747.7567298105682,0,0,0,103,839,0.04235463029432879,4.047738693467337,0.8176597272074659,0.9813430745268537,success
pd1.psizemixed.occlow.slotbt_tight.loadmoderate.s20260818,chunked_prefill_large,1.0,1.0,1.0,0.04479578447856871,0.10944166828527586,0.12436581150695375,0.0010000000000000002,0.0010000000000000002,0.0006767368595210887,0.04411904761904763,1.0,1.0,13.972055888223553,3751.497005988024,0,0,0,153,1420,0.0603882099209202,4.053558590941768,0.6509705248023006,0.9809284761830059,success
pd1.psizemixed.occlow.slotbt_tight.loadmoderate.s20260818,full_prefill,1.0,1.0,1.0,0.043343403526187756,0.11201116023847982,0.11754581150695374,0.001,0.0010000000000000002,0.0006767368595210887,0.042666666666666665,1.0,1.0,13.972055888223553,3751.497005988024,0,0,0,162,1533,0.06301764494058336,4.060857039971192,0.6301764494058336,0.9866656208330065,success
pd1.psizemixed.occlow.slotbt_tight.loadmoderate.s20260818,adaptive_prefill_control,1.0,1.0,1.0,0.05591483209761633,0.15375368121222568,0.15892440557766396,0.0010000000000000002,0.0010000000000000005,0.0006767368595210888,0.055238095238095246,1.0,1.0,13.95812562313061,3747.7567298105682,0,0,0,103,839,0.04235463029432879,4.047738693467337,0.8176597272074659,0.9813430745268537,success
pd1.psizemixed.occlow.slotbt_tight.loadmoderate.s20260819,full_prefill,1.0,1.0,1.0,0.045828003276273864,0.11418608971837946,0.11825292096902419,0.001,0.0010000000000000002,0.0006613366096072038,0.04516666666666666,1.0,1.0,13.080037371535347,4629.087511678605,0,0,0,164,1638,0.05991098938719617,5.088668264293051,0.6350564875042793,0.9876247639600755,success
pd1.psizemixed.occlow.slotbt_tight.loadmoderate.s20260819,chunked_prefill_small,1.0,1.0,1.0,0.05666133660960721,0.1472953733402926,0.1624410574046146,0.001,0.0010000000000000002,0.0006613366096072038,0.05600000000000001,1.0,1.0,13.07596513075965,4627.646326276463,0,0,0,102,877,0.04056795131845842,5.025016903313049,0.7809330628803245,0.9716414890747235,success
pd1.psizemixed.occlow.slotbt_tight.loadmoderate.s20260819,chunked_prefill_large,1.0,1.0,1.0,0.04718514613341672,0.11555117901025279,0.12443292096902418,0.001,0.001,0.0006613366096072038,0.04652380952380952,1.0,1.0,13.080037371535347,4629.087511678605,0,0,0,159,1521,0.05707450444292549,5.079972658920028,0.6534518113465482,0.9818698858016366,success
pd1.psizemixed.occlow.slotbt_tight.loadmoderate.s20260819,decode_priority_chunked,1.0,1.0,1.0,0.05666133660960721,0.1472953733402926,0.1624410574046146,0.001,0.0010000000000000002,0.0006613366096072038,0.05600000000000001,1.0,1.0,13.07596513075965,4627.646326276463,0,0,0,102,877,0.04056795131845842,5.025016903313049,0.7809330628803245,0.9716414890747235,success
pd1.psizemixed.occlow.slotbt_tight.loadhigh.s20260818,full_prefill,1.0,1.0,1.0,0.06446514868407455,0.15295383628773013,0.16069902364004876,0.001,0.0010000000000000002,0.0007343794533053103,0.06373076923076922,1.0,1.0,22.569444444444443,7038.628472222222,0,0,0,225,2970,0.10412147505422993,7.035574837310195,1.415184381778742,0.991643523110494,success
pd1.psizemixed.occlow.slotbt_tight.loadmoderate.s20260819,adaptive_prefill_control,1.0,1.0,1.0,0.05666133660960721,0.1472953733402926,0.1624410574046146,0.001,0.0010000000000000002,0.0006613366096072038,0.05600000000000001,1.0,1.0,13.07596513075965,4627.646326276463,0,0,0,102,877,0.04056795131845842,5.025016903313049,0.7809330628803245,0.9716414890747235,success
pd1.psizemixed.occlow.slotbt_tight.loadhigh.s20260818,chunked_prefill_large,1.0,1.0,1.0,0.06584976406868993,0.1536702954519277,0.16855606878623725,0.001,0.0010000000000000002,0.0007343794533053103,0.0651153846153846,1.0,1.0,22.569444444444443,7038.628472222222,0,0,0,217,2806,0.1002169197396963,7.035574837310195,1.446420824295011,0.9874115585531971,success
pd1.psizemixed.occlow.slotbt_tight.loadhigh.s20260818,decode_priority_chunked,1.0,1.0,1.0,0.07694591791484376,0.1829181453683913,0.2134341542365092,0.001,0.0010000000000000002,0.0007343794533053103,0.07621153846153847,1.0,1.0,22.559652928416483,7035.574837310195,0,0,0,179,1937,0.08542931483087597,7.032523850823938,1.6960104076322637,0.9868990940950869,success
pd1.psizemixed.occlow.slotbt_tight.loadhigh.s20260818,adaptive_prefill_control,1.0,1.0,1.0,0.07694591791484376,0.1829181453683913,0.2134341542365092,0.001,0.0010000000000000002,0.0007343794533053103,0.07621153846153847,1.0,1.0,22.559652928416483,7035.574837310195,0,0,0,179,1937,0.08542931483087597,7.032523850823938,1.6960104076322637,0.9868990940950869,success
pd1.psizemixed.occlow.slotbt_tight.loadhigh.s20260819,full_prefill,1.0,1.0,1.0,0.060884456328163014,0.14052704592369042,0.14777309452334367,0.001,0.0010000000000000002,0.0006921486358553118,0.0601923076923077,1.0,1.0,15.762352227947863,5583.510154592301,0,0,0,212,2801,0.06818181818181818,5.581818181818182,0.9327272727272727,0.9927455652634366,success
pd1.psizemixed.occlow.slotbt_tight.loadhigh.s20260818,chunked_prefill_small,1.0,1.0,1.0,0.07694591791484376,0.1829181453683913,0.2134341542365092,0.001,0.0010000000000000002,0.0007343794533053103,0.07621153846153847,1.0,1.0,22.559652928416483,7035.574837310195,0,0,0,179,1937,0.08542931483087597,7.032523850823938,1.6960104076322637,0.9868990940950869,success
pd1.psizemixed.occlow.slotbt_tight.loadhigh.s20260819,chunked_prefill_small,1.0,1.0,1.0,0.07211522555893222,0.17671113013682793,0.1887330945233437,0.001,0.0010000000000000002,0.0006921486358553118,0.07142307692307694,1.0,1.0,15.757575757575756,5581.818181818181,0,0,0,168,1814,0.05392305362011512,5.580127234171464,1.1093607997576491,0.9801959226899656,success
pd1.psizemixed.occlow.slotbt_tight.loadhigh.s20260819,decode_priority_chunked,1.0,1.0,1.0,0.07211522555893222,0.17671113013682793,0.1887330945233437,0.001,0.0010000000000000002,0.0006921486358553118,0.07142307692307694,1.0,1.0,15.757575757575756,5581.818181818181,0,0,0,168,1814,0.05392305362011512,5.580127234171464,1.1093607997576491,0.9801959226899656,success
pd1.psizemixed.occlow.slotbt_tight.loadhigh.s20260819,chunked_prefill_large,1.0,1.0,1.0,0.062326764020470694,0.1429899051285586,0.15424309452334367,0.001,0.0010000000000000002,0.0006921486358553118,0.06163461538461539,1.0,1.0,15.762352227947863,5583.510154592301,0,0,0,206,2650,0.06575757575757575,5.581818181818182,0.9554545454545454,0.9882269879092754,success
pd1.psizemixed.occlow.slobalanced.loadmoderate.s20260818,full_prefill,0.9523809523809523,0.9523809523809523,1.0,0.043343403526187756,0.11201116023847982,0.11754581150695374,0.001,0.0010000000000000002,0.0006767368595210887,0.042666666666666665,1.0,1.0,13.972055888223553,3751.497005988024,0,0,0,162,1533,0.06301764494058336,4.060857039971192,0.6301764494058336,0.9866656208330065,success
pd1.psizemixed.occlow.slobalanced.loadmoderate.s20260818,chunked_prefill_small,0.9047619047619048,0.9047619047619048,1.0,0.05591483209761633,0.15375368121222568,0.15892440557766396,0.0010000000000000002,0.0010000000000000005,0.0006767368595210888,0.055238095238095246,0.9047619047619048,1.0,13.95812562313061,3747.7567298105682,0,0,0,103,839,0.04235463029432879,4.047738693467337,0.8176597272074659,0.9813430745268537,success
pd1.psizemixed.occlow.slotbt_tight.loadhigh.s20260819,adaptive_prefill_control,1.0,1.0,1.0,0.07211522555893222,0.17671113013682793,0.1887330945233437,0.001,0.0010000000000000002,0.0006921486358553118,0.07142307692307694,1.0,1.0,15.757575757575756,5581.818181818181,0,0,0,168,1814,0.05392305362011512,5.580127234171464,1.1093607997576491,0.9801959226899656,success
pd1.psizemixed.occlow.slobalanced.loadmoderate.s20260818,chunked_prefill_large,0.9523809523809523,0.9523809523809523,1.0,0.04479578447856871,0.10944166828527586,0.12436581150695375,0.0010000000000000002,0.0010000000000000002,0.0006767368595210887,0.04411904761904763,1.0,1.0,13.972055888223553,3751.497005988024,0,0,0,153,1420,0.0603882099209202,4.053558590941768,0.6509705248023006,0.9809284761830059,success
pd1.psizemixed.occlow.slobalanced.loadmoderate.s20260818,adaptive_prefill_control,0.9047619047619048,0.9047619047619048,1.0,0.05591483209761633,0.15375368121222568,0.15892440557766396,0.0010000000000000002,0.0010000000000000005,0.0006767368595210888,0.055238095238095246,0.9047619047619048,1.0,13.95812562313061,3747.7567298105682,0,0,0,103,839,0.04235463029432879,4.047738693467337,0.8176597272074659,0.9813430745268537,success
pd1.psizemixed.occlow.slobalanced.loadmoderate.s20260819,full_prefill,0.8571428571428571,0.8571428571428571,1.0,0.045828003276273864,0.11418608971837946,0.11825292096902419,0.001,0.0010000000000000002,0.0006613366096072038,0.04516666666666666,1.0,1.0,13.080037371535347,4629.087511678605,0,0,0,164,1638,0.05991098938719617,5.088668264293051,0.6350564875042793,0.9876247639600755,success
pd1.psizemixed.occlow.slobalanced.loadmoderate.s20260819,chunked_prefill_small,0.8571428571428571,0.8571428571428571,1.0,0.05666133660960721,0.1472953733402926,0.1624410574046146,0.001,0.0010000000000000002,0.0006613366096072038,0.05600000000000001,0.9523809523809523,1.0,13.07596513075965,4627.646326276463,0,0,0,102,877,0.04056795131845842,5.025016903313049,0.7809330628803245,0.9716414890747235,success
pd1.psizemixed.occlow.slobalanced.loadmoderate.s20260819,chunked_prefill_large,0.8571428571428571,0.8571428571428571,1.0,0.04718514613341672,0.11555117901025279,0.12443292096902418,0.001,0.001,0.0006613366096072038,0.04652380952380952,1.0,1.0,13.080037371535347,4629.087511678605,0,0,0,159,1521,0.05707450444292549,5.079972658920028,0.6534518113465482,0.9818698858016366,success
pd1.psizemixed.occlow.slobalanced.loadmoderate.s20260819,decode_priority_chunked,0.8571428571428571,0.8571428571428571,1.0,0.05666133660960721,0.1472953733402926,0.1624410574046146,0.001,0.0010000000000000002,0.0006613366096072038,0.05600000000000001,0.9523809523809523,1.0,13.07596513075965,4627.646326276463,0,0,0,102,877,0.04056795131845842,5.025016903313049,0.7809330628803245,0.9716414890747235,success
pd1.psizemixed.occlow.slobalanced.loadmoderate.s20260818,decode_priority_chunked,0.9047619047619048,0.9047619047619048,1.0,0.05591483209761633,0.15375368121222568,0.15892440557766396,0.0010000000000000002,0.0010000000000000005,0.0006767368595210888,0.055238095238095246,0.9047619047619048,1.0,13.95812562313061,3747.7567298105682,0,0,0,103,839,0.04235463029432879,4.047738693467337,0.8176597272074659,0.9813430745268537,success
pd1.psizemixed.occlow.slobalanced.loadmoderate.s20260819,adaptive_prefill_control,0.8571428571428571,0.8571428571428571,1.0,0.05666133660960721,0.1472953733402926,0.1624410574046146,0.001,0.0010000000000000002,0.0006613366096072038,0.05600000000000001,0.9523809523809523,1.0,13.07596513075965,4627.646326276463,0,0,0,102,877,0.04056795131845842,5.025016903313049,0.7809330628803245,0.9716414890747235,success
pd1.psizemixed.occlow.slobalanced.loadhigh.s20260818,full_prefill,0.8269230769230769,0.8269230769230769,1.0,0.06446514868407455,0.15295383628773013,0.16069902364004876,0.001,0.0010000000000000002,0.0007343794533053103,0.06373076923076922,0.9230769230769231,1.0,22.569444444444443,7038.628472222222,0,0,0,225,2970,0.10412147505422993,7.035574837310195,1.415184381778742,0.991643523110494,success
pd1.psizemixed.occlow.slobalanced.loadhigh.s20260818,chunked_prefill_small,0.7884615384615384,0.7884615384615384,1.0,0.07694591791484376,0.1829181453683913,0.2134341542365092,0.001,0.0010000000000000002,0.0007343794533053103,0.07621153846153847,0.8461538461538461,1.0,22.559652928416483,7035.574837310195,0,0,0,179,1937,0.08542931483087597,7.032523850823938,1.6960104076322637,0.9868990940950869,success
pd1.psizemixed.occlow.slobalanced.loadhigh.s20260818,chunked_prefill_large,0.8269230769230769,0.8269230769230769,1.0,0.06584976406868993,0.1536702954519277,0.16855606878623725,0.001,0.0010000000000000002,0.0007343794533053103,0.0651153846153846,0.9038461538461539,1.0,22.569444444444443,7038.628472222222,0,0,0,217,2806,0.1002169197396963,7.035574837310195,1.446420824295011,0.9874115585531971,success
pd1.psizemixed.occlow.slobalanced.loadhigh.s20260818,decode_priority_chunked,0.7884615384615384,0.7884615384615384,1.0,0.07694591791484376,0.1829181453683913,0.2134341542365092,0.001,0.0010000000000000002,0.0007343794533053103,0.07621153846153847,0.8461538461538461,1.0,22.559652928416483,7035.574837310195,0,0,0,179,1937,0.08542931483087597,7.032523850823938,1.6960104076322637,0.9868990940950869,success
pd1.psizemixed.occlow.slobalanced.loadhigh.s20260818,adaptive_prefill_control,0.7884615384615384,0.7884615384615384,1.0,0.07694591791484376,0.1829181453683913,0.2134341542365092,0.001,0.0010000000000000002,0.0007343794533053103,0.07621153846153847,0.8461538461538461,1.0,22.559652928416483,7035.574837310195,0,0,0,179,1937,0.08542931483087597,7.032523850823938,1.6960104076322637,0.9868990940950869,success
pd1.psizemixed.occlow.slobalanced.loadhigh.s20260819,full_prefill,0.8269230769230769,0.8269230769230769,1.0,0.060884456328163014,0.14052704592369042,0.14777309452334367,0.001,0.0010000000000000002,0.0006921486358553118,0.0601923076923077,0.9807692307692307,1.0,15.762352227947863,5583.510154592301,0,0,0,212,2801,0.06818181818181818,5.581818181818182,0.9327272727272727,0.9927455652634366,success
pd1.psizemixed.occlow.slobalanced.loadhigh.s20260819,chunked_prefill_large,0.8269230769230769,0.8269230769230769,1.0,0.062326764020470694,0.1429899051285586,0.15424309452334367,0.001,0.0010000000000000002,0.0006921486358553118,0.06163461538461539,0.9807692307692307,1.0,15.762352227947863,5583.510154592301,0,0,0,206,2650,0.06575757575757575,5.581818181818182,0.9554545454545454,0.9882269879092754,success
pd1.psizemixed.occlow.slobalanced.loadhigh.s20260819,decode_priority_chunked,0.7692307692307693,0.7692307692307693,1.0,0.07211522555893222,0.17671113013682793,0.1887330945233437,0.001,0.0010000000000000002,0.0006921486358553118,0.07142307692307694,0.8461538461538461,1.0,15.757575757575756,5581.818181818181,0,0,0,168,1814,0.05392305362011512,5.580127234171464,1.1093607997576491,0.9801959226899656,success
pd1.psizemixed.occlow.slobalanced.loadhigh.s20260819,adaptive_prefill_control,0.7692307692307693,0.7692307692307693,1.0,0.07211522555893222,0.17671113013682793,0.1887330945233437,0.001,0.0010000000000000002,0.0006921486358553118,0.07142307692307694,0.8461538461538461,1.0,15.757575757575756,5581.818181818181,0,0,0,168,1814,0.05392305362011512,5.580127234171464,1.1093607997576491,0.9801959226899656,success
pd1.psizemixed.occlow.slobalanced.loadhigh.s20260819,chunked_prefill_small,0.7692307692307693,0.7692307692307693,1.0,0.07211522555893222,0.17671113013682793,0.1887330945233437,0.001,0.0010000000000000002,0.0006921486358553118,0.07142307692307694,0.8461538461538461,1.0,15.757575757575756,5581.818181818181,0,0,0,168,1814,0.05392305362011512,5.580127234171464,1.1093607997576491,0.9801959226899656,success
pd1.psizemixed.occmedium.slottft_tight.loadmoderate.s20260818,decode_priority_chunked,0.65,0.65,1.0,0.03491903682359261,0.14031645510144014,0.15630323054486936,0.0010000000000000002,0.0010000000000000002,0.0006190368235926148,0.0343,0.6875,1.0,18.23985408116735,19613.999088007295,0,0,0,133,1128,0.03168452245270116,19.60952815135628,0.607248689309323,0.9830366985241392,success
pd1.psizemixed.occmedium.slottft_tight.loadmoderate.s20260818,full_prefill,0.625,0.625,1.0,0.030769036823592617,0.1032583613257965,0.11459728115824762,0.0010000000000000002,0.0010000000000000002,0.0006190368235926148,0.03015,0.725,1.0,18.244013683010262,19618.47206385405,0,0,0,174,2075,0.04035567715458276,19.613999088007297,0.5316917464660282,0.9891798752100346,success
pd1.psizemixed.occmedium.slottft_tight.loadmoderate.s20260818,chunked_prefill_small,0.65,0.65,1.0,0.03491903682359261,0.14031645510144014,0.15630323054486936,0.0010000000000000002,0.0010000000000000002,0.0006190368235926148,0.0343,0.6875,1.0,18.23985408116735,19613.999088007295,0,0,0,133,1128,0.03168452245270116,19.60952815135628,0.607248689309323,0.9830366985241392,success
pd1.psizemixed.occmedium.slottft_tight.loadmoderate.s20260818,chunked_prefill_large,0.625,0.625,1.0,0.031231536823592615,0.10790695143849327,0.12217728115824762,0.0010000000000000002,0.0010000000000000002,0.0006190368235926148,0.030612499999999997,0.7125,1.0,18.244013683010262,19618.47206385405,0,0,0,168,1935,0.039443684450524395,19.613999088007297,0.5401276789785682,0.9837002472254032,success
pd1.psizemixed.occmedium.slottft_tight.loadmoderate.s20260818,adaptive_prefill_control,0.65,0.65,1.0,0.03491903682359261,0.14031645510144014,0.15630323054486936,0.0010000000000000002,0.0010000000000000002,0.0006190368235926148,0.0343,0.6875,1.0,18.23985408116735,19613.999088007295,0,0,0,133,1128,0.03168452245270116,19.60952815135628,0.607248689309323,0.9830366985241392,success
pd1.psizemixed.occmedium.slottft_tight.loadmoderate.s20260819,full_prefill,0.6375,0.6375,1.0,0.033276798678916183,0.10786218198578121,0.11722315773410084,0.0010000000000000002,0.0010000000000000002,0.0005642986789161826,0.0327125,0.6875,1.0,18.12004530011325,21519.592298980748,0,0,0,175,2279,0.04030797101449275,21.51471920289855,0.5745018115942029,0.9911469159603227,success
pd1.psizemixed.occmedium.slottft_tight.loadmoderate.s20260819,chunked_prefill_small,0.6375,0.6375,1.0,0.035539298678916184,0.14167042678132852,0.16070532565699477,0.0010000000000000002,0.0010000000000000002,0.0005642986789161826,0.034975,0.675,1.0,18.12004530011325,21519.592298980748,0,0,0,122,1189,0.030344202898550724,21.51471920289855,0.6154891304347826,0.9758317267821948,success
pd1.psizemixed.occmedium.slottft_tight.loadmoderate.s20260819,decode_priority_chunked,0.6375,0.6375,1.0,0.035539298678916184,0.14167042678132852,0.16070532565699477,0.0010000000000000002,0.0010000000000000002,0.0005642986789161826,0.034975,0.675,1.0,18.12004530011325,21519.592298980748,0,0,0,122,1189,0.030344202898550724,21.51471920289855,0.6154891304347826,0.9758317267821948,success
pd1.psizemixed.occmedium.slottft_tight.loadmoderate.s20260819,adaptive_prefill_control,0.6375,0.6375,1.0,0.035539298678916184,0.14167042678132852,0.16070532565699477,0.0010000000000000002,0.0010000000000000002,0.0005642986789161826,0.034975,0.675,1.0,18.12004530011325,21519.592298980748,0,0,0,122,1189,0.030344202898550724,21.51471920289855,0.6154891304347826,0.9758317267821948,success
pd1.psizemixed.occmedium.slottft_tight.loadhigh.s20260818,chunked_prefill_small,0.5777777777777777,0.5777777777777777,1.0,0.06517183881660586,0.18017110950051385,0.2074201248755495,0.0010000000000000002,0.0010000000000000002,0.0006273943721614235,0.06454444444444445,0.4777777777777778,1.0,20.59967956054017,21871.36644541085,0,0,0,213,3651,0.04965675057208238,21.866361556064074,1.308695652173913,0.9873098478783027,success
pd1.psizemixed.occmedium.slottft_tight.loadhigh.s20260818,full_prefill,0.5666666666666667,0.5666666666666667,1.0,0.060716283261050316,0.1561549315297543,0.1631684155500933,0.0010000000000000002,0.0010000000000000002,0.0006273943721614235,0.060088888888888886,0.5111111111111111,1.0,20.604395604395602,21876.373626373625,0,0,0,242,4983,0.05607690547035935,21.87136644541085,1.2172121766994735,0.9919055244195356,success
pd1.psizemixed.occmedium.slottft_tight.loadhigh.s20260818,decode_priority_chunked,0.5777777777777777,0.5777777777777777,1.0,0.06517183881660586,0.18017110950051385,0.2074201248755495,0.0010000000000000002,0.0010000000000000002,0.0006273943721614235,0.06454444444444445,0.4777777777777778,1.0,20.59967956054017,21871.36644541085,0,0,0,213,3651,0.04965675057208238,21.866361556064074,1.308695652173913,0.9873098478783027,success
pd1.psizemixed.occmedium.slottft_tight.loadhigh.s20260818,chunked_prefill_large,0.5666666666666667,0.5666666666666667,1.0,0.0608051721499392,0.15591371373634805,0.16608896455992167,0.0010000000000000002,0.0010000000000000002,0.0006273943721614235,0.060177777777777774,0.5,1.0,20.604395604395602,21876.373626373625,0,0,0,235,4747,0.05493247882810712,21.87136644541085,1.2190432593270772,0.9878062449959968,success
pd1.psizemixed.occmedium.slottft_tight.loadmoderate.s20260819,chunked_prefill_large,0.6375,0.6375,1.0,0.03328929867891618,0.10625145846543457,0.12265517247762706,0.0010000000000000002,0.0010000000000000002,0.0005642986789161826,0.032725,0.675,1.0,18.12004530011325,21519.592298980748,0,0,0,167,2105,0.03872282608695652,21.51471920289855,0.5747282608695652,0.9856325862421782,success
pd1.psizemixed.occmedium.slottft_tight.loadhigh.s20260818,adaptive_prefill_control,0.5777777777777777,0.5777777777777777,1.0,0.06517183881660586,0.18017110950051385,0.2074201248755495,0.0010000000000000002,0.0010000000000000002,0.0006273943721614235,0.06454444444444445,0.4777777777777778,1.0,20.59967956054017,21871.36644541085,0,0,0,213,3651,0.04965675057208238,21.866361556064074,1.308695652173913,0.9873098478783027,success
pd1.psizemixed.occmedium.slottft_tight.loadhigh.s20260819,full_prefill,0.5555555555555556,0.5555555555555556,1.0,0.04446394317278032,0.13848239395961584,0.14552779928187487,0.0010000000000000002,0.0010000000000000002,0.0006417209505580947,0.04382222222222222,0.6333333333333333,1.0,21.11684655091506,22610.276865321444,0,0,0,225,3536,0.05348346235045742,22.604973023692235,0.9040581749941355,0.9929750194426165,success
pd1.psizemixed.occmedium.slottft_tight.loadhigh.s20260819,decode_priority_chunked,0.5555555555555556,0.5555555555555556,1.0,0.04859727650611366,0.16791648812231622,0.1856683551519291,0.0010000000000000002,0.0010000000000000002,0.0006417209505580947,0.04795555555555556,0.5888888888888889,1.0,21.11684655091506,22610.276865321444,0,0,0,187,2284,0.04597701149425287,22.604973023692235,0.9913206661975135,0.9808223158506465,success
pd1.psizemixed.occmedium.slottft_tight.loadhigh.s20260819,chunked_prefill_small,0.5555555555555556,0.5555555555555556,1.0,0.04859727650611366,0.16791648812231622,0.1856683551519291,0.0010000000000000002,0.0010000000000000002,0.0006417209505580947,0.04795555555555556,0.5888888888888889,1.0,21.11684655091506,22610.276865321444,0,0,0,187,2284,0.04597701149425287,22.604973023692235,0.9913206661975135,0.9808223158506465,success
pd1.psizemixed.occmedium.slottft_tight.loadhigh.s20260819,chunked_prefill_large,0.5555555555555556,0.5555555555555556,1.0,0.0447417209505581,0.13994742492692813,0.15066835515192908,0.0010000000000000002,0.0010000000000000002,0.0006417209505580947,0.0441,0.6333333333333333,1.0,21.11684655091506,22610.276865321444,0,0,0,218,3335,0.05207600281491907,22.604973023692235,0.9099225897255454,0.9885993624531026,success
pd1.psizemixed.occmedium.slotbt_tight.loadmoderate.s20260818,full_prefill,1.0,1.0,1.0,0.030769036823592617,0.1032583613257965,0.11459728115824762,0.0010000000000000002,0.0010000000000000002,0.0006190368235926148,0.03015,1.0,1.0,18.244013683010262,19618.47206385405,0,0,0,174,2075,0.04035567715458276,19.613999088007297,0.5316917464660282,0.9891798752100346,success
pd1.psizemixed.occmedium.slottft_tight.loadhigh.s20260819,adaptive_prefill_control,0.5555555555555556,0.5555555555555556,1.0,0.04859727650611366,0.16791648812231622,0.1856683551519291,0.0010000000000000002,0.0010000000000000002,0.0006417209505580947,0.04795555555555556,0.5888888888888889,1.0,21.11684655091506,22610.276865321444,0,0,0,187,2284,0.04597701149425287,22.604973023692235,0.9913206661975135,0.9808223158506465,success
pd1.psizemixed.occmedium.slotbt_tight.loadmoderate.s20260818,chunked_prefill_large,1.0,1.0,1.0,0.031231536823592615,0.10790695143849327,0.12217728115824762,0.0010000000000000002,0.0010000000000000002,0.0006190368235926148,0.030612499999999997,1.0,1.0,18.244013683010262,19618.47206385405,0,0,0,168,1935,0.039443684450524395,19.613999088007297,0.5401276789785682,0.9837002472254032,success
pd1.psizemixed.occmedium.slotbt_tight.loadmoderate.s20260818,decode_priority_chunked,1.0,1.0,1.0,0.03491903682359261,0.14031645510144014,0.15630323054486936,0.0010000000000000002,0.0010000000000000002,0.0006190368235926148,0.0343,1.0,1.0,18.23985408116735,19613.999088007295,0,0,0,133,1128,0.03168452245270116,19.60952815135628,0.607248689309323,0.9830366985241392,success
pd1.psizemixed.occmedium.slotbt_tight.loadmoderate.s20260818,chunked_prefill_small,1.0,1.0,1.0,0.03491903682359261,0.14031645510144014,0.15630323054486936,0.0010000000000000002,0.0010000000000000002,0.0006190368235926148,0.0343,1.0,1.0,18.23985408116735,19613.999088007295,0,0,0,133,1128,0.03168452245270116,19.60952815135628,0.607248689309323,0.9830366985241392,success
pd1.psizemixed.occmedium.slotbt_tight.loadmoderate.s20260818,adaptive_prefill_control,1.0,1.0,1.0,0.03491903682359261,0.14031645510144014,0.15630323054486936,0.0010000000000000002,0.0010000000000000002,0.0006190368235926148,0.0343,1.0,1.0,18.23985408116735,19613.999088007295,0,0,0,133,1128,0.03168452245270116,19.60952815135628,0.607248689309323,0.9830366985241392,success
pd1.psizemixed.occmedium.slotbt_tight.loadmoderate.s20260819,chunked_prefill_small,1.0,1.0,1.0,0.035539298678916184,0.14167042678132852,0.16070532565699477,0.0010000000000000002,0.0010000000000000002,0.0005642986789161826,0.034975,1.0,1.0,18.12004530011325,21519.592298980748,0,0,0,122,1189,0.030344202898550724,21.51471920289855,0.6154891304347826,0.9758317267821948,success
pd1.psizemixed.occmedium.slotbt_tight.loadmoderate.s20260819,full_prefill,1.0,1.0,1.0,0.033276798678916183,0.10786218198578121,0.11722315773410084,0.0010000000000000002,0.0010000000000000002,0.0005642986789161826,0.0327125,1.0,1.0,18.12004530011325,21519.592298980748,0,0,0,175,2279,0.04030797101449275,21.51471920289855,0.5745018115942029,0.9911469159603227,success
pd1.psizemixed.occmedium.slotbt_tight.loadmoderate.s20260819,decode_priority_chunked,1.0,1.0,1.0,0.035539298678916184,0.14167042678132852,0.16070532565699477,0.0010000000000000002,0.0010000000000000002,0.0005642986789161826,0.034975,1.0,1.0,18.12004530011325,21519.592298980748,0,0,0,122,1189,0.030344202898550724,21.51471920289855,0.6154891304347826,0.9758317267821948,success
pd1.psizemixed.occmedium.slotbt_tight.loadmoderate.s20260819,chunked_prefill_large,1.0,1.0,1.0,0.03328929867891618,0.10625145846543457,0.12265517247762706,0.0010000000000000002,0.0010000000000000002,0.0005642986789161826,0.032725,1.0,1.0,18.12004530011325,21519.592298980748,0,0,0,167,2105,0.03872282608695652,21.51471920289855,0.5747282608695652,0.9856325862421782,success
pd1.psizemixed.occmedium.slotbt_tight.loadmoderate.s20260819,adaptive_prefill_control,1.0,1.0,1.0,0.035539298678916184,0.14167042678132852,0.16070532565699477,0.0010000000000000002,0.0010000000000000002,0.0005642986789161826,0.034975,1.0,1.0,18.12004530011325,21519.592298980748,0,0,0,122,1189,0.030344202898550724,21.51471920289855,0.6154891304347826,0.9758317267821948,success
pd1.psizemixed.occmedium.slotbt_tight.loadhigh.s20260818,full_prefill,0.9666666666666667,0.9666666666666667,1.0,0.060716283261050316,0.1561549315297543,0.1631684155500933,0.0010000000000000002,0.0010000000000000002,0.0006273943721614235,0.060088888888888886,1.0,1.0,20.604395604395602,21876.373626373625,0,0,0,242,4983,0.05607690547035935,21.87136644541085,1.2172121766994735,0.9919055244195356,success
pd1.psizemixed.occmedium.slotbt_tight.loadhigh.s20260818,chunked_prefill_large,0.9777777777777777,0.9777777777777777,1.0,0.0608051721499392,0.15591371373634805,0.16608896455992167,0.0010000000000000002,0.0010000000000000002,0.0006273943721614235,0.060177777777777774,1.0,1.0,20.604395604395602,21876.373626373625,0,0,0,235,4747,0.05493247882810712,21.87136644541085,1.2190432593270772,0.9878062449959968,success
pd1.psizemixed.occmedium.slotbt_tight.loadhigh.s20260818,decode_priority_chunked,1.0,1.0,1.0,0.06517183881660586,0.18017110950051385,0.2074201248755495,0.0010000000000000002,0.0010000000000000002,0.0006273943721614235,0.06454444444444445,1.0,1.0,20.59967956054017,21871.36644541085,0,0,0,213,3651,0.04965675057208238,21.866361556064074,1.308695652173913,0.9873098478783027,success
pd1.psizemixed.occmedium.slotbt_tight.loadhigh.s20260818,adaptive_prefill_control,1.0,1.0,1.0,0.06517183881660586,0.18017110950051385,0.2074201248755495,0.0010000000000000002,0.0010000000000000002,0.0006273943721614235,0.06454444444444445,1.0,1.0,20.59967956054017,21871.36644541085,0,0,0,213,3651,0.04965675057208238,21.866361556064074,1.308695652173913,0.9873098478783027,success
pd1.psizemixed.occmedium.slotbt_tight.loadhigh.s20260819,full_prefill,1.0,1.0,1.0,0.04446394317278032,0.13848239395961584,0.14552779928187487,0.0010000000000000002,0.0010000000000000002,0.0006417209505580947,0.04382222222222222,1.0,1.0,21.11684655091506,22610.276865321444,0,0,0,225,3536,0.05348346235045742,22.604973023692235,0.9040581749941355,0.9929750194426165,success
pd1.psizemixed.occmedium.slotbt_tight.loadhigh.s20260819,chunked_prefill_small,1.0,1.0,1.0,0.04859727650611366,0.16791648812231622,0.1856683551519291,0.0010000000000000002,0.0010000000000000002,0.0006417209505580947,0.04795555555555556,1.0,1.0,21.11684655091506,22610.276865321444,0,0,0,187,2284,0.04597701149425287,22.604973023692235,0.9913206661975135,0.9808223158506465,success
pd1.psizemixed.occmedium.slotbt_tight.loadhigh.s20260819,chunked_prefill_large,1.0,1.0,1.0,0.0447417209505581,0.13994742492692813,0.15066835515192908,0.0010000000000000002,0.0010000000000000002,0.0006417209505580947,0.0441,1.0,1.0,21.11684655091506,22610.276865321444,0,0,0,218,3335,0.05207600281491907,22.604973023692235,0.9099225897255454,0.9885993624531026,success
pd1.psizemixed.occmedium.slotbt_tight.loadhigh.s20260819,decode_priority_chunked,1.0,1.0,1.0,0.04859727650611366,0.16791648812231622,0.1856683551519291,0.0010000000000000002,0.0010000000000000002,0.0006417209505580947,0.04795555555555556,1.0,1.0,21.11684655091506,22610.276865321444,0,0,0,187,2284,0.04597701149425287,22.604973023692235,0.9913206661975135,0.9808223158506465,success
pd1.psizemixed.occmedium.slotbt_tight.loadhigh.s20260818,chunked_prefill_small,1.0,1.0,1.0,0.06517183881660586,0.18017110950051385,0.2074201248755495,0.0010000000000000002,0.0010000000000000002,0.0006273943721614235,0.06454444444444445,1.0,1.0,20.59967956054017,21871.36644541085,0,0,0,213,3651,0.04965675057208238,21.866361556064074,1.308695652173913,0.9873098478783027,success
pd1.psizemixed.occmedium.slobalanced.loadmoderate.s20260818,full_prefill,0.975,0.975,1.0,0.030769036823592617,0.1032583613257965,0.11459728115824762,0.0010000000000000002,0.0010000000000000002,0.0006190368235926148,0.03015,1.0,1.0,18.244013683010262,19618.47206385405,0,0,0,174,2075,0.04035567715458276,19.613999088007297,0.5316917464660282,0.9891798752100346,success
pd1.psizemixed.occmedium.slotbt_tight.loadhigh.s20260819,adaptive_prefill_control,1.0,1.0,1.0,0.04859727650611366,0.16791648812231622,0.1856683551519291,0.0010000000000000002,0.0010000000000000002,0.0006417209505580947,0.04795555555555556,1.0,1.0,21.11684655091506,22610.276865321444,0,0,0,187,2284,0.04597701149425287,22.604973023692235,0.9913206661975135,0.9808223158506465,success
pd1.psizemixed.occmedium.slobalanced.loadmoderate.s20260818,decode_priority_chunked,0.95,0.95,1.0,0.03491903682359261,0.14031645510144014,0.15630323054486936,0.0010000000000000002,0.0010000000000000002,0.0006190368235926148,0.0343,0.95,1.0,18.23985408116735,19613.999088007295,0,0,0,133,1128,0.03168452245270116,19.60952815135628,0.607248689309323,0.9830366985241392,success
pd1.psizemixed.occmedium.slobalanced.loadmoderate.s20260818,chunked_prefill_small,0.95,0.95,1.0,0.03491903682359261,0.14031645510144014,0.15630323054486936,0.0010000000000000002,0.0010000000000000002,0.0006190368235926148,0.0343,0.95,1.0,18.23985408116735,19613.999088007295,0,0,0,133,1128,0.03168452245270116,19.60952815135628,0.607248689309323,0.9830366985241392,success
pd1.psizemixed.occmedium.slobalanced.loadmoderate.s20260818,chunked_prefill_large,0.975,0.975,1.0,0.031231536823592615,0.10790695143849327,0.12217728115824762,0.0010000000000000002,0.0010000000000000002,0.0006190368235926148,0.030612499999999997,1.0,1.0,18.244013683010262,19618.47206385405,0,0,0,168,1935,0.039443684450524395,19.613999088007297,0.5401276789785682,0.9837002472254032,success
pd1.psizemixed.occmedium.slobalanced.loadmoderate.s20260818,adaptive_prefill_control,0.95,0.95,1.0,0.03491903682359261,0.14031645510144014,0.15630323054486936,0.0010000000000000002,0.0010000000000000002,0.0006190368235926148,0.0343,0.95,1.0,18.23985408116735,19613.999088007295,0,0,0,133,1128,0.03168452245270116,19.60952815135628,0.607248689309323,0.9830366985241392,success
pd1.psizemixed.occmedium.slobalanced.loadmoderate.s20260819,full_prefill,0.925,0.925,1.0,0.033276798678916183,0.10786218198578121,0.11722315773410084,0.0010000000000000002,0.0010000000000000002,0.0005642986789161826,0.0327125,1.0,1.0,18.12004530011325,21519.592298980748,0,0,0,175,2279,0.04030797101449275,21.51471920289855,0.5745018115942029,0.9911469159603227,success
pd1.psizemixed.occmedium.slobalanced.loadmoderate.s20260819,decode_priority_chunked,0.925,0.925,1.0,0.035539298678916184,0.14167042678132852,0.16070532565699477,0.0010000000000000002,0.0010000000000000002,0.0005642986789161826,0.034975,0.975,1.0,18.12004530011325,21519.592298980748,0,0,0,122,1189,0.030344202898550724,21.51471920289855,0.6154891304347826,0.9758317267821948,success
pd1.psizemixed.occmedium.slobalanced.loadmoderate.s20260819,chunked_prefill_large,0.925,0.925,1.0,0.03328929867891618,0.10625145846543457,0.12265517247762706,0.0010000000000000002,0.0010000000000000002,0.0005642986789161826,0.032725,1.0,1.0,18.12004530011325,21519.592298980748,0,0,0,167,2105,0.03872282608695652,21.51471920289855,0.5747282608695652,0.9856325862421782,success
pd1.psizemixed.occmedium.slobalanced.loadmoderate.s20260819,adaptive_prefill_control,0.925,0.925,1.0,0.035539298678916184,0.14167042678132852,0.16070532565699477,0.0010000000000000002,0.0010000000000000002,0.0005642986789161826,0.034975,0.975,1.0,18.12004530011325,21519.592298980748,0,0,0,122,1189,0.030344202898550724,21.51471920289855,0.6154891304347826,0.9758317267821948,success
pd1.psizemixed.occmedium.slobalanced.loadhigh.s20260818,full_prefill,0.9,0.9,1.0,0.060716283261050316,0.1561549315297543,0.1631684155500933,0.0010000000000000002,0.0010000000000000002,0.0006273943721614235,0.060088888888888886,0.9111111111111111,1.0,20.604395604395602,21876.373626373625,0,0,0,242,4983,0.05607690547035935,21.87136644541085,1.2172121766994735,0.9919055244195356,success
pd1.psizemixed.occmedium.slobalanced.loadhigh.s20260818,chunked_prefill_small,0.8777777777777778,0.8777777777777778,1.0,0.06517183881660586,0.18017110950051385,0.2074201248755495,0.0010000000000000002,0.0010000000000000002,0.0006273943721614235,0.06454444444444445,0.9111111111111111,1.0,20.59967956054017,21871.36644541085,0,0,0,213,3651,0.04965675057208238,21.866361556064074,1.308695652173913,0.9873098478783027,success
pd1.psizemixed.occmedium.slobalanced.loadmoderate.s20260819,chunked_prefill_small,0.925,0.925,1.0,0.035539298678916184,0.14167042678132852,0.16070532565699477,0.0010000000000000002,0.0010000000000000002,0.0005642986789161826,0.034975,0.975,1.0,18.12004530011325,21519.592298980748,0,0,0,122,1189,0.030344202898550724,21.51471920289855,0.6154891304347826,0.9758317267821948,success
pd1.psizemixed.occmedium.slobalanced.loadhigh.s20260818,decode_priority_chunked,0.8777777777777778,0.8777777777777778,1.0,0.06517183881660586,0.18017110950051385,0.2074201248755495,0.0010000000000000002,0.0010000000000000002,0.0006273943721614235,0.06454444444444445,0.9111111111111111,1.0,20.59967956054017,21871.36644541085,0,0,0,213,3651,0.04965675057208238,21.866361556064074,1.308695652173913,0.9873098478783027,success
pd1.psizemixed.occmedium.slobalanced.loadhigh.s20260818,chunked_prefill_large,0.9,0.9,1.0,0.0608051721499392,0.15591371373634805,0.16608896455992167,0.0010000000000000002,0.0010000000000000002,0.0006273943721614235,0.060177777777777774,0.9111111111111111,1.0,20.604395604395602,21876.373626373625,0,0,0,235,4747,0.05493247882810712,21.87136644541085,1.2190432593270772,0.9878062449959968,success
pd1.psizemixed.occmedium.slobalanced.loadhigh.s20260819,full_prefill,0.9,0.9,1.0,0.04446394317278032,0.13848239395961584,0.14552779928187487,0.0010000000000000002,0.0010000000000000002,0.0006417209505580947,0.04382222222222222,0.9888888888888889,1.0,21.11684655091506,22610.276865321444,0,0,0,225,3536,0.05348346235045742,22.604973023692235,0.9040581749941355,0.9929750194426165,success
pd1.psizemixed.occmedium.slobalanced.loadhigh.s20260818,adaptive_prefill_control,0.8777777777777778,0.8777777777777778,1.0,0.06517183881660586,0.18017110950051385,0.2074201248755495,0.0010000000000000002,0.0010000000000000002,0.0006273943721614235,0.06454444444444445,0.9111111111111111,1.0,20.59967956054017,21871.36644541085,0,0,0,213,3651,0.04965675057208238,21.866361556064074,1.308695652173913,0.9873098478783027,success
pd1.psizemixed.occmedium.slobalanced.loadhigh.s20260819,decode_priority_chunked,0.8666666666666667,0.8666666666666667,1.0,0.04859727650611366,0.16791648812231622,0.1856683551519291,0.0010000000000000002,0.0010000000000000002,0.0006417209505580947,0.04795555555555556,0.9111111111111111,1.0,21.11684655091506,22610.276865321444,0,0,0,187,2284,0.04597701149425287,22.604973023692235,0.9913206661975135,0.9808223158506465,success
pd1.psizemixed.occmedium.slobalanced.loadhigh.s20260819,chunked_prefill_small,0.8666666666666667,0.8666666666666667,1.0,0.04859727650611366,0.16791648812231622,0.1856683551519291,0.0010000000000000002,0.0010000000000000002,0.0006417209505580947,0.04795555555555556,0.9111111111111111,1.0,21.11684655091506,22610.276865321444,0,0,0,187,2284,0.04597701149425287,22.604973023692235,0.9913206661975135,0.9808223158506465,success
pd1.psizemixed.occmedium.slobalanced.loadhigh.s20260819,chunked_prefill_large,0.9,0.9,1.0,0.0447417209505581,0.13994742492692813,0.15066835515192908,0.0010000000000000002,0.0010000000000000002,0.0006417209505580947,0.0441,0.9888888888888889,1.0,21.11684655091506,22610.276865321444,0,0,0,218,3335,0.05207600281491907,22.604973023692235,0.9099225897255454,0.9885993624531026,success
pd1.psizemixed.occhigh.slottft_tight.loadmoderate.s20260818,full_prefill,0.7272727272727273,0.7272727272727273,1.0,0.025336802045406403,0.10078667661922856,0.11402142044918016,0.0010000000000000005,0.0010000000000000002,0.0005913474999518551,0.024745454545454532,0.7727272727272727,1.0,20.665038512117224,32735.863235017845,0,0,0,176,2323,0.03362133734034561,32.72971450037566,0.4906085649887303,0.9895487672507366,success
pd1.psizemixed.occmedium.slobalanced.loadhigh.s20260819,adaptive_prefill_control,0.8666666666666667,0.8666666666666667,1.0,0.04859727650611366,0.16791648812231622,0.1856683551519291,0.0010000000000000002,0.0010000000000000002,0.0006417209505580947,0.04795555555555556,0.9111111111111111,1.0,21.11684655091506,22610.276865321444,0,0,0,187,2284,0.04597701149425287,22.604973023692235,0.9913206661975135,0.9808223158506465,success
pd1.psizemixed.occhigh.slottft_tight.loadmoderate.s20260818,chunked_prefill_small,0.7454545454545455,0.7454545454545455,1.0,0.02788225659086094,0.1299204241186018,0.1544698503281795,0.0010000000000000002,0.0010000000000000002,0.0005913474999518551,0.0272909090909091,0.7636363636363637,1.0,20.66115702479339,32729.71450037566,0,0,0,141,1285,0.0276056338028169,32.72356807511737,0.5430985915492957,0.983615030754122,success
pd1.psizemixed.occhigh.slottft_tight.loadmoderate.s20260818,decode_priority_chunked,0.7454545454545455,0.7454545454545455,1.0,0.02788225659086094,0.1299204241186018,0.1544698503281795,0.0010000000000000002,0.0010000000000000002,0.0005913474999518551,0.0272909090909091,0.7636363636363637,1.0,20.66115702479339,32729.71450037566,0,0,0,141,1285,0.0276056338028169,32.72356807511737,0.5430985915492957,0.983615030754122,success
pd1.psizemixed.occhigh.slottft_tight.loadmoderate.s20260818,chunked_prefill_large,0.7272727272727273,0.7272727272727273,1.0,0.025654983863588214,0.10034033148523629,0.11990045699808734,0.0010000000000000005,0.0010000000000000002,0.0005913474999518551,0.025063636363636354,0.7818181818181819,1.0,20.665038512117224,32735.863235017845,0,0,0,172,2180,0.03305785123966942,32.72971450037566,0.4971825694966191,0.9842559569959167,success
pd1.psizemixed.occhigh.slottft_tight.loadmoderate.s20260818,adaptive_prefill_control,0.7454545454545455,0.7454545454545455,1.0,0.02788225659086094,0.1299204241186018,0.1544698503281795,0.0010000000000000002,0.0010000000000000002,0.0005913474999518551,0.0272909090909091,0.7636363636363637,1.0,20.66115702479339,32729.71450037566,0,0,0,141,1285,0.0276056338028169,32.72356807511737,0.5430985915492957,0.983615030754122,success
pd1.psizemixed.occhigh.slottft_tight.loadmoderate.s20260819,full_prefill,0.7363636363636363,0.7363636363636363,1.0,0.02878792958854988,0.10711272652426365,0.1146803750553897,0.0010000000000000005,0.0010000000000000002,0.0005788386794589701,0.0282090909090909,0.7363636363636363,1.0,20.340236686390533,33551.96005917159,0,0,0,175,2704,0.0330929931595489,33.54575707154742,0.5533370308744685,0.9914163090128756,success
pd1.psizemixed.occhigh.slottft_tight.loadmoderate.s20260819,chunked_prefill_small,0.7363636363636363,0.7363636363636363,1.0,0.029606111406731694,0.13173953397422594,0.15687035945916894,0.0010000000000000005,0.0010000000000000002,0.00057883867945897,0.029027272727272728,0.7363636363636363,1.0,20.336476243298208,33545.75707154742,0,0,0,135,1491,0.026617375231053605,33.539556377079485,0.5698706099815157,0.9765671501519376,success
pd1.psizemixed.occhigh.slottft_tight.loadmoderate.s20260819,chunked_prefill_large,0.7363636363636363,0.7363636363636363,1.0,0.028642475043095333,0.10438057647301538,0.1192832941730337,0.0010000000000000005,0.0010000000000000002,0.00057883867945897,0.028063636363636353,0.7272727272727273,1.0,20.340236686390533,33551.96005917159,0,0,0,168,2512,0.03179885376224811,33.54575707154742,0.5503789979663524,0.9860697764272214,success
pd1.psizemixed.occhigh.slottft_tight.loadhigh.s20260818,full_prefill,0.675,0.675,1.0,0.04128744334500193,0.14645644674054348,0.1584892071468031,0.0010000000000000005,0.0010000000000000002,0.0005957766783352626,0.04069166666666667,0.675,1.0,23.369036027263878,32717.234664070107,0,0,0,242,4397,0.04789719626168224,32.71086448598131,0.9273753894080997,0.9921149301574674,success
pd1.psizemixed.occhigh.slottft_tight.loadmoderate.s20260819,adaptive_prefill_control,0.7363636363636363,0.7363636363636363,1.0,0.029606111406731694,0.13173953397422594,0.15687035945916894,0.0010000000000000005,0.0010000000000000002,0.00057883867945897,0.029027272727272728,0.7363636363636363,1.0,20.336476243298208,33545.75707154742,0,0,0,135,1491,0.026617375231053605,33.539556377079485,0.5698706099815157,0.9765671501519376,success
pd1.psizemixed.occhigh.slottft_tight.loadhigh.s20260818,decode_priority_chunked,0.6833333333333333,0.6833333333333333,1.0,0.044804110011668605,0.17509448268088082,0.20387318687355682,0.0010000000000000002,0.0010000000000000002,0.0005957766783352626,0.04420833333333334,0.6416666666666667,1.0,23.36448598130841,32710.864485981307,0,0,0,216,3049,0.04243722016741289,32.70449678800856,1.009343975082733,0.9876381447078001,success
pd1.psizemixed.occhigh.slottft_tight.loadhigh.s20260818,chunked_prefill_small,0.6833333333333333,0.6833333333333333,1.0,0.044804110011668605,0.17509448268088082,0.20387318687355682,0.0010000000000000002,0.0010000000000000002,0.0005957766783352626,0.04420833333333334,0.6416666666666667,1.0,23.36448598130841,32710.864485981307,0,0,0,216,3049,0.04243722016741289,32.70449678800856,1.009343975082733,0.9876381447078001,success
pd1.psizemixed.occhigh.slottft_tight.loadhigh.s20260818,chunked_prefill_large,0.675,0.675,1.0,0.04132077667833526,0.14706509280947117,0.1641725603158743,0.0010000000000000005,0.0010000000000000002,0.0005957766783352626,0.040725000000000004,0.6666666666666666,1.0,23.369036027263878,32717.234664070107,0,0,0,236,4158,0.04672897196261682,32.71086448598131,0.9281542056074766,0.9881216999305864,success
pd1.psizemixed.occhigh.slottft_tight.loadhigh.s20260818,adaptive_prefill_control,0.6833333333333333,0.6833333333333333,1.0,0.044804110011668605,0.17509448268088082,0.20387318687355682,0.0010000000000000002,0.0010000000000000002,0.0005957766783352626,0.04420833333333334,0.6416666666666667,1.0,23.36448598130841,32710.864485981307,0,0,0,216,3049,0.04243722016741289,32.70449678800856,1.009343975082733,0.9876381447078001,success
pd1.psizemixed.occhigh.slottft_tight.loadmoderate.s20260819,decode_priority_chunked,0.7363636363636363,0.7363636363636363,1.0,0.029606111406731694,0.13173953397422594,0.15687035945916894,0.0010000000000000005,0.0010000000000000002,0.00057883867945897,0.029027272727272728,0.7363636363636363,1.0,20.336476243298208,33545.75707154742,0,0,0,135,1491,0.026617375231053605,33.539556377079485,0.5698706099815157,0.9765671501519376,success
pd1.psizemixed.occhigh.slottft_tight.loadhigh.s20260819,full_prefill,0.6666666666666666,0.6666666666666666,1.0,0.03751966382190384,0.1380734042700808,0.14663054051840893,0.0010000000000000005,0.0010000000000000002,0.0005529971552371689,0.03696666666666667,0.6833333333333333,1.0,22.14022140221402,34111.43911439114,0,0,0,226,3966,0.042427596384430916,34.105146651909244,0.7961630695443646,0.9931407399989987,success
pd1.psizemixed.occhigh.slottft_tight.loadhigh.s20260819,decode_priority_chunked,0.6666666666666666,0.6666666666666666,1.0,0.04005299715523717,0.1559746544499139,0.18677115137489791,0.0010000000000000005,0.0010000000000000002,0.0005529971552371691,0.0395,0.6666666666666666,1.0,22.13613724405091,34105.14665190924,0,0,0,194,2615,0.03633345628919218,34.098856510512725,0.8520841018074511,0.9812747208731788,success
pd1.psizemixed.occhigh.slottft_tight.loadhigh.s20260819,chunked_prefill_small,0.6666666666666666,0.6666666666666666,1.0,0.04005299715523717,0.1559746544499139,0.18677115137489791,0.0010000000000000005,0.0010000000000000002,0.0005529971552371691,0.0395,0.6666666666666666,1.0,22.13613724405091,34105.14665190924,0,0,0,194,2615,0.03633345628919218,34.098856510512725,0.8520841018074511,0.9812747208731788,success
pd1.psizemixed.occhigh.slottft_tight.loadhigh.s20260819,chunked_prefill_large,0.6666666666666666,0.6666666666666666,1.0,0.03755299715523717,0.1351315839165034,0.1509624892466759,0.0010000000000000005,0.0010000000000000002,0.0005529971552371689,0.037000000000000005,0.6916666666666667,1.0,22.14022140221402,34111.43911439114,0,0,0,218,3744,0.04113632171186128,34.105146651909244,0.7969009407858328,0.9888683055458202,success
pd1.psizemixed.occhigh.slotbt_tight.loadmoderate.s20260818,full_prefill,1.0,1.0,1.0,0.025336802045406403,0.10078667661922856,0.11402142044918016,0.0010000000000000005,0.0010000000000000002,0.0005913474999518551,0.024745454545454532,1.0,1.0,20.665038512117224,32735.863235017845,0,0,0,176,2323,0.03362133734034561,32.72971450037566,0.4906085649887303,0.9895487672507366,success
pd1.psizemixed.occhigh.slottft_tight.loadhigh.s20260819,adaptive_prefill_control,0.6666666666666666,0.6666666666666666,1.0,0.04005299715523717,0.1559746544499139,0.18677115137489791,0.0010000000000000005,0.0010000000000000002,0.0005529971552371691,0.0395,0.6666666666666666,1.0,22.13613724405091,34105.14665190924,0,0,0,194,2615,0.03633345628919218,34.098856510512725,0.8520841018074511,0.9812747208731788,success
pd1.psizemixed.occhigh.slotbt_tight.loadmoderate.s20260818,chunked_prefill_small,1.0,1.0,1.0,0.02788225659086094,0.1299204241186018,0.1544698503281795,0.0010000000000000002,0.0010000000000000002,0.0005913474999518551,0.0272909090909091,1.0,1.0,20.66115702479339,32729.71450037566,0,0,0,141,1285,0.0276056338028169,32.72356807511737,0.5430985915492957,0.983615030754122,success
pd1.psizemixed.occhigh.slotbt_tight.loadmoderate.s20260818,decode_priority_chunked,1.0,1.0,1.0,0.02788225659086094,0.1299204241186018,0.1544698503281795,0.0010000000000000002,0.0010000000000000002,0.0005913474999518551,0.0272909090909091,1.0,1.0,20.66115702479339,32729.71450037566,0,0,0,141,1285,0.0276056338028169,32.72356807511737,0.5430985915492957,0.983615030754122,success
pd1.psizemixed.occhigh.slotbt_tight.loadmoderate.s20260818,adaptive_prefill_control,1.0,1.0,1.0,0.02788225659086094,0.1299204241186018,0.1544698503281795,0.0010000000000000002,0.0010000000000000002,0.0005913474999518551,0.0272909090909091,1.0,1.0,20.66115702479339,32729.71450037566,0,0,0,141,1285,0.0276056338028169,32.72356807511737,0.5430985915492957,0.983615030754122,success
pd1.psizemixed.occhigh.slotbt_tight.loadmoderate.s20260819,decode_priority_chunked,1.0,1.0,1.0,0.029606111406731694,0.13173953397422594,0.15687035945916894,0.0010000000000000005,0.0010000000000000002,0.00057883867945897,0.029027272727272728,1.0,1.0,20.336476243298208,33545.75707154742,0,0,0,135,1491,0.026617375231053605,33.539556377079485,0.5698706099815157,0.9765671501519376,success
pd1.psizemixed.occhigh.slotbt_tight.loadmoderate.s20260819,full_prefill,1.0,1.0,1.0,0.02878792958854988,0.10711272652426365,0.1146803750553897,0.0010000000000000005,0.0010000000000000002,0.0005788386794589701,0.0282090909090909,1.0,1.0,20.340236686390533,33551.96005917159,0,0,0,175,2704,0.0330929931595489,33.54575707154742,0.5533370308744685,0.9914163090128756,success
pd1.psizemixed.occhigh.slotbt_tight.loadmoderate.s20260819,chunked_prefill_small,1.0,1.0,1.0,0.029606111406731694,0.13173953397422594,0.15687035945916894,0.0010000000000000005,0.0010000000000000002,0.00057883867945897,0.029027272727272728,1.0,1.0,20.336476243298208,33545.75707154742,0,0,0,135,1491,0.026617375231053605,33.539556377079485,0.5698706099815157,0.9765671501519376,success
pd1.psizemixed.occhigh.slotbt_tight.loadmoderate.s20260818,chunked_prefill_large,1.0,1.0,1.0,0.025654983863588214,0.10034033148523629,0.11990045699808734,0.0010000000000000005,0.0010000000000000002,0.0005913474999518551,0.025063636363636354,1.0,1.0,20.665038512117224,32735.863235017845,0,0,0,172,2180,0.03305785123966942,32.72971450037566,0.4971825694966191,0.9842559569959167,success
pd1.psizemixed.occhigh.slotbt_tight.loadmoderate.s20260819,chunked_prefill_large,1.0,1.0,1.0,0.028642475043095333,0.10438057647301538,0.1192832941730337,0.0010000000000000005,0.0010000000000000002,0.00057883867945897,0.028063636363636353,1.0,1.0,20.340236686390533,33551.96005917159,0,0,0,168,2512,0.03179885376224811,33.54575707154742,0.5503789979663524,0.9860697764272214,success
pd1.psizemixed.occhigh.slotbt_tight.loadmoderate.s20260819,adaptive_prefill_control,1.0,1.0,1.0,0.029606111406731694,0.13173953397422594,0.15687035945916894,0.0010000000000000005,0.0010000000000000002,0.00057883867945897,0.029027272727272728,1.0,1.0,20.336476243298208,33545.75707154742,0,0,0,135,1491,0.026617375231053605,33.539556377079485,0.5698706099815157,0.9765671501519376,success
pd1.psizemixed.occhigh.slotbt_tight.loadhigh.s20260818,full_prefill,1.0,1.0,1.0,0.04128744334500193,0.14645644674054348,0.1584892071468031,0.0010000000000000005,0.0010000000000000002,0.0005957766783352626,0.04069166666666667,1.0,1.0,23.369036027263878,32717.234664070107,0,0,0,242,4397,0.04789719626168224,32.71086448598131,0.9273753894080997,0.9921149301574674,success
pd1.psizemixed.occhigh.slotbt_tight.loadhigh.s20260818,decode_priority_chunked,1.0,1.0,1.0,0.044804110011668605,0.17509448268088082,0.20387318687355682,0.0010000000000000002,0.0010000000000000002,0.0005957766783352626,0.04420833333333334,1.0,1.0,23.36448598130841,32710.864485981307,0,0,0,216,3049,0.04243722016741289,32.70449678800856,1.009343975082733,0.9876381447078001,success
pd1.psizemixed.occhigh.slotbt_tight.loadhigh.s20260818,chunked_prefill_small,1.0,1.0,1.0,0.044804110011668605,0.17509448268088082,0.20387318687355682,0.0010000000000000002,0.0010000000000000002,0.0005957766783352626,0.04420833333333334,1.0,1.0,23.36448598130841,32710.864485981307,0,0,0,216,3049,0.04243722016741289,32.70449678800856,1.009343975082733,0.9876381447078001,success
pd1.psizemixed.occhigh.slotbt_tight.loadhigh.s20260818,chunked_prefill_large,1.0,1.0,1.0,0.04132077667833526,0.14706509280947117,0.1641725603158743,0.0010000000000000005,0.0010000000000000002,0.0005957766783352626,0.040725000000000004,1.0,1.0,23.369036027263878,32717.234664070107,0,0,0,236,4158,0.04672897196261682,32.71086448598131,0.9281542056074766,0.9881216999305864,success
pd1.psizemixed.occhigh.slotbt_tight.loadhigh.s20260818,adaptive_prefill_control,1.0,1.0,1.0,0.044804110011668605,0.17509448268088082,0.20387318687355682,0.0010000000000000002,0.0010000000000000002,0.0005957766783352626,0.04420833333333334,1.0,1.0,23.36448598130841,32710.864485981307,0,0,0,216,3049,0.04243722016741289,32.70449678800856,1.009343975082733,0.9876381447078001,success
pd1.psizemixed.occhigh.slotbt_tight.loadhigh.s20260819,chunked_prefill_small,1.0,1.0,1.0,0.04005299715523717,0.1559746544499139,0.18677115137489791,0.0010000000000000005,0.0010000000000000002,0.0005529971552371691,0.0395,1.0,1.0,22.13613724405091,34105.14665190924,0,0,0,194,2615,0.03633345628919218,34.098856510512725,0.8520841018074511,0.9812747208731788,success
pd1.psizemixed.occhigh.slotbt_tight.loadhigh.s20260819,chunked_prefill_large,1.0,1.0,1.0,0.03755299715523717,0.1351315839165034,0.1509624892466759,0.0010000000000000005,0.0010000000000000002,0.0005529971552371689,0.037000000000000005,1.0,1.0,22.14022140221402,34111.43911439114,0,0,0,218,3744,0.04113632171186128,34.105146651909244,0.7969009407858328,0.9888683055458202,success
pd1.psizemixed.occhigh.slotbt_tight.loadhigh.s20260819,decode_priority_chunked,1.0,1.0,1.0,0.04005299715523717,0.1559746544499139,0.18677115137489791,0.0010000000000000005,0.0010000000000000002,0.0005529971552371691,0.0395,1.0,1.0,22.13613724405091,34105.14665190924,0,0,0,194,2615,0.03633345628919218,34.098856510512725,0.8520841018074511,0.9812747208731788,success
pd1.psizemixed.occhigh.slotbt_tight.loadhigh.s20260819,full_prefill,1.0,1.0,1.0,0.03751966382190384,0.1380734042700808,0.14663054051840893,0.0010000000000000005,0.0010000000000000002,0.0005529971552371689,0.03696666666666667,1.0,1.0,22.14022140221402,34111.43911439114,0,0,0,226,3966,0.042427596384430916,34.105146651909244,0.7961630695443646,0.9931407399989987,success
pd1.psizemixed.occhigh.slobalanced.loadmoderate.s20260818,full_prefill,0.9818181818181818,0.9818181818181818,1.0,0.025336802045406403,0.10078667661922856,0.11402142044918016,0.0010000000000000005,0.0010000000000000002,0.0005913474999518551,0.024745454545454532,1.0,1.0,20.665038512117224,32735.863235017845,0,0,0,176,2323,0.03362133734034561,32.72971450037566,0.4906085649887303,0.9895487672507366,success
pd1.psizemixed.occhigh.slotbt_tight.loadhigh.s20260819,adaptive_prefill_control,1.0,1.0,1.0,0.04005299715523717,0.1559746544499139,0.18677115137489791,0.0010000000000000005,0.0010000000000000002,0.0005529971552371691,0.0395,1.0,1.0,22.13613724405091,34105.14665190924,0,0,0,194,2615,0.03633345628919218,34.098856510512725,0.8520841018074511,0.9812747208731788,success
pd1.psizemixed.occhigh.slobalanced.loadmoderate.s20260818,chunked_prefill_small,0.9636363636363636,0.9636363636363636,1.0,0.02788225659086094,0.1299204241186018,0.1544698503281795,0.0010000000000000002,0.0010000000000000002,0.0005913474999518551,0.0272909090909091,0.9636363636363636,1.0,20.66115702479339,32729.71450037566,0,0,0,141,1285,0.0276056338028169,32.72356807511737,0.5430985915492957,0.983615030754122,success
pd1.psizemixed.occhigh.slobalanced.loadmoderate.s20260818,decode_priority_chunked,0.9636363636363636,0.9636363636363636,1.0,0.02788225659086094,0.1299204241186018,0.1544698503281795,0.0010000000000000002,0.0010000000000000002,0.0005913474999518551,0.0272909090909091,0.9636363636363636,1.0,20.66115702479339,32729.71450037566,0,0,0,141,1285,0.0276056338028169,32.72356807511737,0.5430985915492957,0.983615030754122,success
pd1.psizemixed.occhigh.slobalanced.loadmoderate.s20260818,chunked_prefill_large,0.9818181818181818,0.9818181818181818,1.0,0.025654983863588214,0.10034033148523629,0.11990045699808734,0.0010000000000000005,0.0010000000000000002,0.0005913474999518551,0.025063636363636354,1.0,1.0,20.665038512117224,32735.863235017845,0,0,0,172,2180,0.03305785123966942,32.72971450037566,0.4971825694966191,0.9842559569959167,success
pd1.psizemixed.occhigh.slobalanced.loadmoderate.s20260818,adaptive_prefill_control,0.9636363636363636,0.9636363636363636,1.0,0.02788225659086094,0.1299204241186018,0.1544698503281795,0.0010000000000000002,0.0010000000000000002,0.0005913474999518551,0.0272909090909091,0.9636363636363636,1.0,20.66115702479339,32729.71450037566,0,0,0,141,1285,0.0276056338028169,32.72356807511737,0.5430985915492957,0.983615030754122,success
pd1.psizemixed.occhigh.slobalanced.loadmoderate.s20260819,full_prefill,0.9454545454545454,0.9454545454545454,1.0,0.02878792958854988,0.10711272652426365,0.1146803750553897,0.0010000000000000005,0.0010000000000000002,0.0005788386794589701,0.0282090909090909,1.0,1.0,20.340236686390533,33551.96005917159,0,0,0,175,2704,0.0330929931595489,33.54575707154742,0.5533370308744685,0.9914163090128756,success
pd1.psizemixed.occhigh.slobalanced.loadmoderate.s20260819,decode_priority_chunked,0.9454545454545454,0.9454545454545454,1.0,0.029606111406731694,0.13173953397422594,0.15687035945916894,0.0010000000000000005,0.0010000000000000002,0.00057883867945897,0.029027272727272728,0.9818181818181818,1.0,20.336476243298208,33545.75707154742,0,0,0,135,1491,0.026617375231053605,33.539556377079485,0.5698706099815157,0.9765671501519376,success
pd1.psizemixed.occhigh.slobalanced.loadmoderate.s20260819,chunked_prefill_large,0.9454545454545454,0.9454545454545454,1.0,0.028642475043095333,0.10438057647301538,0.1192832941730337,0.0010000000000000005,0.0010000000000000002,0.00057883867945897,0.028063636363636353,1.0,1.0,20.340236686390533,33551.96005917159,0,0,0,168,2512,0.03179885376224811,33.54575707154742,0.5503789979663524,0.9860697764272214,success
pd1.psizemixed.occhigh.slobalanced.loadhigh.s20260818,full_prefill,0.925,0.925,1.0,0.04128744334500193,0.14645644674054348,0.1584892071468031,0.0010000000000000005,0.0010000000000000002,0.0005957766783352626,0.04069166666666667,0.9583333333333334,1.0,23.369036027263878,32717.234664070107,0,0,0,242,4397,0.04789719626168224,32.71086448598131,0.9273753894080997,0.9921149301574674,success
pd1.psizemixed.occhigh.slobalanced.loadmoderate.s20260819,adaptive_prefill_control,0.9454545454545454,0.9454545454545454,1.0,0.029606111406731694,0.13173953397422594,0.15687035945916894,0.0010000000000000005,0.0010000000000000002,0.00057883867945897,0.029027272727272728,0.9818181818181818,1.0,20.336476243298208,33545.75707154742,0,0,0,135,1491,0.026617375231053605,33.539556377079485,0.5698706099815157,0.9765671501519376,success
pd1.psizemixed.occhigh.slobalanced.loadhigh.s20260818,chunked_prefill_small,0.9083333333333333,0.9083333333333333,1.0,0.044804110011668605,0.17509448268088082,0.20387318687355682,0.0010000000000000002,0.0010000000000000002,0.0005957766783352626,0.04420833333333334,0.9333333333333333,1.0,23.36448598130841,32710.864485981307,0,0,0,216,3049,0.04243722016741289,32.70449678800856,1.009343975082733,0.9876381447078001,success
pd1.psizemixed.occhigh.slobalanced.loadhigh.s20260818,chunked_prefill_large,0.925,0.925,1.0,0.04132077667833526,0.14706509280947117,0.1641725603158743,0.0010000000000000005,0.0010000000000000002,0.0005957766783352626,0.040725000000000004,0.95,1.0,23.369036027263878,32717.234664070107,0,0,0,236,4158,0.04672897196261682,32.71086448598131,0.9281542056074766,0.9881216999305864,success
pd1.psizemixed.occhigh.slobalanced.loadhigh.s20260818,decode_priority_chunked,0.9083333333333333,0.9083333333333333,1.0,0.044804110011668605,0.17509448268088082,0.20387318687355682,0.0010000000000000002,0.0010000000000000002,0.0005957766783352626,0.04420833333333334,0.9333333333333333,1.0,23.36448598130841,32710.864485981307,0,0,0,216,3049,0.04243722016741289,32.70449678800856,1.009343975082733,0.9876381447078001,success
pd1.psizemixed.occhigh.slobalanced.loadmoderate.s20260819,chunked_prefill_small,0.9454545454545454,0.9454545454545454,1.0,0.029606111406731694,0.13173953397422594,0.15687035945916894,0.0010000000000000005,0.0010000000000000002,0.00057883867945897,0.029027272727272728,0.9818181818181818,1.0,20.336476243298208,33545.75707154742,0,0,0,135,1491,0.026617375231053605,33.539556377079485,0.5698706099815157,0.9765671501519376,success
pd1.psizemixed.occhigh.slobalanced.loadhigh.s20260818,adaptive_prefill_control,0.9083333333333333,0.9083333333333333,1.0,0.044804110011668605,0.17509448268088082,0.20387318687355682,0.0010000000000000002,0.0010000000000000002,0.0005957766783352626,0.04420833333333334,0.9333333333333333,1.0,23.36448598130841,32710.864485981307,0,0,0,216,3049,0.04243722016741289,32.70449678800856,1.009343975082733,0.9876381447078001,success
pd1.psizemixed.occhigh.slobalanced.loadhigh.s20260819,decode_priority_chunked,0.9,0.9,1.0,0.04005299715523717,0.1559746544499139,0.18677115137489791,0.0010000000000000005,0.0010000000000000002,0.0005529971552371691,0.0395,0.9333333333333333,1.0,22.13613724405091,34105.14665190924,0,0,0,194,2615,0.03633345628919218,34.098856510512725,0.8520841018074511,0.9812747208731788,success
pd1.psizemixed.occhigh.slobalanced.loadhigh.s20260819,full_prefill,0.925,0.925,1.0,0.03751966382190384,0.1380734042700808,0.14663054051840893,0.0010000000000000005,0.0010000000000000002,0.0005529971552371689,0.03696666666666667,0.9916666666666667,1.0,22.14022140221402,34111.43911439114,0,0,0,226,3966,0.042427596384430916,34.105146651909244,0.7961630695443646,0.9931407399989987,success
pd1.psizemixed.occhigh.slobalanced.loadhigh.s20260819,chunked_prefill_large,0.925,0.925,1.0,0.03755299715523717,0.1351315839165034,0.1509624892466759,0.0010000000000000005,0.0010000000000000002,0.0005529971552371689,0.037000000000000005,0.9833333333333333,1.0,22.14022140221402,34111.43911439114,0,0,0,218,3744,0.04113632171186128,34.105146651909244,0.7969009407858328,0.9888683055458202,success
pd1.psizemixed.occhigh.slobalanced.loadhigh.s20260819,chunked_prefill_small,0.9,0.9,1.0,0.04005299715523717,0.1559746544499139,0.18677115137489791,0.0010000000000000005,0.0010000000000000002,0.0005529971552371691,0.0395,0.9333333333333333,1.0,22.13613724405091,34105.14665190924,0,0,0,194,2615,0.03633345628919218,34.098856510512725,0.8520841018074511,0.9812747208731788,success
pd1.psizemixed.occhigh.slobalanced.loadhigh.s20260819,adaptive_prefill_control,0.9,0.9,1.0,0.04005299715523717,0.1559746544499139,0.18677115137489791,0.0010000000000000005,0.0010000000000000002,0.0005529971552371691,0.0395,0.9333333333333333,1.0,22.13613724405091,34105.14665190924,0,0,0,194,2615,0.03633345628919218,34.098856510512725,0.8520841018074511,0.9812747208731788,success
