canonical_scenario_id,mechanism_family,canonical_policy_id,primary_utility_anwg,cell_source,status
FAMILY_A_FAIRNESS_STARVATION_V2::fs2.util1.1000.skew1.0000.favlong.noise0.00.s20260816,FAMILY_A_FAIRNESS_STARVATION_V2,chunked_prefill_small,0.5416666666666666,STEP2_CROSS_FAMILY_EVALUATION,success
FAMILY_A_FAIRNESS_STARVATION_V2::fs2.util1.1000.skew1.0000.favlong.noise0.00.s20260816,FAMILY_A_FAIRNESS_STARVATION_V2,estimated_service_time_first,0.725,SOURCE_NATIVE,success
FAMILY_A_FAIRNESS_STARVATION_V2::fs2.util1.1000.skew1.0000.favlong.noise0.00.s20260816,FAMILY_A_FAIRNESS_STARVATION_V2,full_prefill,0.5416666666666666,STEP2_CROSS_FAMILY_EVALUATION,success
FAMILY_A_FAIRNESS_STARVATION_V2::fs2.util1.1000.skew1.0000.favlong.noise0.00.s20260816,FAMILY_A_FAIRNESS_STARVATION_V2,kv_constrained_online,0.65,STEP2_CROSS_FAMILY_EVALUATION,success
FAMILY_A_FAIRNESS_STARVATION_V2::fs2.util1.1000.skew1.0000.favlong.noise0.00.s20260816,FAMILY_A_FAIRNESS_STARVATION_V2,least_laxity_first,0.4583333333333333,STEP2_CROSS_FAMILY_EVALUATION,success
FAMILY_A_FAIRNESS_STARVATION_V2::fs2.util1.1000.skew1.0000.favlong.noise0.00.s20260816,FAMILY_A_FAIRNESS_STARVATION_V2,weighted_fair_share,0.75,SOURCE_NATIVE,success
FAMILY_A_FAIRNESS_STARVATION_V2::fs2.util1.1000.skew1.0000.favlong.noise0.00.s20260817,FAMILY_A_FAIRNESS_STARVATION_V2,chunked_prefill_small,0.4583333333333333,STEP2_CROSS_FAMILY_EVALUATION,success
FAMILY_A_FAIRNESS_STARVATION_V2::fs2.util1.1000.skew1.0000.favlong.noise0.00.s20260817,FAMILY_A_FAIRNESS_STARVATION_V2,estimated_service_time_first,0.6583333333333333,SOURCE_NATIVE,success
FAMILY_A_FAIRNESS_STARVATION_V2::fs2.util1.1000.skew1.0000.favlong.noise0.00.s20260817,FAMILY_A_FAIRNESS_STARVATION_V2,full_prefill,0.4583333333333333,STEP2_CROSS_FAMILY_EVALUATION,success
FAMILY_A_FAIRNESS_STARVATION_V2::fs2.util1.1000.skew1.0000.favlong.noise0.00.s20260817,FAMILY_A_FAIRNESS_STARVATION_V2,kv_constrained_online,0.5916666666666667,STEP2_CROSS_FAMILY_EVALUATION,success
FAMILY_A_FAIRNESS_STARVATION_V2::fs2.util1.1000.skew1.0000.favlong.noise0.00.s20260817,FAMILY_A_FAIRNESS_STARVATION_V2,least_laxity_first,0.3416666666666667,STEP2_CROSS_FAMILY_EVALUATION,success
FAMILY_A_FAIRNESS_STARVATION_V2::fs2.util1.1000.skew1.0000.favlong.noise0.00.s20260817,FAMILY_A_FAIRNESS_STARVATION_V2,weighted_fair_share,0.6583333333333333,SOURCE_NATIVE,success
FAMILY_A_FAIRNESS_STARVATION_V2::fs2.util1.1000.skew1.0000.favlong.noise0.30.s20260816,FAMILY_A_FAIRNESS_STARVATION_V2,chunked_prefill_small,0.725,STEP2_CROSS_FAMILY_EVALUATION,success
FAMILY_A_FAIRNESS_STARVATION_V2::fs2.util1.1000.skew1.0000.favlong.noise0.30.s20260816,FAMILY_A_FAIRNESS_STARVATION_V2,estimated_service_time_first,0.8416666666666667,SOURCE_NATIVE,success
FAMILY_A_FAIRNESS_STARVATION_V2::fs2.util1.1000.skew1.0000.favlong.noise0.30.s20260816,FAMILY_A_FAIRNESS_STARVATION_V2,full_prefill,0.725,STEP2_CROSS_FAMILY_EVALUATION,success
FAMILY_A_FAIRNESS_STARVATION_V2::fs2.util1.1000.skew1.0000.favlong.noise0.30.s20260816,FAMILY_A_FAIRNESS_STARVATION_V2,kv_constrained_online,0.8583333333333333,STEP2_CROSS_FAMILY_EVALUATION,success
FAMILY_A_FAIRNESS_STARVATION_V2::fs2.util1.1000.skew1.0000.favlong.noise0.30.s20260816,FAMILY_A_FAIRNESS_STARVATION_V2,least_laxity_first,0.8,STEP2_CROSS_FAMILY_EVALUATION,success
FAMILY_A_FAIRNESS_STARVATION_V2::fs2.util1.1000.skew1.0000.favlong.noise0.30.s20260816,FAMILY_A_FAIRNESS_STARVATION_V2,weighted_fair_share,0.85,SOURCE_NATIVE,success
FAMILY_A_FAIRNESS_STARVATION_V2::fs2.util1.1000.skew1.0000.favlong.noise0.30.s20260817,FAMILY_A_FAIRNESS_STARVATION_V2,chunked_prefill_small,0.5166666666666667,STEP2_CROSS_FAMILY_EVALUATION,success
FAMILY_A_FAIRNESS_STARVATION_V2::fs2.util1.1000.skew1.0000.favlong.noise0.30.s20260817,FAMILY_A_FAIRNESS_STARVATION_V2,estimated_service_time_first,0.7083333333333334,SOURCE_NATIVE,success
FAMILY_A_FAIRNESS_STARVATION_V2::fs2.util1.1000.skew1.0000.favlong.noise0.30.s20260817,FAMILY_A_FAIRNESS_STARVATION_V2,full_prefill,0.5166666666666667,STEP2_CROSS_FAMILY_EVALUATION,success
FAMILY_A_FAIRNESS_STARVATION_V2::fs2.util1.1000.skew1.0000.favlong.noise0.30.s20260817,FAMILY_A_FAIRNESS_STARVATION_V2,kv_constrained_online,0.6583333333333333,STEP2_CROSS_FAMILY_EVALUATION,success
FAMILY_A_FAIRNESS_STARVATION_V2::fs2.util1.1000.skew1.0000.favlong.noise0.30.s20260817,FAMILY_A_FAIRNESS_STARVATION_V2,least_laxity_first,0.5416666666666666,STEP2_CROSS_FAMILY_EVALUATION,success
FAMILY_A_FAIRNESS_STARVATION_V2::fs2.util1.1000.skew1.0000.favlong.noise0.30.s20260817,FAMILY_A_FAIRNESS_STARVATION_V2,weighted_fair_share,0.7416666666666667,SOURCE_NATIVE,success
FAMILY_A_FAIRNESS_STARVATION_V2::fs2.util1.1000.skew1.0000.favshort.noise0.00.s20260816,FAMILY_A_FAIRNESS_STARVATION_V2,chunked_prefill_small,0.5583333333333333,STEP2_CROSS_FAMILY_EVALUATION,success
FAMILY_A_FAIRNESS_STARVATION_V2::fs2.util1.1000.skew1.0000.favshort.noise0.00.s20260816,FAMILY_A_FAIRNESS_STARVATION_V2,estimated_service_time_first,0.925,SOURCE_NATIVE,success
FAMILY_A_FAIRNESS_STARVATION_V2::fs2.util1.1000.skew1.0000.favshort.noise0.00.s20260816,FAMILY_A_FAIRNESS_STARVATION_V2,full_prefill,0.5583333333333333,STEP2_CROSS_FAMILY_EVALUATION,success
FAMILY_A_FAIRNESS_STARVATION_V2::fs2.util1.1000.skew1.0000.favshort.noise0.00.s20260816,FAMILY_A_FAIRNESS_STARVATION_V2,kv_constrained_online,0.975,STEP2_CROSS_FAMILY_EVALUATION,success
FAMILY_A_FAIRNESS_STARVATION_V2::fs2.util1.1000.skew1.0000.favshort.noise0.00.s20260816,FAMILY_A_FAIRNESS_STARVATION_V2,least_laxity_first,0.5333333333333333,STEP2_CROSS_FAMILY_EVALUATION,success
FAMILY_A_FAIRNESS_STARVATION_V2::fs2.util1.1000.skew1.0000.favshort.noise0.00.s20260816,FAMILY_A_FAIRNESS_STARVATION_V2,weighted_fair_share,0.8666666666666667,SOURCE_NATIVE,success
FAMILY_A_FAIRNESS_STARVATION_V2::fs2.util1.1000.skew1.0000.favshort.noise0.00.s20260817,FAMILY_A_FAIRNESS_STARVATION_V2,chunked_prefill_small,0.475,STEP2_CROSS_FAMILY_EVALUATION,success
FAMILY_A_FAIRNESS_STARVATION_V2::fs2.util1.1000.skew1.0000.favshort.noise0.00.s20260817,FAMILY_A_FAIRNESS_STARVATION_V2,estimated_service_time_first,0.85,SOURCE_NATIVE,success
FAMILY_A_FAIRNESS_STARVATION_V2::fs2.util1.1000.skew1.0000.favshort.noise0.00.s20260817,FAMILY_A_FAIRNESS_STARVATION_V2,full_prefill,0.475,STEP2_CROSS_FAMILY_EVALUATION,success
FAMILY_A_FAIRNESS_STARVATION_V2::fs2.util1.1000.skew1.0000.favshort.noise0.00.s20260817,FAMILY_A_FAIRNESS_STARVATION_V2,kv_constrained_online,0.7833333333333333,STEP2_CROSS_FAMILY_EVALUATION,success
FAMILY_A_FAIRNESS_STARVATION_V2::fs2.util1.1000.skew1.0000.favshort.noise0.00.s20260817,FAMILY_A_FAIRNESS_STARVATION_V2,least_laxity_first,0.45,STEP2_CROSS_FAMILY_EVALUATION,success
FAMILY_A_FAIRNESS_STARVATION_V2::fs2.util1.1000.skew1.0000.favshort.noise0.00.s20260817,FAMILY_A_FAIRNESS_STARVATION_V2,weighted_fair_share,0.7583333333333333,SOURCE_NATIVE,success
FAMILY_A_FAIRNESS_STARVATION_V2::fs2.util1.1000.skew1.0000.favshort.noise0.30.s20260816,FAMILY_A_FAIRNESS_STARVATION_V2,chunked_prefill_small,0.6,STEP2_CROSS_FAMILY_EVALUATION,success
FAMILY_A_FAIRNESS_STARVATION_V2::fs2.util1.1000.skew1.0000.favshort.noise0.30.s20260816,FAMILY_A_FAIRNESS_STARVATION_V2,estimated_service_time_first,0.9583333333333334,SOURCE_NATIVE,success
FAMILY_A_FAIRNESS_STARVATION_V2::fs2.util1.1000.skew1.0000.favshort.noise0.30.s20260816,FAMILY_A_FAIRNESS_STARVATION_V2,full_prefill,0.6,STEP2_CROSS_FAMILY_EVALUATION,success
FAMILY_A_FAIRNESS_STARVATION_V2::fs2.util1.1000.skew1.0000.favshort.noise0.30.s20260816,FAMILY_A_FAIRNESS_STARVATION_V2,kv_constrained_online,0.95,STEP2_CROSS_FAMILY_EVALUATION,success
FAMILY_A_FAIRNESS_STARVATION_V2::fs2.util1.1000.skew1.0000.favshort.noise0.30.s20260816,FAMILY_A_FAIRNESS_STARVATION_V2,least_laxity_first,0.6416666666666667,STEP2_CROSS_FAMILY_EVALUATION,success
FAMILY_A_FAIRNESS_STARVATION_V2::fs2.util1.1000.skew1.0000.favshort.noise0.30.s20260816,FAMILY_A_FAIRNESS_STARVATION_V2,weighted_fair_share,0.9416666666666667,SOURCE_NATIVE,success
FAMILY_A_FAIRNESS_STARVATION_V2::fs2.util1.1000.skew1.0000.favshort.noise0.30.s20260817,FAMILY_A_FAIRNESS_STARVATION_V2,chunked_prefill_small,0.6083333333333333,STEP2_CROSS_FAMILY_EVALUATION,success
FAMILY_A_FAIRNESS_STARVATION_V2::fs2.util1.1000.skew1.0000.favshort.noise0.30.s20260817,FAMILY_A_FAIRNESS_STARVATION_V2,estimated_service_time_first,0.925,SOURCE_NATIVE,success
FAMILY_A_FAIRNESS_STARVATION_V2::fs2.util1.1000.skew1.0000.favshort.noise0.30.s20260817,FAMILY_A_FAIRNESS_STARVATION_V2,full_prefill,0.6083333333333333,STEP2_CROSS_FAMILY_EVALUATION,success
FAMILY_A_FAIRNESS_STARVATION_V2::fs2.util1.1000.skew1.0000.favshort.noise0.30.s20260817,FAMILY_A_FAIRNESS_STARVATION_V2,kv_constrained_online,0.9333333333333333,STEP2_CROSS_FAMILY_EVALUATION,success
FAMILY_A_FAIRNESS_STARVATION_V2::fs2.util1.1000.skew1.0000.favshort.noise0.30.s20260817,FAMILY_A_FAIRNESS_STARVATION_V2,least_laxity_first,0.5666666666666667,STEP2_CROSS_FAMILY_EVALUATION,success
FAMILY_A_FAIRNESS_STARVATION_V2::fs2.util1.1000.skew1.0000.favshort.noise0.30.s20260817,FAMILY_A_FAIRNESS_STARVATION_V2,weighted_fair_share,0.8333333333333334,SOURCE_NATIVE,success
FAMILY_A_FAIRNESS_STARVATION_V2::fs2.util1.1000.skew10.0000.favlong.noise0.00.s20260816,FAMILY_A_FAIRNESS_STARVATION_V2,chunked_prefill_small,0.16666666666666666,STEP2_CROSS_FAMILY_EVALUATION,success
FAMILY_A_FAIRNESS_STARVATION_V2::fs2.util1.1000.skew10.0000.favlong.noise0.00.s20260816,FAMILY_A_FAIRNESS_STARVATION_V2,estimated_service_time_first,0.5,SOURCE_NATIVE,success
FAMILY_A_FAIRNESS_STARVATION_V2::fs2.util1.1000.skew10.0000.favlong.noise0.00.s20260816,FAMILY_A_FAIRNESS_STARVATION_V2,full_prefill,0.16666666666666666,STEP2_CROSS_FAMILY_EVALUATION,success
FAMILY_A_FAIRNESS_STARVATION_V2::fs2.util1.1000.skew10.0000.favlong.noise0.00.s20260816,FAMILY_A_FAIRNESS_STARVATION_V2,kv_constrained_online,0.5075757575757576,STEP2_CROSS_FAMILY_EVALUATION,success
FAMILY_A_FAIRNESS_STARVATION_V2::fs2.util1.1000.skew10.0000.favlong.noise0.00.s20260816,FAMILY_A_FAIRNESS_STARVATION_V2,least_laxity_first,0.5606060606060606,STEP2_CROSS_FAMILY_EVALUATION,success
FAMILY_A_FAIRNESS_STARVATION_V2::fs2.util1.1000.skew10.0000.favlong.noise0.00.s20260816,FAMILY_A_FAIRNESS_STARVATION_V2,weighted_fair_share,0.6484848484848484,SOURCE_NATIVE,success
FAMILY_A_FAIRNESS_STARVATION_V2::fs2.util1.1000.skew10.0000.favlong.noise0.00.s20260817,FAMILY_A_FAIRNESS_STARVATION_V2,chunked_prefill_small,0.12424242424242424,STEP2_CROSS_FAMILY_EVALUATION,success
FAMILY_A_FAIRNESS_STARVATION_V2::fs2.util1.1000.skew10.0000.favlong.noise0.00.s20260817,FAMILY_A_FAIRNESS_STARVATION_V2,estimated_service_time_first,0.3787878787878788,SOURCE_NATIVE,success
FAMILY_A_FAIRNESS_STARVATION_V2::fs2.util1.1000.skew10.0000.favlong.noise0.00.s20260817,FAMILY_A_FAIRNESS_STARVATION_V2,full_prefill,0.12424242424242424,STEP2_CROSS_FAMILY_EVALUATION,success
FAMILY_A_FAIRNESS_STARVATION_V2::fs2.util1.1000.skew10.0000.favlong.noise0.00.s20260817,FAMILY_A_FAIRNESS_STARVATION_V2,kv_constrained_online,0.5136363636363637,STEP2_CROSS_FAMILY_EVALUATION,success
FAMILY_A_FAIRNESS_STARVATION_V2::fs2.util1.1000.skew10.0000.favlong.noise0.00.s20260817,FAMILY_A_FAIRNESS_STARVATION_V2,least_laxity_first,0.4712121212121212,STEP2_CROSS_FAMILY_EVALUATION,success
FAMILY_A_FAIRNESS_STARVATION_V2::fs2.util1.1000.skew10.0000.favlong.noise0.00.s20260817,FAMILY_A_FAIRNESS_STARVATION_V2,weighted_fair_share,0.5242424242424243,SOURCE_NATIVE,success
FAMILY_A_FAIRNESS_STARVATION_V2::fs2.util1.1000.skew10.0000.favlong.noise0.30.s20260816,FAMILY_A_FAIRNESS_STARVATION_V2,chunked_prefill_small,0.5,STEP2_CROSS_FAMILY_EVALUATION,success
FAMILY_A_FAIRNESS_STARVATION_V2::fs2.util1.1000.skew10.0000.favlong.noise0.30.s20260816,FAMILY_A_FAIRNESS_STARVATION_V2,estimated_service_time_first,0.7121212121212122,SOURCE_NATIVE,success
FAMILY_A_FAIRNESS_STARVATION_V2::fs2.util1.1000.skew10.0000.favlong.noise0.30.s20260816,FAMILY_A_FAIRNESS_STARVATION_V2,full_prefill,0.5,STEP2_CROSS_FAMILY_EVALUATION,success
FAMILY_A_FAIRNESS_STARVATION_V2::fs2.util1.1000.skew10.0000.favlong.noise0.30.s20260816,FAMILY_A_FAIRNESS_STARVATION_V2,kv_constrained_online,0.7515151515151515,STEP2_CROSS_FAMILY_EVALUATION,success
FAMILY_A_FAIRNESS_STARVATION_V2::fs2.util1.1000.skew10.0000.favlong.noise0.30.s20260816,FAMILY_A_FAIRNESS_STARVATION_V2,least_laxity_first,0.759090909090909,STEP2_CROSS_FAMILY_EVALUATION,success
FAMILY_A_FAIRNESS_STARVATION_V2::fs2.util1.1000.skew10.0000.favlong.noise0.30.s20260816,FAMILY_A_FAIRNESS_STARVATION_V2,weighted_fair_share,0.7696969696969697,SOURCE_NATIVE,success
FAMILY_A_FAIRNESS_STARVATION_V2::fs2.util1.1000.skew10.0000.favlong.noise0.30.s20260817,FAMILY_A_FAIRNESS_STARVATION_V2,chunked_prefill_small,0.12121212121212122,STEP2_CROSS_FAMILY_EVALUATION,success
FAMILY_A_FAIRNESS_STARVATION_V2::fs2.util1.1000.skew10.0000.favlong.noise0.30.s20260817,FAMILY_A_FAIRNESS_STARVATION_V2,estimated_service_time_first,0.4696969696969697,SOURCE_NATIVE,success
FAMILY_A_FAIRNESS_STARVATION_V2::fs2.util1.1000.skew10.0000.favlong.noise0.30.s20260817,FAMILY_A_FAIRNESS_STARVATION_V2,full_prefill,0.12121212121212122,STEP2_CROSS_FAMILY_EVALUATION,success
FAMILY_A_FAIRNESS_STARVATION_V2::fs2.util1.1000.skew10.0000.favlong.noise0.30.s20260817,FAMILY_A_FAIRNESS_STARVATION_V2,kv_constrained_online,0.5833333333333334,STEP2_CROSS_FAMILY_EVALUATION,success
FAMILY_A_FAIRNESS_STARVATION_V2::fs2.util1.1000.skew10.0000.favlong.noise0.30.s20260817,FAMILY_A_FAIRNESS_STARVATION_V2,least_laxity_first,0.5212121212121212,STEP2_CROSS_FAMILY_EVALUATION,success
FAMILY_A_FAIRNESS_STARVATION_V2::fs2.util1.1000.skew10.0000.favlong.noise0.30.s20260817,FAMILY_A_FAIRNESS_STARVATION_V2,weighted_fair_share,0.5545454545454546,SOURCE_NATIVE,success
FAMILY_A_FAIRNESS_STARVATION_V2::fs2.util1.1000.skew10.0000.favshort.noise0.00.s20260816,FAMILY_A_FAIRNESS_STARVATION_V2,chunked_prefill_small,0.19696969696969696,STEP2_CROSS_FAMILY_EVALUATION,success
FAMILY_A_FAIRNESS_STARVATION_V2::fs2.util1.1000.skew10.0000.favshort.noise0.00.s20260816,FAMILY_A_FAIRNESS_STARVATION_V2,estimated_service_time_first,0.9727272727272728,SOURCE_NATIVE,success
FAMILY_A_FAIRNESS_STARVATION_V2::fs2.util1.1000.skew10.0000.favshort.noise0.00.s20260816,FAMILY_A_FAIRNESS_STARVATION_V2,full_prefill,0.19696969696969696,STEP2_CROSS_FAMILY_EVALUATION,success
FAMILY_A_FAIRNESS_STARVATION_V2::fs2.util1.1000.skew10.0000.favshort.noise0.00.s20260816,FAMILY_A_FAIRNESS_STARVATION_V2,kv_constrained_online,0.9681818181818181,STEP2_CROSS_FAMILY_EVALUATION,success
FAMILY_A_FAIRNESS_STARVATION_V2::fs2.util1.1000.skew10.0000.favshort.noise0.00.s20260816,FAMILY_A_FAIRNESS_STARVATION_V2,least_laxity_first,0.1787878787878788,STEP2_CROSS_FAMILY_EVALUATION,success
FAMILY_A_FAIRNESS_STARVATION_V2::fs2.util1.1000.skew10.0000.favshort.noise0.00.s20260816,FAMILY_A_FAIRNESS_STARVATION_V2,weighted_fair_share,0.9727272727272728,SOURCE_NATIVE,success
FAMILY_A_FAIRNESS_STARVATION_V2::fs2.util1.1000.skew10.0000.favshort.noise0.00.s20260817,FAMILY_A_FAIRNESS_STARVATION_V2,chunked_prefill_small,0.15454545454545454,STEP2_CROSS_FAMILY_EVALUATION,success
FAMILY_A_FAIRNESS_STARVATION_V2::fs2.util1.1000.skew10.0000.favshort.noise0.00.s20260817,FAMILY_A_FAIRNESS_STARVATION_V2,estimated_service_time_first,0.9727272727272728,SOURCE_NATIVE,success
FAMILY_A_FAIRNESS_STARVATION_V2::fs2.util1.1000.skew10.0000.favshort.noise0.00.s20260817,FAMILY_A_FAIRNESS_STARVATION_V2,full_prefill,0.15454545454545454,STEP2_CROSS_FAMILY_EVALUATION,success
FAMILY_A_FAIRNESS_STARVATION_V2::fs2.util1.1000.skew10.0000.favshort.noise0.00.s20260817,FAMILY_A_FAIRNESS_STARVATION_V2,kv_constrained_online,0.8106060606060606,STEP2_CROSS_FAMILY_EVALUATION,success
FAMILY_A_FAIRNESS_STARVATION_V2::fs2.util1.1000.skew10.0000.favshort.noise0.00.s20260817,FAMILY_A_FAIRNESS_STARVATION_V2,least_laxity_first,0.12272727272727273,STEP2_CROSS_FAMILY_EVALUATION,success
FAMILY_A_FAIRNESS_STARVATION_V2::fs2.util1.1000.skew10.0000.favshort.noise0.00.s20260817,FAMILY_A_FAIRNESS_STARVATION_V2,weighted_fair_share,0.9727272727272728,SOURCE_NATIVE,success
FAMILY_A_FAIRNESS_STARVATION_V2::fs2.util1.1000.skew10.0000.favshort.noise0.30.s20260816,FAMILY_A_FAIRNESS_STARVATION_V2,chunked_prefill_small,0.2727272727272727,STEP2_CROSS_FAMILY_EVALUATION,success
FAMILY_A_FAIRNESS_STARVATION_V2::fs2.util1.1000.skew10.0000.favshort.noise0.30.s20260816,FAMILY_A_FAIRNESS_STARVATION_V2,estimated_service_time_first,0.9787878787878788,SOURCE_NATIVE,success
FAMILY_A_FAIRNESS_STARVATION_V2::fs2.util1.1000.skew10.0000.favshort.noise0.30.s20260816,FAMILY_A_FAIRNESS_STARVATION_V2,full_prefill,0.2727272727272727,STEP2_CROSS_FAMILY_EVALUATION,success
FAMILY_A_FAIRNESS_STARVATION_V2::fs2.util1.1000.skew10.0000.favshort.noise0.30.s20260816,FAMILY_A_FAIRNESS_STARVATION_V2,kv_constrained_online,0.9227272727272727,STEP2_CROSS_FAMILY_EVALUATION,success
FAMILY_A_FAIRNESS_STARVATION_V2::fs2.util1.1000.skew10.0000.favshort.noise0.30.s20260816,FAMILY_A_FAIRNESS_STARVATION_V2,least_laxity_first,0.3621212121212121,STEP2_CROSS_FAMILY_EVALUATION,success
FAMILY_A_FAIRNESS_STARVATION_V2::fs2.util1.1000.skew10.0000.favshort.noise0.30.s20260816,FAMILY_A_FAIRNESS_STARVATION_V2,weighted_fair_share,0.9787878787878788,SOURCE_NATIVE,success
FAMILY_A_FAIRNESS_STARVATION_V2::fs2.util1.1000.skew10.0000.favshort.noise0.30.s20260817,FAMILY_A_FAIRNESS_STARVATION_V2,chunked_prefill_small,0.2878787878787879,STEP2_CROSS_FAMILY_EVALUATION,success
FAMILY_A_FAIRNESS_STARVATION_V2::fs2.util1.1000.skew10.0000.favshort.noise0.30.s20260817,FAMILY_A_FAIRNESS_STARVATION_V2,estimated_service_time_first,0.9863636363636363,SOURCE_NATIVE,success
FAMILY_A_FAIRNESS_STARVATION_V2::fs2.util1.1000.skew10.0000.favshort.noise0.30.s20260817,FAMILY_A_FAIRNESS_STARVATION_V2,full_prefill,0.2878787878787879,STEP2_CROSS_FAMILY_EVALUATION,success
FAMILY_A_FAIRNESS_STARVATION_V2::fs2.util1.1000.skew10.0000.favshort.noise0.30.s20260817,FAMILY_A_FAIRNESS_STARVATION_V2,kv_constrained_online,0.946969696969697,STEP2_CROSS_FAMILY_EVALUATION,success
FAMILY_A_FAIRNESS_STARVATION_V2::fs2.util1.1000.skew10.0000.favshort.noise0.30.s20260817,FAMILY_A_FAIRNESS_STARVATION_V2,least_laxity_first,0.25303030303030305,STEP2_CROSS_FAMILY_EVALUATION,success
FAMILY_A_FAIRNESS_STARVATION_V2::fs2.util1.1000.skew10.0000.favshort.noise0.30.s20260817,FAMILY_A_FAIRNESS_STARVATION_V2,weighted_fair_share,0.9863636363636363,SOURCE_NATIVE,success
FAMILY_A_FAIRNESS_STARVATION_V2::fs2.util1.1000.skew5.0000.favlong.noise0.00.s20260816,FAMILY_A_FAIRNESS_STARVATION_V2,chunked_prefill_small,0.2361111111111111,STEP2_CROSS_FAMILY_EVALUATION,success
FAMILY_A_FAIRNESS_STARVATION_V2::fs2.util1.1000.skew5.0000.favlong.noise0.00.s20260816,FAMILY_A_FAIRNESS_STARVATION_V2,estimated_service_time_first,0.5416666666666666,SOURCE_NATIVE,success
FAMILY_A_FAIRNESS_STARVATION_V2::fs2.util1.1000.skew5.0000.favlong.noise0.00.s20260816,FAMILY_A_FAIRNESS_STARVATION_V2,full_prefill,0.2361111111111111,STEP2_CROSS_FAMILY_EVALUATION,success
FAMILY_A_FAIRNESS_STARVATION_V2::fs2.util1.1000.skew5.0000.favlong.noise0.00.s20260816,FAMILY_A_FAIRNESS_STARVATION_V2,kv_constrained_online,0.48055555555555557,STEP2_CROSS_FAMILY_EVALUATION,success
FAMILY_A_FAIRNESS_STARVATION_V2::fs2.util1.1000.skew5.0000.favlong.noise0.00.s20260816,FAMILY_A_FAIRNESS_STARVATION_V2,least_laxity_first,0.5416666666666666,STEP2_CROSS_FAMILY_EVALUATION,success
FAMILY_A_FAIRNESS_STARVATION_V2::fs2.util1.1000.skew5.0000.favlong.noise0.00.s20260816,FAMILY_A_FAIRNESS_STARVATION_V2,weighted_fair_share,0.5861111111111111,SOURCE_NATIVE,success
FAMILY_A_FAIRNESS_STARVATION_V2::fs2.util1.1000.skew5.0000.favlong.noise0.00.s20260817,FAMILY_A_FAIRNESS_STARVATION_V2,chunked_prefill_small,0.18611111111111112,STEP2_CROSS_FAMILY_EVALUATION,success
FAMILY_A_FAIRNESS_STARVATION_V2::fs2.util1.1000.skew5.0000.favlong.noise0.00.s20260817,FAMILY_A_FAIRNESS_STARVATION_V2,estimated_service_time_first,0.4305555555555556,SOURCE_NATIVE,success
FAMILY_A_FAIRNESS_STARVATION_V2::fs2.util1.1000.skew5.0000.favlong.noise0.00.s20260817,FAMILY_A_FAIRNESS_STARVATION_V2,full_prefill,0.18611111111111112,STEP2_CROSS_FAMILY_EVALUATION,success
FAMILY_A_FAIRNESS_STARVATION_V2::fs2.util1.1000.skew5.0000.favlong.noise0.00.s20260817,FAMILY_A_FAIRNESS_STARVATION_V2,kv_constrained_online,0.5333333333333333,STEP2_CROSS_FAMILY_EVALUATION,success
FAMILY_A_FAIRNESS_STARVATION_V2::fs2.util1.1000.skew5.0000.favlong.noise0.00.s20260817,FAMILY_A_FAIRNESS_STARVATION_V2,least_laxity_first,0.44722222222222224,STEP2_CROSS_FAMILY_EVALUATION,success
FAMILY_A_FAIRNESS_STARVATION_V2::fs2.util1.1000.skew5.0000.favlong.noise0.00.s20260817,FAMILY_A_FAIRNESS_STARVATION_V2,weighted_fair_share,0.5444444444444444,SOURCE_NATIVE,success
FAMILY_A_FAIRNESS_STARVATION_V2::fs2.util1.1000.skew5.0000.favlong.noise0.30.s20260816,FAMILY_A_FAIRNESS_STARVATION_V2,chunked_prefill_small,0.5416666666666666,STEP2_CROSS_FAMILY_EVALUATION,success
FAMILY_A_FAIRNESS_STARVATION_V2::fs2.util1.1000.skew5.0000.favlong.noise0.30.s20260816,FAMILY_A_FAIRNESS_STARVATION_V2,estimated_service_time_first,0.7361111111111112,SOURCE_NATIVE,success
FAMILY_A_FAIRNESS_STARVATION_V2::fs2.util1.1000.skew5.0000.favlong.noise0.30.s20260816,FAMILY_A_FAIRNESS_STARVATION_V2,full_prefill,0.5416666666666666,STEP2_CROSS_FAMILY_EVALUATION,success
FAMILY_A_FAIRNESS_STARVATION_V2::fs2.util1.1000.skew5.0000.favlong.noise0.30.s20260816,FAMILY_A_FAIRNESS_STARVATION_V2,kv_constrained_online,0.7833333333333333,STEP2_CROSS_FAMILY_EVALUATION,success
FAMILY_A_FAIRNESS_STARVATION_V2::fs2.util1.1000.skew5.0000.favlong.noise0.30.s20260816,FAMILY_A_FAIRNESS_STARVATION_V2,least_laxity_first,0.7666666666666667,STEP2_CROSS_FAMILY_EVALUATION,success
FAMILY_A_FAIRNESS_STARVATION_V2::fs2.util1.1000.skew5.0000.favlong.noise0.30.s20260816,FAMILY_A_FAIRNESS_STARVATION_V2,weighted_fair_share,0.7611111111111111,SOURCE_NATIVE,success
FAMILY_A_FAIRNESS_STARVATION_V2::fs2.util1.1000.skew5.0000.favlong.noise0.30.s20260817,FAMILY_A_FAIRNESS_STARVATION_V2,chunked_prefill_small,0.19444444444444445,STEP2_CROSS_FAMILY_EVALUATION,success
FAMILY_A_FAIRNESS_STARVATION_V2::fs2.util1.1000.skew5.0000.favlong.noise0.30.s20260817,FAMILY_A_FAIRNESS_STARVATION_V2,estimated_service_time_first,0.5138888888888888,SOURCE_NATIVE,success
FAMILY_A_FAIRNESS_STARVATION_V2::fs2.util1.1000.skew5.0000.favlong.noise0.30.s20260817,FAMILY_A_FAIRNESS_STARVATION_V2,full_prefill,0.19444444444444445,STEP2_CROSS_FAMILY_EVALUATION,success
FAMILY_A_FAIRNESS_STARVATION_V2::fs2.util1.1000.skew5.0000.favlong.noise0.30.s20260817,FAMILY_A_FAIRNESS_STARVATION_V2,kv_constrained_online,0.5888888888888889,STEP2_CROSS_FAMILY_EVALUATION,success
FAMILY_A_FAIRNESS_STARVATION_V2::fs2.util1.1000.skew5.0000.favlong.noise0.30.s20260817,FAMILY_A_FAIRNESS_STARVATION_V2,least_laxity_first,0.525,STEP2_CROSS_FAMILY_EVALUATION,success
FAMILY_A_FAIRNESS_STARVATION_V2::fs2.util1.1000.skew5.0000.favlong.noise0.30.s20260817,FAMILY_A_FAIRNESS_STARVATION_V2,weighted_fair_share,0.5722222222222222,SOURCE_NATIVE,success
FAMILY_A_FAIRNESS_STARVATION_V2::fs2.util1.1000.skew5.0000.favshort.noise0.00.s20260816,FAMILY_A_FAIRNESS_STARVATION_V2,chunked_prefill_small,0.2638888888888889,STEP2_CROSS_FAMILY_EVALUATION,success
FAMILY_A_FAIRNESS_STARVATION_V2::fs2.util1.1000.skew5.0000.favshort.noise0.00.s20260816,FAMILY_A_FAIRNESS_STARVATION_V2,estimated_service_time_first,0.9638888888888889,SOURCE_NATIVE,success
FAMILY_A_FAIRNESS_STARVATION_V2::fs2.util1.1000.skew5.0000.favshort.noise0.00.s20260816,FAMILY_A_FAIRNESS_STARVATION_V2,full_prefill,0.2638888888888889,STEP2_CROSS_FAMILY_EVALUATION,success
FAMILY_A_FAIRNESS_STARVATION_V2::fs2.util1.1000.skew5.0000.favshort.noise0.00.s20260816,FAMILY_A_FAIRNESS_STARVATION_V2,kv_constrained_online,0.9694444444444444,STEP2_CROSS_FAMILY_EVALUATION,success
FAMILY_A_FAIRNESS_STARVATION_V2::fs2.util1.1000.skew5.0000.favshort.noise0.00.s20260816,FAMILY_A_FAIRNESS_STARVATION_V2,least_laxity_first,0.24444444444444444,STEP2_CROSS_FAMILY_EVALUATION,success
FAMILY_A_FAIRNESS_STARVATION_V2::fs2.util1.1000.skew5.0000.favshort.noise0.00.s20260816,FAMILY_A_FAIRNESS_STARVATION_V2,weighted_fair_share,0.9638888888888889,SOURCE_NATIVE,success
FAMILY_A_FAIRNESS_STARVATION_V2::fs2.util1.1000.skew5.0000.favshort.noise0.00.s20260817,FAMILY_A_FAIRNESS_STARVATION_V2,chunked_prefill_small,0.21388888888888888,STEP2_CROSS_FAMILY_EVALUATION,success
FAMILY_A_FAIRNESS_STARVATION_V2::fs2.util1.1000.skew5.0000.favshort.noise0.00.s20260817,FAMILY_A_FAIRNESS_STARVATION_V2,estimated_service_time_first,0.95,SOURCE_NATIVE,success
FAMILY_A_FAIRNESS_STARVATION_V2::fs2.util1.1000.skew5.0000.favshort.noise0.00.s20260817,FAMILY_A_FAIRNESS_STARVATION_V2,full_prefill,0.21388888888888888,STEP2_CROSS_FAMILY_EVALUATION,success
FAMILY_A_FAIRNESS_STARVATION_V2::fs2.util1.1000.skew5.0000.favshort.noise0.00.s20260817,FAMILY_A_FAIRNESS_STARVATION_V2,kv_constrained_online,0.8055555555555556,STEP2_CROSS_FAMILY_EVALUATION,success
FAMILY_A_FAIRNESS_STARVATION_V2::fs2.util1.1000.skew5.0000.favshort.noise0.00.s20260817,FAMILY_A_FAIRNESS_STARVATION_V2,least_laxity_first,0.18333333333333332,STEP2_CROSS_FAMILY_EVALUATION,success
FAMILY_A_FAIRNESS_STARVATION_V2::fs2.util1.1000.skew5.0000.favshort.noise0.00.s20260817,FAMILY_A_FAIRNESS_STARVATION_V2,weighted_fair_share,0.9361111111111111,SOURCE_NATIVE,success
FAMILY_A_FAIRNESS_STARVATION_V2::fs2.util1.1000.skew5.0000.favshort.noise0.30.s20260816,FAMILY_A_FAIRNESS_STARVATION_V2,chunked_prefill_small,0.3333333333333333,STEP2_CROSS_FAMILY_EVALUATION,success
FAMILY_A_FAIRNESS_STARVATION_V2::fs2.util1.1000.skew5.0000.favshort.noise0.30.s20260816,FAMILY_A_FAIRNESS_STARVATION_V2,estimated_service_time_first,0.975,SOURCE_NATIVE,success
FAMILY_A_FAIRNESS_STARVATION_V2::fs2.util1.1000.skew5.0000.favshort.noise0.30.s20260816,FAMILY_A_FAIRNESS_STARVATION_V2,full_prefill,0.3333333333333333,STEP2_CROSS_FAMILY_EVALUATION,success
FAMILY_A_FAIRNESS_STARVATION_V2::fs2.util1.1000.skew5.0000.favshort.noise0.30.s20260816,FAMILY_A_FAIRNESS_STARVATION_V2,kv_constrained_online,0.9277777777777778,STEP2_CROSS_FAMILY_EVALUATION,success
FAMILY_A_FAIRNESS_STARVATION_V2::fs2.util1.1000.skew5.0000.favshort.noise0.30.s20260816,FAMILY_A_FAIRNESS_STARVATION_V2,least_laxity_first,0.41388888888888886,STEP2_CROSS_FAMILY_EVALUATION,success
FAMILY_A_FAIRNESS_STARVATION_V2::fs2.util1.1000.skew5.0000.favshort.noise0.30.s20260816,FAMILY_A_FAIRNESS_STARVATION_V2,weighted_fair_share,0.975,SOURCE_NATIVE,success
FAMILY_A_FAIRNESS_STARVATION_V2::fs2.util1.1000.skew5.0000.favshort.noise0.30.s20260817,FAMILY_A_FAIRNESS_STARVATION_V2,chunked_prefill_small,0.3472222222222222,STEP2_CROSS_FAMILY_EVALUATION,success
FAMILY_A_FAIRNESS_STARVATION_V2::fs2.util1.1000.skew5.0000.favshort.noise0.30.s20260817,FAMILY_A_FAIRNESS_STARVATION_V2,estimated_service_time_first,0.975,SOURCE_NATIVE,success
FAMILY_A_FAIRNESS_STARVATION_V2::fs2.util1.1000.skew5.0000.favshort.noise0.30.s20260817,FAMILY_A_FAIRNESS_STARVATION_V2,full_prefill,0.3472222222222222,STEP2_CROSS_FAMILY_EVALUATION,success
FAMILY_A_FAIRNESS_STARVATION_V2::fs2.util1.1000.skew5.0000.favshort.noise0.30.s20260817,FAMILY_A_FAIRNESS_STARVATION_V2,kv_constrained_online,0.9444444444444444,STEP2_CROSS_FAMILY_EVALUATION,success
FAMILY_A_FAIRNESS_STARVATION_V2::fs2.util1.1000.skew5.0000.favshort.noise0.30.s20260817,FAMILY_A_FAIRNESS_STARVATION_V2,least_laxity_first,0.3111111111111111,STEP2_CROSS_FAMILY_EVALUATION,success
FAMILY_A_FAIRNESS_STARVATION_V2::fs2.util1.1000.skew5.0000.favshort.noise0.30.s20260817,FAMILY_A_FAIRNESS_STARVATION_V2,weighted_fair_share,0.975,SOURCE_NATIVE,success
FAMILY_A_FAIRNESS_STARVATION_V2::fs2.util1.3000.skew1.0000.favlong.noise0.00.s20260816,FAMILY_A_FAIRNESS_STARVATION_V2,chunked_prefill_small,0.3333333333333333,STEP2_CROSS_FAMILY_EVALUATION,success
FAMILY_A_FAIRNESS_STARVATION_V2::fs2.util1.3000.skew1.0000.favlong.noise0.00.s20260816,FAMILY_A_FAIRNESS_STARVATION_V2,estimated_service_time_first,0.6583333333333333,SOURCE_NATIVE,success
FAMILY_A_FAIRNESS_STARVATION_V2::fs2.util1.3000.skew1.0000.favlong.noise0.00.s20260816,FAMILY_A_FAIRNESS_STARVATION_V2,full_prefill,0.3333333333333333,STEP2_CROSS_FAMILY_EVALUATION,success
FAMILY_A_FAIRNESS_STARVATION_V2::fs2.util1.3000.skew1.0000.favlong.noise0.00.s20260816,FAMILY_A_FAIRNESS_STARVATION_V2,kv_constrained_online,0.55,STEP2_CROSS_FAMILY_EVALUATION,success
FAMILY_A_FAIRNESS_STARVATION_V2::fs2.util1.3000.skew1.0000.favlong.noise0.00.s20260816,FAMILY_A_FAIRNESS_STARVATION_V2,least_laxity_first,0.2916666666666667,STEP2_CROSS_FAMILY_EVALUATION,success
FAMILY_A_FAIRNESS_STARVATION_V2::fs2.util1.3000.skew1.0000.favlong.noise0.00.s20260816,FAMILY_A_FAIRNESS_STARVATION_V2,weighted_fair_share,0.6833333333333333,SOURCE_NATIVE,success
FAMILY_A_FAIRNESS_STARVATION_V2::fs2.util1.3000.skew1.0000.favlong.noise0.00.s20260817,FAMILY_A_FAIRNESS_STARVATION_V2,chunked_prefill_small,0.375,STEP2_CROSS_FAMILY_EVALUATION,success
FAMILY_A_FAIRNESS_STARVATION_V2::fs2.util1.3000.skew1.0000.favlong.noise0.00.s20260817,FAMILY_A_FAIRNESS_STARVATION_V2,estimated_service_time_first,0.6083333333333333,SOURCE_NATIVE,success
FAMILY_A_FAIRNESS_STARVATION_V2::fs2.util1.3000.skew1.0000.favlong.noise0.00.s20260817,FAMILY_A_FAIRNESS_STARVATION_V2,full_prefill,0.375,STEP2_CROSS_FAMILY_EVALUATION,success
FAMILY_A_FAIRNESS_STARVATION_V2::fs2.util1.3000.skew1.0000.favlong.noise0.00.s20260817,FAMILY_A_FAIRNESS_STARVATION_V2,kv_constrained_online,0.5583333333333333,STEP2_CROSS_FAMILY_EVALUATION,success
FAMILY_A_FAIRNESS_STARVATION_V2::fs2.util1.3000.skew1.0000.favlong.noise0.00.s20260817,FAMILY_A_FAIRNESS_STARVATION_V2,least_laxity_first,0.25,STEP2_CROSS_FAMILY_EVALUATION,success
FAMILY_A_FAIRNESS_STARVATION_V2::fs2.util1.3000.skew1.0000.favlong.noise0.00.s20260817,FAMILY_A_FAIRNESS_STARVATION_V2,weighted_fair_share,0.625,SOURCE_NATIVE,success
FAMILY_A_FAIRNESS_STARVATION_V2::fs2.util1.3000.skew1.0000.favlong.noise0.30.s20260816,FAMILY_A_FAIRNESS_STARVATION_V2,chunked_prefill_small,0.6666666666666666,STEP2_CROSS_FAMILY_EVALUATION,success
FAMILY_A_FAIRNESS_STARVATION_V2::fs2.util1.3000.skew1.0000.favlong.noise0.30.s20260816,FAMILY_A_FAIRNESS_STARVATION_V2,estimated_service_time_first,0.7416666666666667,SOURCE_NATIVE,success
FAMILY_A_FAIRNESS_STARVATION_V2::fs2.util1.3000.skew1.0000.favlong.noise0.30.s20260816,FAMILY_A_FAIRNESS_STARVATION_V2,full_prefill,0.6666666666666666,STEP2_CROSS_FAMILY_EVALUATION,success
FAMILY_A_FAIRNESS_STARVATION_V2::fs2.util1.3000.skew1.0000.favlong.noise0.30.s20260816,FAMILY_A_FAIRNESS_STARVATION_V2,kv_constrained_online,0.8333333333333334,STEP2_CROSS_FAMILY_EVALUATION,success
FAMILY_A_FAIRNESS_STARVATION_V2::fs2.util1.3000.skew1.0000.favlong.noise0.30.s20260816,FAMILY_A_FAIRNESS_STARVATION_V2,least_laxity_first,0.7583333333333333,STEP2_CROSS_FAMILY_EVALUATION,success
FAMILY_A_FAIRNESS_STARVATION_V2::fs2.util1.3000.skew1.0000.favlong.noise0.30.s20260816,FAMILY_A_FAIRNESS_STARVATION_V2,weighted_fair_share,0.7416666666666667,SOURCE_NATIVE,success
FAMILY_A_FAIRNESS_STARVATION_V2::fs2.util1.3000.skew1.0000.favlong.noise0.30.s20260817,FAMILY_A_FAIRNESS_STARVATION_V2,chunked_prefill_small,0.5083333333333333,STEP2_CROSS_FAMILY_EVALUATION,success
FAMILY_A_FAIRNESS_STARVATION_V2::fs2.util1.3000.skew1.0000.favlong.noise0.30.s20260817,FAMILY_A_FAIRNESS_STARVATION_V2,estimated_service_time_first,0.6666666666666666,SOURCE_NATIVE,success
FAMILY_A_FAIRNESS_STARVATION_V2::fs2.util1.3000.skew1.0000.favlong.noise0.30.s20260817,FAMILY_A_FAIRNESS_STARVATION_V2,full_prefill,0.5083333333333333,STEP2_CROSS_FAMILY_EVALUATION,success
FAMILY_A_FAIRNESS_STARVATION_V2::fs2.util1.3000.skew1.0000.favlong.noise0.30.s20260817,FAMILY_A_FAIRNESS_STARVATION_V2,kv_constrained_online,0.48333333333333334,STEP2_CROSS_FAMILY_EVALUATION,success
FAMILY_A_FAIRNESS_STARVATION_V2::fs2.util1.3000.skew1.0000.favlong.noise0.30.s20260817,FAMILY_A_FAIRNESS_STARVATION_V2,least_laxity_first,0.26666666666666666,STEP2_CROSS_FAMILY_EVALUATION,success
FAMILY_A_FAIRNESS_STARVATION_V2::fs2.util1.3000.skew1.0000.favlong.noise0.30.s20260817,FAMILY_A_FAIRNESS_STARVATION_V2,weighted_fair_share,0.7083333333333334,SOURCE_NATIVE,success
FAMILY_A_FAIRNESS_STARVATION_V2::fs2.util1.3000.skew1.0000.favshort.noise0.00.s20260816,FAMILY_A_FAIRNESS_STARVATION_V2,chunked_prefill_small,0.49166666666666664,STEP2_CROSS_FAMILY_EVALUATION,success
FAMILY_A_FAIRNESS_STARVATION_V2::fs2.util1.3000.skew1.0000.favshort.noise0.00.s20260816,FAMILY_A_FAIRNESS_STARVATION_V2,estimated_service_time_first,0.8583333333333333,SOURCE_NATIVE,success
FAMILY_A_FAIRNESS_STARVATION_V2::fs2.util1.3000.skew1.0000.favshort.noise0.00.s20260816,FAMILY_A_FAIRNESS_STARVATION_V2,full_prefill,0.49166666666666664,STEP2_CROSS_FAMILY_EVALUATION,success
FAMILY_A_FAIRNESS_STARVATION_V2::fs2.util1.3000.skew1.0000.favshort.noise0.00.s20260816,FAMILY_A_FAIRNESS_STARVATION_V2,kv_constrained_online,0.8083333333333333,STEP2_CROSS_FAMILY_EVALUATION,success
FAMILY_A_FAIRNESS_STARVATION_V2::fs2.util1.3000.skew1.0000.favshort.noise0.00.s20260816,FAMILY_A_FAIRNESS_STARVATION_V2,least_laxity_first,0.48333333333333334,STEP2_CROSS_FAMILY_EVALUATION,success
FAMILY_A_FAIRNESS_STARVATION_V2::fs2.util1.3000.skew1.0000.favshort.noise0.00.s20260816,FAMILY_A_FAIRNESS_STARVATION_V2,weighted_fair_share,0.8083333333333333,SOURCE_NATIVE,success
FAMILY_A_FAIRNESS_STARVATION_V2::fs2.util1.3000.skew1.0000.favshort.noise0.00.s20260817,FAMILY_A_FAIRNESS_STARVATION_V2,chunked_prefill_small,0.3416666666666667,STEP2_CROSS_FAMILY_EVALUATION,success
FAMILY_A_FAIRNESS_STARVATION_V2::fs2.util1.3000.skew1.0000.favshort.noise0.00.s20260817,FAMILY_A_FAIRNESS_STARVATION_V2,estimated_service_time_first,0.7916666666666666,SOURCE_NATIVE,success
FAMILY_A_FAIRNESS_STARVATION_V2::fs2.util1.3000.skew1.0000.favshort.noise0.00.s20260817,FAMILY_A_FAIRNESS_STARVATION_V2,full_prefill,0.3416666666666667,STEP2_CROSS_FAMILY_EVALUATION,success
FAMILY_A_FAIRNESS_STARVATION_V2::fs2.util1.3000.skew1.0000.favshort.noise0.00.s20260817,FAMILY_A_FAIRNESS_STARVATION_V2,kv_constrained_online,0.75,STEP2_CROSS_FAMILY_EVALUATION,success
FAMILY_A_FAIRNESS_STARVATION_V2::fs2.util1.3000.skew1.0000.favshort.noise0.00.s20260817,FAMILY_A_FAIRNESS_STARVATION_V2,least_laxity_first,0.39166666666666666,STEP2_CROSS_FAMILY_EVALUATION,success
FAMILY_A_FAIRNESS_STARVATION_V2::fs2.util1.3000.skew1.0000.favshort.noise0.00.s20260817,FAMILY_A_FAIRNESS_STARVATION_V2,weighted_fair_share,0.7333333333333333,SOURCE_NATIVE,success
FAMILY_A_FAIRNESS_STARVATION_V2::fs2.util1.3000.skew1.0000.favshort.noise0.30.s20260816,FAMILY_A_FAIRNESS_STARVATION_V2,chunked_prefill_small,0.4666666666666667,STEP2_CROSS_FAMILY_EVALUATION,success
FAMILY_A_FAIRNESS_STARVATION_V2::fs2.util1.3000.skew1.0000.favshort.noise0.30.s20260816,FAMILY_A_FAIRNESS_STARVATION_V2,estimated_service_time_first,0.85,SOURCE_NATIVE,success
FAMILY_A_FAIRNESS_STARVATION_V2::fs2.util1.3000.skew1.0000.favshort.noise0.30.s20260816,FAMILY_A_FAIRNESS_STARVATION_V2,full_prefill,0.4666666666666667,STEP2_CROSS_FAMILY_EVALUATION,success
FAMILY_A_FAIRNESS_STARVATION_V2::fs2.util1.3000.skew1.0000.favshort.noise0.30.s20260816,FAMILY_A_FAIRNESS_STARVATION_V2,kv_constrained_online,0.8416666666666667,STEP2_CROSS_FAMILY_EVALUATION,success
FAMILY_A_FAIRNESS_STARVATION_V2::fs2.util1.3000.skew1.0000.favshort.noise0.30.s20260816,FAMILY_A_FAIRNESS_STARVATION_V2,least_laxity_first,0.48333333333333334,STEP2_CROSS_FAMILY_EVALUATION,success
FAMILY_A_FAIRNESS_STARVATION_V2::fs2.util1.3000.skew1.0000.favshort.noise0.30.s20260816,FAMILY_A_FAIRNESS_STARVATION_V2,weighted_fair_share,0.8,SOURCE_NATIVE,success
FAMILY_A_FAIRNESS_STARVATION_V2::fs2.util1.3000.skew1.0000.favshort.noise0.30.s20260817,FAMILY_A_FAIRNESS_STARVATION_V2,chunked_prefill_small,0.49166666666666664,STEP2_CROSS_FAMILY_EVALUATION,success
FAMILY_A_FAIRNESS_STARVATION_V2::fs2.util1.3000.skew1.0000.favshort.noise0.30.s20260817,FAMILY_A_FAIRNESS_STARVATION_V2,estimated_service_time_first,0.85,SOURCE_NATIVE,success
FAMILY_A_FAIRNESS_STARVATION_V2::fs2.util1.3000.skew1.0000.favshort.noise0.30.s20260817,FAMILY_A_FAIRNESS_STARVATION_V2,full_prefill,0.49166666666666664,STEP2_CROSS_FAMILY_EVALUATION,success
FAMILY_A_FAIRNESS_STARVATION_V2::fs2.util1.3000.skew1.0000.favshort.noise0.30.s20260817,FAMILY_A_FAIRNESS_STARVATION_V2,kv_constrained_online,0.7666666666666667,STEP2_CROSS_FAMILY_EVALUATION,success
FAMILY_A_FAIRNESS_STARVATION_V2::fs2.util1.3000.skew1.0000.favshort.noise0.30.s20260817,FAMILY_A_FAIRNESS_STARVATION_V2,least_laxity_first,0.44166666666666665,STEP2_CROSS_FAMILY_EVALUATION,success
FAMILY_A_FAIRNESS_STARVATION_V2::fs2.util1.3000.skew1.0000.favshort.noise0.30.s20260817,FAMILY_A_FAIRNESS_STARVATION_V2,weighted_fair_share,0.7666666666666667,SOURCE_NATIVE,success
FAMILY_A_FAIRNESS_STARVATION_V2::fs2.util1.3000.skew10.0000.favlong.noise0.00.s20260816,FAMILY_A_FAIRNESS_STARVATION_V2,chunked_prefill_small,0.11515151515151516,STEP2_CROSS_FAMILY_EVALUATION,success
FAMILY_A_FAIRNESS_STARVATION_V2::fs2.util1.3000.skew10.0000.favlong.noise0.00.s20260816,FAMILY_A_FAIRNESS_STARVATION_V2,estimated_service_time_first,0.3787878787878788,SOURCE_NATIVE,success
FAMILY_A_FAIRNESS_STARVATION_V2::fs2.util1.3000.skew10.0000.favlong.noise0.00.s20260816,FAMILY_A_FAIRNESS_STARVATION_V2,full_prefill,0.11515151515151516,STEP2_CROSS_FAMILY_EVALUATION,success
FAMILY_A_FAIRNESS_STARVATION_V2::fs2.util1.3000.skew10.0000.favlong.noise0.00.s20260816,FAMILY_A_FAIRNESS_STARVATION_V2,kv_constrained_online,0.3893939393939394,STEP2_CROSS_FAMILY_EVALUATION,success
FAMILY_A_FAIRNESS_STARVATION_V2::fs2.util1.3000.skew10.0000.favlong.noise0.00.s20260816,FAMILY_A_FAIRNESS_STARVATION_V2,least_laxity_first,0.4348484848484849,STEP2_CROSS_FAMILY_EVALUATION,success
FAMILY_A_FAIRNESS_STARVATION_V2::fs2.util1.3000.skew10.0000.favlong.noise0.00.s20260816,FAMILY_A_FAIRNESS_STARVATION_V2,weighted_fair_share,0.503030303030303,SOURCE_NATIVE,success
FAMILY_A_FAIRNESS_STARVATION_V2::fs2.util1.3000.skew10.0000.favlong.noise0.00.s20260817,FAMILY_A_FAIRNESS_STARVATION_V2,chunked_prefill_small,0.09545454545454546,STEP2_CROSS_FAMILY_EVALUATION,success
FAMILY_A_FAIRNESS_STARVATION_V2::fs2.util1.3000.skew10.0000.favlong.noise0.00.s20260817,FAMILY_A_FAIRNESS_STARVATION_V2,estimated_service_time_first,0.2878787878787879,SOURCE_NATIVE,success
FAMILY_A_FAIRNESS_STARVATION_V2::fs2.util1.3000.skew10.0000.favlong.noise0.00.s20260817,FAMILY_A_FAIRNESS_STARVATION_V2,full_prefill,0.09545454545454546,STEP2_CROSS_FAMILY_EVALUATION,success
FAMILY_A_FAIRNESS_STARVATION_V2::fs2.util1.3000.skew10.0000.favlong.noise0.00.s20260817,FAMILY_A_FAIRNESS_STARVATION_V2,kv_constrained_online,0.3984848484848485,STEP2_CROSS_FAMILY_EVALUATION,success
FAMILY_A_FAIRNESS_STARVATION_V2::fs2.util1.3000.skew10.0000.favlong.noise0.00.s20260817,FAMILY_A_FAIRNESS_STARVATION_V2,least_laxity_first,0.37272727272727274,STEP2_CROSS_FAMILY_EVALUATION,success
FAMILY_A_FAIRNESS_STARVATION_V2::fs2.util1.3000.skew10.0000.favlong.noise0.00.s20260817,FAMILY_A_FAIRNESS_STARVATION_V2,weighted_fair_share,0.45606060606060606,SOURCE_NATIVE,success
FAMILY_A_FAIRNESS_STARVATION_V2::fs2.util1.3000.skew10.0000.favlong.noise0.30.s20260816,FAMILY_A_FAIRNESS_STARVATION_V2,chunked_prefill_small,0.3939393939393939,STEP2_CROSS_FAMILY_EVALUATION,success
FAMILY_A_FAIRNESS_STARVATION_V2::fs2.util1.3000.skew10.0000.favlong.noise0.30.s20260816,FAMILY_A_FAIRNESS_STARVATION_V2,estimated_service_time_first,0.5303030303030303,SOURCE_NATIVE,success
FAMILY_A_FAIRNESS_STARVATION_V2::fs2.util1.3000.skew10.0000.favlong.noise0.30.s20260816,FAMILY_A_FAIRNESS_STARVATION_V2,full_prefill,0.3939393939393939,STEP2_CROSS_FAMILY_EVALUATION,success
FAMILY_A_FAIRNESS_STARVATION_V2::fs2.util1.3000.skew10.0000.favlong.noise0.30.s20260816,FAMILY_A_FAIRNESS_STARVATION_V2,kv_constrained_online,0.746969696969697,STEP2_CROSS_FAMILY_EVALUATION,success
FAMILY_A_FAIRNESS_STARVATION_V2::fs2.util1.3000.skew10.0000.favlong.noise0.30.s20260816,FAMILY_A_FAIRNESS_STARVATION_V2,least_laxity_first,0.7106060606060606,STEP2_CROSS_FAMILY_EVALUATION,success
FAMILY_A_FAIRNESS_STARVATION_V2::fs2.util1.3000.skew10.0000.favlong.noise0.30.s20260816,FAMILY_A_FAIRNESS_STARVATION_V2,weighted_fair_share,0.6924242424242424,SOURCE_NATIVE,success
FAMILY_A_FAIRNESS_STARVATION_V2::fs2.util1.3000.skew10.0000.favlong.noise0.30.s20260817,FAMILY_A_FAIRNESS_STARVATION_V2,chunked_prefill_small,0.10606060606060606,STEP2_CROSS_FAMILY_EVALUATION,success
FAMILY_A_FAIRNESS_STARVATION_V2::fs2.util1.3000.skew10.0000.favlong.noise0.30.s20260817,FAMILY_A_FAIRNESS_STARVATION_V2,estimated_service_time_first,0.3939393939393939,SOURCE_NATIVE,success
FAMILY_A_FAIRNESS_STARVATION_V2::fs2.util1.3000.skew10.0000.favlong.noise0.30.s20260817,FAMILY_A_FAIRNESS_STARVATION_V2,full_prefill,0.10606060606060606,STEP2_CROSS_FAMILY_EVALUATION,success
FAMILY_A_FAIRNESS_STARVATION_V2::fs2.util1.3000.skew10.0000.favlong.noise0.30.s20260817,FAMILY_A_FAIRNESS_STARVATION_V2,kv_constrained_online,0.3621212121212121,STEP2_CROSS_FAMILY_EVALUATION,success
FAMILY_A_FAIRNESS_STARVATION_V2::fs2.util1.3000.skew10.0000.favlong.noise0.30.s20260817,FAMILY_A_FAIRNESS_STARVATION_V2,least_laxity_first,0.3893939393939394,STEP2_CROSS_FAMILY_EVALUATION,success
FAMILY_A_FAIRNESS_STARVATION_V2::fs2.util1.3000.skew10.0000.favlong.noise0.30.s20260817,FAMILY_A_FAIRNESS_STARVATION_V2,weighted_fair_share,0.4696969696969697,SOURCE_NATIVE,success
FAMILY_A_FAIRNESS_STARVATION_V2::fs2.util1.3000.skew10.0000.favshort.noise0.00.s20260816,FAMILY_A_FAIRNESS_STARVATION_V2,chunked_prefill_small,0.18484848484848485,STEP2_CROSS_FAMILY_EVALUATION,success
FAMILY_A_FAIRNESS_STARVATION_V2::fs2.util1.3000.skew10.0000.favshort.noise0.00.s20260816,FAMILY_A_FAIRNESS_STARVATION_V2,estimated_service_time_first,0.9606060606060606,SOURCE_NATIVE,success
FAMILY_A_FAIRNESS_STARVATION_V2::fs2.util1.3000.skew10.0000.favshort.noise0.00.s20260816,FAMILY_A_FAIRNESS_STARVATION_V2,full_prefill,0.18484848484848485,STEP2_CROSS_FAMILY_EVALUATION,success
FAMILY_A_FAIRNESS_STARVATION_V2::fs2.util1.3000.skew10.0000.favshort.noise0.00.s20260816,FAMILY_A_FAIRNESS_STARVATION_V2,kv_constrained_online,0.8424242424242424,STEP2_CROSS_FAMILY_EVALUATION,success
FAMILY_A_FAIRNESS_STARVATION_V2::fs2.util1.3000.skew10.0000.favshort.noise0.00.s20260816,FAMILY_A_FAIRNESS_STARVATION_V2,least_laxity_first,0.14242424242424243,STEP2_CROSS_FAMILY_EVALUATION,success
FAMILY_A_FAIRNESS_STARVATION_V2::fs2.util1.3000.skew10.0000.favshort.noise0.00.s20260816,FAMILY_A_FAIRNESS_STARVATION_V2,weighted_fair_share,0.9606060606060606,SOURCE_NATIVE,success
FAMILY_A_FAIRNESS_STARVATION_V2::fs2.util1.3000.skew10.0000.favshort.noise0.00.s20260817,FAMILY_A_FAIRNESS_STARVATION_V2,chunked_prefill_small,0.11666666666666667,STEP2_CROSS_FAMILY_EVALUATION,success
FAMILY_A_FAIRNESS_STARVATION_V2::fs2.util1.3000.skew10.0000.favshort.noise0.00.s20260817,FAMILY_A_FAIRNESS_STARVATION_V2,estimated_service_time_first,0.9621212121212122,SOURCE_NATIVE,success
FAMILY_A_FAIRNESS_STARVATION_V2::fs2.util1.3000.skew10.0000.favshort.noise0.00.s20260817,FAMILY_A_FAIRNESS_STARVATION_V2,full_prefill,0.11666666666666667,STEP2_CROSS_FAMILY_EVALUATION,success
FAMILY_A_FAIRNESS_STARVATION_V2::fs2.util1.3000.skew10.0000.favshort.noise0.00.s20260817,FAMILY_A_FAIRNESS_STARVATION_V2,kv_constrained_online,0.8454545454545455,STEP2_CROSS_FAMILY_EVALUATION,success
FAMILY_A_FAIRNESS_STARVATION_V2::fs2.util1.3000.skew10.0000.favshort.noise0.00.s20260817,FAMILY_A_FAIRNESS_STARVATION_V2,least_laxity_first,0.09848484848484848,STEP2_CROSS_FAMILY_EVALUATION,success
FAMILY_A_FAIRNESS_STARVATION_V2::fs2.util1.3000.skew10.0000.favshort.noise0.00.s20260817,FAMILY_A_FAIRNESS_STARVATION_V2,weighted_fair_share,0.946969696969697,SOURCE_NATIVE,success
FAMILY_A_FAIRNESS_STARVATION_V2::fs2.util1.3000.skew10.0000.favshort.noise0.30.s20260816,FAMILY_A_FAIRNESS_STARVATION_V2,chunked_prefill_small,0.09848484848484848,STEP2_CROSS_FAMILY_EVALUATION,success
FAMILY_A_FAIRNESS_STARVATION_V2::fs2.util1.3000.skew10.0000.favshort.noise0.30.s20260816,FAMILY_A_FAIRNESS_STARVATION_V2,estimated_service_time_first,0.9454545454545454,SOURCE_NATIVE,success
FAMILY_A_FAIRNESS_STARVATION_V2::fs2.util1.3000.skew10.0000.favshort.noise0.30.s20260816,FAMILY_A_FAIRNESS_STARVATION_V2,full_prefill,0.09848484848484848,STEP2_CROSS_FAMILY_EVALUATION,success
FAMILY_A_FAIRNESS_STARVATION_V2::fs2.util1.3000.skew10.0000.favshort.noise0.30.s20260816,FAMILY_A_FAIRNESS_STARVATION_V2,kv_constrained_online,0.8484848484848485,STEP2_CROSS_FAMILY_EVALUATION,success
FAMILY_A_FAIRNESS_STARVATION_V2::fs2.util1.3000.skew10.0000.favshort.noise0.30.s20260816,FAMILY_A_FAIRNESS_STARVATION_V2,least_laxity_first,0.18333333333333332,STEP2_CROSS_FAMILY_EVALUATION,success
FAMILY_A_FAIRNESS_STARVATION_V2::fs2.util1.3000.skew10.0000.favshort.noise0.30.s20260816,FAMILY_A_FAIRNESS_STARVATION_V2,weighted_fair_share,0.9454545454545454,SOURCE_NATIVE,success
FAMILY_A_FAIRNESS_STARVATION_V2::fs2.util1.3000.skew10.0000.favshort.noise0.30.s20260817,FAMILY_A_FAIRNESS_STARVATION_V2,chunked_prefill_small,0.23939393939393938,STEP2_CROSS_FAMILY_EVALUATION,success
FAMILY_A_FAIRNESS_STARVATION_V2::fs2.util1.3000.skew10.0000.favshort.noise0.30.s20260817,FAMILY_A_FAIRNESS_STARVATION_V2,estimated_service_time_first,0.9590909090909091,SOURCE_NATIVE,success
FAMILY_A_FAIRNESS_STARVATION_V2::fs2.util1.3000.skew10.0000.favshort.noise0.30.s20260817,FAMILY_A_FAIRNESS_STARVATION_V2,full_prefill,0.23939393939393938,STEP2_CROSS_FAMILY_EVALUATION,success
FAMILY_A_FAIRNESS_STARVATION_V2::fs2.util1.3000.skew10.0000.favshort.noise0.30.s20260817,FAMILY_A_FAIRNESS_STARVATION_V2,kv_constrained_online,0.8484848484848485,STEP2_CROSS_FAMILY_EVALUATION,success
FAMILY_A_FAIRNESS_STARVATION_V2::fs2.util1.3000.skew10.0000.favshort.noise0.30.s20260817,FAMILY_A_FAIRNESS_STARVATION_V2,least_laxity_first,0.1484848484848485,STEP2_CROSS_FAMILY_EVALUATION,success
FAMILY_A_FAIRNESS_STARVATION_V2::fs2.util1.3000.skew10.0000.favshort.noise0.30.s20260817,FAMILY_A_FAIRNESS_STARVATION_V2,weighted_fair_share,0.9590909090909091,SOURCE_NATIVE,success
FAMILY_A_FAIRNESS_STARVATION_V2::fs2.util1.3000.skew5.0000.favlong.noise0.00.s20260816,FAMILY_A_FAIRNESS_STARVATION_V2,chunked_prefill_small,0.15555555555555556,STEP2_CROSS_FAMILY_EVALUATION,success
FAMILY_A_FAIRNESS_STARVATION_V2::fs2.util1.3000.skew5.0000.favlong.noise0.00.s20260816,FAMILY_A_FAIRNESS_STARVATION_V2,estimated_service_time_first,0.4305555555555556,SOURCE_NATIVE,success
FAMILY_A_FAIRNESS_STARVATION_V2::fs2.util1.3000.skew5.0000.favlong.noise0.00.s20260816,FAMILY_A_FAIRNESS_STARVATION_V2,full_prefill,0.15555555555555556,STEP2_CROSS_FAMILY_EVALUATION,success
FAMILY_A_FAIRNESS_STARVATION_V2::fs2.util1.3000.skew5.0000.favlong.noise0.00.s20260816,FAMILY_A_FAIRNESS_STARVATION_V2,kv_constrained_online,0.42777777777777776,STEP2_CROSS_FAMILY_EVALUATION,success
FAMILY_A_FAIRNESS_STARVATION_V2::fs2.util1.3000.skew5.0000.favlong.noise0.00.s20260816,FAMILY_A_FAIRNESS_STARVATION_V2,least_laxity_first,0.4083333333333333,STEP2_CROSS_FAMILY_EVALUATION,success
FAMILY_A_FAIRNESS_STARVATION_V2::fs2.util1.3000.skew5.0000.favlong.noise0.00.s20260816,FAMILY_A_FAIRNESS_STARVATION_V2,weighted_fair_share,0.5638888888888889,SOURCE_NATIVE,success
FAMILY_A_FAIRNESS_STARVATION_V2::fs2.util1.3000.skew5.0000.favlong.noise0.00.s20260817,FAMILY_A_FAIRNESS_STARVATION_V2,chunked_prefill_small,0.14722222222222223,STEP2_CROSS_FAMILY_EVALUATION,success
FAMILY_A_FAIRNESS_STARVATION_V2::fs2.util1.3000.skew5.0000.favlong.noise0.00.s20260817,FAMILY_A_FAIRNESS_STARVATION_V2,estimated_service_time_first,0.3472222222222222,SOURCE_NATIVE,success
FAMILY_A_FAIRNESS_STARVATION_V2::fs2.util1.3000.skew5.0000.favlong.noise0.00.s20260817,FAMILY_A_FAIRNESS_STARVATION_V2,full_prefill,0.14722222222222223,STEP2_CROSS_FAMILY_EVALUATION,success
FAMILY_A_FAIRNESS_STARVATION_V2::fs2.util1.3000.skew5.0000.favlong.noise0.00.s20260817,FAMILY_A_FAIRNESS_STARVATION_V2,kv_constrained_online,0.3861111111111111,STEP2_CROSS_FAMILY_EVALUATION,success
FAMILY_A_FAIRNESS_STARVATION_V2::fs2.util1.3000.skew5.0000.favlong.noise0.00.s20260817,FAMILY_A_FAIRNESS_STARVATION_V2,least_laxity_first,0.35,STEP2_CROSS_FAMILY_EVALUATION,success
FAMILY_A_FAIRNESS_STARVATION_V2::fs2.util1.3000.skew5.0000.favlong.noise0.00.s20260817,FAMILY_A_FAIRNESS_STARVATION_V2,weighted_fair_share,0.41944444444444445,SOURCE_NATIVE,success
FAMILY_A_FAIRNESS_STARVATION_V2::fs2.util1.3000.skew5.0000.favlong.noise0.30.s20260816,FAMILY_A_FAIRNESS_STARVATION_V2,chunked_prefill_small,0.4444444444444444,STEP2_CROSS_FAMILY_EVALUATION,success
FAMILY_A_FAIRNESS_STARVATION_V2::fs2.util1.3000.skew5.0000.favlong.noise0.30.s20260816,FAMILY_A_FAIRNESS_STARVATION_V2,estimated_service_time_first,0.5694444444444444,SOURCE_NATIVE,success
FAMILY_A_FAIRNESS_STARVATION_V2::fs2.util1.3000.skew5.0000.favlong.noise0.30.s20260816,FAMILY_A_FAIRNESS_STARVATION_V2,full_prefill,0.4444444444444444,STEP2_CROSS_FAMILY_EVALUATION,success
FAMILY_A_FAIRNESS_STARVATION_V2::fs2.util1.3000.skew5.0000.favlong.noise0.30.s20260816,FAMILY_A_FAIRNESS_STARVATION_V2,kv_constrained_online,0.7583333333333333,STEP2_CROSS_FAMILY_EVALUATION,success
FAMILY_A_FAIRNESS_STARVATION_V2::fs2.util1.3000.skew5.0000.favlong.noise0.30.s20260816,FAMILY_A_FAIRNESS_STARVATION_V2,least_laxity_first,0.7194444444444444,STEP2_CROSS_FAMILY_EVALUATION,success
FAMILY_A_FAIRNESS_STARVATION_V2::fs2.util1.3000.skew5.0000.favlong.noise0.30.s20260816,FAMILY_A_FAIRNESS_STARVATION_V2,weighted_fair_share,0.7305555555555555,SOURCE_NATIVE,success
FAMILY_A_FAIRNESS_STARVATION_V2::fs2.util1.3000.skew5.0000.favlong.noise0.30.s20260817,FAMILY_A_FAIRNESS_STARVATION_V2,chunked_prefill_small,0.18055555555555555,STEP2_CROSS_FAMILY_EVALUATION,success
FAMILY_A_FAIRNESS_STARVATION_V2::fs2.util1.3000.skew5.0000.favlong.noise0.30.s20260817,FAMILY_A_FAIRNESS_STARVATION_V2,estimated_service_time_first,0.4444444444444444,SOURCE_NATIVE,success
FAMILY_A_FAIRNESS_STARVATION_V2::fs2.util1.3000.skew5.0000.favlong.noise0.30.s20260817,FAMILY_A_FAIRNESS_STARVATION_V2,full_prefill,0.18055555555555555,STEP2_CROSS_FAMILY_EVALUATION,success
FAMILY_A_FAIRNESS_STARVATION_V2::fs2.util1.3000.skew5.0000.favlong.noise0.30.s20260817,FAMILY_A_FAIRNESS_STARVATION_V2,kv_constrained_online,0.4,STEP2_CROSS_FAMILY_EVALUATION,success
FAMILY_A_FAIRNESS_STARVATION_V2::fs2.util1.3000.skew5.0000.favlong.noise0.30.s20260817,FAMILY_A_FAIRNESS_STARVATION_V2,least_laxity_first,0.36666666666666664,STEP2_CROSS_FAMILY_EVALUATION,success
FAMILY_A_FAIRNESS_STARVATION_V2::fs2.util1.3000.skew5.0000.favlong.noise0.30.s20260817,FAMILY_A_FAIRNESS_STARVATION_V2,weighted_fair_share,0.49722222222222223,SOURCE_NATIVE,success
FAMILY_A_FAIRNESS_STARVATION_V2::fs2.util1.3000.skew5.0000.favshort.noise0.00.s20260816,FAMILY_A_FAIRNESS_STARVATION_V2,chunked_prefill_small,0.24166666666666667,STEP2_CROSS_FAMILY_EVALUATION,success
FAMILY_A_FAIRNESS_STARVATION_V2::fs2.util1.3000.skew5.0000.favshort.noise0.00.s20260816,FAMILY_A_FAIRNESS_STARVATION_V2,estimated_service_time_first,0.9416666666666667,SOURCE_NATIVE,success
FAMILY_A_FAIRNESS_STARVATION_V2::fs2.util1.3000.skew5.0000.favshort.noise0.00.s20260816,FAMILY_A_FAIRNESS_STARVATION_V2,full_prefill,0.24166666666666667,STEP2_CROSS_FAMILY_EVALUATION,success
FAMILY_A_FAIRNESS_STARVATION_V2::fs2.util1.3000.skew5.0000.favshort.noise0.00.s20260816,FAMILY_A_FAIRNESS_STARVATION_V2,kv_constrained_online,0.8361111111111111,STEP2_CROSS_FAMILY_EVALUATION,success
FAMILY_A_FAIRNESS_STARVATION_V2::fs2.util1.3000.skew5.0000.favshort.noise0.00.s20260816,FAMILY_A_FAIRNESS_STARVATION_V2,least_laxity_first,0.20555555555555555,STEP2_CROSS_FAMILY_EVALUATION,success
FAMILY_A_FAIRNESS_STARVATION_V2::fs2.util1.3000.skew5.0000.favshort.noise0.00.s20260816,FAMILY_A_FAIRNESS_STARVATION_V2,weighted_fair_share,0.9138888888888889,SOURCE_NATIVE,success
FAMILY_A_FAIRNESS_STARVATION_V2::fs2.util1.3000.skew5.0000.favshort.noise0.00.s20260817,FAMILY_A_FAIRNESS_STARVATION_V2,chunked_prefill_small,0.15833333333333333,STEP2_CROSS_FAMILY_EVALUATION,success
FAMILY_A_FAIRNESS_STARVATION_V2::fs2.util1.3000.skew5.0000.favshort.noise0.00.s20260817,FAMILY_A_FAIRNESS_STARVATION_V2,estimated_service_time_first,0.9305555555555556,SOURCE_NATIVE,success
FAMILY_A_FAIRNESS_STARVATION_V2::fs2.util1.3000.skew5.0000.favshort.noise0.00.s20260817,FAMILY_A_FAIRNESS_STARVATION_V2,full_prefill,0.15833333333333333,STEP2_CROSS_FAMILY_EVALUATION,success
FAMILY_A_FAIRNESS_STARVATION_V2::fs2.util1.3000.skew5.0000.favshort.noise0.00.s20260817,FAMILY_A_FAIRNESS_STARVATION_V2,kv_constrained_online,0.8277777777777777,STEP2_CROSS_FAMILY_EVALUATION,success
FAMILY_A_FAIRNESS_STARVATION_V2::fs2.util1.3000.skew5.0000.favshort.noise0.00.s20260817,FAMILY_A_FAIRNESS_STARVATION_V2,least_laxity_first,0.1527777777777778,STEP2_CROSS_FAMILY_EVALUATION,success
FAMILY_A_FAIRNESS_STARVATION_V2::fs2.util1.3000.skew5.0000.favshort.noise0.00.s20260817,FAMILY_A_FAIRNESS_STARVATION_V2,weighted_fair_share,0.9027777777777778,SOURCE_NATIVE,success
FAMILY_A_FAIRNESS_STARVATION_V2::fs2.util1.3000.skew5.0000.favshort.noise0.30.s20260816,FAMILY_A_FAIRNESS_STARVATION_V2,chunked_prefill_small,0.16666666666666666,STEP2_CROSS_FAMILY_EVALUATION,success
FAMILY_A_FAIRNESS_STARVATION_V2::fs2.util1.3000.skew5.0000.favshort.noise0.30.s20260816,FAMILY_A_FAIRNESS_STARVATION_V2,estimated_service_time_first,0.9277777777777778,SOURCE_NATIVE,success
FAMILY_A_FAIRNESS_STARVATION_V2::fs2.util1.3000.skew5.0000.favshort.noise0.30.s20260816,FAMILY_A_FAIRNESS_STARVATION_V2,full_prefill,0.16666666666666666,STEP2_CROSS_FAMILY_EVALUATION,success
FAMILY_A_FAIRNESS_STARVATION_V2::fs2.util1.3000.skew5.0000.favshort.noise0.30.s20260816,FAMILY_A_FAIRNESS_STARVATION_V2,kv_constrained_online,0.8472222222222222,STEP2_CROSS_FAMILY_EVALUATION,success
FAMILY_A_FAIRNESS_STARVATION_V2::fs2.util1.3000.skew5.0000.favshort.noise0.30.s20260816,FAMILY_A_FAIRNESS_STARVATION_V2,least_laxity_first,0.2388888888888889,STEP2_CROSS_FAMILY_EVALUATION,success
FAMILY_A_FAIRNESS_STARVATION_V2::fs2.util1.3000.skew5.0000.favshort.noise0.30.s20260816,FAMILY_A_FAIRNESS_STARVATION_V2,weighted_fair_share,0.9277777777777778,SOURCE_NATIVE,success
FAMILY_A_FAIRNESS_STARVATION_V2::fs2.util1.3000.skew5.0000.favshort.noise0.30.s20260817,FAMILY_A_FAIRNESS_STARVATION_V2,chunked_prefill_small,0.2861111111111111,STEP2_CROSS_FAMILY_EVALUATION,success
FAMILY_A_FAIRNESS_STARVATION_V2::fs2.util1.3000.skew5.0000.favshort.noise0.30.s20260817,FAMILY_A_FAIRNESS_STARVATION_V2,estimated_service_time_first,0.9388888888888889,SOURCE_NATIVE,success
FAMILY_A_FAIRNESS_STARVATION_V2::fs2.util1.3000.skew5.0000.favshort.noise0.30.s20260817,FAMILY_A_FAIRNESS_STARVATION_V2,full_prefill,0.2861111111111111,STEP2_CROSS_FAMILY_EVALUATION,success
FAMILY_A_FAIRNESS_STARVATION_V2::fs2.util1.3000.skew5.0000.favshort.noise0.30.s20260817,FAMILY_A_FAIRNESS_STARVATION_V2,kv_constrained_online,0.8333333333333334,STEP2_CROSS_FAMILY_EVALUATION,success
FAMILY_A_FAIRNESS_STARVATION_V2::fs2.util1.3000.skew5.0000.favshort.noise0.30.s20260817,FAMILY_A_FAIRNESS_STARVATION_V2,least_laxity_first,0.20277777777777778,STEP2_CROSS_FAMILY_EVALUATION,success
FAMILY_A_FAIRNESS_STARVATION_V2::fs2.util1.3000.skew5.0000.favshort.noise0.30.s20260817,FAMILY_A_FAIRNESS_STARVATION_V2,weighted_fair_share,0.8972222222222223,SOURCE_NATIVE,success
FAMILY_A_FAIRNESS_STARVATION_V2::fs2.util1.5000.skew1.0000.favlong.noise0.00.s20260816,FAMILY_A_FAIRNESS_STARVATION_V2,chunked_prefill_small,0.2833333333333333,STEP2_CROSS_FAMILY_EVALUATION,success
FAMILY_A_FAIRNESS_STARVATION_V2::fs2.util1.5000.skew1.0000.favlong.noise0.00.s20260816,FAMILY_A_FAIRNESS_STARVATION_V2,estimated_service_time_first,0.625,SOURCE_NATIVE,success
FAMILY_A_FAIRNESS_STARVATION_V2::fs2.util1.5000.skew1.0000.favlong.noise0.00.s20260816,FAMILY_A_FAIRNESS_STARVATION_V2,full_prefill,0.2833333333333333,STEP2_CROSS_FAMILY_EVALUATION,success
FAMILY_A_FAIRNESS_STARVATION_V2::fs2.util1.5000.skew1.0000.favlong.noise0.00.s20260816,FAMILY_A_FAIRNESS_STARVATION_V2,kv_constrained_online,0.5,STEP2_CROSS_FAMILY_EVALUATION,success
FAMILY_A_FAIRNESS_STARVATION_V2::fs2.util1.5000.skew1.0000.favlong.noise0.00.s20260816,FAMILY_A_FAIRNESS_STARVATION_V2,least_laxity_first,0.225,STEP2_CROSS_FAMILY_EVALUATION,success
FAMILY_A_FAIRNESS_STARVATION_V2::fs2.util1.5000.skew1.0000.favlong.noise0.00.s20260816,FAMILY_A_FAIRNESS_STARVATION_V2,weighted_fair_share,0.5833333333333334,SOURCE_NATIVE,success
FAMILY_A_FAIRNESS_STARVATION_V2::fs2.util1.5000.skew1.0000.favlong.noise0.00.s20260817,FAMILY_A_FAIRNESS_STARVATION_V2,chunked_prefill_small,0.26666666666666666,STEP2_CROSS_FAMILY_EVALUATION,success
FAMILY_A_FAIRNESS_STARVATION_V2::fs2.util1.5000.skew1.0000.favlong.noise0.00.s20260817,FAMILY_A_FAIRNESS_STARVATION_V2,estimated_service_time_first,0.5916666666666667,SOURCE_NATIVE,success
FAMILY_A_FAIRNESS_STARVATION_V2::fs2.util1.5000.skew1.0000.favlong.noise0.00.s20260817,FAMILY_A_FAIRNESS_STARVATION_V2,full_prefill,0.26666666666666666,STEP2_CROSS_FAMILY_EVALUATION,success
FAMILY_A_FAIRNESS_STARVATION_V2::fs2.util1.5000.skew1.0000.favlong.noise0.00.s20260817,FAMILY_A_FAIRNESS_STARVATION_V2,kv_constrained_online,0.475,STEP2_CROSS_FAMILY_EVALUATION,success
FAMILY_A_FAIRNESS_STARVATION_V2::fs2.util1.5000.skew1.0000.favlong.noise0.00.s20260817,FAMILY_A_FAIRNESS_STARVATION_V2,least_laxity_first,0.16666666666666666,STEP2_CROSS_FAMILY_EVALUATION,success
FAMILY_A_FAIRNESS_STARVATION_V2::fs2.util1.5000.skew1.0000.favlong.noise0.00.s20260817,FAMILY_A_FAIRNESS_STARVATION_V2,weighted_fair_share,0.575,SOURCE_NATIVE,success
FAMILY_A_FAIRNESS_STARVATION_V2::fs2.util1.5000.skew1.0000.favlong.noise0.30.s20260816,FAMILY_A_FAIRNESS_STARVATION_V2,chunked_prefill_small,0.5333333333333333,STEP2_CROSS_FAMILY_EVALUATION,success
FAMILY_A_FAIRNESS_STARVATION_V2::fs2.util1.5000.skew1.0000.favlong.noise0.30.s20260816,FAMILY_A_FAIRNESS_STARVATION_V2,estimated_service_time_first,0.7333333333333333,SOURCE_NATIVE,success
FAMILY_A_FAIRNESS_STARVATION_V2::fs2.util1.5000.skew1.0000.favlong.noise0.30.s20260816,FAMILY_A_FAIRNESS_STARVATION_V2,full_prefill,0.5333333333333333,STEP2_CROSS_FAMILY_EVALUATION,success
FAMILY_A_FAIRNESS_STARVATION_V2::fs2.util1.5000.skew1.0000.favlong.noise0.30.s20260816,FAMILY_A_FAIRNESS_STARVATION_V2,kv_constrained_online,0.7333333333333333,STEP2_CROSS_FAMILY_EVALUATION,success
FAMILY_A_FAIRNESS_STARVATION_V2::fs2.util1.5000.skew1.0000.favlong.noise0.30.s20260816,FAMILY_A_FAIRNESS_STARVATION_V2,least_laxity_first,0.5,STEP2_CROSS_FAMILY_EVALUATION,success
FAMILY_A_FAIRNESS_STARVATION_V2::fs2.util1.5000.skew1.0000.favlong.noise0.30.s20260816,FAMILY_A_FAIRNESS_STARVATION_V2,weighted_fair_share,0.6916666666666667,SOURCE_NATIVE,success
FAMILY_A_FAIRNESS_STARVATION_V2::fs2.util1.5000.skew1.0000.favlong.noise0.30.s20260817,FAMILY_A_FAIRNESS_STARVATION_V2,chunked_prefill_small,0.39166666666666666,STEP2_CROSS_FAMILY_EVALUATION,success
FAMILY_A_FAIRNESS_STARVATION_V2::fs2.util1.5000.skew1.0000.favlong.noise0.30.s20260817,FAMILY_A_FAIRNESS_STARVATION_V2,estimated_service_time_first,0.625,SOURCE_NATIVE,success
FAMILY_A_FAIRNESS_STARVATION_V2::fs2.util1.5000.skew1.0000.favlong.noise0.30.s20260817,FAMILY_A_FAIRNESS_STARVATION_V2,full_prefill,0.39166666666666666,STEP2_CROSS_FAMILY_EVALUATION,success
FAMILY_A_FAIRNESS_STARVATION_V2::fs2.util1.5000.skew1.0000.favlong.noise0.30.s20260817,FAMILY_A_FAIRNESS_STARVATION_V2,kv_constrained_online,0.55,STEP2_CROSS_FAMILY_EVALUATION,success
FAMILY_A_FAIRNESS_STARVATION_V2::fs2.util1.5000.skew1.0000.favlong.noise0.30.s20260817,FAMILY_A_FAIRNESS_STARVATION_V2,least_laxity_first,0.16666666666666666,STEP2_CROSS_FAMILY_EVALUATION,success
FAMILY_A_FAIRNESS_STARVATION_V2::fs2.util1.5000.skew1.0000.favlong.noise0.30.s20260817,FAMILY_A_FAIRNESS_STARVATION_V2,weighted_fair_share,0.65,SOURCE_NATIVE,success
FAMILY_A_FAIRNESS_STARVATION_V2::fs2.util1.5000.skew1.0000.favshort.noise0.00.s20260816,FAMILY_A_FAIRNESS_STARVATION_V2,chunked_prefill_small,0.3333333333333333,STEP2_CROSS_FAMILY_EVALUATION,success
FAMILY_A_FAIRNESS_STARVATION_V2::fs2.util1.5000.skew1.0000.favshort.noise0.00.s20260816,FAMILY_A_FAIRNESS_STARVATION_V2,estimated_service_time_first,0.8083333333333333,SOURCE_NATIVE,success
FAMILY_A_FAIRNESS_STARVATION_V2::fs2.util1.5000.skew1.0000.favshort.noise0.00.s20260816,FAMILY_A_FAIRNESS_STARVATION_V2,full_prefill,0.3333333333333333,STEP2_CROSS_FAMILY_EVALUATION,success
FAMILY_A_FAIRNESS_STARVATION_V2::fs2.util1.5000.skew1.0000.favshort.noise0.00.s20260816,FAMILY_A_FAIRNESS_STARVATION_V2,kv_constrained_online,0.6583333333333333,STEP2_CROSS_FAMILY_EVALUATION,success
FAMILY_A_FAIRNESS_STARVATION_V2::fs2.util1.5000.skew1.0000.favshort.noise0.00.s20260816,FAMILY_A_FAIRNESS_STARVATION_V2,least_laxity_first,0.4083333333333333,STEP2_CROSS_FAMILY_EVALUATION,success
FAMILY_A_FAIRNESS_STARVATION_V2::fs2.util1.5000.skew1.0000.favshort.noise0.00.s20260816,FAMILY_A_FAIRNESS_STARVATION_V2,weighted_fair_share,0.7416666666666667,SOURCE_NATIVE,success
FAMILY_A_FAIRNESS_STARVATION_V2::fs2.util1.5000.skew1.0000.favshort.noise0.00.s20260817,FAMILY_A_FAIRNESS_STARVATION_V2,chunked_prefill_small,0.275,STEP2_CROSS_FAMILY_EVALUATION,success
FAMILY_A_FAIRNESS_STARVATION_V2::fs2.util1.5000.skew1.0000.favshort.noise0.00.s20260817,FAMILY_A_FAIRNESS_STARVATION_V2,estimated_service_time_first,0.7666666666666667,SOURCE_NATIVE,success
FAMILY_A_FAIRNESS_STARVATION_V2::fs2.util1.5000.skew1.0000.favshort.noise0.00.s20260817,FAMILY_A_FAIRNESS_STARVATION_V2,full_prefill,0.275,STEP2_CROSS_FAMILY_EVALUATION,success
FAMILY_A_FAIRNESS_STARVATION_V2::fs2.util1.5000.skew1.0000.favshort.noise0.00.s20260817,FAMILY_A_FAIRNESS_STARVATION_V2,kv_constrained_online,0.7,STEP2_CROSS_FAMILY_EVALUATION,success
FAMILY_A_FAIRNESS_STARVATION_V2::fs2.util1.5000.skew1.0000.favshort.noise0.00.s20260817,FAMILY_A_FAIRNESS_STARVATION_V2,least_laxity_first,0.35,STEP2_CROSS_FAMILY_EVALUATION,success
FAMILY_A_FAIRNESS_STARVATION_V2::fs2.util1.5000.skew1.0000.favshort.noise0.00.s20260817,FAMILY_A_FAIRNESS_STARVATION_V2,weighted_fair_share,0.7166666666666667,SOURCE_NATIVE,success
FAMILY_A_FAIRNESS_STARVATION_V2::fs2.util1.5000.skew1.0000.favshort.noise0.30.s20260816,FAMILY_A_FAIRNESS_STARVATION_V2,chunked_prefill_small,0.36666666666666664,STEP2_CROSS_FAMILY_EVALUATION,success
FAMILY_A_FAIRNESS_STARVATION_V2::fs2.util1.5000.skew1.0000.favshort.noise0.30.s20260816,FAMILY_A_FAIRNESS_STARVATION_V2,estimated_service_time_first,0.8083333333333333,SOURCE_NATIVE,success
FAMILY_A_FAIRNESS_STARVATION_V2::fs2.util1.5000.skew1.0000.favshort.noise0.30.s20260816,FAMILY_A_FAIRNESS_STARVATION_V2,full_prefill,0.36666666666666664,STEP2_CROSS_FAMILY_EVALUATION,success
FAMILY_A_FAIRNESS_STARVATION_V2::fs2.util1.5000.skew1.0000.favshort.noise0.30.s20260816,FAMILY_A_FAIRNESS_STARVATION_V2,kv_constrained_online,0.7333333333333333,STEP2_CROSS_FAMILY_EVALUATION,success
FAMILY_A_FAIRNESS_STARVATION_V2::fs2.util1.5000.skew1.0000.favshort.noise0.30.s20260816,FAMILY_A_FAIRNESS_STARVATION_V2,least_laxity_first,0.39166666666666666,STEP2_CROSS_FAMILY_EVALUATION,success
FAMILY_A_FAIRNESS_STARVATION_V2::fs2.util1.5000.skew1.0000.favshort.noise0.30.s20260816,FAMILY_A_FAIRNESS_STARVATION_V2,weighted_fair_share,0.75,SOURCE_NATIVE,success
FAMILY_A_FAIRNESS_STARVATION_V2::fs2.util1.5000.skew1.0000.favshort.noise0.30.s20260817,FAMILY_A_FAIRNESS_STARVATION_V2,chunked_prefill_small,0.39166666666666666,STEP2_CROSS_FAMILY_EVALUATION,success
FAMILY_A_FAIRNESS_STARVATION_V2::fs2.util1.5000.skew1.0000.favshort.noise0.30.s20260817,FAMILY_A_FAIRNESS_STARVATION_V2,estimated_service_time_first,0.7833333333333333,SOURCE_NATIVE,success
FAMILY_A_FAIRNESS_STARVATION_V2::fs2.util1.5000.skew1.0000.favshort.noise0.30.s20260817,FAMILY_A_FAIRNESS_STARVATION_V2,full_prefill,0.39166666666666666,STEP2_CROSS_FAMILY_EVALUATION,success
FAMILY_A_FAIRNESS_STARVATION_V2::fs2.util1.5000.skew1.0000.favshort.noise0.30.s20260817,FAMILY_A_FAIRNESS_STARVATION_V2,kv_constrained_online,0.6833333333333333,STEP2_CROSS_FAMILY_EVALUATION,success
FAMILY_A_FAIRNESS_STARVATION_V2::fs2.util1.5000.skew1.0000.favshort.noise0.30.s20260817,FAMILY_A_FAIRNESS_STARVATION_V2,least_laxity_first,0.4,STEP2_CROSS_FAMILY_EVALUATION,success
FAMILY_A_FAIRNESS_STARVATION_V2::fs2.util1.5000.skew1.0000.favshort.noise0.30.s20260817,FAMILY_A_FAIRNESS_STARVATION_V2,weighted_fair_share,0.725,SOURCE_NATIVE,success
FAMILY_A_FAIRNESS_STARVATION_V2::fs2.util1.5000.skew10.0000.favlong.noise0.00.s20260816,FAMILY_A_FAIRNESS_STARVATION_V2,chunked_prefill_small,0.07878787878787878,STEP2_CROSS_FAMILY_EVALUATION,success
FAMILY_A_FAIRNESS_STARVATION_V2::fs2.util1.5000.skew10.0000.favlong.noise0.00.s20260816,FAMILY_A_FAIRNESS_STARVATION_V2,estimated_service_time_first,0.3181818181818182,SOURCE_NATIVE,success
FAMILY_A_FAIRNESS_STARVATION_V2::fs2.util1.5000.skew10.0000.favlong.noise0.00.s20260816,FAMILY_A_FAIRNESS_STARVATION_V2,full_prefill,0.07878787878787878,STEP2_CROSS_FAMILY_EVALUATION,success
FAMILY_A_FAIRNESS_STARVATION_V2::fs2.util1.5000.skew10.0000.favlong.noise0.00.s20260816,FAMILY_A_FAIRNESS_STARVATION_V2,kv_constrained_online,0.3575757575757576,STEP2_CROSS_FAMILY_EVALUATION,success
FAMILY_A_FAIRNESS_STARVATION_V2::fs2.util1.5000.skew10.0000.favlong.noise0.00.s20260816,FAMILY_A_FAIRNESS_STARVATION_V2,least_laxity_first,0.38181818181818183,STEP2_CROSS_FAMILY_EVALUATION,success
FAMILY_A_FAIRNESS_STARVATION_V2::fs2.util1.5000.skew10.0000.favlong.noise0.00.s20260816,FAMILY_A_FAIRNESS_STARVATION_V2,weighted_fair_share,0.44393939393939397,SOURCE_NATIVE,success
FAMILY_A_FAIRNESS_STARVATION_V2::fs2.util1.5000.skew10.0000.favlong.noise0.00.s20260817,FAMILY_A_FAIRNESS_STARVATION_V2,chunked_prefill_small,0.06212121212121212,STEP2_CROSS_FAMILY_EVALUATION,success
FAMILY_A_FAIRNESS_STARVATION_V2::fs2.util1.5000.skew10.0000.favlong.noise0.00.s20260817,FAMILY_A_FAIRNESS_STARVATION_V2,estimated_service_time_first,0.25757575757575757,SOURCE_NATIVE,success
FAMILY_A_FAIRNESS_STARVATION_V2::fs2.util1.5000.skew10.0000.favlong.noise0.00.s20260817,FAMILY_A_FAIRNESS_STARVATION_V2,full_prefill,0.06212121212121212,STEP2_CROSS_FAMILY_EVALUATION,success
FAMILY_A_FAIRNESS_STARVATION_V2::fs2.util1.5000.skew10.0000.favlong.noise0.00.s20260817,FAMILY_A_FAIRNESS_STARVATION_V2,kv_constrained_online,0.3287878787878788,STEP2_CROSS_FAMILY_EVALUATION,success
FAMILY_A_FAIRNESS_STARVATION_V2::fs2.util1.5000.skew10.0000.favlong.noise0.00.s20260817,FAMILY_A_FAIRNESS_STARVATION_V2,least_laxity_first,0.27575757575757576,STEP2_CROSS_FAMILY_EVALUATION,success
FAMILY_A_FAIRNESS_STARVATION_V2::fs2.util1.5000.skew10.0000.favlong.noise0.00.s20260817,FAMILY_A_FAIRNESS_STARVATION_V2,weighted_fair_share,0.44696969696969696,SOURCE_NATIVE,success
FAMILY_A_FAIRNESS_STARVATION_V2::fs2.util1.5000.skew10.0000.favlong.noise0.30.s20260816,FAMILY_A_FAIRNESS_STARVATION_V2,chunked_prefill_small,0.15151515151515152,STEP2_CROSS_FAMILY_EVALUATION,success
FAMILY_A_FAIRNESS_STARVATION_V2::fs2.util1.5000.skew10.0000.favlong.noise0.30.s20260816,FAMILY_A_FAIRNESS_STARVATION_V2,estimated_service_time_first,0.5151515151515151,SOURCE_NATIVE,success
FAMILY_A_FAIRNESS_STARVATION_V2::fs2.util1.5000.skew10.0000.favlong.noise0.30.s20260816,FAMILY_A_FAIRNESS_STARVATION_V2,full_prefill,0.15151515151515152,STEP2_CROSS_FAMILY_EVALUATION,success
FAMILY_A_FAIRNESS_STARVATION_V2::fs2.util1.5000.skew10.0000.favlong.noise0.30.s20260816,FAMILY_A_FAIRNESS_STARVATION_V2,kv_constrained_online,0.5984848484848485,STEP2_CROSS_FAMILY_EVALUATION,success
FAMILY_A_FAIRNESS_STARVATION_V2::fs2.util1.5000.skew10.0000.favlong.noise0.30.s20260816,FAMILY_A_FAIRNESS_STARVATION_V2,least_laxity_first,0.5681818181818182,STEP2_CROSS_FAMILY_EVALUATION,success
FAMILY_A_FAIRNESS_STARVATION_V2::fs2.util1.5000.skew10.0000.favlong.noise0.30.s20260816,FAMILY_A_FAIRNESS_STARVATION_V2,weighted_fair_share,0.5924242424242424,SOURCE_NATIVE,success
FAMILY_A_FAIRNESS_STARVATION_V2::fs2.util1.5000.skew10.0000.favlong.noise0.30.s20260817,FAMILY_A_FAIRNESS_STARVATION_V2,chunked_prefill_small,0.08484848484848485,STEP2_CROSS_FAMILY_EVALUATION,success
FAMILY_A_FAIRNESS_STARVATION_V2::fs2.util1.5000.skew10.0000.favlong.noise0.30.s20260817,FAMILY_A_FAIRNESS_STARVATION_V2,estimated_service_time_first,0.3181818181818182,SOURCE_NATIVE,success
FAMILY_A_FAIRNESS_STARVATION_V2::fs2.util1.5000.skew10.0000.favlong.noise0.30.s20260817,FAMILY_A_FAIRNESS_STARVATION_V2,full_prefill,0.08484848484848485,STEP2_CROSS_FAMILY_EVALUATION,success
FAMILY_A_FAIRNESS_STARVATION_V2::fs2.util1.5000.skew10.0000.favlong.noise0.30.s20260817,FAMILY_A_FAIRNESS_STARVATION_V2,kv_constrained_online,0.3712121212121212,STEP2_CROSS_FAMILY_EVALUATION,success
FAMILY_A_FAIRNESS_STARVATION_V2::fs2.util1.5000.skew10.0000.favlong.noise0.30.s20260817,FAMILY_A_FAIRNESS_STARVATION_V2,least_laxity_first,0.28939393939393937,STEP2_CROSS_FAMILY_EVALUATION,success
FAMILY_A_FAIRNESS_STARVATION_V2::fs2.util1.5000.skew10.0000.favlong.noise0.30.s20260817,FAMILY_A_FAIRNESS_STARVATION_V2,weighted_fair_share,0.4909090909090909,SOURCE_NATIVE,success
FAMILY_A_FAIRNESS_STARVATION_V2::fs2.util1.5000.skew10.0000.favshort.noise0.00.s20260816,FAMILY_A_FAIRNESS_STARVATION_V2,chunked_prefill_small,0.15606060606060607,STEP2_CROSS_FAMILY_EVALUATION,success
FAMILY_A_FAIRNESS_STARVATION_V2::fs2.util1.5000.skew10.0000.favshort.noise0.00.s20260816,FAMILY_A_FAIRNESS_STARVATION_V2,estimated_service_time_first,0.9515151515151515,SOURCE_NATIVE,success
FAMILY_A_FAIRNESS_STARVATION_V2::fs2.util1.5000.skew10.0000.favshort.noise0.00.s20260816,FAMILY_A_FAIRNESS_STARVATION_V2,full_prefill,0.15606060606060607,STEP2_CROSS_FAMILY_EVALUATION,success
FAMILY_A_FAIRNESS_STARVATION_V2::fs2.util1.5000.skew10.0000.favshort.noise0.00.s20260816,FAMILY_A_FAIRNESS_STARVATION_V2,kv_constrained_online,0.746969696969697,STEP2_CROSS_FAMILY_EVALUATION,success
FAMILY_A_FAIRNESS_STARVATION_V2::fs2.util1.5000.skew10.0000.favshort.noise0.00.s20260816,FAMILY_A_FAIRNESS_STARVATION_V2,least_laxity_first,0.11515151515151516,STEP2_CROSS_FAMILY_EVALUATION,success
FAMILY_A_FAIRNESS_STARVATION_V2::fs2.util1.5000.skew10.0000.favshort.noise0.00.s20260816,FAMILY_A_FAIRNESS_STARVATION_V2,weighted_fair_share,0.9363636363636364,SOURCE_NATIVE,success
FAMILY_A_FAIRNESS_STARVATION_V2::fs2.util1.5000.skew10.0000.favshort.noise0.00.s20260817,FAMILY_A_FAIRNESS_STARVATION_V2,chunked_prefill_small,0.09090909090909091,STEP2_CROSS_FAMILY_EVALUATION,success
FAMILY_A_FAIRNESS_STARVATION_V2::fs2.util1.5000.skew10.0000.favshort.noise0.00.s20260817,FAMILY_A_FAIRNESS_STARVATION_V2,estimated_service_time_first,0.9575757575757575,SOURCE_NATIVE,success
FAMILY_A_FAIRNESS_STARVATION_V2::fs2.util1.5000.skew10.0000.favshort.noise0.00.s20260817,FAMILY_A_FAIRNESS_STARVATION_V2,full_prefill,0.09090909090909091,STEP2_CROSS_FAMILY_EVALUATION,success
FAMILY_A_FAIRNESS_STARVATION_V2::fs2.util1.5000.skew10.0000.favshort.noise0.00.s20260817,FAMILY_A_FAIRNESS_STARVATION_V2,kv_constrained_online,0.85,STEP2_CROSS_FAMILY_EVALUATION,success
FAMILY_A_FAIRNESS_STARVATION_V2::fs2.util1.5000.skew10.0000.favshort.noise0.00.s20260817,FAMILY_A_FAIRNESS_STARVATION_V2,least_laxity_first,0.07727272727272727,STEP2_CROSS_FAMILY_EVALUATION,success
FAMILY_A_FAIRNESS_STARVATION_V2::fs2.util1.5000.skew10.0000.favshort.noise0.00.s20260817,FAMILY_A_FAIRNESS_STARVATION_V2,weighted_fair_share,0.9424242424242424,SOURCE_NATIVE,success
FAMILY_A_FAIRNESS_STARVATION_V2::fs2.util1.5000.skew10.0000.favshort.noise0.30.s20260816,FAMILY_A_FAIRNESS_STARVATION_V2,chunked_prefill_small,0.0803030303030303,STEP2_CROSS_FAMILY_EVALUATION,success
FAMILY_A_FAIRNESS_STARVATION_V2::fs2.util1.5000.skew10.0000.favshort.noise0.30.s20260816,FAMILY_A_FAIRNESS_STARVATION_V2,estimated_service_time_first,0.9378787878787879,SOURCE_NATIVE,success
FAMILY_A_FAIRNESS_STARVATION_V2::fs2.util1.5000.skew10.0000.favshort.noise0.30.s20260816,FAMILY_A_FAIRNESS_STARVATION_V2,full_prefill,0.0803030303030303,STEP2_CROSS_FAMILY_EVALUATION,success
FAMILY_A_FAIRNESS_STARVATION_V2::fs2.util1.5000.skew10.0000.favshort.noise0.30.s20260816,FAMILY_A_FAIRNESS_STARVATION_V2,kv_constrained_online,0.7878787878787878,STEP2_CROSS_FAMILY_EVALUATION,success
FAMILY_A_FAIRNESS_STARVATION_V2::fs2.util1.5000.skew10.0000.favshort.noise0.30.s20260816,FAMILY_A_FAIRNESS_STARVATION_V2,least_laxity_first,0.08484848484848485,STEP2_CROSS_FAMILY_EVALUATION,success
FAMILY_A_FAIRNESS_STARVATION_V2::fs2.util1.5000.skew10.0000.favshort.noise0.30.s20260816,FAMILY_A_FAIRNESS_STARVATION_V2,weighted_fair_share,0.9378787878787879,SOURCE_NATIVE,success
FAMILY_A_FAIRNESS_STARVATION_V2::fs2.util1.5000.skew10.0000.favshort.noise0.30.s20260817,FAMILY_A_FAIRNESS_STARVATION_V2,chunked_prefill_small,0.19393939393939394,STEP2_CROSS_FAMILY_EVALUATION,success
FAMILY_A_FAIRNESS_STARVATION_V2::fs2.util1.5000.skew10.0000.favshort.noise0.30.s20260817,FAMILY_A_FAIRNESS_STARVATION_V2,estimated_service_time_first,0.946969696969697,SOURCE_NATIVE,success
FAMILY_A_FAIRNESS_STARVATION_V2::fs2.util1.5000.skew10.0000.favshort.noise0.30.s20260817,FAMILY_A_FAIRNESS_STARVATION_V2,full_prefill,0.19393939393939394,STEP2_CROSS_FAMILY_EVALUATION,success
FAMILY_A_FAIRNESS_STARVATION_V2::fs2.util1.5000.skew10.0000.favshort.noise0.30.s20260817,FAMILY_A_FAIRNESS_STARVATION_V2,kv_constrained_online,0.7924242424242425,STEP2_CROSS_FAMILY_EVALUATION,success
FAMILY_A_FAIRNESS_STARVATION_V2::fs2.util1.5000.skew10.0000.favshort.noise0.30.s20260817,FAMILY_A_FAIRNESS_STARVATION_V2,least_laxity_first,0.1,STEP2_CROSS_FAMILY_EVALUATION,success
FAMILY_A_FAIRNESS_STARVATION_V2::fs2.util1.5000.skew10.0000.favshort.noise0.30.s20260817,FAMILY_A_FAIRNESS_STARVATION_V2,weighted_fair_share,0.946969696969697,SOURCE_NATIVE,success
FAMILY_A_FAIRNESS_STARVATION_V2::fs2.util1.5000.skew5.0000.favlong.noise0.00.s20260816,FAMILY_A_FAIRNESS_STARVATION_V2,chunked_prefill_small,0.11666666666666667,STEP2_CROSS_FAMILY_EVALUATION,success
FAMILY_A_FAIRNESS_STARVATION_V2::fs2.util1.5000.skew5.0000.favlong.noise0.00.s20260816,FAMILY_A_FAIRNESS_STARVATION_V2,estimated_service_time_first,0.375,SOURCE_NATIVE,success
FAMILY_A_FAIRNESS_STARVATION_V2::fs2.util1.5000.skew5.0000.favlong.noise0.00.s20260816,FAMILY_A_FAIRNESS_STARVATION_V2,full_prefill,0.11666666666666667,STEP2_CROSS_FAMILY_EVALUATION,success
FAMILY_A_FAIRNESS_STARVATION_V2::fs2.util1.5000.skew5.0000.favlong.noise0.00.s20260816,FAMILY_A_FAIRNESS_STARVATION_V2,kv_constrained_online,0.39444444444444443,STEP2_CROSS_FAMILY_EVALUATION,success
FAMILY_A_FAIRNESS_STARVATION_V2::fs2.util1.5000.skew5.0000.favlong.noise0.00.s20260816,FAMILY_A_FAIRNESS_STARVATION_V2,least_laxity_first,0.3527777777777778,STEP2_CROSS_FAMILY_EVALUATION,success
FAMILY_A_FAIRNESS_STARVATION_V2::fs2.util1.5000.skew5.0000.favlong.noise0.00.s20260816,FAMILY_A_FAIRNESS_STARVATION_V2,weighted_fair_share,0.4583333333333333,SOURCE_NATIVE,success
FAMILY_A_FAIRNESS_STARVATION_V2::fs2.util1.5000.skew5.0000.favlong.noise0.00.s20260817,FAMILY_A_FAIRNESS_STARVATION_V2,chunked_prefill_small,0.1,STEP2_CROSS_FAMILY_EVALUATION,success
FAMILY_A_FAIRNESS_STARVATION_V2::fs2.util1.5000.skew5.0000.favlong.noise0.00.s20260817,FAMILY_A_FAIRNESS_STARVATION_V2,estimated_service_time_first,0.3194444444444444,SOURCE_NATIVE,success
FAMILY_A_FAIRNESS_STARVATION_V2::fs2.util1.5000.skew5.0000.favlong.noise0.00.s20260817,FAMILY_A_FAIRNESS_STARVATION_V2,full_prefill,0.1,STEP2_CROSS_FAMILY_EVALUATION,success
FAMILY_A_FAIRNESS_STARVATION_V2::fs2.util1.5000.skew5.0000.favlong.noise0.00.s20260817,FAMILY_A_FAIRNESS_STARVATION_V2,kv_constrained_online,0.33055555555555555,STEP2_CROSS_FAMILY_EVALUATION,success
FAMILY_A_FAIRNESS_STARVATION_V2::fs2.util1.5000.skew5.0000.favlong.noise0.00.s20260817,FAMILY_A_FAIRNESS_STARVATION_V2,least_laxity_first,0.25555555555555554,STEP2_CROSS_FAMILY_EVALUATION,success
FAMILY_A_FAIRNESS_STARVATION_V2::fs2.util1.5000.skew5.0000.favlong.noise0.00.s20260817,FAMILY_A_FAIRNESS_STARVATION_V2,weighted_fair_share,0.41388888888888886,SOURCE_NATIVE,success
FAMILY_A_FAIRNESS_STARVATION_V2::fs2.util1.5000.skew5.0000.favlong.noise0.30.s20260816,FAMILY_A_FAIRNESS_STARVATION_V2,chunked_prefill_small,0.2222222222222222,STEP2_CROSS_FAMILY_EVALUATION,success
FAMILY_A_FAIRNESS_STARVATION_V2::fs2.util1.5000.skew5.0000.favlong.noise0.30.s20260816,FAMILY_A_FAIRNESS_STARVATION_V2,estimated_service_time_first,0.5555555555555556,SOURCE_NATIVE,success
FAMILY_A_FAIRNESS_STARVATION_V2::fs2.util1.5000.skew5.0000.favlong.noise0.30.s20260816,FAMILY_A_FAIRNESS_STARVATION_V2,full_prefill,0.2222222222222222,STEP2_CROSS_FAMILY_EVALUATION,success
FAMILY_A_FAIRNESS_STARVATION_V2::fs2.util1.5000.skew5.0000.favlong.noise0.30.s20260816,FAMILY_A_FAIRNESS_STARVATION_V2,kv_constrained_online,0.6138888888888889,STEP2_CROSS_FAMILY_EVALUATION,success
FAMILY_A_FAIRNESS_STARVATION_V2::fs2.util1.5000.skew5.0000.favlong.noise0.30.s20260816,FAMILY_A_FAIRNESS_STARVATION_V2,least_laxity_first,0.5555555555555556,STEP2_CROSS_FAMILY_EVALUATION,success
FAMILY_A_FAIRNESS_STARVATION_V2::fs2.util1.5000.skew5.0000.favlong.noise0.30.s20260816,FAMILY_A_FAIRNESS_STARVATION_V2,weighted_fair_share,0.55,SOURCE_NATIVE,success
FAMILY_A_FAIRNESS_STARVATION_V2::fs2.util1.5000.skew5.0000.favlong.noise0.30.s20260817,FAMILY_A_FAIRNESS_STARVATION_V2,chunked_prefill_small,0.14166666666666666,STEP2_CROSS_FAMILY_EVALUATION,success
FAMILY_A_FAIRNESS_STARVATION_V2::fs2.util1.5000.skew5.0000.favlong.noise0.30.s20260817,FAMILY_A_FAIRNESS_STARVATION_V2,estimated_service_time_first,0.375,SOURCE_NATIVE,success
FAMILY_A_FAIRNESS_STARVATION_V2::fs2.util1.5000.skew5.0000.favlong.noise0.30.s20260817,FAMILY_A_FAIRNESS_STARVATION_V2,full_prefill,0.14166666666666666,STEP2_CROSS_FAMILY_EVALUATION,success
FAMILY_A_FAIRNESS_STARVATION_V2::fs2.util1.5000.skew5.0000.favlong.noise0.30.s20260817,FAMILY_A_FAIRNESS_STARVATION_V2,kv_constrained_online,0.42777777777777776,STEP2_CROSS_FAMILY_EVALUATION,success
FAMILY_A_FAIRNESS_STARVATION_V2::fs2.util1.5000.skew5.0000.favlong.noise0.30.s20260817,FAMILY_A_FAIRNESS_STARVATION_V2,least_laxity_first,0.26666666666666666,STEP2_CROSS_FAMILY_EVALUATION,success
FAMILY_A_FAIRNESS_STARVATION_V2::fs2.util1.5000.skew5.0000.favlong.noise0.30.s20260817,FAMILY_A_FAIRNESS_STARVATION_V2,weighted_fair_share,0.4666666666666667,SOURCE_NATIVE,success
FAMILY_A_FAIRNESS_STARVATION_V2::fs2.util1.5000.skew5.0000.favshort.noise0.00.s20260816,FAMILY_A_FAIRNESS_STARVATION_V2,chunked_prefill_small,0.18888888888888888,STEP2_CROSS_FAMILY_EVALUATION,success
FAMILY_A_FAIRNESS_STARVATION_V2::fs2.util1.5000.skew5.0000.favshort.noise0.00.s20260816,FAMILY_A_FAIRNESS_STARVATION_V2,estimated_service_time_first,0.925,SOURCE_NATIVE,success
FAMILY_A_FAIRNESS_STARVATION_V2::fs2.util1.5000.skew5.0000.favshort.noise0.00.s20260816,FAMILY_A_FAIRNESS_STARVATION_V2,full_prefill,0.18888888888888888,STEP2_CROSS_FAMILY_EVALUATION,success
FAMILY_A_FAIRNESS_STARVATION_V2::fs2.util1.5000.skew5.0000.favshort.noise0.00.s20260816,FAMILY_A_FAIRNESS_STARVATION_V2,kv_constrained_online,0.7305555555555555,STEP2_CROSS_FAMILY_EVALUATION,success
FAMILY_A_FAIRNESS_STARVATION_V2::fs2.util1.5000.skew5.0000.favshort.noise0.00.s20260816,FAMILY_A_FAIRNESS_STARVATION_V2,least_laxity_first,0.16944444444444445,STEP2_CROSS_FAMILY_EVALUATION,success
FAMILY_A_FAIRNESS_STARVATION_V2::fs2.util1.5000.skew5.0000.favshort.noise0.00.s20260816,FAMILY_A_FAIRNESS_STARVATION_V2,weighted_fair_share,0.9138888888888889,SOURCE_NATIVE,success
FAMILY_A_FAIRNESS_STARVATION_V2::fs2.util1.5000.skew5.0000.favshort.noise0.00.s20260817,FAMILY_A_FAIRNESS_STARVATION_V2,chunked_prefill_small,0.125,STEP2_CROSS_FAMILY_EVALUATION,success
FAMILY_A_FAIRNESS_STARVATION_V2::fs2.util1.5000.skew5.0000.favshort.noise0.00.s20260817,FAMILY_A_FAIRNESS_STARVATION_V2,estimated_service_time_first,0.9222222222222223,SOURCE_NATIVE,success
FAMILY_A_FAIRNESS_STARVATION_V2::fs2.util1.5000.skew5.0000.favshort.noise0.00.s20260817,FAMILY_A_FAIRNESS_STARVATION_V2,full_prefill,0.125,STEP2_CROSS_FAMILY_EVALUATION,success
FAMILY_A_FAIRNESS_STARVATION_V2::fs2.util1.5000.skew5.0000.favshort.noise0.00.s20260817,FAMILY_A_FAIRNESS_STARVATION_V2,kv_constrained_online,0.8222222222222222,STEP2_CROSS_FAMILY_EVALUATION,success
FAMILY_A_FAIRNESS_STARVATION_V2::fs2.util1.5000.skew5.0000.favshort.noise0.00.s20260817,FAMILY_A_FAIRNESS_STARVATION_V2,least_laxity_first,0.12777777777777777,STEP2_CROSS_FAMILY_EVALUATION,success
FAMILY_A_FAIRNESS_STARVATION_V2::fs2.util1.5000.skew5.0000.favshort.noise0.00.s20260817,FAMILY_A_FAIRNESS_STARVATION_V2,weighted_fair_share,0.8666666666666667,SOURCE_NATIVE,success
FAMILY_A_FAIRNESS_STARVATION_V2::fs2.util1.5000.skew5.0000.favshort.noise0.30.s20260816,FAMILY_A_FAIRNESS_STARVATION_V2,chunked_prefill_small,0.13333333333333333,STEP2_CROSS_FAMILY_EVALUATION,success
FAMILY_A_FAIRNESS_STARVATION_V2::fs2.util1.5000.skew5.0000.favshort.noise0.30.s20260816,FAMILY_A_FAIRNESS_STARVATION_V2,estimated_service_time_first,0.9138888888888889,SOURCE_NATIVE,success
FAMILY_A_FAIRNESS_STARVATION_V2::fs2.util1.5000.skew5.0000.favshort.noise0.30.s20260816,FAMILY_A_FAIRNESS_STARVATION_V2,full_prefill,0.13333333333333333,STEP2_CROSS_FAMILY_EVALUATION,success
FAMILY_A_FAIRNESS_STARVATION_V2::fs2.util1.5000.skew5.0000.favshort.noise0.30.s20260816,FAMILY_A_FAIRNESS_STARVATION_V2,kv_constrained_online,0.7777777777777778,STEP2_CROSS_FAMILY_EVALUATION,success
FAMILY_A_FAIRNESS_STARVATION_V2::fs2.util1.5000.skew5.0000.favshort.noise0.30.s20260816,FAMILY_A_FAIRNESS_STARVATION_V2,least_laxity_first,0.14166666666666666,STEP2_CROSS_FAMILY_EVALUATION,success
FAMILY_A_FAIRNESS_STARVATION_V2::fs2.util1.5000.skew5.0000.favshort.noise0.30.s20260816,FAMILY_A_FAIRNESS_STARVATION_V2,weighted_fair_share,0.8305555555555556,SOURCE_NATIVE,success
FAMILY_A_FAIRNESS_STARVATION_V2::fs2.util1.5000.skew5.0000.favshort.noise0.30.s20260817,FAMILY_A_FAIRNESS_STARVATION_V2,chunked_prefill_small,0.23055555555555557,STEP2_CROSS_FAMILY_EVALUATION,success
FAMILY_A_FAIRNESS_STARVATION_V2::fs2.util1.5000.skew5.0000.favshort.noise0.30.s20260817,FAMILY_A_FAIRNESS_STARVATION_V2,estimated_service_time_first,0.9166666666666666,SOURCE_NATIVE,success
FAMILY_A_FAIRNESS_STARVATION_V2::fs2.util1.5000.skew5.0000.favshort.noise0.30.s20260817,FAMILY_A_FAIRNESS_STARVATION_V2,full_prefill,0.23055555555555557,STEP2_CROSS_FAMILY_EVALUATION,success
FAMILY_A_FAIRNESS_STARVATION_V2::fs2.util1.5000.skew5.0000.favshort.noise0.30.s20260817,FAMILY_A_FAIRNESS_STARVATION_V2,kv_constrained_online,0.7722222222222223,STEP2_CROSS_FAMILY_EVALUATION,success
FAMILY_A_FAIRNESS_STARVATION_V2::fs2.util1.5000.skew5.0000.favshort.noise0.30.s20260817,FAMILY_A_FAIRNESS_STARVATION_V2,least_laxity_first,0.15555555555555556,STEP2_CROSS_FAMILY_EVALUATION,success
FAMILY_A_FAIRNESS_STARVATION_V2::fs2.util1.5000.skew5.0000.favshort.noise0.30.s20260817,FAMILY_A_FAIRNESS_STARVATION_V2,weighted_fair_share,0.875,SOURCE_NATIVE,success
FAMILY_B_PREFILL_DECODE_V2::pd2.hog12.late12.slohog_ttft.s20260820,FAMILY_B_PREFILL_DECODE_V2,chunked_prefill_small,0.5,SOURCE_NATIVE,success
FAMILY_B_PREFILL_DECODE_V2::pd2.hog12.late12.slohog_ttft.s20260820,FAMILY_B_PREFILL_DECODE_V2,estimated_service_time_first,0.7916666666666666,STEP2_CROSS_FAMILY_EVALUATION,success
FAMILY_B_PREFILL_DECODE_V2::pd2.hog12.late12.slohog_ttft.s20260820,FAMILY_B_PREFILL_DECODE_V2,full_prefill,0.7916666666666666,SOURCE_NATIVE,success
FAMILY_B_PREFILL_DECODE_V2::pd2.hog12.late12.slohog_ttft.s20260820,FAMILY_B_PREFILL_DECODE_V2,kv_constrained_online,0.7916666666666666,STEP2_CROSS_FAMILY_EVALUATION,success
FAMILY_B_PREFILL_DECODE_V2::pd2.hog12.late12.slohog_ttft.s20260820,FAMILY_B_PREFILL_DECODE_V2,least_laxity_first,0.7916666666666666,STEP2_CROSS_FAMILY_EVALUATION,success
FAMILY_B_PREFILL_DECODE_V2::pd2.hog12.late12.slohog_ttft.s20260820,FAMILY_B_PREFILL_DECODE_V2,weighted_fair_share,0.7916666666666666,STEP2_CROSS_FAMILY_EVALUATION,success
FAMILY_B_PREFILL_DECODE_V2::pd2.hog12.late12.slohog_ttft.s20260821,FAMILY_B_PREFILL_DECODE_V2,chunked_prefill_small,0.5,SOURCE_NATIVE,success
FAMILY_B_PREFILL_DECODE_V2::pd2.hog12.late12.slohog_ttft.s20260821,FAMILY_B_PREFILL_DECODE_V2,estimated_service_time_first,0.75,STEP2_CROSS_FAMILY_EVALUATION,success
FAMILY_B_PREFILL_DECODE_V2::pd2.hog12.late12.slohog_ttft.s20260821,FAMILY_B_PREFILL_DECODE_V2,full_prefill,0.75,SOURCE_NATIVE,success
FAMILY_B_PREFILL_DECODE_V2::pd2.hog12.late12.slohog_ttft.s20260821,FAMILY_B_PREFILL_DECODE_V2,kv_constrained_online,0.75,STEP2_CROSS_FAMILY_EVALUATION,success
FAMILY_B_PREFILL_DECODE_V2::pd2.hog12.late12.slohog_ttft.s20260821,FAMILY_B_PREFILL_DECODE_V2,least_laxity_first,0.75,STEP2_CROSS_FAMILY_EVALUATION,success
FAMILY_B_PREFILL_DECODE_V2::pd2.hog12.late12.slohog_ttft.s20260821,FAMILY_B_PREFILL_DECODE_V2,weighted_fair_share,0.75,STEP2_CROSS_FAMILY_EVALUATION,success
FAMILY_B_PREFILL_DECODE_V2::pd2.hog12.late12.slohog_ttft.s20260822,FAMILY_B_PREFILL_DECODE_V2,chunked_prefill_small,0.5,SOURCE_NATIVE,success
FAMILY_B_PREFILL_DECODE_V2::pd2.hog12.late12.slohog_ttft.s20260822,FAMILY_B_PREFILL_DECODE_V2,estimated_service_time_first,0.75,STEP2_CROSS_FAMILY_EVALUATION,success
FAMILY_B_PREFILL_DECODE_V2::pd2.hog12.late12.slohog_ttft.s20260822,FAMILY_B_PREFILL_DECODE_V2,full_prefill,0.75,SOURCE_NATIVE,success
FAMILY_B_PREFILL_DECODE_V2::pd2.hog12.late12.slohog_ttft.s20260822,FAMILY_B_PREFILL_DECODE_V2,kv_constrained_online,0.75,STEP2_CROSS_FAMILY_EVALUATION,success
FAMILY_B_PREFILL_DECODE_V2::pd2.hog12.late12.slohog_ttft.s20260822,FAMILY_B_PREFILL_DECODE_V2,least_laxity_first,0.75,STEP2_CROSS_FAMILY_EVALUATION,success
FAMILY_B_PREFILL_DECODE_V2::pd2.hog12.late12.slohog_ttft.s20260822,FAMILY_B_PREFILL_DECODE_V2,weighted_fair_share,0.75,STEP2_CROSS_FAMILY_EVALUATION,success
FAMILY_B_PREFILL_DECODE_V2::pd2.hog12.late12.slohog_ttft.s20260823,FAMILY_B_PREFILL_DECODE_V2,chunked_prefill_small,0.5,SOURCE_NATIVE,success
FAMILY_B_PREFILL_DECODE_V2::pd2.hog12.late12.slohog_ttft.s20260823,FAMILY_B_PREFILL_DECODE_V2,estimated_service_time_first,0.75,STEP2_CROSS_FAMILY_EVALUATION,success
FAMILY_B_PREFILL_DECODE_V2::pd2.hog12.late12.slohog_ttft.s20260823,FAMILY_B_PREFILL_DECODE_V2,full_prefill,0.75,SOURCE_NATIVE,success
FAMILY_B_PREFILL_DECODE_V2::pd2.hog12.late12.slohog_ttft.s20260823,FAMILY_B_PREFILL_DECODE_V2,kv_constrained_online,0.75,STEP2_CROSS_FAMILY_EVALUATION,success
FAMILY_B_PREFILL_DECODE_V2::pd2.hog12.late12.slohog_ttft.s20260823,FAMILY_B_PREFILL_DECODE_V2,least_laxity_first,0.75,STEP2_CROSS_FAMILY_EVALUATION,success
FAMILY_B_PREFILL_DECODE_V2::pd2.hog12.late12.slohog_ttft.s20260823,FAMILY_B_PREFILL_DECODE_V2,weighted_fair_share,0.75,STEP2_CROSS_FAMILY_EVALUATION,success
FAMILY_B_PREFILL_DECODE_V2::pd2.hog12.late12.slolate_ttft.s20260820,FAMILY_B_PREFILL_DECODE_V2,chunked_prefill_small,1.0,SOURCE_NATIVE,success
FAMILY_B_PREFILL_DECODE_V2::pd2.hog12.late12.slolate_ttft.s20260820,FAMILY_B_PREFILL_DECODE_V2,estimated_service_time_first,1.0,STEP2_CROSS_FAMILY_EVALUATION,success
FAMILY_B_PREFILL_DECODE_V2::pd2.hog12.late12.slolate_ttft.s20260820,FAMILY_B_PREFILL_DECODE_V2,full_prefill,1.0,SOURCE_NATIVE,success
FAMILY_B_PREFILL_DECODE_V2::pd2.hog12.late12.slolate_ttft.s20260820,FAMILY_B_PREFILL_DECODE_V2,kv_constrained_online,1.0,STEP2_CROSS_FAMILY_EVALUATION,success
FAMILY_B_PREFILL_DECODE_V2::pd2.hog12.late12.slolate_ttft.s20260820,FAMILY_B_PREFILL_DECODE_V2,least_laxity_first,1.0,STEP2_CROSS_FAMILY_EVALUATION,success
FAMILY_B_PREFILL_DECODE_V2::pd2.hog12.late12.slolate_ttft.s20260820,FAMILY_B_PREFILL_DECODE_V2,weighted_fair_share,1.0,STEP2_CROSS_FAMILY_EVALUATION,success
FAMILY_B_PREFILL_DECODE_V2::pd2.hog12.late12.slolate_ttft.s20260821,FAMILY_B_PREFILL_DECODE_V2,chunked_prefill_small,1.0,SOURCE_NATIVE,success
FAMILY_B_PREFILL_DECODE_V2::pd2.hog12.late12.slolate_ttft.s20260821,FAMILY_B_PREFILL_DECODE_V2,estimated_service_time_first,0.8333333333333334,STEP2_CROSS_FAMILY_EVALUATION,success
FAMILY_B_PREFILL_DECODE_V2::pd2.hog12.late12.slolate_ttft.s20260821,FAMILY_B_PREFILL_DECODE_V2,full_prefill,0.8333333333333334,SOURCE_NATIVE,success
FAMILY_B_PREFILL_DECODE_V2::pd2.hog12.late12.slolate_ttft.s20260821,FAMILY_B_PREFILL_DECODE_V2,kv_constrained_online,0.8333333333333334,STEP2_CROSS_FAMILY_EVALUATION,success
FAMILY_B_PREFILL_DECODE_V2::pd2.hog12.late12.slolate_ttft.s20260821,FAMILY_B_PREFILL_DECODE_V2,least_laxity_first,0.8333333333333334,STEP2_CROSS_FAMILY_EVALUATION,success
FAMILY_B_PREFILL_DECODE_V2::pd2.hog12.late12.slolate_ttft.s20260821,FAMILY_B_PREFILL_DECODE_V2,weighted_fair_share,0.8333333333333334,STEP2_CROSS_FAMILY_EVALUATION,success
FAMILY_B_PREFILL_DECODE_V2::pd2.hog12.late12.slolate_ttft.s20260822,FAMILY_B_PREFILL_DECODE_V2,chunked_prefill_small,1.0,SOURCE_NATIVE,success
FAMILY_B_PREFILL_DECODE_V2::pd2.hog12.late12.slolate_ttft.s20260822,FAMILY_B_PREFILL_DECODE_V2,estimated_service_time_first,0.7916666666666666,STEP2_CROSS_FAMILY_EVALUATION,success
FAMILY_B_PREFILL_DECODE_V2::pd2.hog12.late12.slolate_ttft.s20260822,FAMILY_B_PREFILL_DECODE_V2,full_prefill,0.7916666666666666,SOURCE_NATIVE,success
FAMILY_B_PREFILL_DECODE_V2::pd2.hog12.late12.slolate_ttft.s20260822,FAMILY_B_PREFILL_DECODE_V2,kv_constrained_online,0.7916666666666666,STEP2_CROSS_FAMILY_EVALUATION,success
FAMILY_B_PREFILL_DECODE_V2::pd2.hog12.late12.slolate_ttft.s20260822,FAMILY_B_PREFILL_DECODE_V2,least_laxity_first,0.7916666666666666,STEP2_CROSS_FAMILY_EVALUATION,success
FAMILY_B_PREFILL_DECODE_V2::pd2.hog12.late12.slolate_ttft.s20260822,FAMILY_B_PREFILL_DECODE_V2,weighted_fair_share,0.7916666666666666,STEP2_CROSS_FAMILY_EVALUATION,success
FAMILY_B_PREFILL_DECODE_V2::pd2.hog12.late12.slolate_ttft.s20260823,FAMILY_B_PREFILL_DECODE_V2,chunked_prefill_small,1.0,SOURCE_NATIVE,success
FAMILY_B_PREFILL_DECODE_V2::pd2.hog12.late12.slolate_ttft.s20260823,FAMILY_B_PREFILL_DECODE_V2,estimated_service_time_first,0.7083333333333334,STEP2_CROSS_FAMILY_EVALUATION,success
FAMILY_B_PREFILL_DECODE_V2::pd2.hog12.late12.slolate_ttft.s20260823,FAMILY_B_PREFILL_DECODE_V2,full_prefill,0.7083333333333334,SOURCE_NATIVE,success
FAMILY_B_PREFILL_DECODE_V2::pd2.hog12.late12.slolate_ttft.s20260823,FAMILY_B_PREFILL_DECODE_V2,kv_constrained_online,0.7083333333333334,STEP2_CROSS_FAMILY_EVALUATION,success
FAMILY_B_PREFILL_DECODE_V2::pd2.hog12.late12.slolate_ttft.s20260823,FAMILY_B_PREFILL_DECODE_V2,least_laxity_first,0.7083333333333334,STEP2_CROSS_FAMILY_EVALUATION,success
FAMILY_B_PREFILL_DECODE_V2::pd2.hog12.late12.slolate_ttft.s20260823,FAMILY_B_PREFILL_DECODE_V2,weighted_fair_share,0.7083333333333334,STEP2_CROSS_FAMILY_EVALUATION,success
FAMILY_B_PREFILL_DECODE_V2::pd2.hog12.late40.slohog_ttft.s20260820,FAMILY_B_PREFILL_DECODE_V2,chunked_prefill_small,0.7692307692307693,SOURCE_NATIVE,success
FAMILY_B_PREFILL_DECODE_V2::pd2.hog12.late40.slohog_ttft.s20260820,FAMILY_B_PREFILL_DECODE_V2,estimated_service_time_first,0.9038461538461539,STEP2_CROSS_FAMILY_EVALUATION,success
FAMILY_B_PREFILL_DECODE_V2::pd2.hog12.late40.slohog_ttft.s20260820,FAMILY_B_PREFILL_DECODE_V2,full_prefill,0.9038461538461539,SOURCE_NATIVE,success
FAMILY_B_PREFILL_DECODE_V2::pd2.hog12.late40.slohog_ttft.s20260820,FAMILY_B_PREFILL_DECODE_V2,kv_constrained_online,0.9038461538461539,STEP2_CROSS_FAMILY_EVALUATION,success
FAMILY_B_PREFILL_DECODE_V2::pd2.hog12.late40.slohog_ttft.s20260820,FAMILY_B_PREFILL_DECODE_V2,least_laxity_first,0.9038461538461539,STEP2_CROSS_FAMILY_EVALUATION,success
FAMILY_B_PREFILL_DECODE_V2::pd2.hog12.late40.slohog_ttft.s20260820,FAMILY_B_PREFILL_DECODE_V2,weighted_fair_share,0.9038461538461539,STEP2_CROSS_FAMILY_EVALUATION,success
FAMILY_B_PREFILL_DECODE_V2::pd2.hog12.late40.slohog_ttft.s20260821,FAMILY_B_PREFILL_DECODE_V2,chunked_prefill_small,0.7692307692307693,SOURCE_NATIVE,success
FAMILY_B_PREFILL_DECODE_V2::pd2.hog12.late40.slohog_ttft.s20260821,FAMILY_B_PREFILL_DECODE_V2,estimated_service_time_first,0.8846153846153846,STEP2_CROSS_FAMILY_EVALUATION,success
FAMILY_B_PREFILL_DECODE_V2::pd2.hog12.late40.slohog_ttft.s20260821,FAMILY_B_PREFILL_DECODE_V2,full_prefill,0.8846153846153846,SOURCE_NATIVE,success
FAMILY_B_PREFILL_DECODE_V2::pd2.hog12.late40.slohog_ttft.s20260821,FAMILY_B_PREFILL_DECODE_V2,kv_constrained_online,0.8846153846153846,STEP2_CROSS_FAMILY_EVALUATION,success
FAMILY_B_PREFILL_DECODE_V2::pd2.hog12.late40.slohog_ttft.s20260821,FAMILY_B_PREFILL_DECODE_V2,least_laxity_first,0.8846153846153846,STEP2_CROSS_FAMILY_EVALUATION,success
FAMILY_B_PREFILL_DECODE_V2::pd2.hog12.late40.slohog_ttft.s20260821,FAMILY_B_PREFILL_DECODE_V2,weighted_fair_share,0.8846153846153846,STEP2_CROSS_FAMILY_EVALUATION,success
FAMILY_B_PREFILL_DECODE_V2::pd2.hog12.late40.slohog_ttft.s20260822,FAMILY_B_PREFILL_DECODE_V2,chunked_prefill_small,0.7692307692307693,SOURCE_NATIVE,success
FAMILY_B_PREFILL_DECODE_V2::pd2.hog12.late40.slohog_ttft.s20260822,FAMILY_B_PREFILL_DECODE_V2,estimated_service_time_first,0.8846153846153846,STEP2_CROSS_FAMILY_EVALUATION,success
FAMILY_B_PREFILL_DECODE_V2::pd2.hog12.late40.slohog_ttft.s20260822,FAMILY_B_PREFILL_DECODE_V2,full_prefill,0.8846153846153846,SOURCE_NATIVE,success
FAMILY_B_PREFILL_DECODE_V2::pd2.hog12.late40.slohog_ttft.s20260822,FAMILY_B_PREFILL_DECODE_V2,kv_constrained_online,0.8846153846153846,STEP2_CROSS_FAMILY_EVALUATION,success
FAMILY_B_PREFILL_DECODE_V2::pd2.hog12.late40.slohog_ttft.s20260822,FAMILY_B_PREFILL_DECODE_V2,least_laxity_first,0.8846153846153846,STEP2_CROSS_FAMILY_EVALUATION,success
FAMILY_B_PREFILL_DECODE_V2::pd2.hog12.late40.slohog_ttft.s20260822,FAMILY_B_PREFILL_DECODE_V2,weighted_fair_share,0.8846153846153846,STEP2_CROSS_FAMILY_EVALUATION,success
FAMILY_B_PREFILL_DECODE_V2::pd2.hog12.late40.slohog_ttft.s20260823,FAMILY_B_PREFILL_DECODE_V2,chunked_prefill_small,0.7692307692307693,SOURCE_NATIVE,success
FAMILY_B_PREFILL_DECODE_V2::pd2.hog12.late40.slohog_ttft.s20260823,FAMILY_B_PREFILL_DECODE_V2,estimated_service_time_first,0.8846153846153846,STEP2_CROSS_FAMILY_EVALUATION,success
FAMILY_B_PREFILL_DECODE_V2::pd2.hog12.late40.slohog_ttft.s20260823,FAMILY_B_PREFILL_DECODE_V2,full_prefill,0.8846153846153846,SOURCE_NATIVE,success
FAMILY_B_PREFILL_DECODE_V2::pd2.hog12.late40.slohog_ttft.s20260823,FAMILY_B_PREFILL_DECODE_V2,kv_constrained_online,0.8846153846153846,STEP2_CROSS_FAMILY_EVALUATION,success
FAMILY_B_PREFILL_DECODE_V2::pd2.hog12.late40.slohog_ttft.s20260823,FAMILY_B_PREFILL_DECODE_V2,least_laxity_first,0.8846153846153846,STEP2_CROSS_FAMILY_EVALUATION,success
FAMILY_B_PREFILL_DECODE_V2::pd2.hog12.late40.slohog_ttft.s20260823,FAMILY_B_PREFILL_DECODE_V2,weighted_fair_share,0.8846153846153846,STEP2_CROSS_FAMILY_EVALUATION,success
FAMILY_B_PREFILL_DECODE_V2::pd2.hog12.late40.slolate_ttft.s20260820,FAMILY_B_PREFILL_DECODE_V2,chunked_prefill_small,1.0,SOURCE_NATIVE,success
FAMILY_B_PREFILL_DECODE_V2::pd2.hog12.late40.slolate_ttft.s20260820,FAMILY_B_PREFILL_DECODE_V2,estimated_service_time_first,0.9807692307692307,STEP2_CROSS_FAMILY_EVALUATION,success
FAMILY_B_PREFILL_DECODE_V2::pd2.hog12.late40.slolate_ttft.s20260820,FAMILY_B_PREFILL_DECODE_V2,full_prefill,0.9807692307692307,SOURCE_NATIVE,success
FAMILY_B_PREFILL_DECODE_V2::pd2.hog12.late40.slolate_ttft.s20260820,FAMILY_B_PREFILL_DECODE_V2,kv_constrained_online,0.9807692307692307,STEP2_CROSS_FAMILY_EVALUATION,success
FAMILY_B_PREFILL_DECODE_V2::pd2.hog12.late40.slolate_ttft.s20260820,FAMILY_B_PREFILL_DECODE_V2,least_laxity_first,0.9807692307692307,STEP2_CROSS_FAMILY_EVALUATION,success
FAMILY_B_PREFILL_DECODE_V2::pd2.hog12.late40.slolate_ttft.s20260820,FAMILY_B_PREFILL_DECODE_V2,weighted_fair_share,0.9807692307692307,STEP2_CROSS_FAMILY_EVALUATION,success
FAMILY_B_PREFILL_DECODE_V2::pd2.hog12.late40.slolate_ttft.s20260821,FAMILY_B_PREFILL_DECODE_V2,chunked_prefill_small,1.0,SOURCE_NATIVE,success
FAMILY_B_PREFILL_DECODE_V2::pd2.hog12.late40.slolate_ttft.s20260821,FAMILY_B_PREFILL_DECODE_V2,estimated_service_time_first,0.8846153846153846,STEP2_CROSS_FAMILY_EVALUATION,success
FAMILY_B_PREFILL_DECODE_V2::pd2.hog12.late40.slolate_ttft.s20260821,FAMILY_B_PREFILL_DECODE_V2,full_prefill,0.8846153846153846,SOURCE_NATIVE,success
FAMILY_B_PREFILL_DECODE_V2::pd2.hog12.late40.slolate_ttft.s20260821,FAMILY_B_PREFILL_DECODE_V2,kv_constrained_online,0.8846153846153846,STEP2_CROSS_FAMILY_EVALUATION,success
FAMILY_B_PREFILL_DECODE_V2::pd2.hog12.late40.slolate_ttft.s20260821,FAMILY_B_PREFILL_DECODE_V2,least_laxity_first,0.8846153846153846,STEP2_CROSS_FAMILY_EVALUATION,success
FAMILY_B_PREFILL_DECODE_V2::pd2.hog12.late40.slolate_ttft.s20260821,FAMILY_B_PREFILL_DECODE_V2,weighted_fair_share,0.8846153846153846,STEP2_CROSS_FAMILY_EVALUATION,success
FAMILY_B_PREFILL_DECODE_V2::pd2.hog12.late40.slolate_ttft.s20260822,FAMILY_B_PREFILL_DECODE_V2,chunked_prefill_small,1.0,SOURCE_NATIVE,success
FAMILY_B_PREFILL_DECODE_V2::pd2.hog12.late40.slolate_ttft.s20260822,FAMILY_B_PREFILL_DECODE_V2,estimated_service_time_first,0.8846153846153846,STEP2_CROSS_FAMILY_EVALUATION,success
FAMILY_B_PREFILL_DECODE_V2::pd2.hog12.late40.slolate_ttft.s20260822,FAMILY_B_PREFILL_DECODE_V2,full_prefill,0.8846153846153846,SOURCE_NATIVE,success
FAMILY_B_PREFILL_DECODE_V2::pd2.hog12.late40.slolate_ttft.s20260822,FAMILY_B_PREFILL_DECODE_V2,kv_constrained_online,0.8846153846153846,STEP2_CROSS_FAMILY_EVALUATION,success
FAMILY_B_PREFILL_DECODE_V2::pd2.hog12.late40.slolate_ttft.s20260822,FAMILY_B_PREFILL_DECODE_V2,least_laxity_first,0.8846153846153846,STEP2_CROSS_FAMILY_EVALUATION,success
FAMILY_B_PREFILL_DECODE_V2::pd2.hog12.late40.slolate_ttft.s20260822,FAMILY_B_PREFILL_DECODE_V2,weighted_fair_share,0.8846153846153846,STEP2_CROSS_FAMILY_EVALUATION,success
FAMILY_B_PREFILL_DECODE_V2::pd2.hog12.late40.slolate_ttft.s20260823,FAMILY_B_PREFILL_DECODE_V2,chunked_prefill_small,1.0,SOURCE_NATIVE,success
FAMILY_B_PREFILL_DECODE_V2::pd2.hog12.late40.slolate_ttft.s20260823,FAMILY_B_PREFILL_DECODE_V2,estimated_service_time_first,0.9615384615384616,STEP2_CROSS_FAMILY_EVALUATION,success
FAMILY_B_PREFILL_DECODE_V2::pd2.hog12.late40.slolate_ttft.s20260823,FAMILY_B_PREFILL_DECODE_V2,full_prefill,0.9615384615384616,SOURCE_NATIVE,success
FAMILY_B_PREFILL_DECODE_V2::pd2.hog12.late40.slolate_ttft.s20260823,FAMILY_B_PREFILL_DECODE_V2,kv_constrained_online,0.9615384615384616,STEP2_CROSS_FAMILY_EVALUATION,success
FAMILY_B_PREFILL_DECODE_V2::pd2.hog12.late40.slolate_ttft.s20260823,FAMILY_B_PREFILL_DECODE_V2,least_laxity_first,0.9615384615384616,STEP2_CROSS_FAMILY_EVALUATION,success
FAMILY_B_PREFILL_DECODE_V2::pd2.hog12.late40.slolate_ttft.s20260823,FAMILY_B_PREFILL_DECODE_V2,weighted_fair_share,0.9615384615384616,STEP2_CROSS_FAMILY_EVALUATION,success
FAMILY_B_PREFILL_DECODE_V2::pd2.hog24.late12.slohog_ttft.s20260820,FAMILY_B_PREFILL_DECODE_V2,chunked_prefill_small,0.3333333333333333,SOURCE_NATIVE,success
FAMILY_B_PREFILL_DECODE_V2::pd2.hog24.late12.slohog_ttft.s20260820,FAMILY_B_PREFILL_DECODE_V2,estimated_service_time_first,0.5277777777777778,STEP2_CROSS_FAMILY_EVALUATION,success
FAMILY_B_PREFILL_DECODE_V2::pd2.hog24.late12.slohog_ttft.s20260820,FAMILY_B_PREFILL_DECODE_V2,full_prefill,0.5277777777777778,SOURCE_NATIVE,success
FAMILY_B_PREFILL_DECODE_V2::pd2.hog24.late12.slohog_ttft.s20260820,FAMILY_B_PREFILL_DECODE_V2,kv_constrained_online,0.5277777777777778,STEP2_CROSS_FAMILY_EVALUATION,success
FAMILY_B_PREFILL_DECODE_V2::pd2.hog24.late12.slohog_ttft.s20260820,FAMILY_B_PREFILL_DECODE_V2,least_laxity_first,0.5277777777777778,STEP2_CROSS_FAMILY_EVALUATION,success
FAMILY_B_PREFILL_DECODE_V2::pd2.hog24.late12.slohog_ttft.s20260820,FAMILY_B_PREFILL_DECODE_V2,weighted_fair_share,0.5277777777777778,STEP2_CROSS_FAMILY_EVALUATION,success
FAMILY_B_PREFILL_DECODE_V2::pd2.hog24.late12.slohog_ttft.s20260821,FAMILY_B_PREFILL_DECODE_V2,chunked_prefill_small,0.3333333333333333,SOURCE_NATIVE,success
FAMILY_B_PREFILL_DECODE_V2::pd2.hog24.late12.slohog_ttft.s20260821,FAMILY_B_PREFILL_DECODE_V2,estimated_service_time_first,0.5,STEP2_CROSS_FAMILY_EVALUATION,success
FAMILY_B_PREFILL_DECODE_V2::pd2.hog24.late12.slohog_ttft.s20260821,FAMILY_B_PREFILL_DECODE_V2,full_prefill,0.5,SOURCE_NATIVE,success
FAMILY_B_PREFILL_DECODE_V2::pd2.hog24.late12.slohog_ttft.s20260821,FAMILY_B_PREFILL_DECODE_V2,kv_constrained_online,0.5,STEP2_CROSS_FAMILY_EVALUATION,success
FAMILY_B_PREFILL_DECODE_V2::pd2.hog24.late12.slohog_ttft.s20260821,FAMILY_B_PREFILL_DECODE_V2,least_laxity_first,0.5,STEP2_CROSS_FAMILY_EVALUATION,success
FAMILY_B_PREFILL_DECODE_V2::pd2.hog24.late12.slohog_ttft.s20260821,FAMILY_B_PREFILL_DECODE_V2,weighted_fair_share,0.5,STEP2_CROSS_FAMILY_EVALUATION,success
FAMILY_B_PREFILL_DECODE_V2::pd2.hog24.late12.slohog_ttft.s20260822,FAMILY_B_PREFILL_DECODE_V2,chunked_prefill_small,0.3333333333333333,SOURCE_NATIVE,success
FAMILY_B_PREFILL_DECODE_V2::pd2.hog24.late12.slohog_ttft.s20260822,FAMILY_B_PREFILL_DECODE_V2,estimated_service_time_first,0.5,STEP2_CROSS_FAMILY_EVALUATION,success
FAMILY_B_PREFILL_DECODE_V2::pd2.hog24.late12.slohog_ttft.s20260822,FAMILY_B_PREFILL_DECODE_V2,full_prefill,0.5,SOURCE_NATIVE,success
FAMILY_B_PREFILL_DECODE_V2::pd2.hog24.late12.slohog_ttft.s20260822,FAMILY_B_PREFILL_DECODE_V2,kv_constrained_online,0.5,STEP2_CROSS_FAMILY_EVALUATION,success
FAMILY_B_PREFILL_DECODE_V2::pd2.hog24.late12.slohog_ttft.s20260822,FAMILY_B_PREFILL_DECODE_V2,least_laxity_first,0.5,STEP2_CROSS_FAMILY_EVALUATION,success
FAMILY_B_PREFILL_DECODE_V2::pd2.hog24.late12.slohog_ttft.s20260822,FAMILY_B_PREFILL_DECODE_V2,weighted_fair_share,0.5,STEP2_CROSS_FAMILY_EVALUATION,success
FAMILY_B_PREFILL_DECODE_V2::pd2.hog24.late12.slohog_ttft.s20260823,FAMILY_B_PREFILL_DECODE_V2,chunked_prefill_small,0.3333333333333333,SOURCE_NATIVE,success
FAMILY_B_PREFILL_DECODE_V2::pd2.hog24.late12.slohog_ttft.s20260823,FAMILY_B_PREFILL_DECODE_V2,estimated_service_time_first,0.5,STEP2_CROSS_FAMILY_EVALUATION,success
FAMILY_B_PREFILL_DECODE_V2::pd2.hog24.late12.slohog_ttft.s20260823,FAMILY_B_PREFILL_DECODE_V2,full_prefill,0.5,SOURCE_NATIVE,success
FAMILY_B_PREFILL_DECODE_V2::pd2.hog24.late12.slohog_ttft.s20260823,FAMILY_B_PREFILL_DECODE_V2,kv_constrained_online,0.5,STEP2_CROSS_FAMILY_EVALUATION,success
FAMILY_B_PREFILL_DECODE_V2::pd2.hog24.late12.slohog_ttft.s20260823,FAMILY_B_PREFILL_DECODE_V2,least_laxity_first,0.5,STEP2_CROSS_FAMILY_EVALUATION,success
FAMILY_B_PREFILL_DECODE_V2::pd2.hog24.late12.slohog_ttft.s20260823,FAMILY_B_PREFILL_DECODE_V2,weighted_fair_share,0.5,STEP2_CROSS_FAMILY_EVALUATION,success
FAMILY_B_PREFILL_DECODE_V2::pd2.hog24.late12.slolate_ttft.s20260820,FAMILY_B_PREFILL_DECODE_V2,chunked_prefill_small,0.8888888888888888,SOURCE_NATIVE,success
FAMILY_B_PREFILL_DECODE_V2::pd2.hog24.late12.slolate_ttft.s20260820,FAMILY_B_PREFILL_DECODE_V2,estimated_service_time_first,0.8333333333333334,STEP2_CROSS_FAMILY_EVALUATION,success
FAMILY_B_PREFILL_DECODE_V2::pd2.hog24.late12.slolate_ttft.s20260820,FAMILY_B_PREFILL_DECODE_V2,full_prefill,0.8333333333333334,SOURCE_NATIVE,success
FAMILY_B_PREFILL_DECODE_V2::pd2.hog24.late12.slolate_ttft.s20260820,FAMILY_B_PREFILL_DECODE_V2,kv_constrained_online,0.8333333333333334,STEP2_CROSS_FAMILY_EVALUATION,success
FAMILY_B_PREFILL_DECODE_V2::pd2.hog24.late12.slolate_ttft.s20260820,FAMILY_B_PREFILL_DECODE_V2,least_laxity_first,0.8333333333333334,STEP2_CROSS_FAMILY_EVALUATION,success
FAMILY_B_PREFILL_DECODE_V2::pd2.hog24.late12.slolate_ttft.s20260820,FAMILY_B_PREFILL_DECODE_V2,weighted_fair_share,0.8333333333333334,STEP2_CROSS_FAMILY_EVALUATION,success
FAMILY_B_PREFILL_DECODE_V2::pd2.hog24.late12.slolate_ttft.s20260821,FAMILY_B_PREFILL_DECODE_V2,chunked_prefill_small,0.8888888888888888,SOURCE_NATIVE,success
FAMILY_B_PREFILL_DECODE_V2::pd2.hog24.late12.slolate_ttft.s20260821,FAMILY_B_PREFILL_DECODE_V2,estimated_service_time_first,0.7777777777777778,STEP2_CROSS_FAMILY_EVALUATION,success
FAMILY_B_PREFILL_DECODE_V2::pd2.hog24.late12.slolate_ttft.s20260821,FAMILY_B_PREFILL_DECODE_V2,full_prefill,0.7777777777777778,SOURCE_NATIVE,success
FAMILY_B_PREFILL_DECODE_V2::pd2.hog24.late12.slolate_ttft.s20260821,FAMILY_B_PREFILL_DECODE_V2,kv_constrained_online,0.7777777777777778,STEP2_CROSS_FAMILY_EVALUATION,success
FAMILY_B_PREFILL_DECODE_V2::pd2.hog24.late12.slolate_ttft.s20260821,FAMILY_B_PREFILL_DECODE_V2,least_laxity_first,0.7777777777777778,STEP2_CROSS_FAMILY_EVALUATION,success
FAMILY_B_PREFILL_DECODE_V2::pd2.hog24.late12.slolate_ttft.s20260821,FAMILY_B_PREFILL_DECODE_V2,weighted_fair_share,0.7777777777777778,STEP2_CROSS_FAMILY_EVALUATION,success
FAMILY_B_PREFILL_DECODE_V2::pd2.hog24.late12.slolate_ttft.s20260822,FAMILY_B_PREFILL_DECODE_V2,chunked_prefill_small,0.8888888888888888,SOURCE_NATIVE,success
FAMILY_B_PREFILL_DECODE_V2::pd2.hog24.late12.slolate_ttft.s20260822,FAMILY_B_PREFILL_DECODE_V2,estimated_service_time_first,0.7777777777777778,STEP2_CROSS_FAMILY_EVALUATION,success
FAMILY_B_PREFILL_DECODE_V2::pd2.hog24.late12.slolate_ttft.s20260822,FAMILY_B_PREFILL_DECODE_V2,full_prefill,0.7777777777777778,SOURCE_NATIVE,success
FAMILY_B_PREFILL_DECODE_V2::pd2.hog24.late12.slolate_ttft.s20260822,FAMILY_B_PREFILL_DECODE_V2,kv_constrained_online,0.7777777777777778,STEP2_CROSS_FAMILY_EVALUATION,success
FAMILY_B_PREFILL_DECODE_V2::pd2.hog24.late12.slolate_ttft.s20260822,FAMILY_B_PREFILL_DECODE_V2,least_laxity_first,0.7777777777777778,STEP2_CROSS_FAMILY_EVALUATION,success
FAMILY_B_PREFILL_DECODE_V2::pd2.hog24.late12.slolate_ttft.s20260822,FAMILY_B_PREFILL_DECODE_V2,weighted_fair_share,0.7777777777777778,STEP2_CROSS_FAMILY_EVALUATION,success
FAMILY_B_PREFILL_DECODE_V2::pd2.hog24.late12.slolate_ttft.s20260823,FAMILY_B_PREFILL_DECODE_V2,chunked_prefill_small,0.8611111111111112,SOURCE_NATIVE,success
FAMILY_B_PREFILL_DECODE_V2::pd2.hog24.late12.slolate_ttft.s20260823,FAMILY_B_PREFILL_DECODE_V2,estimated_service_time_first,0.7777777777777778,STEP2_CROSS_FAMILY_EVALUATION,success
FAMILY_B_PREFILL_DECODE_V2::pd2.hog24.late12.slolate_ttft.s20260823,FAMILY_B_PREFILL_DECODE_V2,full_prefill,0.7777777777777778,SOURCE_NATIVE,success
FAMILY_B_PREFILL_DECODE_V2::pd2.hog24.late12.slolate_ttft.s20260823,FAMILY_B_PREFILL_DECODE_V2,kv_constrained_online,0.7777777777777778,STEP2_CROSS_FAMILY_EVALUATION,success
FAMILY_B_PREFILL_DECODE_V2::pd2.hog24.late12.slolate_ttft.s20260823,FAMILY_B_PREFILL_DECODE_V2,least_laxity_first,0.7777777777777778,STEP2_CROSS_FAMILY_EVALUATION,success
FAMILY_B_PREFILL_DECODE_V2::pd2.hog24.late12.slolate_ttft.s20260823,FAMILY_B_PREFILL_DECODE_V2,weighted_fair_share,0.7777777777777778,STEP2_CROSS_FAMILY_EVALUATION,success
FAMILY_B_PREFILL_DECODE_V2::pd2.hog24.late40.slohog_ttft.s20260820,FAMILY_B_PREFILL_DECODE_V2,chunked_prefill_small,0.625,SOURCE_NATIVE,success
FAMILY_B_PREFILL_DECODE_V2::pd2.hog24.late40.slohog_ttft.s20260820,FAMILY_B_PREFILL_DECODE_V2,estimated_service_time_first,0.734375,STEP2_CROSS_FAMILY_EVALUATION,success
FAMILY_B_PREFILL_DECODE_V2::pd2.hog24.late40.slohog_ttft.s20260820,FAMILY_B_PREFILL_DECODE_V2,full_prefill,0.734375,SOURCE_NATIVE,success
FAMILY_B_PREFILL_DECODE_V2::pd2.hog24.late40.slohog_ttft.s20260820,FAMILY_B_PREFILL_DECODE_V2,kv_constrained_online,0.734375,STEP2_CROSS_FAMILY_EVALUATION,success
FAMILY_B_PREFILL_DECODE_V2::pd2.hog24.late40.slohog_ttft.s20260820,FAMILY_B_PREFILL_DECODE_V2,least_laxity_first,0.734375,STEP2_CROSS_FAMILY_EVALUATION,success
FAMILY_B_PREFILL_DECODE_V2::pd2.hog24.late40.slohog_ttft.s20260820,FAMILY_B_PREFILL_DECODE_V2,weighted_fair_share,0.734375,STEP2_CROSS_FAMILY_EVALUATION,success
FAMILY_B_PREFILL_DECODE_V2::pd2.hog24.late40.slohog_ttft.s20260821,FAMILY_B_PREFILL_DECODE_V2,chunked_prefill_small,0.625,SOURCE_NATIVE,success
FAMILY_B_PREFILL_DECODE_V2::pd2.hog24.late40.slohog_ttft.s20260821,FAMILY_B_PREFILL_DECODE_V2,estimated_service_time_first,0.71875,STEP2_CROSS_FAMILY_EVALUATION,success
FAMILY_B_PREFILL_DECODE_V2::pd2.hog24.late40.slohog_ttft.s20260821,FAMILY_B_PREFILL_DECODE_V2,full_prefill,0.71875,SOURCE_NATIVE,success
FAMILY_B_PREFILL_DECODE_V2::pd2.hog24.late40.slohog_ttft.s20260821,FAMILY_B_PREFILL_DECODE_V2,kv_constrained_online,0.71875,STEP2_CROSS_FAMILY_EVALUATION,success
FAMILY_B_PREFILL_DECODE_V2::pd2.hog24.late40.slohog_ttft.s20260821,FAMILY_B_PREFILL_DECODE_V2,least_laxity_first,0.71875,STEP2_CROSS_FAMILY_EVALUATION,success
FAMILY_B_PREFILL_DECODE_V2::pd2.hog24.late40.slohog_ttft.s20260821,FAMILY_B_PREFILL_DECODE_V2,weighted_fair_share,0.71875,STEP2_CROSS_FAMILY_EVALUATION,success
FAMILY_B_PREFILL_DECODE_V2::pd2.hog24.late40.slohog_ttft.s20260822,FAMILY_B_PREFILL_DECODE_V2,chunked_prefill_small,0.625,SOURCE_NATIVE,success
FAMILY_B_PREFILL_DECODE_V2::pd2.hog24.late40.slohog_ttft.s20260822,FAMILY_B_PREFILL_DECODE_V2,estimated_service_time_first,0.71875,STEP2_CROSS_FAMILY_EVALUATION,success
FAMILY_B_PREFILL_DECODE_V2::pd2.hog24.late40.slohog_ttft.s20260822,FAMILY_B_PREFILL_DECODE_V2,full_prefill,0.71875,SOURCE_NATIVE,success
FAMILY_B_PREFILL_DECODE_V2::pd2.hog24.late40.slohog_ttft.s20260822,FAMILY_B_PREFILL_DECODE_V2,kv_constrained_online,0.71875,STEP2_CROSS_FAMILY_EVALUATION,success
FAMILY_B_PREFILL_DECODE_V2::pd2.hog24.late40.slohog_ttft.s20260822,FAMILY_B_PREFILL_DECODE_V2,least_laxity_first,0.71875,STEP2_CROSS_FAMILY_EVALUATION,success
FAMILY_B_PREFILL_DECODE_V2::pd2.hog24.late40.slohog_ttft.s20260822,FAMILY_B_PREFILL_DECODE_V2,weighted_fair_share,0.71875,STEP2_CROSS_FAMILY_EVALUATION,success
FAMILY_B_PREFILL_DECODE_V2::pd2.hog24.late40.slohog_ttft.s20260823,FAMILY_B_PREFILL_DECODE_V2,chunked_prefill_small,0.625,SOURCE_NATIVE,success
FAMILY_B_PREFILL_DECODE_V2::pd2.hog24.late40.slohog_ttft.s20260823,FAMILY_B_PREFILL_DECODE_V2,estimated_service_time_first,0.71875,STEP2_CROSS_FAMILY_EVALUATION,success
FAMILY_B_PREFILL_DECODE_V2::pd2.hog24.late40.slohog_ttft.s20260823,FAMILY_B_PREFILL_DECODE_V2,full_prefill,0.71875,SOURCE_NATIVE,success
FAMILY_B_PREFILL_DECODE_V2::pd2.hog24.late40.slohog_ttft.s20260823,FAMILY_B_PREFILL_DECODE_V2,kv_constrained_online,0.71875,STEP2_CROSS_FAMILY_EVALUATION,success
FAMILY_B_PREFILL_DECODE_V2::pd2.hog24.late40.slohog_ttft.s20260823,FAMILY_B_PREFILL_DECODE_V2,least_laxity_first,0.71875,STEP2_CROSS_FAMILY_EVALUATION,success
FAMILY_B_PREFILL_DECODE_V2::pd2.hog24.late40.slohog_ttft.s20260823,FAMILY_B_PREFILL_DECODE_V2,weighted_fair_share,0.71875,STEP2_CROSS_FAMILY_EVALUATION,success
FAMILY_B_PREFILL_DECODE_V2::pd2.hog24.late40.slolate_ttft.s20260820,FAMILY_B_PREFILL_DECODE_V2,chunked_prefill_small,0.5,SOURCE_NATIVE,success
FAMILY_B_PREFILL_DECODE_V2::pd2.hog24.late40.slolate_ttft.s20260820,FAMILY_B_PREFILL_DECODE_V2,estimated_service_time_first,0.421875,STEP2_CROSS_FAMILY_EVALUATION,success
FAMILY_B_PREFILL_DECODE_V2::pd2.hog24.late40.slolate_ttft.s20260820,FAMILY_B_PREFILL_DECODE_V2,full_prefill,0.421875,SOURCE_NATIVE,success
FAMILY_B_PREFILL_DECODE_V2::pd2.hog24.late40.slolate_ttft.s20260820,FAMILY_B_PREFILL_DECODE_V2,kv_constrained_online,0.421875,STEP2_CROSS_FAMILY_EVALUATION,success
FAMILY_B_PREFILL_DECODE_V2::pd2.hog24.late40.slolate_ttft.s20260820,FAMILY_B_PREFILL_DECODE_V2,least_laxity_first,0.421875,STEP2_CROSS_FAMILY_EVALUATION,success
FAMILY_B_PREFILL_DECODE_V2::pd2.hog24.late40.slolate_ttft.s20260820,FAMILY_B_PREFILL_DECODE_V2,weighted_fair_share,0.421875,STEP2_CROSS_FAMILY_EVALUATION,success
FAMILY_B_PREFILL_DECODE_V2::pd2.hog24.late40.slolate_ttft.s20260821,FAMILY_B_PREFILL_DECODE_V2,chunked_prefill_small,0.453125,SOURCE_NATIVE,success
FAMILY_B_PREFILL_DECODE_V2::pd2.hog24.late40.slolate_ttft.s20260821,FAMILY_B_PREFILL_DECODE_V2,estimated_service_time_first,0.421875,STEP2_CROSS_FAMILY_EVALUATION,success
FAMILY_B_PREFILL_DECODE_V2::pd2.hog24.late40.slolate_ttft.s20260821,FAMILY_B_PREFILL_DECODE_V2,full_prefill,0.421875,SOURCE_NATIVE,success
FAMILY_B_PREFILL_DECODE_V2::pd2.hog24.late40.slolate_ttft.s20260821,FAMILY_B_PREFILL_DECODE_V2,kv_constrained_online,0.421875,STEP2_CROSS_FAMILY_EVALUATION,success
FAMILY_B_PREFILL_DECODE_V2::pd2.hog24.late40.slolate_ttft.s20260821,FAMILY_B_PREFILL_DECODE_V2,least_laxity_first,0.421875,STEP2_CROSS_FAMILY_EVALUATION,success
FAMILY_B_PREFILL_DECODE_V2::pd2.hog24.late40.slolate_ttft.s20260821,FAMILY_B_PREFILL_DECODE_V2,weighted_fair_share,0.421875,STEP2_CROSS_FAMILY_EVALUATION,success
FAMILY_B_PREFILL_DECODE_V2::pd2.hog24.late40.slolate_ttft.s20260822,FAMILY_B_PREFILL_DECODE_V2,chunked_prefill_small,0.609375,SOURCE_NATIVE,success
FAMILY_B_PREFILL_DECODE_V2::pd2.hog24.late40.slolate_ttft.s20260822,FAMILY_B_PREFILL_DECODE_V2,estimated_service_time_first,0.5,STEP2_CROSS_FAMILY_EVALUATION,success
FAMILY_B_PREFILL_DECODE_V2::pd2.hog24.late40.slolate_ttft.s20260822,FAMILY_B_PREFILL_DECODE_V2,full_prefill,0.5,SOURCE_NATIVE,success
FAMILY_B_PREFILL_DECODE_V2::pd2.hog24.late40.slolate_ttft.s20260822,FAMILY_B_PREFILL_DECODE_V2,kv_constrained_online,0.5,STEP2_CROSS_FAMILY_EVALUATION,success
FAMILY_B_PREFILL_DECODE_V2::pd2.hog24.late40.slolate_ttft.s20260822,FAMILY_B_PREFILL_DECODE_V2,least_laxity_first,0.5,STEP2_CROSS_FAMILY_EVALUATION,success
FAMILY_B_PREFILL_DECODE_V2::pd2.hog24.late40.slolate_ttft.s20260822,FAMILY_B_PREFILL_DECODE_V2,weighted_fair_share,0.5,STEP2_CROSS_FAMILY_EVALUATION,success
FAMILY_B_PREFILL_DECODE_V2::pd2.hog24.late40.slolate_ttft.s20260823,FAMILY_B_PREFILL_DECODE_V2,chunked_prefill_small,0.421875,SOURCE_NATIVE,success
FAMILY_B_PREFILL_DECODE_V2::pd2.hog24.late40.slolate_ttft.s20260823,FAMILY_B_PREFILL_DECODE_V2,estimated_service_time_first,0.375,STEP2_CROSS_FAMILY_EVALUATION,success
FAMILY_B_PREFILL_DECODE_V2::pd2.hog24.late40.slolate_ttft.s20260823,FAMILY_B_PREFILL_DECODE_V2,full_prefill,0.375,SOURCE_NATIVE,success
FAMILY_B_PREFILL_DECODE_V2::pd2.hog24.late40.slolate_ttft.s20260823,FAMILY_B_PREFILL_DECODE_V2,kv_constrained_online,0.375,STEP2_CROSS_FAMILY_EVALUATION,success
FAMILY_B_PREFILL_DECODE_V2::pd2.hog24.late40.slolate_ttft.s20260823,FAMILY_B_PREFILL_DECODE_V2,least_laxity_first,0.375,STEP2_CROSS_FAMILY_EVALUATION,success
FAMILY_B_PREFILL_DECODE_V2::pd2.hog24.late40.slolate_ttft.s20260823,FAMILY_B_PREFILL_DECODE_V2,weighted_fair_share,0.375,STEP2_CROSS_FAMILY_EVALUATION,success
FAMILY_C_KV_PRESSURE_V2::kvp2.bulk10.phaseearly.tightloose.s20260910,FAMILY_C_KV_PRESSURE_V2,chunked_prefill_small,1.0,FAMILY_C_RECONSTRUCTION_V1,success
FAMILY_C_KV_PRESSURE_V2::kvp2.bulk10.phaseearly.tightloose.s20260910,FAMILY_C_KV_PRESSURE_V2,estimated_service_time_first,1.0,FAMILY_C_RECONSTRUCTION_V1,success
FAMILY_C_KV_PRESSURE_V2::kvp2.bulk10.phaseearly.tightloose.s20260910,FAMILY_C_KV_PRESSURE_V2,full_prefill,1.0,FAMILY_C_RECONSTRUCTION_V1,success
FAMILY_C_KV_PRESSURE_V2::kvp2.bulk10.phaseearly.tightloose.s20260910,FAMILY_C_KV_PRESSURE_V2,kv_constrained_online,1.0,FAMILY_C_RECONSTRUCTION_V1,success
FAMILY_C_KV_PRESSURE_V2::kvp2.bulk10.phaseearly.tightloose.s20260910,FAMILY_C_KV_PRESSURE_V2,least_laxity_first,1.0,FAMILY_C_RECONSTRUCTION_V1,success
FAMILY_C_KV_PRESSURE_V2::kvp2.bulk10.phaseearly.tightloose.s20260910,FAMILY_C_KV_PRESSURE_V2,weighted_fair_share,1.0,FAMILY_C_RECONSTRUCTION_V1,success
FAMILY_C_KV_PRESSURE_V2::kvp2.bulk10.phaseearly.tightloose.s20260911,FAMILY_C_KV_PRESSURE_V2,chunked_prefill_small,1.0,FAMILY_C_RECONSTRUCTION_V1,success
FAMILY_C_KV_PRESSURE_V2::kvp2.bulk10.phaseearly.tightloose.s20260911,FAMILY_C_KV_PRESSURE_V2,estimated_service_time_first,1.0,FAMILY_C_RECONSTRUCTION_V1,success
FAMILY_C_KV_PRESSURE_V2::kvp2.bulk10.phaseearly.tightloose.s20260911,FAMILY_C_KV_PRESSURE_V2,full_prefill,1.0,FAMILY_C_RECONSTRUCTION_V1,success
FAMILY_C_KV_PRESSURE_V2::kvp2.bulk10.phaseearly.tightloose.s20260911,FAMILY_C_KV_PRESSURE_V2,kv_constrained_online,1.0,FAMILY_C_RECONSTRUCTION_V1,success
FAMILY_C_KV_PRESSURE_V2::kvp2.bulk10.phaseearly.tightloose.s20260911,FAMILY_C_KV_PRESSURE_V2,least_laxity_first,1.0,FAMILY_C_RECONSTRUCTION_V1,success
FAMILY_C_KV_PRESSURE_V2::kvp2.bulk10.phaseearly.tightloose.s20260911,FAMILY_C_KV_PRESSURE_V2,weighted_fair_share,0.95,FAMILY_C_RECONSTRUCTION_V1,success
FAMILY_C_KV_PRESSURE_V2::kvp2.bulk10.phaseearly.tightloose.s20260912,FAMILY_C_KV_PRESSURE_V2,chunked_prefill_small,1.0,FAMILY_C_RECONSTRUCTION_V1,success
FAMILY_C_KV_PRESSURE_V2::kvp2.bulk10.phaseearly.tightloose.s20260912,FAMILY_C_KV_PRESSURE_V2,estimated_service_time_first,0.95,FAMILY_C_RECONSTRUCTION_V1,success
FAMILY_C_KV_PRESSURE_V2::kvp2.bulk10.phaseearly.tightloose.s20260912,FAMILY_C_KV_PRESSURE_V2,full_prefill,1.0,FAMILY_C_RECONSTRUCTION_V1,success
FAMILY_C_KV_PRESSURE_V2::kvp2.bulk10.phaseearly.tightloose.s20260912,FAMILY_C_KV_PRESSURE_V2,kv_constrained_online,1.0,FAMILY_C_RECONSTRUCTION_V1,success
FAMILY_C_KV_PRESSURE_V2::kvp2.bulk10.phaseearly.tightloose.s20260912,FAMILY_C_KV_PRESSURE_V2,least_laxity_first,1.0,FAMILY_C_RECONSTRUCTION_V1,success
FAMILY_C_KV_PRESSURE_V2::kvp2.bulk10.phaseearly.tightloose.s20260912,FAMILY_C_KV_PRESSURE_V2,weighted_fair_share,0.95,FAMILY_C_RECONSTRUCTION_V1,success
FAMILY_C_KV_PRESSURE_V2::kvp2.bulk10.phaseearly.tightloose.s20260913,FAMILY_C_KV_PRESSURE_V2,chunked_prefill_small,1.0,FAMILY_C_RECONSTRUCTION_V1,success
FAMILY_C_KV_PRESSURE_V2::kvp2.bulk10.phaseearly.tightloose.s20260913,FAMILY_C_KV_PRESSURE_V2,estimated_service_time_first,1.0,FAMILY_C_RECONSTRUCTION_V1,success
FAMILY_C_KV_PRESSURE_V2::kvp2.bulk10.phaseearly.tightloose.s20260913,FAMILY_C_KV_PRESSURE_V2,full_prefill,1.0,FAMILY_C_RECONSTRUCTION_V1,success
FAMILY_C_KV_PRESSURE_V2::kvp2.bulk10.phaseearly.tightloose.s20260913,FAMILY_C_KV_PRESSURE_V2,kv_constrained_online,1.0,FAMILY_C_RECONSTRUCTION_V1,success
FAMILY_C_KV_PRESSURE_V2::kvp2.bulk10.phaseearly.tightloose.s20260913,FAMILY_C_KV_PRESSURE_V2,least_laxity_first,1.0,FAMILY_C_RECONSTRUCTION_V1,success
FAMILY_C_KV_PRESSURE_V2::kvp2.bulk10.phaseearly.tightloose.s20260913,FAMILY_C_KV_PRESSURE_V2,weighted_fair_share,1.0,FAMILY_C_RECONSTRUCTION_V1,success
FAMILY_C_KV_PRESSURE_V2::kvp2.bulk10.phaseearly.tightloose.s20260914,FAMILY_C_KV_PRESSURE_V2,chunked_prefill_small,1.0,FAMILY_C_RECONSTRUCTION_V1,success
FAMILY_C_KV_PRESSURE_V2::kvp2.bulk10.phaseearly.tightloose.s20260914,FAMILY_C_KV_PRESSURE_V2,estimated_service_time_first,1.0,FAMILY_C_RECONSTRUCTION_V1,success
FAMILY_C_KV_PRESSURE_V2::kvp2.bulk10.phaseearly.tightloose.s20260914,FAMILY_C_KV_PRESSURE_V2,full_prefill,1.0,FAMILY_C_RECONSTRUCTION_V1,success
FAMILY_C_KV_PRESSURE_V2::kvp2.bulk10.phaseearly.tightloose.s20260914,FAMILY_C_KV_PRESSURE_V2,kv_constrained_online,1.0,FAMILY_C_RECONSTRUCTION_V1,success
FAMILY_C_KV_PRESSURE_V2::kvp2.bulk10.phaseearly.tightloose.s20260914,FAMILY_C_KV_PRESSURE_V2,least_laxity_first,1.0,FAMILY_C_RECONSTRUCTION_V1,success
FAMILY_C_KV_PRESSURE_V2::kvp2.bulk10.phaseearly.tightloose.s20260914,FAMILY_C_KV_PRESSURE_V2,weighted_fair_share,1.0,FAMILY_C_RECONSTRUCTION_V1,success
FAMILY_C_KV_PRESSURE_V2::kvp2.bulk10.phaseearly.tightloose.s20260915,FAMILY_C_KV_PRESSURE_V2,chunked_prefill_small,1.0,FAMILY_C_RECONSTRUCTION_V1,success
FAMILY_C_KV_PRESSURE_V2::kvp2.bulk10.phaseearly.tightloose.s20260915,FAMILY_C_KV_PRESSURE_V2,estimated_service_time_first,0.95,FAMILY_C_RECONSTRUCTION_V1,success
FAMILY_C_KV_PRESSURE_V2::kvp2.bulk10.phaseearly.tightloose.s20260915,FAMILY_C_KV_PRESSURE_V2,full_prefill,1.0,FAMILY_C_RECONSTRUCTION_V1,success
FAMILY_C_KV_PRESSURE_V2::kvp2.bulk10.phaseearly.tightloose.s20260915,FAMILY_C_KV_PRESSURE_V2,kv_constrained_online,1.0,FAMILY_C_RECONSTRUCTION_V1,success
FAMILY_C_KV_PRESSURE_V2::kvp2.bulk10.phaseearly.tightloose.s20260915,FAMILY_C_KV_PRESSURE_V2,least_laxity_first,1.0,FAMILY_C_RECONSTRUCTION_V1,success
FAMILY_C_KV_PRESSURE_V2::kvp2.bulk10.phaseearly.tightloose.s20260915,FAMILY_C_KV_PRESSURE_V2,weighted_fair_share,0.95,FAMILY_C_RECONSTRUCTION_V1,success
FAMILY_C_KV_PRESSURE_V2::kvp2.bulk10.phaseearly.tighttight.s20260910,FAMILY_C_KV_PRESSURE_V2,chunked_prefill_small,1.0,FAMILY_C_RECONSTRUCTION_V1,success
FAMILY_C_KV_PRESSURE_V2::kvp2.bulk10.phaseearly.tighttight.s20260910,FAMILY_C_KV_PRESSURE_V2,estimated_service_time_first,1.0,FAMILY_C_RECONSTRUCTION_V1,success
FAMILY_C_KV_PRESSURE_V2::kvp2.bulk10.phaseearly.tighttight.s20260910,FAMILY_C_KV_PRESSURE_V2,full_prefill,1.0,FAMILY_C_RECONSTRUCTION_V1,success
FAMILY_C_KV_PRESSURE_V2::kvp2.bulk10.phaseearly.tighttight.s20260910,FAMILY_C_KV_PRESSURE_V2,kv_constrained_online,1.0,FAMILY_C_RECONSTRUCTION_V1,success
FAMILY_C_KV_PRESSURE_V2::kvp2.bulk10.phaseearly.tighttight.s20260910,FAMILY_C_KV_PRESSURE_V2,least_laxity_first,0.85,FAMILY_C_RECONSTRUCTION_V1,success
FAMILY_C_KV_PRESSURE_V2::kvp2.bulk10.phaseearly.tighttight.s20260910,FAMILY_C_KV_PRESSURE_V2,weighted_fair_share,0.95,FAMILY_C_RECONSTRUCTION_V1,success
FAMILY_C_KV_PRESSURE_V2::kvp2.bulk10.phaseearly.tighttight.s20260911,FAMILY_C_KV_PRESSURE_V2,chunked_prefill_small,0.9,FAMILY_C_RECONSTRUCTION_V1,success
FAMILY_C_KV_PRESSURE_V2::kvp2.bulk10.phaseearly.tighttight.s20260911,FAMILY_C_KV_PRESSURE_V2,estimated_service_time_first,0.9,FAMILY_C_RECONSTRUCTION_V1,success
FAMILY_C_KV_PRESSURE_V2::kvp2.bulk10.phaseearly.tighttight.s20260911,FAMILY_C_KV_PRESSURE_V2,full_prefill,0.9,FAMILY_C_RECONSTRUCTION_V1,success
FAMILY_C_KV_PRESSURE_V2::kvp2.bulk10.phaseearly.tighttight.s20260911,FAMILY_C_KV_PRESSURE_V2,kv_constrained_online,0.9,FAMILY_C_RECONSTRUCTION_V1,success
FAMILY_C_KV_PRESSURE_V2::kvp2.bulk10.phaseearly.tighttight.s20260911,FAMILY_C_KV_PRESSURE_V2,least_laxity_first,0.85,FAMILY_C_RECONSTRUCTION_V1,success
FAMILY_C_KV_PRESSURE_V2::kvp2.bulk10.phaseearly.tighttight.s20260911,FAMILY_C_KV_PRESSURE_V2,weighted_fair_share,0.85,FAMILY_C_RECONSTRUCTION_V1,success
FAMILY_C_KV_PRESSURE_V2::kvp2.bulk10.phaseearly.tighttight.s20260912,FAMILY_C_KV_PRESSURE_V2,chunked_prefill_small,0.9,FAMILY_C_RECONSTRUCTION_V1,success
FAMILY_C_KV_PRESSURE_V2::kvp2.bulk10.phaseearly.tighttight.s20260912,FAMILY_C_KV_PRESSURE_V2,estimated_service_time_first,0.9,FAMILY_C_RECONSTRUCTION_V1,success
FAMILY_C_KV_PRESSURE_V2::kvp2.bulk10.phaseearly.tighttight.s20260912,FAMILY_C_KV_PRESSURE_V2,full_prefill,0.9,FAMILY_C_RECONSTRUCTION_V1,success
FAMILY_C_KV_PRESSURE_V2::kvp2.bulk10.phaseearly.tighttight.s20260912,FAMILY_C_KV_PRESSURE_V2,kv_constrained_online,0.85,FAMILY_C_RECONSTRUCTION_V1,success
FAMILY_C_KV_PRESSURE_V2::kvp2.bulk10.phaseearly.tighttight.s20260912,FAMILY_C_KV_PRESSURE_V2,least_laxity_first,0.8,FAMILY_C_RECONSTRUCTION_V1,success
FAMILY_C_KV_PRESSURE_V2::kvp2.bulk10.phaseearly.tighttight.s20260912,FAMILY_C_KV_PRESSURE_V2,weighted_fair_share,0.85,FAMILY_C_RECONSTRUCTION_V1,success
FAMILY_C_KV_PRESSURE_V2::kvp2.bulk10.phaseearly.tighttight.s20260913,FAMILY_C_KV_PRESSURE_V2,chunked_prefill_small,0.85,FAMILY_C_RECONSTRUCTION_V1,success
FAMILY_C_KV_PRESSURE_V2::kvp2.bulk10.phaseearly.tighttight.s20260913,FAMILY_C_KV_PRESSURE_V2,estimated_service_time_first,0.85,FAMILY_C_RECONSTRUCTION_V1,success
FAMILY_C_KV_PRESSURE_V2::kvp2.bulk10.phaseearly.tighttight.s20260913,FAMILY_C_KV_PRESSURE_V2,full_prefill,0.85,FAMILY_C_RECONSTRUCTION_V1,success
FAMILY_C_KV_PRESSURE_V2::kvp2.bulk10.phaseearly.tighttight.s20260913,FAMILY_C_KV_PRESSURE_V2,kv_constrained_online,0.95,FAMILY_C_RECONSTRUCTION_V1,success
FAMILY_C_KV_PRESSURE_V2::kvp2.bulk10.phaseearly.tighttight.s20260913,FAMILY_C_KV_PRESSURE_V2,least_laxity_first,0.85,FAMILY_C_RECONSTRUCTION_V1,success
FAMILY_C_KV_PRESSURE_V2::kvp2.bulk10.phaseearly.tighttight.s20260913,FAMILY_C_KV_PRESSURE_V2,weighted_fair_share,0.85,FAMILY_C_RECONSTRUCTION_V1,success
FAMILY_C_KV_PRESSURE_V2::kvp2.bulk10.phaseearly.tighttight.s20260914,FAMILY_C_KV_PRESSURE_V2,chunked_prefill_small,1.0,FAMILY_C_RECONSTRUCTION_V1,success
FAMILY_C_KV_PRESSURE_V2::kvp2.bulk10.phaseearly.tighttight.s20260914,FAMILY_C_KV_PRESSURE_V2,estimated_service_time_first,1.0,FAMILY_C_RECONSTRUCTION_V1,success
FAMILY_C_KV_PRESSURE_V2::kvp2.bulk10.phaseearly.tighttight.s20260914,FAMILY_C_KV_PRESSURE_V2,full_prefill,1.0,FAMILY_C_RECONSTRUCTION_V1,success
FAMILY_C_KV_PRESSURE_V2::kvp2.bulk10.phaseearly.tighttight.s20260914,FAMILY_C_KV_PRESSURE_V2,kv_constrained_online,1.0,FAMILY_C_RECONSTRUCTION_V1,success
FAMILY_C_KV_PRESSURE_V2::kvp2.bulk10.phaseearly.tighttight.s20260914,FAMILY_C_KV_PRESSURE_V2,least_laxity_first,1.0,FAMILY_C_RECONSTRUCTION_V1,success
FAMILY_C_KV_PRESSURE_V2::kvp2.bulk10.phaseearly.tighttight.s20260914,FAMILY_C_KV_PRESSURE_V2,weighted_fair_share,0.95,FAMILY_C_RECONSTRUCTION_V1,success
FAMILY_C_KV_PRESSURE_V2::kvp2.bulk10.phaseearly.tighttight.s20260915,FAMILY_C_KV_PRESSURE_V2,chunked_prefill_small,0.85,FAMILY_C_RECONSTRUCTION_V1,success
FAMILY_C_KV_PRESSURE_V2::kvp2.bulk10.phaseearly.tighttight.s20260915,FAMILY_C_KV_PRESSURE_V2,estimated_service_time_first,0.8,FAMILY_C_RECONSTRUCTION_V1,success
FAMILY_C_KV_PRESSURE_V2::kvp2.bulk10.phaseearly.tighttight.s20260915,FAMILY_C_KV_PRESSURE_V2,full_prefill,0.85,FAMILY_C_RECONSTRUCTION_V1,success
FAMILY_C_KV_PRESSURE_V2::kvp2.bulk10.phaseearly.tighttight.s20260915,FAMILY_C_KV_PRESSURE_V2,kv_constrained_online,0.75,FAMILY_C_RECONSTRUCTION_V1,success
FAMILY_C_KV_PRESSURE_V2::kvp2.bulk10.phaseearly.tighttight.s20260915,FAMILY_C_KV_PRESSURE_V2,least_laxity_first,0.75,FAMILY_C_RECONSTRUCTION_V1,success
FAMILY_C_KV_PRESSURE_V2::kvp2.bulk10.phaseearly.tighttight.s20260915,FAMILY_C_KV_PRESSURE_V2,weighted_fair_share,0.75,FAMILY_C_RECONSTRUCTION_V1,success
FAMILY_C_KV_PRESSURE_V2::kvp2.bulk10.phaselate.tightloose.s20260910,FAMILY_C_KV_PRESSURE_V2,chunked_prefill_small,1.0,FAMILY_C_RECONSTRUCTION_V1,success
FAMILY_C_KV_PRESSURE_V2::kvp2.bulk10.phaselate.tightloose.s20260910,FAMILY_C_KV_PRESSURE_V2,estimated_service_time_first,1.0,FAMILY_C_RECONSTRUCTION_V1,success
FAMILY_C_KV_PRESSURE_V2::kvp2.bulk10.phaselate.tightloose.s20260910,FAMILY_C_KV_PRESSURE_V2,full_prefill,1.0,FAMILY_C_RECONSTRUCTION_V1,success
FAMILY_C_KV_PRESSURE_V2::kvp2.bulk10.phaselate.tightloose.s20260910,FAMILY_C_KV_PRESSURE_V2,kv_constrained_online,1.0,FAMILY_C_RECONSTRUCTION_V1,success
FAMILY_C_KV_PRESSURE_V2::kvp2.bulk10.phaselate.tightloose.s20260910,FAMILY_C_KV_PRESSURE_V2,least_laxity_first,1.0,FAMILY_C_RECONSTRUCTION_V1,success
FAMILY_C_KV_PRESSURE_V2::kvp2.bulk10.phaselate.tightloose.s20260910,FAMILY_C_KV_PRESSURE_V2,weighted_fair_share,1.0,FAMILY_C_RECONSTRUCTION_V1,success
FAMILY_C_KV_PRESSURE_V2::kvp2.bulk10.phaselate.tightloose.s20260911,FAMILY_C_KV_PRESSURE_V2,chunked_prefill_small,1.0,FAMILY_C_RECONSTRUCTION_V1,success
FAMILY_C_KV_PRESSURE_V2::kvp2.bulk10.phaselate.tightloose.s20260911,FAMILY_C_KV_PRESSURE_V2,estimated_service_time_first,1.0,FAMILY_C_RECONSTRUCTION_V1,success
FAMILY_C_KV_PRESSURE_V2::kvp2.bulk10.phaselate.tightloose.s20260911,FAMILY_C_KV_PRESSURE_V2,full_prefill,1.0,FAMILY_C_RECONSTRUCTION_V1,success
FAMILY_C_KV_PRESSURE_V2::kvp2.bulk10.phaselate.tightloose.s20260911,FAMILY_C_KV_PRESSURE_V2,kv_constrained_online,1.0,FAMILY_C_RECONSTRUCTION_V1,success
FAMILY_C_KV_PRESSURE_V2::kvp2.bulk10.phaselate.tightloose.s20260911,FAMILY_C_KV_PRESSURE_V2,least_laxity_first,1.0,FAMILY_C_RECONSTRUCTION_V1,success
FAMILY_C_KV_PRESSURE_V2::kvp2.bulk10.phaselate.tightloose.s20260911,FAMILY_C_KV_PRESSURE_V2,weighted_fair_share,0.95,FAMILY_C_RECONSTRUCTION_V1,success
FAMILY_C_KV_PRESSURE_V2::kvp2.bulk10.phaselate.tightloose.s20260912,FAMILY_C_KV_PRESSURE_V2,chunked_prefill_small,1.0,FAMILY_C_RECONSTRUCTION_V1,success
FAMILY_C_KV_PRESSURE_V2::kvp2.bulk10.phaselate.tightloose.s20260912,FAMILY_C_KV_PRESSURE_V2,estimated_service_time_first,0.95,FAMILY_C_RECONSTRUCTION_V1,success
FAMILY_C_KV_PRESSURE_V2::kvp2.bulk10.phaselate.tightloose.s20260912,FAMILY_C_KV_PRESSURE_V2,full_prefill,1.0,FAMILY_C_RECONSTRUCTION_V1,success
FAMILY_C_KV_PRESSURE_V2::kvp2.bulk10.phaselate.tightloose.s20260912,FAMILY_C_KV_PRESSURE_V2,kv_constrained_online,1.0,FAMILY_C_RECONSTRUCTION_V1,success
FAMILY_C_KV_PRESSURE_V2::kvp2.bulk10.phaselate.tightloose.s20260912,FAMILY_C_KV_PRESSURE_V2,least_laxity_first,1.0,FAMILY_C_RECONSTRUCTION_V1,success
FAMILY_C_KV_PRESSURE_V2::kvp2.bulk10.phaselate.tightloose.s20260912,FAMILY_C_KV_PRESSURE_V2,weighted_fair_share,0.95,FAMILY_C_RECONSTRUCTION_V1,success
FAMILY_C_KV_PRESSURE_V2::kvp2.bulk10.phaselate.tightloose.s20260913,FAMILY_C_KV_PRESSURE_V2,chunked_prefill_small,1.0,FAMILY_C_RECONSTRUCTION_V1,success
FAMILY_C_KV_PRESSURE_V2::kvp2.bulk10.phaselate.tightloose.s20260913,FAMILY_C_KV_PRESSURE_V2,estimated_service_time_first,1.0,FAMILY_C_RECONSTRUCTION_V1,success
FAMILY_C_KV_PRESSURE_V2::kvp2.bulk10.phaselate.tightloose.s20260913,FAMILY_C_KV_PRESSURE_V2,full_prefill,1.0,FAMILY_C_RECONSTRUCTION_V1,success
FAMILY_C_KV_PRESSURE_V2::kvp2.bulk10.phaselate.tightloose.s20260913,FAMILY_C_KV_PRESSURE_V2,kv_constrained_online,1.0,FAMILY_C_RECONSTRUCTION_V1,success
FAMILY_C_KV_PRESSURE_V2::kvp2.bulk10.phaselate.tightloose.s20260913,FAMILY_C_KV_PRESSURE_V2,least_laxity_first,1.0,FAMILY_C_RECONSTRUCTION_V1,success
FAMILY_C_KV_PRESSURE_V2::kvp2.bulk10.phaselate.tightloose.s20260913,FAMILY_C_KV_PRESSURE_V2,weighted_fair_share,1.0,FAMILY_C_RECONSTRUCTION_V1,success
FAMILY_C_KV_PRESSURE_V2::kvp2.bulk10.phaselate.tightloose.s20260914,FAMILY_C_KV_PRESSURE_V2,chunked_prefill_small,1.0,FAMILY_C_RECONSTRUCTION_V1,success
FAMILY_C_KV_PRESSURE_V2::kvp2.bulk10.phaselate.tightloose.s20260914,FAMILY_C_KV_PRESSURE_V2,estimated_service_time_first,1.0,FAMILY_C_RECONSTRUCTION_V1,success
FAMILY_C_KV_PRESSURE_V2::kvp2.bulk10.phaselate.tightloose.s20260914,FAMILY_C_KV_PRESSURE_V2,full_prefill,1.0,FAMILY_C_RECONSTRUCTION_V1,success
FAMILY_C_KV_PRESSURE_V2::kvp2.bulk10.phaselate.tightloose.s20260914,FAMILY_C_KV_PRESSURE_V2,kv_constrained_online,1.0,FAMILY_C_RECONSTRUCTION_V1,success
FAMILY_C_KV_PRESSURE_V2::kvp2.bulk10.phaselate.tightloose.s20260914,FAMILY_C_KV_PRESSURE_V2,least_laxity_first,1.0,FAMILY_C_RECONSTRUCTION_V1,success
FAMILY_C_KV_PRESSURE_V2::kvp2.bulk10.phaselate.tightloose.s20260914,FAMILY_C_KV_PRESSURE_V2,weighted_fair_share,1.0,FAMILY_C_RECONSTRUCTION_V1,success
FAMILY_C_KV_PRESSURE_V2::kvp2.bulk10.phaselate.tightloose.s20260915,FAMILY_C_KV_PRESSURE_V2,chunked_prefill_small,0.95,FAMILY_C_RECONSTRUCTION_V1,success
FAMILY_C_KV_PRESSURE_V2::kvp2.bulk10.phaselate.tightloose.s20260915,FAMILY_C_KV_PRESSURE_V2,estimated_service_time_first,0.95,FAMILY_C_RECONSTRUCTION_V1,success
FAMILY_C_KV_PRESSURE_V2::kvp2.bulk10.phaselate.tightloose.s20260915,FAMILY_C_KV_PRESSURE_V2,full_prefill,0.95,FAMILY_C_RECONSTRUCTION_V1,success
FAMILY_C_KV_PRESSURE_V2::kvp2.bulk10.phaselate.tightloose.s20260915,FAMILY_C_KV_PRESSURE_V2,kv_constrained_online,1.0,FAMILY_C_RECONSTRUCTION_V1,success
FAMILY_C_KV_PRESSURE_V2::kvp2.bulk10.phaselate.tightloose.s20260915,FAMILY_C_KV_PRESSURE_V2,least_laxity_first,1.0,FAMILY_C_RECONSTRUCTION_V1,success
FAMILY_C_KV_PRESSURE_V2::kvp2.bulk10.phaselate.tightloose.s20260915,FAMILY_C_KV_PRESSURE_V2,weighted_fair_share,0.95,FAMILY_C_RECONSTRUCTION_V1,success
FAMILY_C_KV_PRESSURE_V2::kvp2.bulk10.phaselate.tighttight.s20260910,FAMILY_C_KV_PRESSURE_V2,chunked_prefill_small,0.75,FAMILY_C_RECONSTRUCTION_V1,success
FAMILY_C_KV_PRESSURE_V2::kvp2.bulk10.phaselate.tighttight.s20260910,FAMILY_C_KV_PRESSURE_V2,estimated_service_time_first,0.95,FAMILY_C_RECONSTRUCTION_V1,success
FAMILY_C_KV_PRESSURE_V2::kvp2.bulk10.phaselate.tighttight.s20260910,FAMILY_C_KV_PRESSURE_V2,full_prefill,0.75,FAMILY_C_RECONSTRUCTION_V1,success
FAMILY_C_KV_PRESSURE_V2::kvp2.bulk10.phaselate.tighttight.s20260910,FAMILY_C_KV_PRESSURE_V2,kv_constrained_online,0.95,FAMILY_C_RECONSTRUCTION_V1,success
FAMILY_C_KV_PRESSURE_V2::kvp2.bulk10.phaselate.tighttight.s20260910,FAMILY_C_KV_PRESSURE_V2,least_laxity_first,0.75,FAMILY_C_RECONSTRUCTION_V1,success
FAMILY_C_KV_PRESSURE_V2::kvp2.bulk10.phaselate.tighttight.s20260910,FAMILY_C_KV_PRESSURE_V2,weighted_fair_share,0.9,FAMILY_C_RECONSTRUCTION_V1,success
FAMILY_C_KV_PRESSURE_V2::kvp2.bulk10.phaselate.tighttight.s20260911,FAMILY_C_KV_PRESSURE_V2,chunked_prefill_small,0.8,FAMILY_C_RECONSTRUCTION_V1,success
FAMILY_C_KV_PRESSURE_V2::kvp2.bulk10.phaselate.tighttight.s20260911,FAMILY_C_KV_PRESSURE_V2,estimated_service_time_first,0.85,FAMILY_C_RECONSTRUCTION_V1,success
FAMILY_C_KV_PRESSURE_V2::kvp2.bulk10.phaselate.tighttight.s20260911,FAMILY_C_KV_PRESSURE_V2,full_prefill,0.8,FAMILY_C_RECONSTRUCTION_V1,success
FAMILY_C_KV_PRESSURE_V2::kvp2.bulk10.phaselate.tighttight.s20260911,FAMILY_C_KV_PRESSURE_V2,kv_constrained_online,0.75,FAMILY_C_RECONSTRUCTION_V1,success
FAMILY_C_KV_PRESSURE_V2::kvp2.bulk10.phaselate.tighttight.s20260911,FAMILY_C_KV_PRESSURE_V2,least_laxity_first,0.6,FAMILY_C_RECONSTRUCTION_V1,success
FAMILY_C_KV_PRESSURE_V2::kvp2.bulk10.phaselate.tighttight.s20260911,FAMILY_C_KV_PRESSURE_V2,weighted_fair_share,0.8,FAMILY_C_RECONSTRUCTION_V1,success
FAMILY_C_KV_PRESSURE_V2::kvp2.bulk10.phaselate.tighttight.s20260912,FAMILY_C_KV_PRESSURE_V2,chunked_prefill_small,0.6,FAMILY_C_RECONSTRUCTION_V1,success
FAMILY_C_KV_PRESSURE_V2::kvp2.bulk10.phaselate.tighttight.s20260912,FAMILY_C_KV_PRESSURE_V2,estimated_service_time_first,0.7,FAMILY_C_RECONSTRUCTION_V1,success
FAMILY_C_KV_PRESSURE_V2::kvp2.bulk10.phaselate.tighttight.s20260912,FAMILY_C_KV_PRESSURE_V2,full_prefill,0.6,FAMILY_C_RECONSTRUCTION_V1,success
FAMILY_C_KV_PRESSURE_V2::kvp2.bulk10.phaselate.tighttight.s20260912,FAMILY_C_KV_PRESSURE_V2,kv_constrained_online,0.65,FAMILY_C_RECONSTRUCTION_V1,success
FAMILY_C_KV_PRESSURE_V2::kvp2.bulk10.phaselate.tighttight.s20260912,FAMILY_C_KV_PRESSURE_V2,least_laxity_first,0.5,FAMILY_C_RECONSTRUCTION_V1,success
FAMILY_C_KV_PRESSURE_V2::kvp2.bulk10.phaselate.tighttight.s20260912,FAMILY_C_KV_PRESSURE_V2,weighted_fair_share,0.6,FAMILY_C_RECONSTRUCTION_V1,success
FAMILY_C_KV_PRESSURE_V2::kvp2.bulk10.phaselate.tighttight.s20260913,FAMILY_C_KV_PRESSURE_V2,chunked_prefill_small,0.8,FAMILY_C_RECONSTRUCTION_V1,success
FAMILY_C_KV_PRESSURE_V2::kvp2.bulk10.phaselate.tighttight.s20260913,FAMILY_C_KV_PRESSURE_V2,estimated_service_time_first,0.95,FAMILY_C_RECONSTRUCTION_V1,success
FAMILY_C_KV_PRESSURE_V2::kvp2.bulk10.phaselate.tighttight.s20260913,FAMILY_C_KV_PRESSURE_V2,full_prefill,0.8,FAMILY_C_RECONSTRUCTION_V1,success
FAMILY_C_KV_PRESSURE_V2::kvp2.bulk10.phaselate.tighttight.s20260913,FAMILY_C_KV_PRESSURE_V2,kv_constrained_online,0.95,FAMILY_C_RECONSTRUCTION_V1,success
FAMILY_C_KV_PRESSURE_V2::kvp2.bulk10.phaselate.tighttight.s20260913,FAMILY_C_KV_PRESSURE_V2,least_laxity_first,0.75,FAMILY_C_RECONSTRUCTION_V1,success
FAMILY_C_KV_PRESSURE_V2::kvp2.bulk10.phaselate.tighttight.s20260913,FAMILY_C_KV_PRESSURE_V2,weighted_fair_share,0.9,FAMILY_C_RECONSTRUCTION_V1,success
FAMILY_C_KV_PRESSURE_V2::kvp2.bulk10.phaselate.tighttight.s20260914,FAMILY_C_KV_PRESSURE_V2,chunked_prefill_small,0.9,FAMILY_C_RECONSTRUCTION_V1,success
FAMILY_C_KV_PRESSURE_V2::kvp2.bulk10.phaselate.tighttight.s20260914,FAMILY_C_KV_PRESSURE_V2,estimated_service_time_first,0.9,FAMILY_C_RECONSTRUCTION_V1,success
FAMILY_C_KV_PRESSURE_V2::kvp2.bulk10.phaselate.tighttight.s20260914,FAMILY_C_KV_PRESSURE_V2,full_prefill,0.9,FAMILY_C_RECONSTRUCTION_V1,success
FAMILY_C_KV_PRESSURE_V2::kvp2.bulk10.phaselate.tighttight.s20260914,FAMILY_C_KV_PRESSURE_V2,kv_constrained_online,0.9,FAMILY_C_RECONSTRUCTION_V1,success
FAMILY_C_KV_PRESSURE_V2::kvp2.bulk10.phaselate.tighttight.s20260914,FAMILY_C_KV_PRESSURE_V2,least_laxity_first,0.75,FAMILY_C_RECONSTRUCTION_V1,success
FAMILY_C_KV_PRESSURE_V2::kvp2.bulk10.phaselate.tighttight.s20260914,FAMILY_C_KV_PRESSURE_V2,weighted_fair_share,0.9,FAMILY_C_RECONSTRUCTION_V1,success
FAMILY_C_KV_PRESSURE_V2::kvp2.bulk10.phaselate.tighttight.s20260915,FAMILY_C_KV_PRESSURE_V2,chunked_prefill_small,0.6,FAMILY_C_RECONSTRUCTION_V1,success
FAMILY_C_KV_PRESSURE_V2::kvp2.bulk10.phaselate.tighttight.s20260915,FAMILY_C_KV_PRESSURE_V2,estimated_service_time_first,0.7,FAMILY_C_RECONSTRUCTION_V1,success
FAMILY_C_KV_PRESSURE_V2::kvp2.bulk10.phaselate.tighttight.s20260915,FAMILY_C_KV_PRESSURE_V2,full_prefill,0.6,FAMILY_C_RECONSTRUCTION_V1,success
FAMILY_C_KV_PRESSURE_V2::kvp2.bulk10.phaselate.tighttight.s20260915,FAMILY_C_KV_PRESSURE_V2,kv_constrained_online,0.7,FAMILY_C_RECONSTRUCTION_V1,success
FAMILY_C_KV_PRESSURE_V2::kvp2.bulk10.phaselate.tighttight.s20260915,FAMILY_C_KV_PRESSURE_V2,least_laxity_first,0.6,FAMILY_C_RECONSTRUCTION_V1,success
FAMILY_C_KV_PRESSURE_V2::kvp2.bulk10.phaselate.tighttight.s20260915,FAMILY_C_KV_PRESSURE_V2,weighted_fair_share,0.7,FAMILY_C_RECONSTRUCTION_V1,success
FAMILY_C_KV_PRESSURE_V2::kvp2.bulk10.phasemiddle.tightloose.s20260910,FAMILY_C_KV_PRESSURE_V2,chunked_prefill_small,1.0,FAMILY_C_RECONSTRUCTION_V1,success
FAMILY_C_KV_PRESSURE_V2::kvp2.bulk10.phasemiddle.tightloose.s20260910,FAMILY_C_KV_PRESSURE_V2,estimated_service_time_first,1.0,FAMILY_C_RECONSTRUCTION_V1,success
FAMILY_C_KV_PRESSURE_V2::kvp2.bulk10.phasemiddle.tightloose.s20260910,FAMILY_C_KV_PRESSURE_V2,full_prefill,1.0,FAMILY_C_RECONSTRUCTION_V1,success
FAMILY_C_KV_PRESSURE_V2::kvp2.bulk10.phasemiddle.tightloose.s20260910,FAMILY_C_KV_PRESSURE_V2,kv_constrained_online,1.0,FAMILY_C_RECONSTRUCTION_V1,success
FAMILY_C_KV_PRESSURE_V2::kvp2.bulk10.phasemiddle.tightloose.s20260910,FAMILY_C_KV_PRESSURE_V2,least_laxity_first,1.0,FAMILY_C_RECONSTRUCTION_V1,success
FAMILY_C_KV_PRESSURE_V2::kvp2.bulk10.phasemiddle.tightloose.s20260910,FAMILY_C_KV_PRESSURE_V2,weighted_fair_share,1.0,FAMILY_C_RECONSTRUCTION_V1,success
FAMILY_C_KV_PRESSURE_V2::kvp2.bulk10.phasemiddle.tightloose.s20260911,FAMILY_C_KV_PRESSURE_V2,chunked_prefill_small,1.0,FAMILY_C_RECONSTRUCTION_V1,success
FAMILY_C_KV_PRESSURE_V2::kvp2.bulk10.phasemiddle.tightloose.s20260911,FAMILY_C_KV_PRESSURE_V2,estimated_service_time_first,0.95,FAMILY_C_RECONSTRUCTION_V1,success
FAMILY_C_KV_PRESSURE_V2::kvp2.bulk10.phasemiddle.tightloose.s20260911,FAMILY_C_KV_PRESSURE_V2,full_prefill,1.0,FAMILY_C_RECONSTRUCTION_V1,success
FAMILY_C_KV_PRESSURE_V2::kvp2.bulk10.phasemiddle.tightloose.s20260911,FAMILY_C_KV_PRESSURE_V2,kv_constrained_online,1.0,FAMILY_C_RECONSTRUCTION_V1,success
FAMILY_C_KV_PRESSURE_V2::kvp2.bulk10.phasemiddle.tightloose.s20260911,FAMILY_C_KV_PRESSURE_V2,least_laxity_first,1.0,FAMILY_C_RECONSTRUCTION_V1,success
FAMILY_C_KV_PRESSURE_V2::kvp2.bulk10.phasemiddle.tightloose.s20260911,FAMILY_C_KV_PRESSURE_V2,weighted_fair_share,1.0,FAMILY_C_RECONSTRUCTION_V1,success
FAMILY_C_KV_PRESSURE_V2::kvp2.bulk10.phasemiddle.tightloose.s20260912,FAMILY_C_KV_PRESSURE_V2,chunked_prefill_small,1.0,FAMILY_C_RECONSTRUCTION_V1,success
FAMILY_C_KV_PRESSURE_V2::kvp2.bulk10.phasemiddle.tightloose.s20260912,FAMILY_C_KV_PRESSURE_V2,estimated_service_time_first,0.95,FAMILY_C_RECONSTRUCTION_V1,success
FAMILY_C_KV_PRESSURE_V2::kvp2.bulk10.phasemiddle.tightloose.s20260912,FAMILY_C_KV_PRESSURE_V2,full_prefill,1.0,FAMILY_C_RECONSTRUCTION_V1,success
FAMILY_C_KV_PRESSURE_V2::kvp2.bulk10.phasemiddle.tightloose.s20260912,FAMILY_C_KV_PRESSURE_V2,kv_constrained_online,1.0,FAMILY_C_RECONSTRUCTION_V1,success
FAMILY_C_KV_PRESSURE_V2::kvp2.bulk10.phasemiddle.tightloose.s20260912,FAMILY_C_KV_PRESSURE_V2,least_laxity_first,1.0,FAMILY_C_RECONSTRUCTION_V1,success
FAMILY_C_KV_PRESSURE_V2::kvp2.bulk10.phasemiddle.tightloose.s20260912,FAMILY_C_KV_PRESSURE_V2,weighted_fair_share,0.95,FAMILY_C_RECONSTRUCTION_V1,success
FAMILY_C_KV_PRESSURE_V2::kvp2.bulk10.phasemiddle.tightloose.s20260913,FAMILY_C_KV_PRESSURE_V2,chunked_prefill_small,1.0,FAMILY_C_RECONSTRUCTION_V1,success
FAMILY_C_KV_PRESSURE_V2::kvp2.bulk10.phasemiddle.tightloose.s20260913,FAMILY_C_KV_PRESSURE_V2,estimated_service_time_first,1.0,FAMILY_C_RECONSTRUCTION_V1,success
FAMILY_C_KV_PRESSURE_V2::kvp2.bulk10.phasemiddle.tightloose.s20260913,FAMILY_C_KV_PRESSURE_V2,full_prefill,1.0,FAMILY_C_RECONSTRUCTION_V1,success
FAMILY_C_KV_PRESSURE_V2::kvp2.bulk10.phasemiddle.tightloose.s20260913,FAMILY_C_KV_PRESSURE_V2,kv_constrained_online,1.0,FAMILY_C_RECONSTRUCTION_V1,success
FAMILY_C_KV_PRESSURE_V2::kvp2.bulk10.phasemiddle.tightloose.s20260913,FAMILY_C_KV_PRESSURE_V2,least_laxity_first,1.0,FAMILY_C_RECONSTRUCTION_V1,success
FAMILY_C_KV_PRESSURE_V2::kvp2.bulk10.phasemiddle.tightloose.s20260913,FAMILY_C_KV_PRESSURE_V2,weighted_fair_share,1.0,FAMILY_C_RECONSTRUCTION_V1,success
FAMILY_C_KV_PRESSURE_V2::kvp2.bulk10.phasemiddle.tightloose.s20260914,FAMILY_C_KV_PRESSURE_V2,chunked_prefill_small,1.0,FAMILY_C_RECONSTRUCTION_V1,success
FAMILY_C_KV_PRESSURE_V2::kvp2.bulk10.phasemiddle.tightloose.s20260914,FAMILY_C_KV_PRESSURE_V2,estimated_service_time_first,1.0,FAMILY_C_RECONSTRUCTION_V1,success
FAMILY_C_KV_PRESSURE_V2::kvp2.bulk10.phasemiddle.tightloose.s20260914,FAMILY_C_KV_PRESSURE_V2,full_prefill,1.0,FAMILY_C_RECONSTRUCTION_V1,success
FAMILY_C_KV_PRESSURE_V2::kvp2.bulk10.phasemiddle.tightloose.s20260914,FAMILY_C_KV_PRESSURE_V2,kv_constrained_online,1.0,FAMILY_C_RECONSTRUCTION_V1,success
FAMILY_C_KV_PRESSURE_V2::kvp2.bulk10.phasemiddle.tightloose.s20260914,FAMILY_C_KV_PRESSURE_V2,least_laxity_first,1.0,FAMILY_C_RECONSTRUCTION_V1,success
FAMILY_C_KV_PRESSURE_V2::kvp2.bulk10.phasemiddle.tightloose.s20260914,FAMILY_C_KV_PRESSURE_V2,weighted_fair_share,1.0,FAMILY_C_RECONSTRUCTION_V1,success
FAMILY_C_KV_PRESSURE_V2::kvp2.bulk10.phasemiddle.tightloose.s20260915,FAMILY_C_KV_PRESSURE_V2,chunked_prefill_small,0.95,FAMILY_C_RECONSTRUCTION_V1,success
FAMILY_C_KV_PRESSURE_V2::kvp2.bulk10.phasemiddle.tightloose.s20260915,FAMILY_C_KV_PRESSURE_V2,estimated_service_time_first,0.95,FAMILY_C_RECONSTRUCTION_V1,success
FAMILY_C_KV_PRESSURE_V2::kvp2.bulk10.phasemiddle.tightloose.s20260915,FAMILY_C_KV_PRESSURE_V2,full_prefill,0.95,FAMILY_C_RECONSTRUCTION_V1,success
FAMILY_C_KV_PRESSURE_V2::kvp2.bulk10.phasemiddle.tightloose.s20260915,FAMILY_C_KV_PRESSURE_V2,kv_constrained_online,1.0,FAMILY_C_RECONSTRUCTION_V1,success
FAMILY_C_KV_PRESSURE_V2::kvp2.bulk10.phasemiddle.tightloose.s20260915,FAMILY_C_KV_PRESSURE_V2,least_laxity_first,1.0,FAMILY_C_RECONSTRUCTION_V1,success
FAMILY_C_KV_PRESSURE_V2::kvp2.bulk10.phasemiddle.tightloose.s20260915,FAMILY_C_KV_PRESSURE_V2,weighted_fair_share,0.95,FAMILY_C_RECONSTRUCTION_V1,success
FAMILY_C_KV_PRESSURE_V2::kvp2.bulk10.phasemiddle.tighttight.s20260910,FAMILY_C_KV_PRESSURE_V2,chunked_prefill_small,0.8,FAMILY_C_RECONSTRUCTION_V1,success
FAMILY_C_KV_PRESSURE_V2::kvp2.bulk10.phasemiddle.tighttight.s20260910,FAMILY_C_KV_PRESSURE_V2,estimated_service_time_first,0.95,FAMILY_C_RECONSTRUCTION_V1,success
FAMILY_C_KV_PRESSURE_V2::kvp2.bulk10.phasemiddle.tighttight.s20260910,FAMILY_C_KV_PRESSURE_V2,full_prefill,0.8,FAMILY_C_RECONSTRUCTION_V1,success
FAMILY_C_KV_PRESSURE_V2::kvp2.bulk10.phasemiddle.tighttight.s20260910,FAMILY_C_KV_PRESSURE_V2,kv_constrained_online,1.0,FAMILY_C_RECONSTRUCTION_V1,success
FAMILY_C_KV_PRESSURE_V2::kvp2.bulk10.phasemiddle.tighttight.s20260910,FAMILY_C_KV_PRESSURE_V2,least_laxity_first,0.9,FAMILY_C_RECONSTRUCTION_V1,success
FAMILY_C_KV_PRESSURE_V2::kvp2.bulk10.phasemiddle.tighttight.s20260910,FAMILY_C_KV_PRESSURE_V2,weighted_fair_share,0.95,FAMILY_C_RECONSTRUCTION_V1,success
FAMILY_C_KV_PRESSURE_V2::kvp2.bulk10.phasemiddle.tighttight.s20260911,FAMILY_C_KV_PRESSURE_V2,chunked_prefill_small,0.8,FAMILY_C_RECONSTRUCTION_V1,success
FAMILY_C_KV_PRESSURE_V2::kvp2.bulk10.phasemiddle.tighttight.s20260911,FAMILY_C_KV_PRESSURE_V2,estimated_service_time_first,0.8,FAMILY_C_RECONSTRUCTION_V1,success
FAMILY_C_KV_PRESSURE_V2::kvp2.bulk10.phasemiddle.tighttight.s20260911,FAMILY_C_KV_PRESSURE_V2,full_prefill,0.8,FAMILY_C_RECONSTRUCTION_V1,success
FAMILY_C_KV_PRESSURE_V2::kvp2.bulk10.phasemiddle.tighttight.s20260911,FAMILY_C_KV_PRESSURE_V2,kv_constrained_online,0.85,FAMILY_C_RECONSTRUCTION_V1,success
FAMILY_C_KV_PRESSURE_V2::kvp2.bulk10.phasemiddle.tighttight.s20260911,FAMILY_C_KV_PRESSURE_V2,least_laxity_first,0.75,FAMILY_C_RECONSTRUCTION_V1,success
FAMILY_C_KV_PRESSURE_V2::kvp2.bulk10.phasemiddle.tighttight.s20260911,FAMILY_C_KV_PRESSURE_V2,weighted_fair_share,0.85,FAMILY_C_RECONSTRUCTION_V1,success
FAMILY_C_KV_PRESSURE_V2::kvp2.bulk10.phasemiddle.tighttight.s20260912,FAMILY_C_KV_PRESSURE_V2,chunked_prefill_small,0.8,FAMILY_C_RECONSTRUCTION_V1,success
FAMILY_C_KV_PRESSURE_V2::kvp2.bulk10.phasemiddle.tighttight.s20260912,FAMILY_C_KV_PRESSURE_V2,estimated_service_time_first,0.8,FAMILY_C_RECONSTRUCTION_V1,success
FAMILY_C_KV_PRESSURE_V2::kvp2.bulk10.phasemiddle.tighttight.s20260912,FAMILY_C_KV_PRESSURE_V2,full_prefill,0.8,FAMILY_C_RECONSTRUCTION_V1,success
FAMILY_C_KV_PRESSURE_V2::kvp2.bulk10.phasemiddle.tighttight.s20260912,FAMILY_C_KV_PRESSURE_V2,kv_constrained_online,0.7,FAMILY_C_RECONSTRUCTION_V1,success
FAMILY_C_KV_PRESSURE_V2::kvp2.bulk10.phasemiddle.tighttight.s20260912,FAMILY_C_KV_PRESSURE_V2,least_laxity_first,0.55,FAMILY_C_RECONSTRUCTION_V1,success
FAMILY_C_KV_PRESSURE_V2::kvp2.bulk10.phasemiddle.tighttight.s20260912,FAMILY_C_KV_PRESSURE_V2,weighted_fair_share,0.75,FAMILY_C_RECONSTRUCTION_V1,success
FAMILY_C_KV_PRESSURE_V2::kvp2.bulk10.phasemiddle.tighttight.s20260913,FAMILY_C_KV_PRESSURE_V2,chunked_prefill_small,0.8,FAMILY_C_RECONSTRUCTION_V1,success
FAMILY_C_KV_PRESSURE_V2::kvp2.bulk10.phasemiddle.tighttight.s20260913,FAMILY_C_KV_PRESSURE_V2,estimated_service_time_first,0.8,FAMILY_C_RECONSTRUCTION_V1,success
FAMILY_C_KV_PRESSURE_V2::kvp2.bulk10.phasemiddle.tighttight.s20260913,FAMILY_C_KV_PRESSURE_V2,full_prefill,0.8,FAMILY_C_RECONSTRUCTION_V1,success
FAMILY_C_KV_PRESSURE_V2::kvp2.bulk10.phasemiddle.tighttight.s20260913,FAMILY_C_KV_PRESSURE_V2,kv_constrained_online,0.85,FAMILY_C_RECONSTRUCTION_V1,success
FAMILY_C_KV_PRESSURE_V2::kvp2.bulk10.phasemiddle.tighttight.s20260913,FAMILY_C_KV_PRESSURE_V2,least_laxity_first,0.7,FAMILY_C_RECONSTRUCTION_V1,success
FAMILY_C_KV_PRESSURE_V2::kvp2.bulk10.phasemiddle.tighttight.s20260913,FAMILY_C_KV_PRESSURE_V2,weighted_fair_share,0.8,FAMILY_C_RECONSTRUCTION_V1,success
FAMILY_C_KV_PRESSURE_V2::kvp2.bulk10.phasemiddle.tighttight.s20260914,FAMILY_C_KV_PRESSURE_V2,chunked_prefill_small,0.85,FAMILY_C_RECONSTRUCTION_V1,success
FAMILY_C_KV_PRESSURE_V2::kvp2.bulk10.phasemiddle.tighttight.s20260914,FAMILY_C_KV_PRESSURE_V2,estimated_service_time_first,0.9,FAMILY_C_RECONSTRUCTION_V1,success
FAMILY_C_KV_PRESSURE_V2::kvp2.bulk10.phasemiddle.tighttight.s20260914,FAMILY_C_KV_PRESSURE_V2,full_prefill,0.85,FAMILY_C_RECONSTRUCTION_V1,success
FAMILY_C_KV_PRESSURE_V2::kvp2.bulk10.phasemiddle.tighttight.s20260914,FAMILY_C_KV_PRESSURE_V2,kv_constrained_online,0.95,FAMILY_C_RECONSTRUCTION_V1,success
FAMILY_C_KV_PRESSURE_V2::kvp2.bulk10.phasemiddle.tighttight.s20260914,FAMILY_C_KV_PRESSURE_V2,least_laxity_first,0.65,FAMILY_C_RECONSTRUCTION_V1,success
FAMILY_C_KV_PRESSURE_V2::kvp2.bulk10.phasemiddle.tighttight.s20260914,FAMILY_C_KV_PRESSURE_V2,weighted_fair_share,0.9,FAMILY_C_RECONSTRUCTION_V1,success
FAMILY_C_KV_PRESSURE_V2::kvp2.bulk10.phasemiddle.tighttight.s20260915,FAMILY_C_KV_PRESSURE_V2,chunked_prefill_small,0.6,FAMILY_C_RECONSTRUCTION_V1,success
FAMILY_C_KV_PRESSURE_V2::kvp2.bulk10.phasemiddle.tighttight.s20260915,FAMILY_C_KV_PRESSURE_V2,estimated_service_time_first,0.65,FAMILY_C_RECONSTRUCTION_V1,success
FAMILY_C_KV_PRESSURE_V2::kvp2.bulk10.phasemiddle.tighttight.s20260915,FAMILY_C_KV_PRESSURE_V2,full_prefill,0.6,FAMILY_C_RECONSTRUCTION_V1,success
FAMILY_C_KV_PRESSURE_V2::kvp2.bulk10.phasemiddle.tighttight.s20260915,FAMILY_C_KV_PRESSURE_V2,kv_constrained_online,0.7,FAMILY_C_RECONSTRUCTION_V1,success
FAMILY_C_KV_PRESSURE_V2::kvp2.bulk10.phasemiddle.tighttight.s20260915,FAMILY_C_KV_PRESSURE_V2,least_laxity_first,0.55,FAMILY_C_RECONSTRUCTION_V1,success
FAMILY_C_KV_PRESSURE_V2::kvp2.bulk10.phasemiddle.tighttight.s20260915,FAMILY_C_KV_PRESSURE_V2,weighted_fair_share,0.65,FAMILY_C_RECONSTRUCTION_V1,success
FAMILY_C_KV_PRESSURE_V2::kvp2.bulk24.phaseearly.tightloose.s20260910,FAMILY_C_KV_PRESSURE_V2,chunked_prefill_small,0.8823529411764706,FAMILY_C_RECONSTRUCTION_V1,success
FAMILY_C_KV_PRESSURE_V2::kvp2.bulk24.phaseearly.tightloose.s20260910,FAMILY_C_KV_PRESSURE_V2,estimated_service_time_first,0.9117647058823529,FAMILY_C_RECONSTRUCTION_V1,success
FAMILY_C_KV_PRESSURE_V2::kvp2.bulk24.phaseearly.tightloose.s20260910,FAMILY_C_KV_PRESSURE_V2,full_prefill,0.8823529411764706,FAMILY_C_RECONSTRUCTION_V1,success
FAMILY_C_KV_PRESSURE_V2::kvp2.bulk24.phaseearly.tightloose.s20260910,FAMILY_C_KV_PRESSURE_V2,kv_constrained_online,0.9117647058823529,FAMILY_C_RECONSTRUCTION_V1,success
FAMILY_C_KV_PRESSURE_V2::kvp2.bulk24.phaseearly.tightloose.s20260910,FAMILY_C_KV_PRESSURE_V2,least_laxity_first,0.7352941176470589,FAMILY_C_RECONSTRUCTION_V1,success
FAMILY_C_KV_PRESSURE_V2::kvp2.bulk24.phaseearly.tightloose.s20260910,FAMILY_C_KV_PRESSURE_V2,weighted_fair_share,0.8529411764705882,FAMILY_C_RECONSTRUCTION_V1,success
FAMILY_C_KV_PRESSURE_V2::kvp2.bulk24.phaseearly.tightloose.s20260911,FAMILY_C_KV_PRESSURE_V2,chunked_prefill_small,0.7352941176470589,FAMILY_C_RECONSTRUCTION_V1,success
FAMILY_C_KV_PRESSURE_V2::kvp2.bulk24.phaseearly.tightloose.s20260911,FAMILY_C_KV_PRESSURE_V2,estimated_service_time_first,0.7941176470588235,FAMILY_C_RECONSTRUCTION_V1,success
FAMILY_C_KV_PRESSURE_V2::kvp2.bulk24.phaseearly.tightloose.s20260911,FAMILY_C_KV_PRESSURE_V2,full_prefill,0.7352941176470589,FAMILY_C_RECONSTRUCTION_V1,success
FAMILY_C_KV_PRESSURE_V2::kvp2.bulk24.phaseearly.tightloose.s20260911,FAMILY_C_KV_PRESSURE_V2,kv_constrained_online,0.8235294117647058,FAMILY_C_RECONSTRUCTION_V1,success
FAMILY_C_KV_PRESSURE_V2::kvp2.bulk24.phaseearly.tightloose.s20260911,FAMILY_C_KV_PRESSURE_V2,least_laxity_first,0.5588235294117647,FAMILY_C_RECONSTRUCTION_V1,success
FAMILY_C_KV_PRESSURE_V2::kvp2.bulk24.phaseearly.tightloose.s20260911,FAMILY_C_KV_PRESSURE_V2,weighted_fair_share,0.7941176470588235,FAMILY_C_RECONSTRUCTION_V1,success
FAMILY_C_KV_PRESSURE_V2::kvp2.bulk24.phaseearly.tightloose.s20260912,FAMILY_C_KV_PRESSURE_V2,chunked_prefill_small,0.8823529411764706,FAMILY_C_RECONSTRUCTION_V1,success
FAMILY_C_KV_PRESSURE_V2::kvp2.bulk24.phaseearly.tightloose.s20260912,FAMILY_C_KV_PRESSURE_V2,estimated_service_time_first,0.8235294117647058,FAMILY_C_RECONSTRUCTION_V1,success
FAMILY_C_KV_PRESSURE_V2::kvp2.bulk24.phaseearly.tightloose.s20260912,FAMILY_C_KV_PRESSURE_V2,full_prefill,0.8823529411764706,FAMILY_C_RECONSTRUCTION_V1,success
FAMILY_C_KV_PRESSURE_V2::kvp2.bulk24.phaseearly.tightloose.s20260912,FAMILY_C_KV_PRESSURE_V2,kv_constrained_online,0.9117647058823529,FAMILY_C_RECONSTRUCTION_V1,success
FAMILY_C_KV_PRESSURE_V2::kvp2.bulk24.phaseearly.tightloose.s20260912,FAMILY_C_KV_PRESSURE_V2,least_laxity_first,0.7647058823529411,FAMILY_C_RECONSTRUCTION_V1,success
FAMILY_C_KV_PRESSURE_V2::kvp2.bulk24.phaseearly.tightloose.s20260912,FAMILY_C_KV_PRESSURE_V2,weighted_fair_share,0.8235294117647058,FAMILY_C_RECONSTRUCTION_V1,success
FAMILY_C_KV_PRESSURE_V2::kvp2.bulk24.phaseearly.tightloose.s20260913,FAMILY_C_KV_PRESSURE_V2,chunked_prefill_small,0.7058823529411765,FAMILY_C_RECONSTRUCTION_V1,success
FAMILY_C_KV_PRESSURE_V2::kvp2.bulk24.phaseearly.tightloose.s20260913,FAMILY_C_KV_PRESSURE_V2,estimated_service_time_first,0.7941176470588235,FAMILY_C_RECONSTRUCTION_V1,success
FAMILY_C_KV_PRESSURE_V2::kvp2.bulk24.phaseearly.tightloose.s20260913,FAMILY_C_KV_PRESSURE_V2,full_prefill,0.7058823529411765,FAMILY_C_RECONSTRUCTION_V1,success
FAMILY_C_KV_PRESSURE_V2::kvp2.bulk24.phaseearly.tightloose.s20260913,FAMILY_C_KV_PRESSURE_V2,kv_constrained_online,0.7647058823529411,FAMILY_C_RECONSTRUCTION_V1,success
FAMILY_C_KV_PRESSURE_V2::kvp2.bulk24.phaseearly.tightloose.s20260913,FAMILY_C_KV_PRESSURE_V2,least_laxity_first,0.6764705882352942,FAMILY_C_RECONSTRUCTION_V1,success
FAMILY_C_KV_PRESSURE_V2::kvp2.bulk24.phaseearly.tightloose.s20260913,FAMILY_C_KV_PRESSURE_V2,weighted_fair_share,0.7941176470588235,FAMILY_C_RECONSTRUCTION_V1,success
FAMILY_C_KV_PRESSURE_V2::kvp2.bulk24.phaseearly.tightloose.s20260914,FAMILY_C_KV_PRESSURE_V2,chunked_prefill_small,1.0,FAMILY_C_RECONSTRUCTION_V1,success
FAMILY_C_KV_PRESSURE_V2::kvp2.bulk24.phaseearly.tightloose.s20260914,FAMILY_C_KV_PRESSURE_V2,estimated_service_time_first,0.9705882352941176,FAMILY_C_RECONSTRUCTION_V1,success
FAMILY_C_KV_PRESSURE_V2::kvp2.bulk24.phaseearly.tightloose.s20260914,FAMILY_C_KV_PRESSURE_V2,full_prefill,1.0,FAMILY_C_RECONSTRUCTION_V1,success
FAMILY_C_KV_PRESSURE_V2::kvp2.bulk24.phaseearly.tightloose.s20260914,FAMILY_C_KV_PRESSURE_V2,kv_constrained_online,0.9411764705882353,FAMILY_C_RECONSTRUCTION_V1,success
FAMILY_C_KV_PRESSURE_V2::kvp2.bulk24.phaseearly.tightloose.s20260914,FAMILY_C_KV_PRESSURE_V2,least_laxity_first,0.7647058823529411,FAMILY_C_RECONSTRUCTION_V1,success
FAMILY_C_KV_PRESSURE_V2::kvp2.bulk24.phaseearly.tightloose.s20260914,FAMILY_C_KV_PRESSURE_V2,weighted_fair_share,0.9117647058823529,FAMILY_C_RECONSTRUCTION_V1,success
FAMILY_C_KV_PRESSURE_V2::kvp2.bulk24.phaseearly.tightloose.s20260915,FAMILY_C_KV_PRESSURE_V2,chunked_prefill_small,0.7647058823529411,FAMILY_C_RECONSTRUCTION_V1,success
FAMILY_C_KV_PRESSURE_V2::kvp2.bulk24.phaseearly.tightloose.s20260915,FAMILY_C_KV_PRESSURE_V2,estimated_service_time_first,0.7647058823529411,FAMILY_C_RECONSTRUCTION_V1,success
FAMILY_C_KV_PRESSURE_V2::kvp2.bulk24.phaseearly.tightloose.s20260915,FAMILY_C_KV_PRESSURE_V2,full_prefill,0.7647058823529411,FAMILY_C_RECONSTRUCTION_V1,success
FAMILY_C_KV_PRESSURE_V2::kvp2.bulk24.phaseearly.tightloose.s20260915,FAMILY_C_KV_PRESSURE_V2,kv_constrained_online,0.7647058823529411,FAMILY_C_RECONSTRUCTION_V1,success
FAMILY_C_KV_PRESSURE_V2::kvp2.bulk24.phaseearly.tightloose.s20260915,FAMILY_C_KV_PRESSURE_V2,least_laxity_first,0.5588235294117647,FAMILY_C_RECONSTRUCTION_V1,success
FAMILY_C_KV_PRESSURE_V2::kvp2.bulk24.phaseearly.tightloose.s20260915,FAMILY_C_KV_PRESSURE_V2,weighted_fair_share,0.7647058823529411,FAMILY_C_RECONSTRUCTION_V1,success
FAMILY_C_KV_PRESSURE_V2::kvp2.bulk24.phaseearly.tighttight.s20260910,FAMILY_C_KV_PRESSURE_V2,chunked_prefill_small,0.7647058823529411,FAMILY_C_RECONSTRUCTION_V1,success
FAMILY_C_KV_PRESSURE_V2::kvp2.bulk24.phaseearly.tighttight.s20260910,FAMILY_C_KV_PRESSURE_V2,estimated_service_time_first,0.7647058823529411,FAMILY_C_RECONSTRUCTION_V1,success
FAMILY_C_KV_PRESSURE_V2::kvp2.bulk24.phaseearly.tighttight.s20260910,FAMILY_C_KV_PRESSURE_V2,full_prefill,0.7647058823529411,FAMILY_C_RECONSTRUCTION_V1,success
FAMILY_C_KV_PRESSURE_V2::kvp2.bulk24.phaseearly.tighttight.s20260910,FAMILY_C_KV_PRESSURE_V2,kv_constrained_online,0.7647058823529411,FAMILY_C_RECONSTRUCTION_V1,success
FAMILY_C_KV_PRESSURE_V2::kvp2.bulk24.phaseearly.tighttight.s20260910,FAMILY_C_KV_PRESSURE_V2,least_laxity_first,0.5294117647058824,FAMILY_C_RECONSTRUCTION_V1,success
FAMILY_C_KV_PRESSURE_V2::kvp2.bulk24.phaseearly.tighttight.s20260910,FAMILY_C_KV_PRESSURE_V2,weighted_fair_share,0.7058823529411765,FAMILY_C_RECONSTRUCTION_V1,success
FAMILY_C_KV_PRESSURE_V2::kvp2.bulk24.phaseearly.tighttight.s20260911,FAMILY_C_KV_PRESSURE_V2,chunked_prefill_small,0.6176470588235294,FAMILY_C_RECONSTRUCTION_V1,success
FAMILY_C_KV_PRESSURE_V2::kvp2.bulk24.phaseearly.tighttight.s20260911,FAMILY_C_KV_PRESSURE_V2,estimated_service_time_first,0.7058823529411765,FAMILY_C_RECONSTRUCTION_V1,success
FAMILY_C_KV_PRESSURE_V2::kvp2.bulk24.phaseearly.tighttight.s20260911,FAMILY_C_KV_PRESSURE_V2,full_prefill,0.6176470588235294,FAMILY_C_RECONSTRUCTION_V1,success
FAMILY_C_KV_PRESSURE_V2::kvp2.bulk24.phaseearly.tighttight.s20260911,FAMILY_C_KV_PRESSURE_V2,kv_constrained_online,0.7352941176470589,FAMILY_C_RECONSTRUCTION_V1,success
FAMILY_C_KV_PRESSURE_V2::kvp2.bulk24.phaseearly.tighttight.s20260911,FAMILY_C_KV_PRESSURE_V2,least_laxity_first,0.5,FAMILY_C_RECONSTRUCTION_V1,success
FAMILY_C_KV_PRESSURE_V2::kvp2.bulk24.phaseearly.tighttight.s20260911,FAMILY_C_KV_PRESSURE_V2,weighted_fair_share,0.7058823529411765,FAMILY_C_RECONSTRUCTION_V1,success
FAMILY_C_KV_PRESSURE_V2::kvp2.bulk24.phaseearly.tighttight.s20260912,FAMILY_C_KV_PRESSURE_V2,chunked_prefill_small,0.7941176470588235,FAMILY_C_RECONSTRUCTION_V1,success
FAMILY_C_KV_PRESSURE_V2::kvp2.bulk24.phaseearly.tighttight.s20260912,FAMILY_C_KV_PRESSURE_V2,estimated_service_time_first,0.7647058823529411,FAMILY_C_RECONSTRUCTION_V1,success
FAMILY_C_KV_PRESSURE_V2::kvp2.bulk24.phaseearly.tighttight.s20260912,FAMILY_C_KV_PRESSURE_V2,full_prefill,0.7941176470588235,FAMILY_C_RECONSTRUCTION_V1,success
FAMILY_C_KV_PRESSURE_V2::kvp2.bulk24.phaseearly.tighttight.s20260912,FAMILY_C_KV_PRESSURE_V2,kv_constrained_online,0.7647058823529411,FAMILY_C_RECONSTRUCTION_V1,success
FAMILY_C_KV_PRESSURE_V2::kvp2.bulk24.phaseearly.tighttight.s20260912,FAMILY_C_KV_PRESSURE_V2,least_laxity_first,0.6470588235294118,FAMILY_C_RECONSTRUCTION_V1,success
FAMILY_C_KV_PRESSURE_V2::kvp2.bulk24.phaseearly.tighttight.s20260912,FAMILY_C_KV_PRESSURE_V2,weighted_fair_share,0.7058823529411765,FAMILY_C_RECONSTRUCTION_V1,success
FAMILY_C_KV_PRESSURE_V2::kvp2.bulk24.phaseearly.tighttight.s20260913,FAMILY_C_KV_PRESSURE_V2,chunked_prefill_small,0.5882352941176471,FAMILY_C_RECONSTRUCTION_V1,success
FAMILY_C_KV_PRESSURE_V2::kvp2.bulk24.phaseearly.tighttight.s20260913,FAMILY_C_KV_PRESSURE_V2,estimated_service_time_first,0.6764705882352942,FAMILY_C_RECONSTRUCTION_V1,success
FAMILY_C_KV_PRESSURE_V2::kvp2.bulk24.phaseearly.tighttight.s20260913,FAMILY_C_KV_PRESSURE_V2,full_prefill,0.5882352941176471,FAMILY_C_RECONSTRUCTION_V1,success
FAMILY_C_KV_PRESSURE_V2::kvp2.bulk24.phaseearly.tighttight.s20260913,FAMILY_C_KV_PRESSURE_V2,kv_constrained_online,0.6764705882352942,FAMILY_C_RECONSTRUCTION_V1,success
FAMILY_C_KV_PRESSURE_V2::kvp2.bulk24.phaseearly.tighttight.s20260913,FAMILY_C_KV_PRESSURE_V2,least_laxity_first,0.5,FAMILY_C_RECONSTRUCTION_V1,success
FAMILY_C_KV_PRESSURE_V2::kvp2.bulk24.phaseearly.tighttight.s20260913,FAMILY_C_KV_PRESSURE_V2,weighted_fair_share,0.7058823529411765,FAMILY_C_RECONSTRUCTION_V1,success
FAMILY_C_KV_PRESSURE_V2::kvp2.bulk24.phaseearly.tighttight.s20260914,FAMILY_C_KV_PRESSURE_V2,chunked_prefill_small,1.0,FAMILY_C_RECONSTRUCTION_V1,success
FAMILY_C_KV_PRESSURE_V2::kvp2.bulk24.phaseearly.tighttight.s20260914,FAMILY_C_KV_PRESSURE_V2,estimated_service_time_first,0.9705882352941176,FAMILY_C_RECONSTRUCTION_V1,success
FAMILY_C_KV_PRESSURE_V2::kvp2.bulk24.phaseearly.tighttight.s20260914,FAMILY_C_KV_PRESSURE_V2,full_prefill,1.0,FAMILY_C_RECONSTRUCTION_V1,success
FAMILY_C_KV_PRESSURE_V2::kvp2.bulk24.phaseearly.tighttight.s20260914,FAMILY_C_KV_PRESSURE_V2,kv_constrained_online,0.9411764705882353,FAMILY_C_RECONSTRUCTION_V1,success
FAMILY_C_KV_PRESSURE_V2::kvp2.bulk24.phaseearly.tighttight.s20260914,FAMILY_C_KV_PRESSURE_V2,least_laxity_first,0.7058823529411765,FAMILY_C_RECONSTRUCTION_V1,success
FAMILY_C_KV_PRESSURE_V2::kvp2.bulk24.phaseearly.tighttight.s20260914,FAMILY_C_KV_PRESSURE_V2,weighted_fair_share,0.8823529411764706,FAMILY_C_RECONSTRUCTION_V1,success
FAMILY_C_KV_PRESSURE_V2::kvp2.bulk24.phaseearly.tighttight.s20260915,FAMILY_C_KV_PRESSURE_V2,chunked_prefill_small,0.7058823529411765,FAMILY_C_RECONSTRUCTION_V1,success
FAMILY_C_KV_PRESSURE_V2::kvp2.bulk24.phaseearly.tighttight.s20260915,FAMILY_C_KV_PRESSURE_V2,estimated_service_time_first,0.7352941176470589,FAMILY_C_RECONSTRUCTION_V1,success
FAMILY_C_KV_PRESSURE_V2::kvp2.bulk24.phaseearly.tighttight.s20260915,FAMILY_C_KV_PRESSURE_V2,full_prefill,0.7058823529411765,FAMILY_C_RECONSTRUCTION_V1,success
FAMILY_C_KV_PRESSURE_V2::kvp2.bulk24.phaseearly.tighttight.s20260915,FAMILY_C_KV_PRESSURE_V2,kv_constrained_online,0.6764705882352942,FAMILY_C_RECONSTRUCTION_V1,success
FAMILY_C_KV_PRESSURE_V2::kvp2.bulk24.phaseearly.tighttight.s20260915,FAMILY_C_KV_PRESSURE_V2,least_laxity_first,0.5294117647058824,FAMILY_C_RECONSTRUCTION_V1,success
FAMILY_C_KV_PRESSURE_V2::kvp2.bulk24.phaseearly.tighttight.s20260915,FAMILY_C_KV_PRESSURE_V2,weighted_fair_share,0.7058823529411765,FAMILY_C_RECONSTRUCTION_V1,success
FAMILY_C_KV_PRESSURE_V2::kvp2.bulk24.phaselate.tightloose.s20260910,FAMILY_C_KV_PRESSURE_V2,chunked_prefill_small,0.9117647058823529,FAMILY_C_RECONSTRUCTION_V1,success
FAMILY_C_KV_PRESSURE_V2::kvp2.bulk24.phaselate.tightloose.s20260910,FAMILY_C_KV_PRESSURE_V2,estimated_service_time_first,0.8823529411764706,FAMILY_C_RECONSTRUCTION_V1,success
FAMILY_C_KV_PRESSURE_V2::kvp2.bulk24.phaselate.tightloose.s20260910,FAMILY_C_KV_PRESSURE_V2,full_prefill,0.9117647058823529,FAMILY_C_RECONSTRUCTION_V1,success
FAMILY_C_KV_PRESSURE_V2::kvp2.bulk24.phaselate.tightloose.s20260910,FAMILY_C_KV_PRESSURE_V2,kv_constrained_online,0.9117647058823529,FAMILY_C_RECONSTRUCTION_V1,success
FAMILY_C_KV_PRESSURE_V2::kvp2.bulk24.phaselate.tightloose.s20260910,FAMILY_C_KV_PRESSURE_V2,least_laxity_first,0.7941176470588235,FAMILY_C_RECONSTRUCTION_V1,success
FAMILY_C_KV_PRESSURE_V2::kvp2.bulk24.phaselate.tightloose.s20260910,FAMILY_C_KV_PRESSURE_V2,weighted_fair_share,0.8823529411764706,FAMILY_C_RECONSTRUCTION_V1,success
FAMILY_C_KV_PRESSURE_V2::kvp2.bulk24.phaselate.tightloose.s20260911,FAMILY_C_KV_PRESSURE_V2,chunked_prefill_small,0.8235294117647058,FAMILY_C_RECONSTRUCTION_V1,success
FAMILY_C_KV_PRESSURE_V2::kvp2.bulk24.phaselate.tightloose.s20260911,FAMILY_C_KV_PRESSURE_V2,estimated_service_time_first,0.8235294117647058,FAMILY_C_RECONSTRUCTION_V1,success
FAMILY_C_KV_PRESSURE_V2::kvp2.bulk24.phaselate.tightloose.s20260911,FAMILY_C_KV_PRESSURE_V2,full_prefill,0.8235294117647058,FAMILY_C_RECONSTRUCTION_V1,success
FAMILY_C_KV_PRESSURE_V2::kvp2.bulk24.phaselate.tightloose.s20260911,FAMILY_C_KV_PRESSURE_V2,kv_constrained_online,0.8823529411764706,FAMILY_C_RECONSTRUCTION_V1,success
FAMILY_C_KV_PRESSURE_V2::kvp2.bulk24.phaselate.tightloose.s20260911,FAMILY_C_KV_PRESSURE_V2,least_laxity_first,0.7058823529411765,FAMILY_C_RECONSTRUCTION_V1,success
FAMILY_C_KV_PRESSURE_V2::kvp2.bulk24.phaselate.tightloose.s20260911,FAMILY_C_KV_PRESSURE_V2,weighted_fair_share,0.8529411764705882,FAMILY_C_RECONSTRUCTION_V1,success
FAMILY_C_KV_PRESSURE_V2::kvp2.bulk24.phaselate.tightloose.s20260912,FAMILY_C_KV_PRESSURE_V2,chunked_prefill_small,0.9411764705882353,FAMILY_C_RECONSTRUCTION_V1,success
FAMILY_C_KV_PRESSURE_V2::kvp2.bulk24.phaselate.tightloose.s20260912,FAMILY_C_KV_PRESSURE_V2,estimated_service_time_first,0.8823529411764706,FAMILY_C_RECONSTRUCTION_V1,success
FAMILY_C_KV_PRESSURE_V2::kvp2.bulk24.phaselate.tightloose.s20260912,FAMILY_C_KV_PRESSURE_V2,full_prefill,0.9411764705882353,FAMILY_C_RECONSTRUCTION_V1,success
FAMILY_C_KV_PRESSURE_V2::kvp2.bulk24.phaselate.tightloose.s20260912,FAMILY_C_KV_PRESSURE_V2,kv_constrained_online,0.9705882352941176,FAMILY_C_RECONSTRUCTION_V1,success
FAMILY_C_KV_PRESSURE_V2::kvp2.bulk24.phaselate.tightloose.s20260912,FAMILY_C_KV_PRESSURE_V2,least_laxity_first,0.7941176470588235,FAMILY_C_RECONSTRUCTION_V1,success
FAMILY_C_KV_PRESSURE_V2::kvp2.bulk24.phaselate.tightloose.s20260912,FAMILY_C_KV_PRESSURE_V2,weighted_fair_share,0.8823529411764706,FAMILY_C_RECONSTRUCTION_V1,success
FAMILY_C_KV_PRESSURE_V2::kvp2.bulk24.phaselate.tightloose.s20260913,FAMILY_C_KV_PRESSURE_V2,chunked_prefill_small,0.8235294117647058,FAMILY_C_RECONSTRUCTION_V1,success
FAMILY_C_KV_PRESSURE_V2::kvp2.bulk24.phaselate.tightloose.s20260913,FAMILY_C_KV_PRESSURE_V2,estimated_service_time_first,0.7941176470588235,FAMILY_C_RECONSTRUCTION_V1,success
FAMILY_C_KV_PRESSURE_V2::kvp2.bulk24.phaselate.tightloose.s20260913,FAMILY_C_KV_PRESSURE_V2,full_prefill,0.8235294117647058,FAMILY_C_RECONSTRUCTION_V1,success
FAMILY_C_KV_PRESSURE_V2::kvp2.bulk24.phaselate.tightloose.s20260913,FAMILY_C_KV_PRESSURE_V2,kv_constrained_online,0.8823529411764706,FAMILY_C_RECONSTRUCTION_V1,success
FAMILY_C_KV_PRESSURE_V2::kvp2.bulk24.phaselate.tightloose.s20260913,FAMILY_C_KV_PRESSURE_V2,least_laxity_first,0.8235294117647058,FAMILY_C_RECONSTRUCTION_V1,success
FAMILY_C_KV_PRESSURE_V2::kvp2.bulk24.phaselate.tightloose.s20260913,FAMILY_C_KV_PRESSURE_V2,weighted_fair_share,0.8529411764705882,FAMILY_C_RECONSTRUCTION_V1,success
FAMILY_C_KV_PRESSURE_V2::kvp2.bulk24.phaselate.tightloose.s20260914,FAMILY_C_KV_PRESSURE_V2,chunked_prefill_small,0.9705882352941176,FAMILY_C_RECONSTRUCTION_V1,success
FAMILY_C_KV_PRESSURE_V2::kvp2.bulk24.phaselate.tightloose.s20260914,FAMILY_C_KV_PRESSURE_V2,estimated_service_time_first,0.9411764705882353,FAMILY_C_RECONSTRUCTION_V1,success
FAMILY_C_KV_PRESSURE_V2::kvp2.bulk24.phaselate.tightloose.s20260914,FAMILY_C_KV_PRESSURE_V2,full_prefill,0.9705882352941176,FAMILY_C_RECONSTRUCTION_V1,success
FAMILY_C_KV_PRESSURE_V2::kvp2.bulk24.phaselate.tightloose.s20260914,FAMILY_C_KV_PRESSURE_V2,kv_constrained_online,0.9411764705882353,FAMILY_C_RECONSTRUCTION_V1,success
FAMILY_C_KV_PRESSURE_V2::kvp2.bulk24.phaselate.tightloose.s20260914,FAMILY_C_KV_PRESSURE_V2,least_laxity_first,0.8235294117647058,FAMILY_C_RECONSTRUCTION_V1,success
FAMILY_C_KV_PRESSURE_V2::kvp2.bulk24.phaselate.tightloose.s20260914,FAMILY_C_KV_PRESSURE_V2,weighted_fair_share,0.8823529411764706,FAMILY_C_RECONSTRUCTION_V1,success
FAMILY_C_KV_PRESSURE_V2::kvp2.bulk24.phaselate.tightloose.s20260915,FAMILY_C_KV_PRESSURE_V2,chunked_prefill_small,0.7352941176470589,FAMILY_C_RECONSTRUCTION_V1,success
FAMILY_C_KV_PRESSURE_V2::kvp2.bulk24.phaselate.tightloose.s20260915,FAMILY_C_KV_PRESSURE_V2,estimated_service_time_first,0.7941176470588235,FAMILY_C_RECONSTRUCTION_V1,success
FAMILY_C_KV_PRESSURE_V2::kvp2.bulk24.phaselate.tightloose.s20260915,FAMILY_C_KV_PRESSURE_V2,full_prefill,0.7352941176470589,FAMILY_C_RECONSTRUCTION_V1,success
FAMILY_C_KV_PRESSURE_V2::kvp2.bulk24.phaselate.tightloose.s20260915,FAMILY_C_KV_PRESSURE_V2,kv_constrained_online,0.7647058823529411,FAMILY_C_RECONSTRUCTION_V1,success
FAMILY_C_KV_PRESSURE_V2::kvp2.bulk24.phaselate.tightloose.s20260915,FAMILY_C_KV_PRESSURE_V2,least_laxity_first,0.6470588235294118,FAMILY_C_RECONSTRUCTION_V1,success
FAMILY_C_KV_PRESSURE_V2::kvp2.bulk24.phaselate.tightloose.s20260915,FAMILY_C_KV_PRESSURE_V2,weighted_fair_share,0.7647058823529411,FAMILY_C_RECONSTRUCTION_V1,success
FAMILY_C_KV_PRESSURE_V2::kvp2.bulk24.phaselate.tighttight.s20260910,FAMILY_C_KV_PRESSURE_V2,chunked_prefill_small,0.6470588235294118,FAMILY_C_RECONSTRUCTION_V1,success
FAMILY_C_KV_PRESSURE_V2::kvp2.bulk24.phaselate.tighttight.s20260910,FAMILY_C_KV_PRESSURE_V2,estimated_service_time_first,0.8235294117647058,FAMILY_C_RECONSTRUCTION_V1,success
FAMILY_C_KV_PRESSURE_V2::kvp2.bulk24.phaselate.tighttight.s20260910,FAMILY_C_KV_PRESSURE_V2,full_prefill,0.6470588235294118,FAMILY_C_RECONSTRUCTION_V1,success
FAMILY_C_KV_PRESSURE_V2::kvp2.bulk24.phaselate.tighttight.s20260910,FAMILY_C_KV_PRESSURE_V2,kv_constrained_online,0.7058823529411765,FAMILY_C_RECONSTRUCTION_V1,success
FAMILY_C_KV_PRESSURE_V2::kvp2.bulk24.phaselate.tighttight.s20260910,FAMILY_C_KV_PRESSURE_V2,least_laxity_first,0.5,FAMILY_C_RECONSTRUCTION_V1,success
FAMILY_C_KV_PRESSURE_V2::kvp2.bulk24.phaselate.tighttight.s20260910,FAMILY_C_KV_PRESSURE_V2,weighted_fair_share,0.7941176470588235,FAMILY_C_RECONSTRUCTION_V1,success
FAMILY_C_KV_PRESSURE_V2::kvp2.bulk24.phaselate.tighttight.s20260911,FAMILY_C_KV_PRESSURE_V2,chunked_prefill_small,0.5588235294117647,FAMILY_C_RECONSTRUCTION_V1,success
FAMILY_C_KV_PRESSURE_V2::kvp2.bulk24.phaselate.tighttight.s20260911,FAMILY_C_KV_PRESSURE_V2,estimated_service_time_first,0.7352941176470589,FAMILY_C_RECONSTRUCTION_V1,success
FAMILY_C_KV_PRESSURE_V2::kvp2.bulk24.phaselate.tighttight.s20260911,FAMILY_C_KV_PRESSURE_V2,full_prefill,0.5588235294117647,FAMILY_C_RECONSTRUCTION_V1,success
FAMILY_C_KV_PRESSURE_V2::kvp2.bulk24.phaselate.tighttight.s20260911,FAMILY_C_KV_PRESSURE_V2,kv_constrained_online,0.7352941176470589,FAMILY_C_RECONSTRUCTION_V1,success
FAMILY_C_KV_PRESSURE_V2::kvp2.bulk24.phaselate.tighttight.s20260911,FAMILY_C_KV_PRESSURE_V2,least_laxity_first,0.4117647058823529,FAMILY_C_RECONSTRUCTION_V1,success
FAMILY_C_KV_PRESSURE_V2::kvp2.bulk24.phaselate.tighttight.s20260911,FAMILY_C_KV_PRESSURE_V2,weighted_fair_share,0.7352941176470589,FAMILY_C_RECONSTRUCTION_V1,success
FAMILY_C_KV_PRESSURE_V2::kvp2.bulk24.phaselate.tighttight.s20260912,FAMILY_C_KV_PRESSURE_V2,chunked_prefill_small,0.7058823529411765,FAMILY_C_RECONSTRUCTION_V1,success
FAMILY_C_KV_PRESSURE_V2::kvp2.bulk24.phaselate.tighttight.s20260912,FAMILY_C_KV_PRESSURE_V2,estimated_service_time_first,0.7352941176470589,FAMILY_C_RECONSTRUCTION_V1,success
FAMILY_C_KV_PRESSURE_V2::kvp2.bulk24.phaselate.tighttight.s20260912,FAMILY_C_KV_PRESSURE_V2,full_prefill,0.7058823529411765,FAMILY_C_RECONSTRUCTION_V1,success
FAMILY_C_KV_PRESSURE_V2::kvp2.bulk24.phaselate.tighttight.s20260912,FAMILY_C_KV_PRESSURE_V2,kv_constrained_online,0.7352941176470589,FAMILY_C_RECONSTRUCTION_V1,success
FAMILY_C_KV_PRESSURE_V2::kvp2.bulk24.phaselate.tighttight.s20260912,FAMILY_C_KV_PRESSURE_V2,least_laxity_first,0.5294117647058824,FAMILY_C_RECONSTRUCTION_V1,success
FAMILY_C_KV_PRESSURE_V2::kvp2.bulk24.phaselate.tighttight.s20260912,FAMILY_C_KV_PRESSURE_V2,weighted_fair_share,0.7352941176470589,FAMILY_C_RECONSTRUCTION_V1,success
FAMILY_C_KV_PRESSURE_V2::kvp2.bulk24.phaselate.tighttight.s20260913,FAMILY_C_KV_PRESSURE_V2,chunked_prefill_small,0.5882352941176471,FAMILY_C_RECONSTRUCTION_V1,success
FAMILY_C_KV_PRESSURE_V2::kvp2.bulk24.phaselate.tighttight.s20260913,FAMILY_C_KV_PRESSURE_V2,estimated_service_time_first,0.6764705882352942,FAMILY_C_RECONSTRUCTION_V1,success
FAMILY_C_KV_PRESSURE_V2::kvp2.bulk24.phaselate.tighttight.s20260913,FAMILY_C_KV_PRESSURE_V2,full_prefill,0.5882352941176471,FAMILY_C_RECONSTRUCTION_V1,success
FAMILY_C_KV_PRESSURE_V2::kvp2.bulk24.phaselate.tighttight.s20260913,FAMILY_C_KV_PRESSURE_V2,kv_constrained_online,0.6470588235294118,FAMILY_C_RECONSTRUCTION_V1,success
FAMILY_C_KV_PRESSURE_V2::kvp2.bulk24.phaselate.tighttight.s20260913,FAMILY_C_KV_PRESSURE_V2,least_laxity_first,0.5294117647058824,FAMILY_C_RECONSTRUCTION_V1,success
FAMILY_C_KV_PRESSURE_V2::kvp2.bulk24.phaselate.tighttight.s20260913,FAMILY_C_KV_PRESSURE_V2,weighted_fair_share,0.6764705882352942,FAMILY_C_RECONSTRUCTION_V1,success
FAMILY_C_KV_PRESSURE_V2::kvp2.bulk24.phaselate.tighttight.s20260914,FAMILY_C_KV_PRESSURE_V2,chunked_prefill_small,0.7647058823529411,FAMILY_C_RECONSTRUCTION_V1,success
FAMILY_C_KV_PRESSURE_V2::kvp2.bulk24.phaselate.tighttight.s20260914,FAMILY_C_KV_PRESSURE_V2,estimated_service_time_first,0.9411764705882353,FAMILY_C_RECONSTRUCTION_V1,success
FAMILY_C_KV_PRESSURE_V2::kvp2.bulk24.phaselate.tighttight.s20260914,FAMILY_C_KV_PRESSURE_V2,full_prefill,0.7647058823529411,FAMILY_C_RECONSTRUCTION_V1,success
FAMILY_C_KV_PRESSURE_V2::kvp2.bulk24.phaselate.tighttight.s20260914,FAMILY_C_KV_PRESSURE_V2,kv_constrained_online,0.7941176470588235,FAMILY_C_RECONSTRUCTION_V1,success
FAMILY_C_KV_PRESSURE_V2::kvp2.bulk24.phaselate.tighttight.s20260914,FAMILY_C_KV_PRESSURE_V2,least_laxity_first,0.5294117647058824,FAMILY_C_RECONSTRUCTION_V1,success
FAMILY_C_KV_PRESSURE_V2::kvp2.bulk24.phaselate.tighttight.s20260914,FAMILY_C_KV_PRESSURE_V2,weighted_fair_share,0.7941176470588235,FAMILY_C_RECONSTRUCTION_V1,success
FAMILY_C_KV_PRESSURE_V2::kvp2.bulk24.phaselate.tighttight.s20260915,FAMILY_C_KV_PRESSURE_V2,chunked_prefill_small,0.47058823529411764,FAMILY_C_RECONSTRUCTION_V1,success
FAMILY_C_KV_PRESSURE_V2::kvp2.bulk24.phaselate.tighttight.s20260915,FAMILY_C_KV_PRESSURE_V2,estimated_service_time_first,0.7352941176470589,FAMILY_C_RECONSTRUCTION_V1,success
FAMILY_C_KV_PRESSURE_V2::kvp2.bulk24.phaselate.tighttight.s20260915,FAMILY_C_KV_PRESSURE_V2,full_prefill,0.47058823529411764,FAMILY_C_RECONSTRUCTION_V1,success
FAMILY_C_KV_PRESSURE_V2::kvp2.bulk24.phaselate.tighttight.s20260915,FAMILY_C_KV_PRESSURE_V2,kv_constrained_online,0.6470588235294118,FAMILY_C_RECONSTRUCTION_V1,success
FAMILY_C_KV_PRESSURE_V2::kvp2.bulk24.phaselate.tighttight.s20260915,FAMILY_C_KV_PRESSURE_V2,least_laxity_first,0.35294117647058826,FAMILY_C_RECONSTRUCTION_V1,success
FAMILY_C_KV_PRESSURE_V2::kvp2.bulk24.phaselate.tighttight.s20260915,FAMILY_C_KV_PRESSURE_V2,weighted_fair_share,0.6470588235294118,FAMILY_C_RECONSTRUCTION_V1,success
FAMILY_C_KV_PRESSURE_V2::kvp2.bulk24.phasemiddle.tightloose.s20260910,FAMILY_C_KV_PRESSURE_V2,chunked_prefill_small,0.9411764705882353,FAMILY_C_RECONSTRUCTION_V1,success
FAMILY_C_KV_PRESSURE_V2::kvp2.bulk24.phasemiddle.tightloose.s20260910,FAMILY_C_KV_PRESSURE_V2,estimated_service_time_first,0.8823529411764706,FAMILY_C_RECONSTRUCTION_V1,success
FAMILY_C_KV_PRESSURE_V2::kvp2.bulk24.phasemiddle.tightloose.s20260910,FAMILY_C_KV_PRESSURE_V2,full_prefill,0.9411764705882353,FAMILY_C_RECONSTRUCTION_V1,success
FAMILY_C_KV_PRESSURE_V2::kvp2.bulk24.phasemiddle.tightloose.s20260910,FAMILY_C_KV_PRESSURE_V2,kv_constrained_online,0.9117647058823529,FAMILY_C_RECONSTRUCTION_V1,success
FAMILY_C_KV_PRESSURE_V2::kvp2.bulk24.phasemiddle.tightloose.s20260910,FAMILY_C_KV_PRESSURE_V2,least_laxity_first,0.7352941176470589,FAMILY_C_RECONSTRUCTION_V1,success
FAMILY_C_KV_PRESSURE_V2::kvp2.bulk24.phasemiddle.tightloose.s20260910,FAMILY_C_KV_PRESSURE_V2,weighted_fair_share,0.9117647058823529,FAMILY_C_RECONSTRUCTION_V1,success
FAMILY_C_KV_PRESSURE_V2::kvp2.bulk24.phasemiddle.tightloose.s20260911,FAMILY_C_KV_PRESSURE_V2,chunked_prefill_small,0.7352941176470589,FAMILY_C_RECONSTRUCTION_V1,success
FAMILY_C_KV_PRESSURE_V2::kvp2.bulk24.phasemiddle.tightloose.s20260911,FAMILY_C_KV_PRESSURE_V2,estimated_service_time_first,0.8235294117647058,FAMILY_C_RECONSTRUCTION_V1,success
FAMILY_C_KV_PRESSURE_V2::kvp2.bulk24.phasemiddle.tightloose.s20260911,FAMILY_C_KV_PRESSURE_V2,full_prefill,0.7352941176470589,FAMILY_C_RECONSTRUCTION_V1,success
FAMILY_C_KV_PRESSURE_V2::kvp2.bulk24.phasemiddle.tightloose.s20260911,FAMILY_C_KV_PRESSURE_V2,kv_constrained_online,0.8823529411764706,FAMILY_C_RECONSTRUCTION_V1,success
FAMILY_C_KV_PRESSURE_V2::kvp2.bulk24.phasemiddle.tightloose.s20260911,FAMILY_C_KV_PRESSURE_V2,least_laxity_first,0.7058823529411765,FAMILY_C_RECONSTRUCTION_V1,success
FAMILY_C_KV_PRESSURE_V2::kvp2.bulk24.phasemiddle.tightloose.s20260911,FAMILY_C_KV_PRESSURE_V2,weighted_fair_share,0.8529411764705882,FAMILY_C_RECONSTRUCTION_V1,success
FAMILY_C_KV_PRESSURE_V2::kvp2.bulk24.phasemiddle.tightloose.s20260912,FAMILY_C_KV_PRESSURE_V2,chunked_prefill_small,0.8529411764705882,FAMILY_C_RECONSTRUCTION_V1,success
FAMILY_C_KV_PRESSURE_V2::kvp2.bulk24.phasemiddle.tightloose.s20260912,FAMILY_C_KV_PRESSURE_V2,estimated_service_time_first,0.8529411764705882,FAMILY_C_RECONSTRUCTION_V1,success
FAMILY_C_KV_PRESSURE_V2::kvp2.bulk24.phasemiddle.tightloose.s20260912,FAMILY_C_KV_PRESSURE_V2,full_prefill,0.8529411764705882,FAMILY_C_RECONSTRUCTION_V1,success
FAMILY_C_KV_PRESSURE_V2::kvp2.bulk24.phasemiddle.tightloose.s20260912,FAMILY_C_KV_PRESSURE_V2,kv_constrained_online,0.9411764705882353,FAMILY_C_RECONSTRUCTION_V1,success
FAMILY_C_KV_PRESSURE_V2::kvp2.bulk24.phasemiddle.tightloose.s20260912,FAMILY_C_KV_PRESSURE_V2,least_laxity_first,0.7941176470588235,FAMILY_C_RECONSTRUCTION_V1,success
FAMILY_C_KV_PRESSURE_V2::kvp2.bulk24.phasemiddle.tightloose.s20260912,FAMILY_C_KV_PRESSURE_V2,weighted_fair_share,0.8529411764705882,FAMILY_C_RECONSTRUCTION_V1,success
FAMILY_C_KV_PRESSURE_V2::kvp2.bulk24.phasemiddle.tightloose.s20260913,FAMILY_C_KV_PRESSURE_V2,chunked_prefill_small,0.7647058823529411,FAMILY_C_RECONSTRUCTION_V1,success
FAMILY_C_KV_PRESSURE_V2::kvp2.bulk24.phasemiddle.tightloose.s20260913,FAMILY_C_KV_PRESSURE_V2,estimated_service_time_first,0.8235294117647058,FAMILY_C_RECONSTRUCTION_V1,success
FAMILY_C_KV_PRESSURE_V2::kvp2.bulk24.phasemiddle.tightloose.s20260913,FAMILY_C_KV_PRESSURE_V2,full_prefill,0.7647058823529411,FAMILY_C_RECONSTRUCTION_V1,success
FAMILY_C_KV_PRESSURE_V2::kvp2.bulk24.phasemiddle.tightloose.s20260913,FAMILY_C_KV_PRESSURE_V2,kv_constrained_online,0.8823529411764706,FAMILY_C_RECONSTRUCTION_V1,success
FAMILY_C_KV_PRESSURE_V2::kvp2.bulk24.phasemiddle.tightloose.s20260913,FAMILY_C_KV_PRESSURE_V2,least_laxity_first,0.7941176470588235,FAMILY_C_RECONSTRUCTION_V1,success
FAMILY_C_KV_PRESSURE_V2::kvp2.bulk24.phasemiddle.tightloose.s20260913,FAMILY_C_KV_PRESSURE_V2,weighted_fair_share,0.8529411764705882,FAMILY_C_RECONSTRUCTION_V1,success
FAMILY_C_KV_PRESSURE_V2::kvp2.bulk24.phasemiddle.tightloose.s20260914,FAMILY_C_KV_PRESSURE_V2,chunked_prefill_small,0.9705882352941176,FAMILY_C_RECONSTRUCTION_V1,success
FAMILY_C_KV_PRESSURE_V2::kvp2.bulk24.phasemiddle.tightloose.s20260914,FAMILY_C_KV_PRESSURE_V2,estimated_service_time_first,0.8823529411764706,FAMILY_C_RECONSTRUCTION_V1,success
FAMILY_C_KV_PRESSURE_V2::kvp2.bulk24.phasemiddle.tightloose.s20260914,FAMILY_C_KV_PRESSURE_V2,full_prefill,0.9705882352941176,FAMILY_C_RECONSTRUCTION_V1,success
FAMILY_C_KV_PRESSURE_V2::kvp2.bulk24.phasemiddle.tightloose.s20260914,FAMILY_C_KV_PRESSURE_V2,kv_constrained_online,0.9117647058823529,FAMILY_C_RECONSTRUCTION_V1,success
FAMILY_C_KV_PRESSURE_V2::kvp2.bulk24.phasemiddle.tightloose.s20260914,FAMILY_C_KV_PRESSURE_V2,least_laxity_first,0.8235294117647058,FAMILY_C_RECONSTRUCTION_V1,success
FAMILY_C_KV_PRESSURE_V2::kvp2.bulk24.phasemiddle.tightloose.s20260914,FAMILY_C_KV_PRESSURE_V2,weighted_fair_share,0.9411764705882353,FAMILY_C_RECONSTRUCTION_V1,success
FAMILY_C_KV_PRESSURE_V2::kvp2.bulk24.phasemiddle.tightloose.s20260915,FAMILY_C_KV_PRESSURE_V2,chunked_prefill_small,0.7058823529411765,FAMILY_C_RECONSTRUCTION_V1,success
FAMILY_C_KV_PRESSURE_V2::kvp2.bulk24.phasemiddle.tightloose.s20260915,FAMILY_C_KV_PRESSURE_V2,estimated_service_time_first,0.7647058823529411,FAMILY_C_RECONSTRUCTION_V1,success
FAMILY_C_KV_PRESSURE_V2::kvp2.bulk24.phasemiddle.tightloose.s20260915,FAMILY_C_KV_PRESSURE_V2,full_prefill,0.7058823529411765,FAMILY_C_RECONSTRUCTION_V1,success
FAMILY_C_KV_PRESSURE_V2::kvp2.bulk24.phasemiddle.tightloose.s20260915,FAMILY_C_KV_PRESSURE_V2,kv_constrained_online,0.7647058823529411,FAMILY_C_RECONSTRUCTION_V1,success
FAMILY_C_KV_PRESSURE_V2::kvp2.bulk24.phasemiddle.tightloose.s20260915,FAMILY_C_KV_PRESSURE_V2,least_laxity_first,0.5882352941176471,FAMILY_C_RECONSTRUCTION_V1,success
FAMILY_C_KV_PRESSURE_V2::kvp2.bulk24.phasemiddle.tightloose.s20260915,FAMILY_C_KV_PRESSURE_V2,weighted_fair_share,0.7647058823529411,FAMILY_C_RECONSTRUCTION_V1,success
FAMILY_C_KV_PRESSURE_V2::kvp2.bulk24.phasemiddle.tighttight.s20260910,FAMILY_C_KV_PRESSURE_V2,chunked_prefill_small,0.7058823529411765,FAMILY_C_RECONSTRUCTION_V1,success
FAMILY_C_KV_PRESSURE_V2::kvp2.bulk24.phasemiddle.tighttight.s20260910,FAMILY_C_KV_PRESSURE_V2,estimated_service_time_first,0.6764705882352942,FAMILY_C_RECONSTRUCTION_V1,success
FAMILY_C_KV_PRESSURE_V2::kvp2.bulk24.phasemiddle.tighttight.s20260910,FAMILY_C_KV_PRESSURE_V2,full_prefill,0.7058823529411765,FAMILY_C_RECONSTRUCTION_V1,success
FAMILY_C_KV_PRESSURE_V2::kvp2.bulk24.phasemiddle.tighttight.s20260910,FAMILY_C_KV_PRESSURE_V2,kv_constrained_online,0.7352941176470589,FAMILY_C_RECONSTRUCTION_V1,success
FAMILY_C_KV_PRESSURE_V2::kvp2.bulk24.phasemiddle.tighttight.s20260910,FAMILY_C_KV_PRESSURE_V2,least_laxity_first,0.5,FAMILY_C_RECONSTRUCTION_V1,success
FAMILY_C_KV_PRESSURE_V2::kvp2.bulk24.phasemiddle.tighttight.s20260910,FAMILY_C_KV_PRESSURE_V2,weighted_fair_share,0.7058823529411765,FAMILY_C_RECONSTRUCTION_V1,success
FAMILY_C_KV_PRESSURE_V2::kvp2.bulk24.phasemiddle.tighttight.s20260911,FAMILY_C_KV_PRESSURE_V2,chunked_prefill_small,0.5,FAMILY_C_RECONSTRUCTION_V1,success
FAMILY_C_KV_PRESSURE_V2::kvp2.bulk24.phasemiddle.tighttight.s20260911,FAMILY_C_KV_PRESSURE_V2,estimated_service_time_first,0.7058823529411765,FAMILY_C_RECONSTRUCTION_V1,success
FAMILY_C_KV_PRESSURE_V2::kvp2.bulk24.phasemiddle.tighttight.s20260911,FAMILY_C_KV_PRESSURE_V2,full_prefill,0.5,FAMILY_C_RECONSTRUCTION_V1,success
FAMILY_C_KV_PRESSURE_V2::kvp2.bulk24.phasemiddle.tighttight.s20260911,FAMILY_C_KV_PRESSURE_V2,kv_constrained_online,0.7352941176470589,FAMILY_C_RECONSTRUCTION_V1,success
FAMILY_C_KV_PRESSURE_V2::kvp2.bulk24.phasemiddle.tighttight.s20260911,FAMILY_C_KV_PRESSURE_V2,least_laxity_first,0.4117647058823529,FAMILY_C_RECONSTRUCTION_V1,success
FAMILY_C_KV_PRESSURE_V2::kvp2.bulk24.phasemiddle.tighttight.s20260911,FAMILY_C_KV_PRESSURE_V2,weighted_fair_share,0.7058823529411765,FAMILY_C_RECONSTRUCTION_V1,success
FAMILY_C_KV_PRESSURE_V2::kvp2.bulk24.phasemiddle.tighttight.s20260912,FAMILY_C_KV_PRESSURE_V2,chunked_prefill_small,0.6764705882352942,FAMILY_C_RECONSTRUCTION_V1,success
FAMILY_C_KV_PRESSURE_V2::kvp2.bulk24.phasemiddle.tighttight.s20260912,FAMILY_C_KV_PRESSURE_V2,estimated_service_time_first,0.7352941176470589,FAMILY_C_RECONSTRUCTION_V1,success
FAMILY_C_KV_PRESSURE_V2::kvp2.bulk24.phasemiddle.tighttight.s20260912,FAMILY_C_KV_PRESSURE_V2,full_prefill,0.6764705882352942,FAMILY_C_RECONSTRUCTION_V1,success
FAMILY_C_KV_PRESSURE_V2::kvp2.bulk24.phasemiddle.tighttight.s20260912,FAMILY_C_KV_PRESSURE_V2,kv_constrained_online,0.7352941176470589,FAMILY_C_RECONSTRUCTION_V1,success
FAMILY_C_KV_PRESSURE_V2::kvp2.bulk24.phasemiddle.tighttight.s20260912,FAMILY_C_KV_PRESSURE_V2,least_laxity_first,0.5294117647058824,FAMILY_C_RECONSTRUCTION_V1,success
FAMILY_C_KV_PRESSURE_V2::kvp2.bulk24.phasemiddle.tighttight.s20260912,FAMILY_C_KV_PRESSURE_V2,weighted_fair_share,0.7647058823529411,FAMILY_C_RECONSTRUCTION_V1,success
FAMILY_C_KV_PRESSURE_V2::kvp2.bulk24.phasemiddle.tighttight.s20260913,FAMILY_C_KV_PRESSURE_V2,chunked_prefill_small,0.5294117647058824,FAMILY_C_RECONSTRUCTION_V1,success
FAMILY_C_KV_PRESSURE_V2::kvp2.bulk24.phasemiddle.tighttight.s20260913,FAMILY_C_KV_PRESSURE_V2,estimated_service_time_first,0.6764705882352942,FAMILY_C_RECONSTRUCTION_V1,success
FAMILY_C_KV_PRESSURE_V2::kvp2.bulk24.phasemiddle.tighttight.s20260913,FAMILY_C_KV_PRESSURE_V2,full_prefill,0.5294117647058824,FAMILY_C_RECONSTRUCTION_V1,success
FAMILY_C_KV_PRESSURE_V2::kvp2.bulk24.phasemiddle.tighttight.s20260913,FAMILY_C_KV_PRESSURE_V2,kv_constrained_online,0.6176470588235294,FAMILY_C_RECONSTRUCTION_V1,success
FAMILY_C_KV_PRESSURE_V2::kvp2.bulk24.phasemiddle.tighttight.s20260913,FAMILY_C_KV_PRESSURE_V2,least_laxity_first,0.5882352941176471,FAMILY_C_RECONSTRUCTION_V1,success
FAMILY_C_KV_PRESSURE_V2::kvp2.bulk24.phasemiddle.tighttight.s20260913,FAMILY_C_KV_PRESSURE_V2,weighted_fair_share,0.7058823529411765,FAMILY_C_RECONSTRUCTION_V1,success
FAMILY_C_KV_PRESSURE_V2::kvp2.bulk24.phasemiddle.tighttight.s20260914,FAMILY_C_KV_PRESSURE_V2,chunked_prefill_small,0.8823529411764706,FAMILY_C_RECONSTRUCTION_V1,success
FAMILY_C_KV_PRESSURE_V2::kvp2.bulk24.phasemiddle.tighttight.s20260914,FAMILY_C_KV_PRESSURE_V2,estimated_service_time_first,0.8529411764705882,FAMILY_C_RECONSTRUCTION_V1,success
FAMILY_C_KV_PRESSURE_V2::kvp2.bulk24.phasemiddle.tighttight.s20260914,FAMILY_C_KV_PRESSURE_V2,full_prefill,0.8823529411764706,FAMILY_C_RECONSTRUCTION_V1,success
FAMILY_C_KV_PRESSURE_V2::kvp2.bulk24.phasemiddle.tighttight.s20260914,FAMILY_C_KV_PRESSURE_V2,kv_constrained_online,0.8823529411764706,FAMILY_C_RECONSTRUCTION_V1,success
FAMILY_C_KV_PRESSURE_V2::kvp2.bulk24.phasemiddle.tighttight.s20260914,FAMILY_C_KV_PRESSURE_V2,least_laxity_first,0.5882352941176471,FAMILY_C_RECONSTRUCTION_V1,success
FAMILY_C_KV_PRESSURE_V2::kvp2.bulk24.phasemiddle.tighttight.s20260914,FAMILY_C_KV_PRESSURE_V2,weighted_fair_share,0.9411764705882353,FAMILY_C_RECONSTRUCTION_V1,success
FAMILY_C_KV_PRESSURE_V2::kvp2.bulk24.phasemiddle.tighttight.s20260915,FAMILY_C_KV_PRESSURE_V2,chunked_prefill_small,0.5,FAMILY_C_RECONSTRUCTION_V1,success
FAMILY_C_KV_PRESSURE_V2::kvp2.bulk24.phasemiddle.tighttight.s20260915,FAMILY_C_KV_PRESSURE_V2,estimated_service_time_first,0.7352941176470589,FAMILY_C_RECONSTRUCTION_V1,success
FAMILY_C_KV_PRESSURE_V2::kvp2.bulk24.phasemiddle.tighttight.s20260915,FAMILY_C_KV_PRESSURE_V2,full_prefill,0.5,FAMILY_C_RECONSTRUCTION_V1,success
FAMILY_C_KV_PRESSURE_V2::kvp2.bulk24.phasemiddle.tighttight.s20260915,FAMILY_C_KV_PRESSURE_V2,kv_constrained_online,0.6470588235294118,FAMILY_C_RECONSTRUCTION_V1,success
FAMILY_C_KV_PRESSURE_V2::kvp2.bulk24.phasemiddle.tighttight.s20260915,FAMILY_C_KV_PRESSURE_V2,least_laxity_first,0.38235294117647056,FAMILY_C_RECONSTRUCTION_V1,success
FAMILY_C_KV_PRESSURE_V2::kvp2.bulk24.phasemiddle.tighttight.s20260915,FAMILY_C_KV_PRESSURE_V2,weighted_fair_share,0.6764705882352942,FAMILY_C_RECONSTRUCTION_V1,success
