scenario_id,family,template_name,generator_version,seed,fraction_impossible,generator_family,heterogeneity,inversion_fraction,max_active_sequences,n_impossible,n_normal,n_short,offset,overload_factor,rank_agreement_kendall_tau,rank_agreement_spearman,ratio,role,sobol_index,sobol_scramble_seed,target_utilization,total_required_service_s,window_s
sobolB.idx0.case2b_prediction_inversion_boundary.stress.moderate.util0.607073.inv0.729613.s20260809,prediction_inversion_boundary,prediction_inversion_boundary_grid,sobol_pilot_v1,20260809,,sobol_family_b_prediction_sensitive,moderate,0.729613,,,,,,,-0.8672768878718535,-0.9613460095071303,,stress,0,20260810,0.607073,,
sobolB.idx0.case2b_prediction_inversion_boundary.stress.moderate.util0.607073.inv0.729613.s20260810,prediction_inversion_boundary,prediction_inversion_boundary_grid,sobol_pilot_v1,20260810,,sobol_family_b_prediction_sensitive,moderate,0.729613,,,,,,,-0.8671248568155785,-0.9620559292822597,,stress,0,20260810,0.607073,,
sobolB.idx0.case2b_prediction_inversion_boundary.stress.moderate.util0.607073.inv0.729613.s20260811,prediction_inversion_boundary,prediction_inversion_boundary_grid,sobol_pilot_v1,20260811,,sobol_family_b_prediction_sensitive,moderate,0.729613,,,,,,,-0.8665145464917284,-0.9622258665258357,,stress,0,20260810,0.607073,,
sobolB.idx0.case2b_prediction_inversion_boundary.stress.moderate.util0.607073.inv0.729613.s20260812,prediction_inversion_boundary,prediction_inversion_boundary_grid,sobol_pilot_v1,20260812,,sobol_family_b_prediction_sensitive,moderate,0.729613,,,,,,,-0.8674285714285714,-0.9621692239270622,,stress,0,20260810,0.607073,,
sobolB.idx0.case2b_prediction_inversion_boundary.stress.strong.util0.607073.inv0.729613.s20260809,prediction_inversion_boundary,prediction_inversion_boundary_grid,sobol_pilot_v1,20260809,,sobol_family_b_prediction_sensitive,strong,0.729613,,,,,,,-0.8651558073654391,-0.9622085753188651,,stress,0,20260810,0.607073,,
sobolB.idx0.case2b_prediction_inversion_boundary.stress.strong.util0.607073.inv0.729613.s20260810,prediction_inversion_boundary,prediction_inversion_boundary_grid,sobol_pilot_v1,20260810,,sobol_family_b_prediction_sensitive,strong,0.729613,,,,,,,-0.8653084323712507,-0.9622374124708235,,stress,0,20260810,0.607073,,
sobolB.idx0.case2b_prediction_inversion_boundary.stress.strong.util0.607073.inv0.729613.s20260811,prediction_inversion_boundary,prediction_inversion_boundary_grid,sobol_pilot_v1,20260811,,sobol_family_b_prediction_sensitive,strong,0.729613,,,,,,,-0.8653084323712507,-0.9622374124708235,,stress,0,20260810,0.607073,,
sobolB.idx0.case2b_prediction_inversion_boundary.stress.strong.util0.607073.inv0.729613.s20260812,prediction_inversion_boundary,prediction_inversion_boundary_grid,sobol_pilot_v1,20260812,,sobol_family_b_prediction_sensitive,strong,0.729613,,,,,,,-0.8650028360748724,-0.9621797365642196,,stress,0,20260810,0.607073,,
sobolB.idx1.case2b_prediction_inversion_boundary.stress.moderate.util1.0411.inv0.418636.s20260809,prediction_inversion_boundary,prediction_inversion_boundary_grid,sobol_pilot_v1,20260809,,sobol_family_b_prediction_sensitive,moderate,0.418636,,,,,,,-0.3657142857142857,-0.6362827676312788,,stress,1,20260810,1.0411,,
sobolB.idx1.case2b_prediction_inversion_boundary.stress.moderate.util1.0411.inv0.418636.s20260810,prediction_inversion_boundary,prediction_inversion_boundary_grid,sobol_pilot_v1,20260810,,sobol_family_b_prediction_sensitive,moderate,0.418636,,,,,,,-0.36498855835240274,-0.634333129482404,,stress,1,20260810,1.0411,,
sobolB.idx1.case2b_prediction_inversion_boundary.stress.moderate.util1.0411.inv0.418636.s20260811,prediction_inversion_boundary,prediction_inversion_boundary_grid,sobol_pilot_v1,20260811,,sobol_family_b_prediction_sensitive,moderate,0.418636,,,,,,,-0.3708759954493743,-0.6366845484615171,,stress,1,20260810,1.0411,,
sobolB.idx1.case2b_prediction_inversion_boundary.stress.moderate.util1.0411.inv0.418636.s20260812,prediction_inversion_boundary,prediction_inversion_boundary_grid,sobol_pilot_v1,20260812,,sobol_family_b_prediction_sensitive,moderate,0.418636,,,,,,,-0.3687214611872146,-0.6364242828552367,,stress,1,20260810,1.0411,,
sobolB.idx1.case2b_prediction_inversion_boundary.stress.strong.util1.0411.inv0.418636.s20260809,prediction_inversion_boundary,prediction_inversion_boundary_grid,sobol_pilot_v1,20260809,,sobol_family_b_prediction_sensitive,strong,0.418636,,,,,,,-0.3654390934844193,-0.636257537444077,,stress,1,20260810,1.0411,,
sobolB.idx1.case2b_prediction_inversion_boundary.stress.strong.util1.0411.inv0.418636.s20260810,prediction_inversion_boundary,prediction_inversion_boundary_grid,sobol_pilot_v1,20260810,,sobol_family_b_prediction_sensitive,strong,0.418636,,,,,,,-0.3661573288058857,-0.6362954318106034,,stress,1,20260810,1.0411,,
sobolB.idx1.case2b_prediction_inversion_boundary.stress.strong.util1.0411.inv0.418636.s20260811,prediction_inversion_boundary,prediction_inversion_boundary_grid,sobol_pilot_v1,20260811,,sobol_family_b_prediction_sensitive,strong,0.418636,,,,,,,-0.36764705882352944,-0.6363787929309769,,stress,1,20260810,1.0411,,
sobolB.idx1.case2b_prediction_inversion_boundary.stress.strong.util1.0411.inv0.418636.s20260812,prediction_inversion_boundary,prediction_inversion_boundary_grid,sobol_pilot_v1,20260812,,sobol_family_b_prediction_sensitive,strong,0.418636,,,,,,,-0.36621315192743764,-0.6363030067248375,,stress,1,20260810,1.0411,,
sobolB.idx2.case2b_prediction_inversion_boundary.stress.moderate.util0.84798.inv0.935102.s20260809,prediction_inversion_boundary,prediction_inversion_boundary_grid,sobol_pilot_v1,20260809,,sobol_family_b_prediction_sensitive,moderate,0.935102,,,,,,,-0.9931192660550459,-0.9989714508103298,,stress,2,20260810,0.84798,,
sobolB.idx2.case2b_prediction_inversion_boundary.stress.moderate.util0.84798.inv0.935102.s20260810,prediction_inversion_boundary,prediction_inversion_boundary_grid,sobol_pilot_v1,20260810,,sobol_family_b_prediction_sensitive,moderate,0.935102,,,,,,,-0.994269340974212,-0.9991104686718185,,stress,2,20260810,0.84798,,
sobolB.idx2.case2b_prediction_inversion_boundary.stress.moderate.util0.84798.inv0.935102.s20260811,prediction_inversion_boundary,prediction_inversion_boundary_grid,sobol_pilot_v1,20260811,,sobol_family_b_prediction_sensitive,moderate,0.935102,,,,,,,-0.9942889777270132,-0.9989715651666342,,stress,2,20260810,0.84798,,
sobolB.idx2.case2b_prediction_inversion_boundary.stress.moderate.util0.84798.inv0.935102.s20260812,prediction_inversion_boundary,prediction_inversion_boundary_grid,sobol_pilot_v1,20260812,,sobol_family_b_prediction_sensitive,moderate,0.935102,,,,,,,-0.993127147766323,-0.9989993328885923,,stress,2,20260810,0.84798,,
sobolB.idx2.case2b_prediction_inversion_boundary.stress.strong.util0.84798.inv0.935102.s20260809,prediction_inversion_boundary,prediction_inversion_boundary_grid,sobol_pilot_v1,20260809,,sobol_family_b_prediction_sensitive,strong,0.935102,,,,,,,-0.9931972789115646,-0.9993608803178925,,stress,2,20260810,0.84798,,
sobolB.idx2.case2b_prediction_inversion_boundary.stress.strong.util0.84798.inv0.935102.s20260810,prediction_inversion_boundary,prediction_inversion_boundary_grid,sobol_pilot_v1,20260810,,sobol_family_b_prediction_sensitive,strong,0.935102,,,,,,,-0.9943406904357668,-0.9994720462376346,,stress,2,20260810,0.84798,,
sobolB.idx2.case2b_prediction_inversion_boundary.stress.strong.util0.84798.inv0.935102.s20260811,prediction_inversion_boundary,prediction_inversion_boundary_grid,sobol_pilot_v1,20260811,,sobol_family_b_prediction_sensitive,strong,0.935102,,,,,,,-0.9932049830124575,-0.9992080693564522,,stress,2,20260810,0.84798,,
sobolB.idx2.case2b_prediction_inversion_boundary.stress.strong.util0.84798.inv0.935102.s20260812,prediction_inversion_boundary,prediction_inversion_boundary_grid,sobol_pilot_v1,20260812,,sobol_family_b_prediction_sensitive,strong,0.935102,,,,,,,-0.9931895573212258,-0.9993330739732118,,stress,2,20260810,0.84798,,
sobolB.idx3.case2b_prediction_inversion_boundary.stress.moderate.util0.722739.inv0.244363.s20260809,prediction_inversion_boundary,prediction_inversion_boundary_grid,sobol_pilot_v1,20260809,,sobol_family_b_prediction_sensitive,moderate,0.244363,,,,,,,0.17190177041690463,-0.09136018680677174,,stress,3,20260810,0.722739,,
sobolB.idx3.case2b_prediction_inversion_boundary.stress.moderate.util0.722739.inv0.244363.s20260810,prediction_inversion_boundary,prediction_inversion_boundary_grid,sobol_pilot_v1,20260810,,sobol_family_b_prediction_sensitive,moderate,0.244363,,,,,,,0.17190177041690463,-0.09884916884416524,,stress,3,20260810,0.722739,,
sobolB.idx3.case2b_prediction_inversion_boundary.stress.moderate.util0.722739.inv0.244363.s20260811,prediction_inversion_boundary,prediction_inversion_boundary_grid,sobol_pilot_v1,20260811,,sobol_family_b_prediction_sensitive,moderate,0.244363,,,,,,,0.1665719158612848,-0.09920226811574061,,stress,3,20260810,0.722739,,
sobolB.idx3.case2b_prediction_inversion_boundary.stress.moderate.util0.722739.inv0.244363.s20260812,prediction_inversion_boundary,prediction_inversion_boundary_grid,sobol_pilot_v1,20260812,,sobol_family_b_prediction_sensitive,moderate,0.244363,,,,,,,0.17056474614945807,-0.09892706248610184,,stress,3,20260810,0.722739,,
sobolB.idx3.case2b_prediction_inversion_boundary.stress.strong.util0.722739.inv0.244363.s20260809,prediction_inversion_boundary,prediction_inversion_boundary_grid,sobol_pilot_v1,20260809,,sobol_family_b_prediction_sensitive,strong,0.244363,,,,,,,0.171671388101983,-0.09632645121849555,,stress,3,20260810,0.722739,,
sobolB.idx3.case2b_prediction_inversion_boundary.stress.strong.util0.722739.inv0.244363.s20260810,prediction_inversion_boundary,prediction_inversion_boundary_grid,sobol_pilot_v1,20260810,,sobol_family_b_prediction_sensitive,strong,0.244363,,,,,,,0.16855203619909503,-0.09897743692341891,,stress,3,20260810,0.722739,,
sobolB.idx3.case2b_prediction_inversion_boundary.stress.strong.util0.722739.inv0.244363.s20260811,prediction_inversion_boundary,prediction_inversion_boundary_grid,sobol_pilot_v1,20260811,,sobol_family_b_prediction_sensitive,strong,0.244363,,,,,,,0.16855203619909503,-0.09897743692341891,,stress,3,20260810,0.722739,,
sobolB.idx3.case2b_prediction_inversion_boundary.stress.strong.util0.722739.inv0.244363.s20260812,prediction_inversion_boundary,prediction_inversion_boundary_grid,sobol_pilot_v1,20260812,,sobol_family_b_prediction_sensitive,strong,0.244363,,,,,,,0.1712018140589569,-0.0963569165786695,,stress,3,20260810,0.722739,,
sobolB.idx4.case2b_prediction_inversion_boundary.stress.moderate.util0.793199.inv0.788844.s20260809,prediction_inversion_boundary,prediction_inversion_boundary_grid,sobol_pilot_v1,20260809,,sobol_family_b_prediction_sensitive,moderate,0.788844,,,,,,,-0.9290617848970252,-0.9840991855002361,,stress,4,20260810,0.793199,,
sobolB.idx4.case2b_prediction_inversion_boundary.stress.moderate.util0.793199.inv0.788844.s20260810,prediction_inversion_boundary,prediction_inversion_boundary_grid,sobol_pilot_v1,20260810,,sobol_family_b_prediction_sensitive,moderate,0.788844,,,,,,,-0.9266895761741123,-0.9838494468227053,,stress,4,20260810,0.793199,,
sobolB.idx4.case2b_prediction_inversion_boundary.stress.moderate.util0.793199.inv0.788844.s20260811,prediction_inversion_boundary,prediction_inversion_boundary_grid,sobol_pilot_v1,20260811,,sobol_family_b_prediction_sensitive,moderate,0.788844,,,,,,,-0.9281232173416999,-0.9841287489229228,,stress,4,20260810,0.793199,,
sobolB.idx4.case2b_prediction_inversion_boundary.stress.moderate.util0.793199.inv0.788844.s20260812,prediction_inversion_boundary,prediction_inversion_boundary_grid,sobol_pilot_v1,20260812,,sobol_family_b_prediction_sensitive,moderate,0.788844,,,,,,,-0.9267734553775744,-0.9832527240382475,,stress,4,20260810,0.793199,,
sobolB.idx4.case2b_prediction_inversion_boundary.stress.strong.util0.793199.inv0.788844.s20260809,prediction_inversion_boundary,prediction_inversion_boundary_grid,sobol_pilot_v1,20260809,,sobol_family_b_prediction_sensitive,strong,0.788844,,,,,,,-0.9251700680272109,-0.9833967821713395,,stress,4,20260810,0.793199,,
sobolB.idx4.case2b_prediction_inversion_boundary.stress.strong.util0.793199.inv0.788844.s20260810,prediction_inversion_boundary,prediction_inversion_boundary_grid,sobol_pilot_v1,20260810,,sobol_family_b_prediction_sensitive,strong,0.788844,,,,,,,-0.9264289756649688,-0.9841336000889185,,stress,4,20260810,0.793199,,
sobolB.idx4.case2b_prediction_inversion_boundary.stress.strong.util0.793199.inv0.788844.s20260811,prediction_inversion_boundary,prediction_inversion_boundary_grid,sobol_pilot_v1,20260811,,sobol_family_b_prediction_sensitive,strong,0.788844,,,,,,,-0.9264289756649688,-0.9841336000889185,,stress,4,20260810,0.793199,,
sobolB.idx4.case2b_prediction_inversion_boundary.stress.strong.util0.793199.inv0.788844.s20260812,prediction_inversion_boundary,prediction_inversion_boundary_grid,sobol_pilot_v1,20260812,,sobol_family_b_prediction_sensitive,strong,0.788844,,,,,,,-0.9250851305334846,-0.9839937753570834,,stress,4,20260810,0.793199,,
sobolB.idx5.case2b_prediction_inversion_boundary.stress.moderate.util0.92752.inv0.094207.s20260809,prediction_inversion_boundary,prediction_inversion_boundary_grid,sobol_pilot_v1,20260809,,sobol_family_b_prediction_sensitive,moderate,0.094207,,,,,,,0.6138952164009112,0.4576487921496677,,stress,5,20260810,0.92752,,
sobolB.idx5.case2b_prediction_inversion_boundary.stress.moderate.util0.92752.inv0.094207.s20260810,prediction_inversion_boundary,prediction_inversion_boundary_grid,sobol_pilot_v1,20260810,,sobol_family_b_prediction_sensitive,moderate,0.094207,,,,,,,0.6200798630918426,0.4580252404514372,,stress,5,20260810,0.92752,,
sobolB.idx5.case2b_prediction_inversion_boundary.stress.moderate.util0.92752.inv0.094207.s20260811,prediction_inversion_boundary,prediction_inversion_boundary_grid,sobol_pilot_v1,20260811,,sobol_family_b_prediction_sensitive,moderate,0.094207,,,,,,,0.6168277430358158,0.4578202740639853,,stress,5,20260810,0.92752,,
sobolB.idx5.case2b_prediction_inversion_boundary.stress.moderate.util0.92752.inv0.094207.s20260812,prediction_inversion_boundary,prediction_inversion_boundary_grid,sobol_pilot_v1,20260812,,sobol_family_b_prediction_sensitive,moderate,0.094207,,,,,,,0.6202964652223489,0.4580275739381809,,stress,5,20260810,0.92752,,
sobolB.idx5.case2b_prediction_inversion_boundary.stress.strong.util0.92752.inv0.094207.s20260809,prediction_inversion_boundary,prediction_inversion_boundary_grid,sobol_pilot_v1,20260809,,sobol_family_b_prediction_sensitive,strong,0.094207,,,,,,,0.6162988115449916,0.45785978269930805,,stress,5,20260810,0.92752,,
sobolB.idx5.case2b_prediction_inversion_boundary.stress.strong.util0.92752.inv0.094207.s20260810,prediction_inversion_boundary,prediction_inversion_boundary_grid,sobol_pilot_v1,20260810,,sobol_family_b_prediction_sensitive,strong,0.094207,,,,,,,0.6165158371040724,0.45787484717127924,,stress,5,20260810,0.92752,,
sobolB.idx5.case2b_prediction_inversion_boundary.stress.strong.util0.92752.inv0.094207.s20260811,prediction_inversion_boundary,prediction_inversion_boundary_grid,sobol_pilot_v1,20260811,,sobol_family_b_prediction_sensitive,strong,0.094207,,,,,,,0.6165158371040724,0.45787484717127924,,stress,5,20260810,0.92752,,
sobolB.idx5.case2b_prediction_inversion_boundary.stress.strong.util0.92752.inv0.094207.s20260812,prediction_inversion_boundary,prediction_inversion_boundary_grid,sobol_pilot_v1,20260812,,sobol_family_b_prediction_sensitive,strong,0.094207,,,,,,,0.6181303116147309,0.4579280831434447,,stress,5,20260810,0.92752,,
sobolB.idx6.case2b_prediction_inversion_boundary.stress.moderate.util0.961268.inv0.610666.s20260809,prediction_inversion_boundary,prediction_inversion_boundary_grid,sobol_pilot_v1,20260809,,sobol_family_b_prediction_sensitive,moderate,0.610666,,,,,,,-0.69010863350486,-0.8722097128401854,,stress,6,20260810,0.961268,,
sobolB.idx6.case2b_prediction_inversion_boundary.stress.moderate.util0.961268.inv0.610666.s20260810,prediction_inversion_boundary,prediction_inversion_boundary_grid,sobol_pilot_v1,20260810,,sobol_family_b_prediction_sensitive,moderate,0.610666,,,,,,,-0.6897538637664568,-0.8720742758659032,,stress,6,20260810,0.961268,,
sobolB.idx6.case2b_prediction_inversion_boundary.stress.moderate.util0.961268.inv0.610666.s20260811,prediction_inversion_boundary,prediction_inversion_boundary_grid,sobol_pilot_v1,20260811,,sobol_family_b_prediction_sensitive,moderate,0.610666,,,,,,,-0.6898517673888256,-0.8696389359868804,,stress,6,20260810,0.961268,,
sobolB.idx6.case2b_prediction_inversion_boundary.stress.moderate.util0.961268.inv0.610666.s20260812,prediction_inversion_boundary,prediction_inversion_boundary_grid,sobol_pilot_v1,20260812,,sobol_family_b_prediction_sensitive,moderate,0.610666,,,,,,,-0.6914285714285714,-0.870927840782744,,stress,6,20260810,0.961268,,
sobolB.idx6.case2b_prediction_inversion_boundary.stress.strong.util0.961268.inv0.610666.s20260809,prediction_inversion_boundary,prediction_inversion_boundary_grid,sobol_pilot_v1,20260809,,sobol_family_b_prediction_sensitive,strong,0.610666,,,,,,,-0.6883852691218131,-0.8721760635785144,,stress,6,20260810,0.961268,,
sobolB.idx6.case2b_prediction_inversion_boundary.stress.strong.util0.961268.inv0.610666.s20260810,prediction_inversion_boundary,prediction_inversion_boundary_grid,sobol_pilot_v1,20260810,,sobol_family_b_prediction_sensitive,strong,0.610666,,,,,,,-0.688737973967176,-0.8722074024674891,,stress,6,20260810,0.961268,,
sobolB.idx6.case2b_prediction_inversion_boundary.stress.strong.util0.961268.inv0.610666.s20260811,prediction_inversion_boundary,prediction_inversion_boundary_grid,sobol_pilot_v1,20260811,,sobol_family_b_prediction_sensitive,strong,0.610666,,,,,,,-0.688737973967176,-0.8709153051017005,,stress,6,20260810,0.961268,,
sobolB.idx6.case2b_prediction_inversion_boundary.stress.strong.util0.961268.inv0.610666.s20260812,prediction_inversion_boundary,prediction_inversion_boundary_grid,sobol_pilot_v1,20260812,,sobol_family_b_prediction_sensitive,strong,0.610666,,,,,,,-0.6893424036281179,-0.8722280887011616,,stress,6,20260810,0.961268,,
sobolB.idx7.case2b_prediction_inversion_boundary.stress.moderate.util0.536905.inv0.303602.s20260809,prediction_inversion_boundary,prediction_inversion_boundary_grid,sobol_pilot_v1,20260809,,sobol_family_b_prediction_sensitive,moderate,0.303602,,,,,,,-0.027952082144894468,-0.3143746698913073,,stress,7,20260810,0.536905,,
sobolB.idx7.case2b_prediction_inversion_boundary.stress.moderate.util0.536905.inv0.303602.s20260810,prediction_inversion_boundary,prediction_inversion_boundary_grid,sobol_pilot_v1,20260810,,sobol_family_b_prediction_sensitive,moderate,0.303602,,,,,,,-0.025142857142857144,-0.31185022516261746,,stress,7,20260810,0.536905,,
sobolB.idx7.case2b_prediction_inversion_boundary.stress.moderate.util0.536905.inv0.303602.s20260811,prediction_inversion_boundary,prediction_inversion_boundary_grid,sobol_pilot_v1,20260811,,sobol_family_b_prediction_sensitive,moderate,0.303602,,,,,,,-0.02957906712172924,-0.3121855629985824,,stress,7,20260810,0.536905,,
sobolB.idx7.case2b_prediction_inversion_boundary.stress.moderate.util0.536905.inv0.303602.s20260812,prediction_inversion_boundary,prediction_inversion_boundary_grid,sobol_pilot_v1,20260812,,sobol_family_b_prediction_sensitive,moderate,0.303602,,,,,,,-0.026255707762557076,-0.314209472981988,,stress,7,20260810,0.536905,,
sobolB.idx7.case2b_prediction_inversion_boundary.stress.strong.util0.536905.inv0.303602.s20260809,prediction_inversion_boundary,prediction_inversion_boundary_grid,sobol_pilot_v1,20260809,,sobol_family_b_prediction_sensitive,strong,0.303602,,,,,,,-0.025495750708215296,-0.3141412176619335,,stress,7,20260810,0.536905,,
sobolB.idx7.case2b_prediction_inversion_boundary.stress.strong.util0.536905.inv0.303602.s20260810,prediction_inversion_boundary,prediction_inversion_boundary_grid,sobol_pilot_v1,20260810,,sobol_family_b_prediction_sensitive,strong,0.303602,,,,,,,-0.02659875495189587,-0.3118956318772924,,stress,7,20260810,0.536905,,
sobolB.idx7.case2b_prediction_inversion_boundary.stress.strong.util0.536905.inv0.303602.s20260811,prediction_inversion_boundary,prediction_inversion_boundary_grid,sobol_pilot_v1,20260811,,sobol_family_b_prediction_sensitive,strong,0.303602,,,,,,,-0.02828054298642534,-0.314271423807936,,stress,7,20260810,0.536905,,
sobolB.idx7.case2b_prediction_inversion_boundary.stress.strong.util0.536905.inv0.303602.s20260812,prediction_inversion_boundary,prediction_inversion_boundary_grid,sobol_pilot_v1,20260812,,sobol_family_b_prediction_sensitive,strong,0.303602,,,,,,,-0.026077097505668934,-0.31417773578613906,,stress,7,20260810,0.536905,,
sobolB.idx8.case2b_prediction_inversion_boundary.stress.moderate.util0.546703.inv0.939356.s20260809,prediction_inversion_boundary,prediction_inversion_boundary_grid,sobol_pilot_v1,20260809,,sobol_family_b_prediction_sensitive,moderate,0.939356,,,,,,,-0.9931192660550459,-0.9989714508103298,,stress,8,20260810,0.546703,,
sobolB.idx8.case2b_prediction_inversion_boundary.stress.moderate.util0.546703.inv0.939356.s20260810,prediction_inversion_boundary,prediction_inversion_boundary_grid,sobol_pilot_v1,20260810,,sobol_family_b_prediction_sensitive,moderate,0.939356,,,,,,,-0.994269340974212,-0.9991104686718185,,stress,8,20260810,0.546703,,
sobolB.idx8.case2b_prediction_inversion_boundary.stress.moderate.util0.546703.inv0.939356.s20260811,prediction_inversion_boundary,prediction_inversion_boundary_grid,sobol_pilot_v1,20260811,,sobol_family_b_prediction_sensitive,moderate,0.939356,,,,,,,-0.9942889777270132,-0.9989715651666342,,stress,8,20260810,0.546703,,
sobolB.idx8.case2b_prediction_inversion_boundary.stress.moderate.util0.546703.inv0.939356.s20260812,prediction_inversion_boundary,prediction_inversion_boundary_grid,sobol_pilot_v1,20260812,,sobol_family_b_prediction_sensitive,moderate,0.939356,,,,,,,-0.993127147766323,-0.9989993328885923,,stress,8,20260810,0.546703,,
sobolB.idx8.case2b_prediction_inversion_boundary.stress.strong.util0.546703.inv0.939356.s20260809,prediction_inversion_boundary,prediction_inversion_boundary_grid,sobol_pilot_v1,20260809,,sobol_family_b_prediction_sensitive,strong,0.939356,,,,,,,-0.9931972789115646,-0.9993608803178925,,stress,8,20260810,0.546703,,
sobolB.idx8.case2b_prediction_inversion_boundary.stress.strong.util0.546703.inv0.939356.s20260810,prediction_inversion_boundary,prediction_inversion_boundary_grid,sobol_pilot_v1,20260810,,sobol_family_b_prediction_sensitive,strong,0.939356,,,,,,,-0.9943406904357668,-0.9994720462376346,,stress,8,20260810,0.546703,,
sobolB.idx8.case2b_prediction_inversion_boundary.stress.strong.util0.546703.inv0.939356.s20260811,prediction_inversion_boundary,prediction_inversion_boundary_grid,sobol_pilot_v1,20260811,,sobol_family_b_prediction_sensitive,strong,0.939356,,,,,,,-0.9932049830124575,-0.9992080693564522,,stress,8,20260810,0.546703,,
sobolB.idx8.case2b_prediction_inversion_boundary.stress.strong.util0.546703.inv0.939356.s20260812,prediction_inversion_boundary,prediction_inversion_boundary_grid,sobol_pilot_v1,20260812,,sobol_family_b_prediction_sensitive,strong,0.939356,,,,,,,-0.9931895573212258,-0.9993330739732118,,stress,8,20260810,0.546703,,
sobolB.idx9.case2b_prediction_inversion_boundary.stress.moderate.util1.007683.inv0.131194.s20260809,prediction_inversion_boundary,prediction_inversion_boundary_grid,sobol_pilot_v1,20260809,,sobol_family_b_prediction_sensitive,moderate,0.131194,,,,,,,0.4962962962962963,0.30440886220220714,,stress,9,20260810,1.007683,,
sobolB.idx9.case2b_prediction_inversion_boundary.stress.moderate.util1.007683.inv0.131194.s20260810,prediction_inversion_boundary,prediction_inversion_boundary_grid,sobol_pilot_v1,20260810,,sobol_family_b_prediction_sensitive,moderate,0.131194,,,,,,,0.5002852253280091,0.3018568966475788,,stress,9,20260810,1.007683,,
sobolB.idx9.case2b_prediction_inversion_boundary.stress.moderate.util1.007683.inv0.131194.s20260811,prediction_inversion_boundary,prediction_inversion_boundary_grid,sobol_pilot_v1,20260811,,sobol_family_b_prediction_sensitive,moderate,0.131194,,,,,,,0.4974417282546902,0.30166495260861104,,stress,9,20260810,1.007683,,
sobolB.idx9.case2b_prediction_inversion_boundary.stress.moderate.util1.007683.inv0.131194.s20260812,prediction_inversion_boundary,prediction_inversion_boundary_grid,sobol_pilot_v1,20260812,,sobol_family_b_prediction_sensitive,moderate,0.131194,,,,,,,0.500570125427594,0.30186791194129414,,stress,9,20260810,1.007683,,
sobolB.idx9.case2b_prediction_inversion_boundary.stress.strong.util1.007683.inv0.131194.s20260809,prediction_inversion_boundary,prediction_inversion_boundary_grid,sobol_pilot_v1,20260809,,sobol_family_b_prediction_sensitive,strong,0.131194,,,,,,,0.49943374858437145,0.30467946758551695,,stress,9,20260810,1.007683,,
sobolB.idx9.case2b_prediction_inversion_boundary.stress.strong.util1.007683.inv0.131194.s20260810,prediction_inversion_boundary,prediction_inversion_boundary_grid,sobol_pilot_v1,20260810,,sobol_family_b_prediction_sensitive,strong,0.131194,,,,,,,0.497737556561086,0.30176725575191726,,stress,9,20260810,1.007683,,
sobolB.idx9.case2b_prediction_inversion_boundary.stress.strong.util1.007683.inv0.131194.s20260811,prediction_inversion_boundary,prediction_inversion_boundary_grid,sobol_pilot_v1,20260811,,sobol_family_b_prediction_sensitive,strong,0.131194,,,,,,,0.497737556561086,0.30176725575191726,,stress,9,20260810,1.007683,,
sobolB.idx9.case2b_prediction_inversion_boundary.stress.strong.util1.007683.inv0.131194.s20260812,prediction_inversion_boundary,prediction_inversion_boundary_grid,sobol_pilot_v1,20260812,,sobol_family_b_prediction_sensitive,strong,0.131194,,,,,,,0.4991501416430595,0.30181181570610793,,stress,9,20260810,1.007683,,
sobolB.idx10.case2b_prediction_inversion_boundary.stress.moderate.util0.898975.inv0.647897.s20260809,prediction_inversion_boundary,prediction_inversion_boundary_grid,sobol_pilot_v1,20260809,,sobol_family_b_prediction_sensitive,moderate,0.647897,,,,,,,-0.7415666094911378,-0.9016206599393988,,stress,10,20260810,0.898975,,
sobolB.idx10.case2b_prediction_inversion_boundary.stress.moderate.util0.898975.inv0.647897.s20260810,prediction_inversion_boundary,prediction_inversion_boundary_grid,sobol_pilot_v1,20260810,,sobol_family_b_prediction_sensitive,moderate,0.647897,,,,,,,-0.7412707498568976,-0.9014844054039028,,stress,10,20260810,0.898975,,
sobolB.idx10.case2b_prediction_inversion_boundary.stress.moderate.util0.898975.inv0.647897.s20260811,prediction_inversion_boundary,prediction_inversion_boundary_grid,sobol_pilot_v1,20260811,,sobol_family_b_prediction_sensitive,moderate,0.647897,,,,,,,-0.7411630558722919,-0.9016593935014037,,stress,10,20260810,0.898975,,
sobolB.idx10.case2b_prediction_inversion_boundary.stress.moderate.util0.898975.inv0.647897.s20260812,prediction_inversion_boundary,prediction_inversion_boundary_grid,sobol_pilot_v1,20260812,,sobol_family_b_prediction_sensitive,moderate,0.647897,,,,,,,-0.7428571428571429,-0.9016288636869023,,stress,10,20260810,0.898975,,
sobolB.idx10.case2b_prediction_inversion_boundary.stress.strong.util0.898975.inv0.647897.s20260809,prediction_inversion_boundary,prediction_inversion_boundary_grid,sobol_pilot_v1,20260809,,sobol_family_b_prediction_sensitive,strong,0.647897,,,,,,,-0.7393767705382436,-0.901575568955456,,stress,10,20260810,0.898975,,
sobolB.idx10.case2b_prediction_inversion_boundary.stress.strong.util0.898975.inv0.647897.s20260810,prediction_inversion_boundary,prediction_inversion_boundary_grid,sobol_pilot_v1,20260810,,sobol_family_b_prediction_sensitive,strong,0.647897,,,,,,,-0.7396717600452745,-0.9016060909191952,,stress,10,20260810,0.898975,,
sobolB.idx10.case2b_prediction_inversion_boundary.stress.strong.util0.898975.inv0.647897.s20260811,prediction_inversion_boundary,prediction_inversion_boundary_grid,sobol_pilot_v1,20260811,,sobol_family_b_prediction_sensitive,strong,0.647897,,,,,,,-0.7396717600452745,-0.9016060909191952,,stress,10,20260810,0.898975,,
sobolB.idx10.case2b_prediction_inversion_boundary.stress.strong.util0.898975.inv0.647897.s20260812,prediction_inversion_boundary,prediction_inversion_boundary_grid,sobol_pilot_v1,20260812,,sobol_family_b_prediction_sensitive,strong,0.647897,,,,,,,-0.7403628117913832,-0.9016284110487413,,stress,10,20260810,0.898975,,
sobolB.idx11.case2b_prediction_inversion_boundary.stress.moderate.util0.728031.inv0.453869.s20260809,prediction_inversion_boundary,prediction_inversion_boundary_grid,sobol_pilot_v1,20260809,,sobol_family_b_prediction_sensitive,moderate,0.453869,,,,,,,-0.43853630646083475,-0.6950073666360881,,stress,11,20260810,0.728031,,
sobolB.idx11.case2b_prediction_inversion_boundary.stress.moderate.util0.728031.inv0.453869.s20260810,prediction_inversion_boundary,prediction_inversion_boundary_grid,sobol_pilot_v1,20260810,,sobol_family_b_prediction_sensitive,moderate,0.453869,,,,,,,-0.4378935317687464,-0.6948768555067549,,stress,11,20260810,0.728031,,
sobolB.idx11.case2b_prediction_inversion_boundary.stress.moderate.util0.728031.inv0.453869.s20260811,prediction_inversion_boundary,prediction_inversion_boundary_grid,sobol_pilot_v1,20260811,,sobol_family_b_prediction_sensitive,moderate,0.453869,,,,,,,-0.4433693796243597,-0.6954026183394946,,stress,11,20260810,0.728031,,
sobolB.idx11.case2b_prediction_inversion_boundary.stress.moderate.util0.728031.inv0.453869.s20260812,prediction_inversion_boundary,prediction_inversion_boundary_grid,sobol_pilot_v1,20260812,,sobol_family_b_prediction_sensitive,moderate,0.453869,,,,,,,-0.4429223744292237,-0.6969646430953969,,stress,11,20260810,0.728031,,
sobolB.idx11.case2b_prediction_inversion_boundary.stress.strong.util0.728031.inv0.453869.s20260809,prediction_inversion_boundary,prediction_inversion_boundary_grid,sobol_pilot_v1,20260809,,sobol_family_b_prediction_sensitive,strong,0.453869,,,,,,,-0.43909348441926344,-0.6967793925584238,,stress,11,20260810,0.728031,,
sobolB.idx11.case2b_prediction_inversion_boundary.stress.strong.util0.728031.inv0.453869.s20260810,prediction_inversion_boundary,prediction_inversion_boundary_grid,sobol_pilot_v1,20260810,,sobol_family_b_prediction_sensitive,strong,0.453869,,,,,,,-0.4397283531409168,-0.6968156052017338,,stress,11,20260810,0.728031,,
sobolB.idx11.case2b_prediction_inversion_boundary.stress.strong.util0.728031.inv0.453869.s20260811,prediction_inversion_boundary,prediction_inversion_boundary_grid,sobol_pilot_v1,20260811,,sobol_family_b_prediction_sensitive,strong,0.453869,,,,,,,-0.4411764705882353,-0.6968989663221072,,stress,11,20260810,0.728031,,
sobolB.idx11.case2b_prediction_inversion_boundary.stress.strong.util0.728031.inv0.453869.s20260812,prediction_inversion_boundary,prediction_inversion_boundary_grid,sobol_pilot_v1,20260812,,sobol_family_b_prediction_sensitive,strong,0.453869,,,,,,,-0.4399092970521542,-0.6968265436558663,,stress,11,20260810,0.728031,,
sobolB.idx12.case2b_prediction_inversion_boundary.stress.moderate.util0.657866.inv0.512938.s20260809,prediction_inversion_boundary,prediction_inversion_boundary_grid,sobol_pilot_v1,20260809,,sobol_family_b_prediction_sensitive,moderate,0.512938,,,,,,,-0.5082904516866781,-0.7501737414171739,,stress,12,20260810,0.657866,,
sobolB.idx12.case2b_prediction_inversion_boundary.stress.moderate.util0.657866.inv0.512938.s20260810,prediction_inversion_boundary,prediction_inversion_boundary_grid,sobol_pilot_v1,20260810,,sobol_family_b_prediction_sensitive,moderate,0.512938,,,,,,,-0.5077275329135661,-0.7500416967810086,,stress,12,20260810,0.657866,,
sobolB.idx12.case2b_prediction_inversion_boundary.stress.moderate.util0.657866.inv0.512938.s20260811,prediction_inversion_boundary,prediction_inversion_boundary_grid,sobol_pilot_v1,20260811,,sobol_family_b_prediction_sensitive,moderate,0.512938,,,,,,,-0.5128059191804212,-0.7505628596047473,,stress,12,20260810,0.657866,,
sobolB.idx12.case2b_prediction_inversion_boundary.stress.moderate.util0.657866.inv0.512938.s20260812,prediction_inversion_boundary,prediction_inversion_boundary_grid,sobol_pilot_v1,20260812,,sobol_family_b_prediction_sensitive,moderate,0.512938,,,,,,,-0.5125570776255708,-0.7503891483211028,,stress,12,20260810,0.657866,,
sobolB.idx12.case2b_prediction_inversion_boundary.stress.strong.util0.657866.inv0.512938.s20260809,prediction_inversion_boundary,prediction_inversion_boundary_grid,sobol_pilot_v1,20260809,,sobol_family_b_prediction_sensitive,strong,0.512938,,,,,,,-0.5082152974504249,-0.7501875677327924,,stress,12,20260810,0.657866,,
sobolB.idx12.case2b_prediction_inversion_boundary.stress.strong.util0.657866.inv0.512938.s20260810,prediction_inversion_boundary,prediction_inversion_boundary_grid,sobol_pilot_v1,20260810,,sobol_family_b_prediction_sensitive,strong,0.512938,,,,,,,-0.5087719298245614,-0.7502222963209959,,stress,12,20260810,0.657866,,
sobolB.idx12.case2b_prediction_inversion_boundary.stress.strong.util0.657866.inv0.512938.s20260811,prediction_inversion_boundary,prediction_inversion_boundary_grid,sobol_pilot_v1,20260811,,sobol_family_b_prediction_sensitive,strong,0.512938,,,,,,,-0.5101809954751131,-0.7503056574413692,,stress,12,20260810,0.657866,,
sobolB.idx12.case2b_prediction_inversion_boundary.stress.strong.util0.657866.inv0.512938.s20260812,prediction_inversion_boundary,prediction_inversion_boundary_grid,sobol_pilot_v1,20260812,,sobol_family_b_prediction_sensitive,strong,0.512938,,,,,,,-0.5090702947845805,-0.7502362029678209,,stress,12,20260810,0.657866,,
sobolB.idx13.case2b_prediction_inversion_boundary.stress.moderate.util0.81914.inv0.32281.s20260809,prediction_inversion_boundary,prediction_inversion_boundary_grid,sobol_pilot_v1,20260809,,sobol_family_b_prediction_sensitive,moderate,0.32281,,,,,,,-0.11707595659623073,-0.403330275484391,,stress,13,20260810,0.81914,,
sobolB.idx13.case2b_prediction_inversion_boundary.stress.moderate.util0.81914.inv0.32281.s20260810,prediction_inversion_boundary,prediction_inversion_boundary_grid,sobol_pilot_v1,20260810,,sobol_family_b_prediction_sensitive,moderate,0.32281,,,,,,,-0.11606632361349342,-0.40530661032968257,,stress,13,20260810,0.81914,,
sobolB.idx13.case2b_prediction_inversion_boundary.stress.moderate.util0.81914.inv0.32281.s20260811,prediction_inversion_boundary,prediction_inversion_boundary_grid,sobol_pilot_v1,20260811,,sobol_family_b_prediction_sensitive,moderate,0.32281,,,,,,,-0.1217292377701934,-0.4079272868777274,,stress,13,20260810,0.81914,,
sobolB.idx13.case2b_prediction_inversion_boundary.stress.moderate.util0.81914.inv0.32281.s20260812,prediction_inversion_boundary,prediction_inversion_boundary_grid,sobol_pilot_v1,20260812,,sobol_family_b_prediction_sensitive,moderate,0.32281,,,,,,,-0.1187214611872146,-0.40766066266399814,,stress,13,20260810,0.81914,,
sobolB.idx13.case2b_prediction_inversion_boundary.stress.strong.util0.81914.inv0.32281.s20260809,prediction_inversion_boundary,prediction_inversion_boundary_grid,sobol_pilot_v1,20260809,,sobol_family_b_prediction_sensitive,strong,0.32281,,,,,,,-0.11728045325779037,-0.4075638424986801,,stress,13,20260810,0.81914,,
sobolB.idx13.case2b_prediction_inversion_boundary.stress.strong.util0.81914.inv0.32281.s20260810,prediction_inversion_boundary,prediction_inversion_boundary_grid,sobol_pilot_v1,20260810,,sobol_family_b_prediction_sensitive,strong,0.32281,,,,,,,-0.11827956989247312,-0.4076080915860842,,stress,13,20260810,0.81914,,
sobolB.idx13.case2b_prediction_inversion_boundary.stress.strong.util0.81914.inv0.32281.s20260811,prediction_inversion_boundary,prediction_inversion_boundary_grid,sobol_pilot_v1,20260811,,sobol_family_b_prediction_sensitive,strong,0.32281,,,,,,,-0.11990950226244344,-0.4076914527064577,,stress,13,20260810,0.81914,,
sobolB.idx13.case2b_prediction_inversion_boundary.stress.strong.util0.81914.inv0.32281.s20260812,prediction_inversion_boundary,prediction_inversion_boundary_grid,sobol_pilot_v1,20260812,,sobol_family_b_prediction_sensitive,strong,0.32281,,,,,,,-0.11791383219954649,-0.4076029567053855,,stress,13,20260810,0.81914,,
sobolB.idx14.case2b_prediction_inversion_boundary.stress.moderate.util1.087226.inv0.83952.s20260809,prediction_inversion_boundary,prediction_inversion_boundary_grid,sobol_pilot_v1,20260809,,sobol_family_b_prediction_sensitive,moderate,0.83952,,,,,,,-0.9507445589919816,-0.9896589108498037,,stress,14,20260810,1.087226,,
sobolB.idx14.case2b_prediction_inversion_boundary.stress.moderate.util1.087226.inv0.83952.s20260810,prediction_inversion_boundary,prediction_inversion_boundary_grid,sobol_pilot_v1,20260810,,sobol_family_b_prediction_sensitive,moderate,0.83952,,,,,,,-0.9495702005730658,-0.9899788736309558,,stress,14,20260810,1.087226,,
sobolB.idx14.case2b_prediction_inversion_boundary.stress.moderate.util1.087226.inv0.83952.s20260811,prediction_inversion_boundary,prediction_inversion_boundary_grid,sobol_pilot_v1,20260811,,sobol_family_b_prediction_sensitive,moderate,0.83952,,,,,,,-0.9520821448944666,-0.9908552686438559,,stress,14,20260810,1.087226,,
sobolB.idx14.case2b_prediction_inversion_boundary.stress.moderate.util1.087226.inv0.83952.s20260812,prediction_inversion_boundary,prediction_inversion_boundary_grid,sobol_pilot_v1,20260812,,sobol_family_b_prediction_sensitive,moderate,0.83952,,,,,,,-0.9496279336004579,-0.9899794307315988,,stress,14,20260810,1.087226,,
sobolB.idx14.case2b_prediction_inversion_boundary.stress.strong.util1.087226.inv0.83952.s20260809,prediction_inversion_boundary,prediction_inversion_boundary_grid,sobol_pilot_v1,20260809,,sobol_family_b_prediction_sensitive,strong,0.83952,,,,,,,-0.9489795918367347,-0.990746658515575,,stress,14,20260810,1.087226,,
sobolB.idx14.case2b_prediction_inversion_boundary.stress.strong.util1.087226.inv0.83952.s20260810,prediction_inversion_boundary,prediction_inversion_boundary_grid,sobol_pilot_v1,20260810,,sobol_family_b_prediction_sensitive,strong,0.83952,,,,,,,-0.9501980758347481,-0.990858063799044,,stress,14,20260810,1.087226,,
sobolB.idx14.case2b_prediction_inversion_boundary.stress.strong.util1.087226.inv0.83952.s20260811,prediction_inversion_boundary,prediction_inversion_boundary_grid,sobol_pilot_v1,20260811,,sobol_family_b_prediction_sensitive,strong,0.83952,,,,,,,-0.9501980758347481,-0.990858063799044,,stress,14,20260810,1.087226,,
sobolB.idx14.case2b_prediction_inversion_boundary.stress.strong.util1.087226.inv0.83952.s20260812,prediction_inversion_boundary,prediction_inversion_boundary_grid,sobol_pilot_v1,20260812,,sobol_family_b_prediction_sensitive,strong,0.83952,,,,,,,-0.9489216799091941,-0.9907186127938644,,stress,14,20260810,1.087226,,
sobolB.idx15.case2b_prediction_inversion_boundary.stress.moderate.util0.61716.inv0.027444.s20260809,prediction_inversion_boundary,prediction_inversion_boundary_grid,sobol_pilot_v1,20260809,,sobol_family_b_prediction_sensitive,moderate,0.027444,,,,,,,0.8667425968109339,0.8064659605815472,,stress,15,20260810,0.61716,,
sobolB.idx15.case2b_prediction_inversion_boundary.stress.moderate.util0.61716.inv0.027444.s20260810,prediction_inversion_boundary,prediction_inversion_boundary_grid,sobol_pilot_v1,20260810,,sobol_family_b_prediction_sensitive,moderate,0.027444,,,,,,,0.8710781517398745,0.8129760382498472,,stress,15,20260810,0.61716,,
sobolB.idx15.case2b_prediction_inversion_boundary.stress.moderate.util0.61716.inv0.027444.s20260811,prediction_inversion_boundary,prediction_inversion_boundary_grid,sobol_pilot_v1,20260811,,sobol_family_b_prediction_sensitive,moderate,0.027444,,,,,,,0.8669698692438885,0.8064874781110153,,stress,15,20260810,0.61716,,
sobolB.idx15.case2b_prediction_inversion_boundary.stress.moderate.util0.61716.inv0.027444.s20260812,prediction_inversion_boundary,prediction_inversion_boundary_grid,sobol_pilot_v1,20260812,,sobol_family_b_prediction_sensitive,moderate,0.027444,,,,,,,0.8712250712250712,0.8129864354013786,,stress,15,20260810,0.61716,,
sobolB.idx15.case2b_prediction_inversion_boundary.stress.strong.util0.61716.inv0.027444.s20260809,prediction_inversion_boundary,prediction_inversion_boundary_grid,sobol_pilot_v1,20260809,,sobol_family_b_prediction_sensitive,strong,0.027444,,,,,,,0.8675721561969439,0.8065412510073081,,stress,15,20260810,0.61716,,
sobolB.idx15.case2b_prediction_inversion_boundary.stress.strong.util0.61716.inv0.027444.s20260810,prediction_inversion_boundary,prediction_inversion_boundary_grid,sobol_pilot_v1,20260810,,sobol_family_b_prediction_sensitive,strong,0.027444,,,,,,,0.8676470588235294,0.8065466266533289,,stress,15,20260810,0.61716,,
sobolB.idx15.case2b_prediction_inversion_boundary.stress.strong.util0.61716.inv0.027444.s20260811,prediction_inversion_boundary,prediction_inversion_boundary_grid,sobol_pilot_v1,20260811,,sobol_family_b_prediction_sensitive,strong,0.027444,,,,,,,0.8676470588235294,0.8065466266533289,,stress,15,20260810,0.61716,,
sobolB.idx15.case2b_prediction_inversion_boundary.stress.strong.util0.61716.inv0.027444.s20260812,prediction_inversion_boundary,prediction_inversion_boundary_grid,sobol_pilot_v1,20260812,,sobol_family_b_prediction_sensitive,strong,0.027444,,,,,,,0.8696883852691218,0.8098010337353416,,stress,15,20260810,0.61716,,
sobolB.idx16.case2b_prediction_inversion_boundary.stress.moderate.util0.632308.inv0.865429.s20260809,prediction_inversion_boundary,prediction_inversion_boundary_grid,sobol_pilot_v1,20260809,,sobol_family_b_prediction_sensitive,moderate,0.865429,,,,,,,-0.969054441260745,-0.9941622883829537,,stress,16,20260810,0.632308,,
sobolB.idx16.case2b_prediction_inversion_boundary.stress.moderate.util0.632308.inv0.865429.s20260810,prediction_inversion_boundary,prediction_inversion_boundary_grid,sobol_pilot_v1,20260810,,sobol_family_b_prediction_sensitive,moderate,0.865429,,,,,,,-0.969054441260745,-0.9949963862789794,,stress,16,20260810,0.632308,,
sobolB.idx16.case2b_prediction_inversion_boundary.stress.moderate.util0.632308.inv0.865429.s20260811,prediction_inversion_boundary,prediction_inversion_boundary_grid,sobol_pilot_v1,20260811,,sobol_family_b_prediction_sensitive,moderate,0.865429,,,,,,,-0.9714774671990872,-0.9953581454818355,,stress,16,20260810,0.632308,,
sobolB.idx16.case2b_prediction_inversion_boundary.stress.moderate.util0.632308.inv0.865429.s20260812,prediction_inversion_boundary,prediction_inversion_boundary_grid,sobol_pilot_v1,20260812,,sobol_family_b_prediction_sensitive,moderate,0.865429,,,,,,,-0.9679266895761741,-0.994482432732933,,stress,16,20260810,0.632308,,
sobolB.idx16.case2b_prediction_inversion_boundary.stress.strong.util0.632308.inv0.865429.s20260809,prediction_inversion_boundary,prediction_inversion_boundary_grid,sobol_pilot_v1,20260809,,sobol_family_b_prediction_sensitive,strong,0.865429,,,,,,,-0.9682539682539683,-0.9952482841025926,,stress,16,20260810,0.632308,,
sobolB.idx16.case2b_prediction_inversion_boundary.stress.strong.util0.632308.inv0.865429.s20260810,prediction_inversion_boundary,prediction_inversion_boundary_grid,sobol_pilot_v1,20260810,,sobol_family_b_prediction_sensitive,strong,0.865429,,,,,,,-0.969439728353141,-0.9953595642992106,,stress,16,20260810,0.632308,,
sobolB.idx16.case2b_prediction_inversion_boundary.stress.strong.util0.632308.inv0.865429.s20260811,prediction_inversion_boundary,prediction_inversion_boundary_grid,sobol_pilot_v1,20260811,,sobol_family_b_prediction_sensitive,strong,0.865429,,,,,,,-0.969439728353141,-0.9953595642992106,,stress,16,20260810,0.632308,,
sobolB.idx16.case2b_prediction_inversion_boundary.stress.strong.util0.632308.inv0.865429.s20260812,prediction_inversion_boundary,prediction_inversion_boundary_grid,sobol_pilot_v1,20260812,,sobol_family_b_prediction_sensitive,strong,0.865429,,,,,,,-0.9682179341657208,-0.9952203634746847,,stress,16,20260810,0.632308,,
sobolB.idx17.case2b_prediction_inversion_boundary.stress.moderate.util1.069551.inv0.048348.s20260809,prediction_inversion_boundary,prediction_inversion_boundary_grid,sobol_pilot_v1,20260809,,sobol_family_b_prediction_sensitive,moderate,0.048348,,,,,,,0.8667425968109339,0.8064659605815472,,stress,17,20260810,1.069551,,
sobolB.idx17.case2b_prediction_inversion_boundary.stress.moderate.util1.069551.inv0.048348.s20260810,prediction_inversion_boundary,prediction_inversion_boundary_grid,sobol_pilot_v1,20260810,,sobol_family_b_prediction_sensitive,moderate,0.048348,,,,,,,0.8710781517398745,0.8129760382498472,,stress,17,20260810,1.069551,,
sobolB.idx17.case2b_prediction_inversion_boundary.stress.moderate.util1.069551.inv0.048348.s20260811,prediction_inversion_boundary,prediction_inversion_boundary_grid,sobol_pilot_v1,20260811,,sobol_family_b_prediction_sensitive,moderate,0.048348,,,,,,,0.8669698692438885,0.8064874781110153,,stress,17,20260810,1.069551,,
sobolB.idx17.case2b_prediction_inversion_boundary.stress.moderate.util1.069551.inv0.048348.s20260812,prediction_inversion_boundary,prediction_inversion_boundary_grid,sobol_pilot_v1,20260812,,sobol_family_b_prediction_sensitive,moderate,0.048348,,,,,,,0.8712250712250712,0.8129864354013786,,stress,17,20260810,1.069551,,
sobolB.idx17.case2b_prediction_inversion_boundary.stress.strong.util1.069551.inv0.048348.s20260809,prediction_inversion_boundary,prediction_inversion_boundary_grid,sobol_pilot_v1,20260809,,sobol_family_b_prediction_sensitive,strong,0.048348,,,,,,,0.8675721561969439,0.8065412510073081,,stress,17,20260810,1.069551,,
sobolB.idx17.case2b_prediction_inversion_boundary.stress.strong.util1.069551.inv0.048348.s20260810,prediction_inversion_boundary,prediction_inversion_boundary_grid,sobol_pilot_v1,20260810,,sobol_family_b_prediction_sensitive,strong,0.048348,,,,,,,0.8676470588235294,0.8065466266533289,,stress,17,20260810,1.069551,,
sobolB.idx17.case2b_prediction_inversion_boundary.stress.strong.util1.069551.inv0.048348.s20260811,prediction_inversion_boundary,prediction_inversion_boundary_grid,sobol_pilot_v1,20260811,,sobol_family_b_prediction_sensitive,strong,0.048348,,,,,,,0.8676470588235294,0.8065466266533289,,stress,17,20260810,1.069551,,
sobolB.idx17.case2b_prediction_inversion_boundary.stress.strong.util1.069551.inv0.048348.s20260812,prediction_inversion_boundary,prediction_inversion_boundary_grid,sobol_pilot_v1,20260812,,sobol_family_b_prediction_sensitive,strong,0.048348,,,,,,,0.8696883852691218,0.8098010337353416,,stress,17,20260810,1.069551,,
sobolB.idx18.case2b_prediction_inversion_boundary.stress.moderate.util0.803845.inv0.531889.s20260809,prediction_inversion_boundary,prediction_inversion_boundary_grid,sobol_pilot_v1,20260809,,sobol_family_b_prediction_sensitive,moderate,0.531889,,,,,,,-0.5734705546026301,-0.7969310316070385,,stress,18,20260810,0.803845,,
sobolB.idx18.case2b_prediction_inversion_boundary.stress.moderate.util0.803845.inv0.531889.s20260810,prediction_inversion_boundary,prediction_inversion_boundary_grid,sobol_pilot_v1,20260810,,sobol_family_b_prediction_sensitive,moderate,0.531889,,,,,,,-0.5729822552947911,-0.7967976872185468,,stress,18,20260810,0.803845,,
sobolB.idx18.case2b_prediction_inversion_boundary.stress.moderate.util0.803845.inv0.531889.s20260811,prediction_inversion_boundary,prediction_inversion_boundary_grid,sobol_pilot_v1,20260811,,sobol_family_b_prediction_sensitive,moderate,0.531889,,,,,,,-0.5776892430278885,-0.7973149512188342,,stress,18,20260810,0.803845,,
sobolB.idx18.case2b_prediction_inversion_boundary.stress.moderate.util0.803845.inv0.531889.s20260812,prediction_inversion_boundary,prediction_inversion_boundary_grid,sobol_pilot_v1,20260812,,sobol_family_b_prediction_sensitive,moderate,0.531889,,,,,,,-0.5776255707762558,-0.7971425394707582,,stress,18,20260810,0.803845,,
sobolB.idx18.case2b_prediction_inversion_boundary.stress.strong.util0.803845.inv0.531889.s20260809,prediction_inversion_boundary,prediction_inversion_boundary_grid,sobol_pilot_v1,20260809,,sobol_family_b_prediction_sensitive,strong,0.531889,,,,,,,-0.5728045325779036,-0.7969266679634313,,stress,18,20260810,0.803845,,
sobolB.idx18.case2b_prediction_inversion_boundary.stress.strong.util0.803845.inv0.531889.s20260810,prediction_inversion_boundary,prediction_inversion_boundary_grid,sobol_pilot_v1,20260810,,sobol_family_b_prediction_sensitive,strong,0.531889,,,,,,,-0.5732880588568194,-0.7969600978103811,,stress,18,20260810,0.803845,,
sobolB.idx18.case2b_prediction_inversion_boundary.stress.strong.util0.803845.inv0.531889.s20260811,prediction_inversion_boundary,prediction_inversion_boundary_grid,sobol_pilot_v1,20260811,,sobol_family_b_prediction_sensitive,strong,0.531889,,,,,,,-0.5746606334841629,-0.7970434589307547,,stress,18,20260810,0.803845,,
sobolB.idx18.case2b_prediction_inversion_boundary.stress.strong.util0.803845.inv0.531889.s20260812,prediction_inversion_boundary,prediction_inversion_boundary_grid,sobol_pilot_v1,20260812,,sobol_family_b_prediction_sensitive,strong,0.531889,,,,,,,-0.5736961451247166,-0.7969766020118937,,stress,18,20260810,0.803845,,
sobolB.idx19.case2b_prediction_inversion_boundary.stress.moderate.util0.675394.inv0.350672.s20260809,prediction_inversion_boundary,prediction_inversion_boundary_grid,sobol_pilot_v1,20260809,,sobol_family_b_prediction_sensitive,moderate,0.350672,,,,,,,-0.20342857142857143,-0.48789369805131616,,stress,19,20260810,0.675394,,
sobolB.idx19.case2b_prediction_inversion_boundary.stress.moderate.util0.675394.inv0.350672.s20260810,prediction_inversion_boundary,prediction_inversion_boundary_grid,sobol_pilot_v1,20260810,,sobol_family_b_prediction_sensitive,moderate,0.350672,,,,,,,-0.20411663807890223,-0.49204981375437823,,stress,19,20260810,0.675394,,
sobolB.idx19.case2b_prediction_inversion_boundary.stress.moderate.util0.675394.inv0.350672.s20260811,prediction_inversion_boundary,prediction_inversion_boundary_grid,sobol_pilot_v1,20260811,,sobol_family_b_prediction_sensitive,moderate,0.350672,,,,,,,-0.20932878270762229,-0.4924813075020152,,stress,19,20260810,0.675394,,
sobolB.idx19.case2b_prediction_inversion_boundary.stress.moderate.util0.675394.inv0.350672.s20260812,prediction_inversion_boundary,prediction_inversion_boundary_grid,sobol_pilot_v1,20260812,,sobol_family_b_prediction_sensitive,moderate,0.350672,,,,,,,-0.20662100456621005,-0.49221703357794083,,stress,19,20260810,0.675394,,
sobolB.idx19.case2b_prediction_inversion_boundary.stress.strong.util0.675394.inv0.350672.s20260809,prediction_inversion_boundary,prediction_inversion_boundary_grid,sobol_pilot_v1,20260809,,sobol_family_b_prediction_sensitive,strong,0.350672,,,,,,,-0.20453257790368273,-0.49209436741045365,,stress,19,20260810,0.675394,,
sobolB.idx19.case2b_prediction_inversion_boundary.stress.strong.util0.675394.inv0.350672.s20260810,prediction_inversion_boundary,prediction_inversion_boundary_grid,sobol_pilot_v1,20260810,,sobol_family_b_prediction_sensitive,strong,0.350672,,,,,,,-0.20543293718166383,-0.4921362676447704,,stress,19,20260810,0.675394,,
sobolB.idx19.case2b_prediction_inversion_boundary.stress.strong.util0.675394.inv0.350672.s20260811,prediction_inversion_boundary,prediction_inversion_boundary_grid,sobol_pilot_v1,20260811,,sobol_family_b_prediction_sensitive,strong,0.350672,,,,,,,-0.20701357466063347,-0.49221962876514397,,stress,19,20260810,0.675394,,
sobolB.idx19.case2b_prediction_inversion_boundary.stress.strong.util0.675394.inv0.350672.s20260812,prediction_inversion_boundary,prediction_inversion_boundary_grid,sobol_pilot_v1,20260812,,sobol_family_b_prediction_sensitive,strong,0.350672,,,,,,,-0.20521541950113378,-0.4921358306007892,,stress,19,20260810,0.675394,,
sobolB.idx20.case2b_prediction_inversion_boundary.stress.moderate.util0.745559.inv0.682534.s20260809,prediction_inversion_boundary,prediction_inversion_boundary_grid,sobol_pilot_v1,20260809,,sobol_family_b_prediction_sensitive,moderate,0.682534,,,,,,,-0.7884505431675243,-0.9261390487309925,,stress,20,20260810,0.745559,,
sobolB.idx20.case2b_prediction_inversion_boundary.stress.moderate.util0.745559.inv0.682534.s20260810,prediction_inversion_boundary,prediction_inversion_boundary_grid,sobol_pilot_v1,20260810,,sobol_family_b_prediction_sensitive,moderate,0.682534,,,,,,,-0.7882083571837436,-0.9260021126369045,,stress,20,20260810,0.745559,,
sobolB.idx20.case2b_prediction_inversion_boundary.stress.moderate.util0.745559.inv0.682534.s20260811,prediction_inversion_boundary,prediction_inversion_boundary_grid,sobol_pilot_v1,20260811,,sobol_family_b_prediction_sensitive,moderate,0.682534,,,,,,,-0.7879133409350056,-0.9261750562859604,,stress,20,20260810,0.745559,,
sobolB.idx20.case2b_prediction_inversion_boundary.stress.moderate.util0.745559.inv0.682534.s20260812,prediction_inversion_boundary,prediction_inversion_boundary_grid,sobol_pilot_v1,20260812,,sobol_family_b_prediction_sensitive,moderate,0.682534,,,,,,,-0.7897142857142857,-0.9261452079163885,,stress,20,20260810,0.745559,,
sobolB.idx20.case2b_prediction_inversion_boundary.stress.strong.util0.745559.inv0.682534.s20260809,prediction_inversion_boundary,prediction_inversion_boundary_grid,sobol_pilot_v1,20260809,,sobol_family_b_prediction_sensitive,strong,0.682534,,,,,,,-0.7858356940509915,-0.9260844193736628,,stress,20,20260810,0.745559,,
sobolB.idx20.case2b_prediction_inversion_boundary.stress.strong.util0.745559.inv0.682534.s20260810,prediction_inversion_boundary,prediction_inversion_boundary_grid,sobol_pilot_v1,20260810,,sobol_family_b_prediction_sensitive,strong,0.682534,,,,,,,-0.7860780984719864,-0.9261142603089918,,stress,20,20260810,0.745559,,
sobolB.idx20.case2b_prediction_inversion_boundary.stress.strong.util0.745559.inv0.682534.s20260811,prediction_inversion_boundary,prediction_inversion_boundary_grid,sobol_pilot_v1,20260811,,sobol_family_b_prediction_sensitive,strong,0.682534,,,,,,,-0.7860780984719864,-0.9261142603089918,,stress,20,20260810,0.745559,,
sobolB.idx20.case2b_prediction_inversion_boundary.stress.strong.util0.745559.inv0.682534.s20260812,prediction_inversion_boundary,prediction_inversion_boundary_grid,sobol_pilot_v1,20260812,,sobol_family_b_prediction_sensitive,strong,0.682534,,,,,,,-0.7868480725623582,-0.9261379425332075,,stress,20,20260810,0.745559,,
sobolB.idx21.case2b_prediction_inversion_boundary.stress.moderate.util0.883681.inv0.497418.s20260809,prediction_inversion_boundary,prediction_inversion_boundary_grid,sobol_pilot_v1,20260809,,sobol_family_b_prediction_sensitive,moderate,0.497418,,,,,,,-0.5082904516866781,-0.7501737414171739,,stress,21,20260810,0.883681,,
sobolB.idx21.case2b_prediction_inversion_boundary.stress.moderate.util0.883681.inv0.497418.s20260810,prediction_inversion_boundary,prediction_inversion_boundary_grid,sobol_pilot_v1,20260810,,sobol_family_b_prediction_sensitive,moderate,0.497418,,,,,,,-0.5077275329135661,-0.7500416967810086,,stress,21,20260810,0.883681,,
sobolB.idx21.case2b_prediction_inversion_boundary.stress.moderate.util0.883681.inv0.497418.s20260811,prediction_inversion_boundary,prediction_inversion_boundary_grid,sobol_pilot_v1,20260811,,sobol_family_b_prediction_sensitive,moderate,0.497418,,,,,,,-0.5128059191804212,-0.7505628596047473,,stress,21,20260810,0.883681,,
sobolB.idx21.case2b_prediction_inversion_boundary.stress.moderate.util0.883681.inv0.497418.s20260812,prediction_inversion_boundary,prediction_inversion_boundary_grid,sobol_pilot_v1,20260812,,sobol_family_b_prediction_sensitive,moderate,0.497418,,,,,,,-0.5125570776255708,-0.7503891483211028,,stress,21,20260810,0.883681,,
sobolB.idx21.case2b_prediction_inversion_boundary.stress.strong.util0.883681.inv0.497418.s20260809,prediction_inversion_boundary,prediction_inversion_boundary_grid,sobol_pilot_v1,20260809,,sobol_family_b_prediction_sensitive,strong,0.497418,,,,,,,-0.5082152974504249,-0.7501875677327924,,stress,21,20260810,0.883681,,
sobolB.idx21.case2b_prediction_inversion_boundary.stress.strong.util0.883681.inv0.497418.s20260810,prediction_inversion_boundary,prediction_inversion_boundary_grid,sobol_pilot_v1,20260810,,sobol_family_b_prediction_sensitive,strong,0.497418,,,,,,,-0.5087719298245614,-0.7502222963209959,,stress,21,20260810,0.883681,,
sobolB.idx21.case2b_prediction_inversion_boundary.stress.strong.util0.883681.inv0.497418.s20260811,prediction_inversion_boundary,prediction_inversion_boundary_grid,sobol_pilot_v1,20260811,,sobol_family_b_prediction_sensitive,strong,0.497418,,,,,,,-0.5101809954751131,-0.7503056574413692,,stress,21,20260810,0.883681,,
sobolB.idx21.case2b_prediction_inversion_boundary.stress.strong.util0.883681.inv0.497418.s20260812,prediction_inversion_boundary,prediction_inversion_boundary_grid,sobol_pilot_v1,20260812,,sobol_family_b_prediction_sensitive,strong,0.497418,,,,,,,-0.5090702947845805,-0.7502362029678209,,stress,21,20260810,0.883681,,
sobolB.idx22.case2b_prediction_inversion_boundary.stress.moderate.util0.990009.inv0.980951.s20260809,prediction_inversion_boundary,prediction_inversion_boundary_grid,sobol_pilot_v1,20260809,,sobol_family_b_prediction_sensitive,moderate,0.980951,,,,,,,-0.9988532110091743,-0.9994718260917907,,stress,22,20260810,0.990009,,
sobolB.idx22.case2b_prediction_inversion_boundary.stress.moderate.util0.990009.inv0.980951.s20260810,prediction_inversion_boundary,prediction_inversion_boundary_grid,sobol_pilot_v1,20260810,,sobol_family_b_prediction_sensitive,moderate,0.980951,,,,,,,-0.9988532110091743,-0.9994579418468895,,stress,22,20260810,0.990009,,
sobolB.idx22.case2b_prediction_inversion_boundary.stress.moderate.util0.990009.inv0.980951.s20260811,prediction_inversion_boundary,prediction_inversion_boundary_grid,sobol_pilot_v1,20260811,,sobol_family_b_prediction_sensitive,moderate,0.980951,,,,,,,-0.9988571428571429,-0.9994718848152985,,stress,22,20260810,0.990009,,
sobolB.idx22.case2b_prediction_inversion_boundary.stress.moderate.util0.990009.inv0.980951.s20260812,prediction_inversion_boundary,prediction_inversion_boundary_grid,sobol_pilot_v1,20260812,,sobol_family_b_prediction_sensitive,moderate,0.980951,,,,,,,-0.9988545246277205,-0.999499666444296,,stress,22,20260810,0.990009,,
sobolB.idx22.case2b_prediction_inversion_boundary.stress.strong.util0.990009.inv0.980951.s20260809,prediction_inversion_boundary,prediction_inversion_boundary_grid,sobol_pilot_v1,20260809,,sobol_family_b_prediction_sensitive,strong,0.980951,,,,,,,-0.9988662131519275,-0.9998610609386722,,stress,22,20260810,0.990009,,
sobolB.idx22.case2b_prediction_inversion_boundary.stress.strong.util0.990009.inv0.980951.s20260810,prediction_inversion_boundary,prediction_inversion_boundary_grid,sobol_pilot_v1,20260810,,sobol_family_b_prediction_sensitive,strong,0.980951,,,,,,,-0.9988674971687429,-0.9998193842391907,,stress,22,20260810,0.990009,,
sobolB.idx22.case2b_prediction_inversion_boundary.stress.strong.util0.990009.inv0.980951.s20260811,prediction_inversion_boundary,prediction_inversion_boundary_grid,sobol_pilot_v1,20260811,,sobol_family_b_prediction_sensitive,strong,0.980951,,,,,,,-0.9988674971687429,-0.9998888518395019,,stress,22,20260810,0.990009,,
sobolB.idx22.case2b_prediction_inversion_boundary.stress.strong.util0.990009.inv0.980951.s20260812,prediction_inversion_boundary,prediction_inversion_boundary_grid,sobol_pilot_v1,20260812,,sobol_family_b_prediction_sensitive,strong,0.980951,,,,,,,-0.9988649262202043,-0.999833268493303,,stress,22,20260810,0.990009,,
sobolB.idx23.case2b_prediction_inversion_boundary.stress.moderate.util0.56185.inv0.167784.s20260809,prediction_inversion_boundary,prediction_inversion_boundary_grid,sobol_pilot_v1,20260809,,sobol_family_b_prediction_sensitive,moderate,0.167784,,,,,,,0.3811965811965812,0.15695104661829704,,stress,23,20260810,0.56185,,
sobolB.idx23.case2b_prediction_inversion_boundary.stress.moderate.util0.56185.inv0.167784.s20260810,prediction_inversion_boundary,prediction_inversion_boundary_grid,sobol_pilot_v1,20260810,,sobol_family_b_prediction_sensitive,moderate,0.167784,,,,,,,0.386986301369863,0.16007394229165509,,stress,23,20260810,0.56185,,
sobolB.idx23.case2b_prediction_inversion_boundary.stress.moderate.util0.56185.inv0.167784.s20260811,prediction_inversion_boundary,prediction_inversion_boundary_grid,sobol_pilot_v1,20260811,,sobol_family_b_prediction_sensitive,moderate,0.167784,,,,,,,0.3826037521318931,0.15707257414459236,,stress,23,20260810,0.56185,,
sobolB.idx23.case2b_prediction_inversion_boundary.stress.moderate.util0.56185.inv0.167784.s20260812,prediction_inversion_boundary,prediction_inversion_boundary_grid,sobol_pilot_v1,20260812,,sobol_family_b_prediction_sensitive,moderate,0.167784,,,,,,,0.38733599543639474,0.1600928396708917,,stress,23,20260810,0.56185,,
sobolB.idx23.case2b_prediction_inversion_boundary.stress.strong.util0.56185.inv0.167784.s20260809,prediction_inversion_boundary,prediction_inversion_boundary_grid,sobol_pilot_v1,20260809,,sobol_family_b_prediction_sensitive,strong,0.167784,,,,,,,0.38505096262740657,0.15727901742295827,,stress,23,20260810,0.56185,,
sobolB.idx23.case2b_prediction_inversion_boundary.stress.strong.util0.56185.inv0.167784.s20260810,prediction_inversion_boundary,prediction_inversion_boundary_grid,sobol_pilot_v1,20260810,,sobol_family_b_prediction_sensitive,strong,0.167784,,,,,,,0.3834841628959276,0.15721907302434143,,stress,23,20260810,0.56185,,
sobolB.idx23.case2b_prediction_inversion_boundary.stress.strong.util0.56185.inv0.167784.s20260811,prediction_inversion_boundary,prediction_inversion_boundary_grid,sobol_pilot_v1,20260811,,sobol_family_b_prediction_sensitive,strong,0.167784,,,,,,,0.3834841628959276,0.15721907302434143,,stress,23,20260810,0.56185,,
sobolB.idx23.case2b_prediction_inversion_boundary.stress.strong.util0.56185.inv0.167784.s20260812,prediction_inversion_boundary,prediction_inversion_boundary_grid,sobol_pilot_v1,20260812,,sobol_family_b_prediction_sensitive,strong,0.167784,,,,,,,0.38470254957507083,0.15725559939976658,,stress,23,20260810,0.56185,,
sobolB.idx24.case2b_prediction_inversion_boundary.stress.moderate.util0.514517.inv0.590616.s20260809,prediction_inversion_boundary,prediction_inversion_boundary_grid,sobol_pilot_v1,20260809,,sobol_family_b_prediction_sensitive,moderate,0.590616,,,,,,,-0.69010863350486,-0.8722097128401854,,stress,24,20260810,0.514517,,
sobolB.idx24.case2b_prediction_inversion_boundary.stress.moderate.util0.514517.inv0.590616.s20260810,prediction_inversion_boundary,prediction_inversion_boundary_grid,sobol_pilot_v1,20260810,,sobol_family_b_prediction_sensitive,moderate,0.590616,,,,,,,-0.6897538637664568,-0.8720742758659032,,stress,24,20260810,0.514517,,
sobolB.idx24.case2b_prediction_inversion_boundary.stress.moderate.util0.514517.inv0.590616.s20260811,prediction_inversion_boundary,prediction_inversion_boundary_grid,sobol_pilot_v1,20260811,,sobol_family_b_prediction_sensitive,moderate,0.590616,,,,,,,-0.6898517673888256,-0.8696389359868804,,stress,24,20260810,0.514517,,
sobolB.idx24.case2b_prediction_inversion_boundary.stress.moderate.util0.514517.inv0.590616.s20260812,prediction_inversion_boundary,prediction_inversion_boundary_grid,sobol_pilot_v1,20260812,,sobol_family_b_prediction_sensitive,moderate,0.590616,,,,,,,-0.6914285714285714,-0.870927840782744,,stress,24,20260810,0.514517,,
sobolB.idx24.case2b_prediction_inversion_boundary.stress.strong.util0.514517.inv0.590616.s20260809,prediction_inversion_boundary,prediction_inversion_boundary_grid,sobol_pilot_v1,20260809,,sobol_family_b_prediction_sensitive,strong,0.590616,,,,,,,-0.6883852691218131,-0.8721760635785144,,stress,24,20260810,0.514517,,
sobolB.idx24.case2b_prediction_inversion_boundary.stress.strong.util0.514517.inv0.590616.s20260810,prediction_inversion_boundary,prediction_inversion_boundary_grid,sobol_pilot_v1,20260810,,sobol_family_b_prediction_sensitive,strong,0.590616,,,,,,,-0.688737973967176,-0.8722074024674891,,stress,24,20260810,0.514517,,
sobolB.idx24.case2b_prediction_inversion_boundary.stress.strong.util0.514517.inv0.590616.s20260811,prediction_inversion_boundary,prediction_inversion_boundary_grid,sobol_pilot_v1,20260811,,sobol_family_b_prediction_sensitive,strong,0.590616,,,,,,,-0.688737973967176,-0.8709153051017005,,stress,24,20260810,0.514517,,
sobolB.idx24.case2b_prediction_inversion_boundary.stress.strong.util0.514517.inv0.590616.s20260812,prediction_inversion_boundary,prediction_inversion_boundary_grid,sobol_pilot_v1,20260812,,sobol_family_b_prediction_sensitive,strong,0.590616,,,,,,,-0.6893424036281179,-0.8722280887011616,,stress,24,20260810,0.514517,,
sobolB.idx25.case2b_prediction_inversion_boundary.stress.moderate.util0.981056.inv0.276838.s20260809,prediction_inversion_boundary,prediction_inversion_boundary_grid,sobol_pilot_v1,20260809,,sobol_family_b_prediction_sensitive,moderate,0.276838,,,,,,,0.06902452937820878,-0.21157534817779997,,stress,25,20260810,0.981056,,
sobolB.idx25.case2b_prediction_inversion_boundary.stress.moderate.util0.981056.inv0.276838.s20260810,prediction_inversion_boundary,prediction_inversion_boundary_grid,sobol_pilot_v1,20260810,,sobol_family_b_prediction_sensitive,moderate,0.276838,,,,,,,0.07024557395773844,-0.21143047756713185,,stress,25,20260810,0.981056,,
sobolB.idx25.case2b_prediction_inversion_boundary.stress.moderate.util0.981056.inv0.276838.s20260811,prediction_inversion_boundary,prediction_inversion_boundary_grid,sobol_pilot_v1,20260811,,sobol_family_b_prediction_sensitive,moderate,0.276838,,,,,,,0.06537805571347356,-0.2117741890652361,,stress,25,20260810,0.981056,,
sobolB.idx25.case2b_prediction_inversion_boundary.stress.moderate.util0.981056.inv0.276838.s20260812,prediction_inversion_boundary,prediction_inversion_boundary_grid,sobol_pilot_v1,20260812,,sobol_family_b_prediction_sensitive,moderate,0.276838,,,,,,,0.07077625570776255,-0.2090143428952635,,stress,25,20260810,0.981056,,
sobolB.idx25.case2b_prediction_inversion_boundary.stress.strong.util0.981056.inv0.276838.s20260809,prediction_inversion_boundary,prediction_inversion_boundary_grid,sobol_pilot_v1,20260809,,sobol_family_b_prediction_sensitive,strong,0.276838,,,,,,,0.0708215297450425,-0.21138188790396528,,stress,25,20260810,0.981056,,
sobolB.idx25.case2b_prediction_inversion_boundary.stress.strong.util0.981056.inv0.276838.s20260810,prediction_inversion_boundary,prediction_inversion_boundary_grid,sobol_pilot_v1,20260810,,sobol_family_b_prediction_sensitive,strong,0.276838,,,,,,,0.06787330316742081,-0.21151494942758695,,stress,25,20260810,0.981056,,
sobolB.idx25.case2b_prediction_inversion_boundary.stress.strong.util0.981056.inv0.276838.s20260811,prediction_inversion_boundary,prediction_inversion_boundary_grid,sobol_pilot_v1,20260811,,sobol_family_b_prediction_sensitive,strong,0.276838,,,,,,,0.06787330316742081,-0.21151494942758695,,stress,25,20260810,0.981056,,
sobolB.idx25.case2b_prediction_inversion_boundary.stress.strong.util0.981056.inv0.276838.s20260812,prediction_inversion_boundary,prediction_inversion_boundary_grid,sobol_pilot_v1,20260812,,sobol_family_b_prediction_sensitive,strong,0.276838,,,,,,,0.07029478458049887,-0.21141555049185795,,stress,25,20260810,0.981056,,
sobolB.idx26.case2b_prediction_inversion_boundary.stress.moderate.util0.949762.inv0.760128.s20260809,prediction_inversion_boundary,prediction_inversion_boundary_grid,sobol_pilot_v1,20260809,,sobol_family_b_prediction_sensitive,moderate,0.760128,,,,,,,-0.9004576659038902,-0.9747032496594666,,stress,26,20260810,0.949762,,
sobolB.idx26.case2b_prediction_inversion_boundary.stress.moderate.util0.949762.inv0.760128.s20260810,prediction_inversion_boundary,prediction_inversion_boundary_grid,sobol_pilot_v1,20260810,,sobol_family_b_prediction_sensitive,moderate,0.760128,,,,,,,-0.8979357798165137,-0.9729526880524825,,stress,26,20260810,0.949762,,
sobolB.idx26.case2b_prediction_inversion_boundary.stress.moderate.util0.949762.inv0.760128.s20260811,prediction_inversion_boundary,prediction_inversion_boundary_grid,sobol_pilot_v1,20260811,,sobol_family_b_prediction_sensitive,moderate,0.760128,,,,,,,-0.8996006845407872,-0.9747338577424466,,stress,26,20260810,0.949762,,
sobolB.idx26.case2b_prediction_inversion_boundary.stress.moderate.util0.949762.inv0.760128.s20260812,prediction_inversion_boundary,prediction_inversion_boundary_grid,sobol_pilot_v1,20260812,,sobol_family_b_prediction_sensitive,moderate,0.760128,,,,,,,-0.89937106918239,-0.9738575717144763,,stress,26,20260810,0.949762,,
sobolB.idx26.case2b_prediction_inversion_boundary.stress.strong.util0.949762.inv0.760128.s20260809,prediction_inversion_boundary,prediction_inversion_boundary_grid,sobol_pilot_v1,20260809,,sobol_family_b_prediction_sensitive,strong,0.760128,,,,,,,-0.8980169971671388,-0.9747130908383581,,stress,26,20260810,0.949762,,
sobolB.idx26.case2b_prediction_inversion_boundary.stress.strong.util0.949762.inv0.760128.s20260810,prediction_inversion_boundary,prediction_inversion_boundary_grid,sobol_pilot_v1,20260810,,sobol_family_b_prediction_sensitive,strong,0.760128,,,,,,,-0.8981324278438031,-0.9747415805268421,,stress,26,20260810,0.949762,,
sobolB.idx26.case2b_prediction_inversion_boundary.stress.strong.util0.949762.inv0.760128.s20260811,prediction_inversion_boundary,prediction_inversion_boundary_grid,sobol_pilot_v1,20260811,,sobol_family_b_prediction_sensitive,strong,0.760128,,,,,,,-0.8981324278438031,-0.9747415805268421,,stress,26,20260810,0.949762,,
sobolB.idx26.case2b_prediction_inversion_boundary.stress.strong.util0.949762.inv0.760128.s20260812,prediction_inversion_boundary,prediction_inversion_boundary_grid,sobol_pilot_v1,20260812,,sobol_family_b_prediction_sensitive,strong,0.760128,,,,,,,-0.8967082860385925,-0.9738648363252377,,stress,26,20260810,0.949762,,
sobolB.idx27.case2b_prediction_inversion_boundary.stress.moderate.util0.773264.inv0.07611.s20260809,prediction_inversion_boundary,prediction_inversion_boundary_grid,sobol_pilot_v1,20260809,,sobol_family_b_prediction_sensitive,moderate,0.07611,,,,,,,0.7380410022779044,0.6258304839740916,,stress,27,20260810,0.773264,,
sobolB.idx27.case2b_prediction_inversion_boundary.stress.moderate.util0.773264.inv0.07611.s20260810,prediction_inversion_boundary,prediction_inversion_boundary_grid,sobol_pilot_v1,20260810,,sobol_family_b_prediction_sensitive,moderate,0.07611,,,,,,,0.7464306110793832,0.6355006393506422,,stress,27,20260810,0.773264,,
sobolB.idx27.case2b_prediction_inversion_boundary.stress.moderate.util0.773264.inv0.07611.s20260811,prediction_inversion_boundary,prediction_inversion_boundary_grid,sobol_pilot_v1,20260811,,sobol_family_b_prediction_sensitive,moderate,0.07611,,,,,,,0.742743312464428,0.6321538760875003,,stress,27,20260810,0.773264,,
sobolB.idx27.case2b_prediction_inversion_boundary.stress.moderate.util0.773264.inv0.07611.s20260812,prediction_inversion_boundary,prediction_inversion_boundary_grid,sobol_pilot_v1,20260812,,sobol_family_b_prediction_sensitive,moderate,0.07611,,,,,,,0.7445838084378563,0.6323660217923059,,stress,27,20260810,0.773264,,
sobolB.idx27.case2b_prediction_inversion_boundary.stress.strong.util0.773264.inv0.07611.s20260809,prediction_inversion_boundary,prediction_inversion_boundary_grid,sobol_pilot_v1,20260809,,sobol_family_b_prediction_sensitive,strong,0.07611,,,,,,,0.7396717600452745,0.625976046905827,,stress,27,20260810,0.773264,,
sobolB.idx27.case2b_prediction_inversion_boundary.stress.strong.util0.773264.inv0.07611.s20260810,prediction_inversion_boundary,prediction_inversion_boundary_grid,sobol_pilot_v1,20260810,,sobol_family_b_prediction_sensitive,strong,0.07611,,,,,,,0.7398190045248869,0.6259864399244192,,stress,27,20260810,0.773264,,
sobolB.idx27.case2b_prediction_inversion_boundary.stress.strong.util0.773264.inv0.07611.s20260811,prediction_inversion_boundary,prediction_inversion_boundary_grid,sobol_pilot_v1,20260811,,sobol_family_b_prediction_sensitive,strong,0.07611,,,,,,,0.7398190045248869,0.6259864399244192,,stress,27,20260810,0.773264,,
sobolB.idx27.case2b_prediction_inversion_boundary.stress.strong.util0.773264.inv0.07611.s20260812,prediction_inversion_boundary,prediction_inversion_boundary_grid,sobol_pilot_v1,20260812,,sobol_family_b_prediction_sensitive,strong,0.07611,,,,,,,0.741643059490085,0.626049019062969,,stress,27,20260810,0.773264,,
sobolB.idx28.case2b_prediction_inversion_boundary.stress.moderate.util0.702803.inv0.890699.s20260809,prediction_inversion_boundary,prediction_inversion_boundary_grid,sobol_pilot_v1,20260809,,sobol_family_b_prediction_sensitive,moderate,0.890699,,,,,,,-0.9827981651376146,-0.9972896338920856,,stress,28,20260810,0.702803,,
sobolB.idx28.case2b_prediction_inversion_boundary.stress.moderate.util0.702803.inv0.890699.s20260810,prediction_inversion_boundary,prediction_inversion_boundary_grid,sobol_pilot_v1,20260810,,sobol_family_b_prediction_sensitive,moderate,0.890699,,,,,,,-0.9839541547277937,-0.997720575971535,,stress,28,20260810,0.702803,,
sobolB.idx28.case2b_prediction_inversion_boundary.stress.moderate.util0.702803.inv0.890699.s20260811,prediction_inversion_boundary,prediction_inversion_boundary_grid,sobol_pilot_v1,20260811,,sobol_family_b_prediction_sensitive,moderate,0.890699,,,,,,,-0.9863091842555619,-0.9980821080134529,,stress,28,20260810,0.702803,,
sobolB.idx28.case2b_prediction_inversion_boundary.stress.moderate.util0.702803.inv0.890699.s20260812,prediction_inversion_boundary,prediction_inversion_boundary_grid,sobol_pilot_v1,20260812,,sobol_family_b_prediction_sensitive,moderate,0.890699,,,,,,,-0.9828178694158075,-0.9976095174560816,,stress,28,20260810,0.702803,,
sobolB.idx28.case2b_prediction_inversion_boundary.stress.strong.util0.702803.inv0.890699.s20260809,prediction_inversion_boundary,prediction_inversion_boundary_grid,sobol_pilot_v1,20260809,,sobol_family_b_prediction_sensitive,strong,0.890699,,,,,,,-0.9829931972789115,-0.9979714897046155,,stress,28,20260810,0.702803,,
sobolB.idx28.case2b_prediction_inversion_boundary.stress.strong.util0.702803.inv0.890699.s20260810,prediction_inversion_boundary,prediction_inversion_boundary_grid,sobol_pilot_v1,20260810,,sobol_family_b_prediction_sensitive,strong,0.890699,,,,,,,-0.9841539332201471,-0.9980826942314103,,stress,28,20260810,0.702803,,
sobolB.idx28.case2b_prediction_inversion_boundary.stress.strong.util0.702803.inv0.890699.s20260811,prediction_inversion_boundary,prediction_inversion_boundary_grid,sobol_pilot_v1,20260811,,sobol_family_b_prediction_sensitive,strong,0.890699,,,,,,,-0.9841539332201471,-0.9980826942314103,,stress,28,20260810,0.702803,,
sobolB.idx28.case2b_prediction_inversion_boundary.stress.strong.util0.702803.inv0.890699.s20260812,prediction_inversion_boundary,prediction_inversion_boundary_grid,sobol_pilot_v1,20260812,,sobol_family_b_prediction_sensitive,strong,0.890699,,,,,,,-0.9829738933030647,-0.9979436447507365,,stress,28,20260810,0.702803,,
sobolB.idx29.case2b_prediction_inversion_boundary.stress.moderate.util0.870223.inv0.21058.s20260809,prediction_inversion_boundary,prediction_inversion_boundary_grid,sobol_pilot_v1,20260809,,sobol_family_b_prediction_sensitive,moderate,0.21058,,,,,,,0.27438676554478036,0.02885497456425652,,stress,29,20260810,0.870223,,
sobolB.idx29.case2b_prediction_inversion_boundary.stress.moderate.util0.870223.inv0.21058.s20260810,prediction_inversion_boundary,prediction_inversion_boundary_grid,sobol_pilot_v1,20260810,,sobol_family_b_prediction_sensitive,moderate,0.21058,,,,,,,0.2781267846944603,0.026588647356424085,,stress,29,20260810,0.870223,,
sobolB.idx29.case2b_prediction_inversion_boundary.stress.moderate.util0.870223.inv0.21058.s20260811,prediction_inversion_boundary,prediction_inversion_boundary_grid,sobol_pilot_v1,20260811,,sobol_family_b_prediction_sensitive,moderate,0.21058,,,,,,,0.27231381466742466,0.023598410095338685,,stress,29,20260810,0.870223,,
sobolB.idx29.case2b_prediction_inversion_boundary.stress.moderate.util0.870223.inv0.21058.s20260812,prediction_inversion_boundary,prediction_inversion_boundary_grid,sobol_pilot_v1,20260812,,sobol_family_b_prediction_sensitive,moderate,0.21058,,,,,,,0.2766685681688534,0.02387702913053146,,stress,29,20260810,0.870223,,
sobolB.idx29.case2b_prediction_inversion_boundary.stress.strong.util0.870223.inv0.21058.s20260809,prediction_inversion_boundary,prediction_inversion_boundary_grid,sobol_pilot_v1,20260809,,sobol_family_b_prediction_sensitive,strong,0.21058,,,,,,,0.27519818799546997,0.023841942923833608,,stress,29,20260810,0.870223,,
sobolB.idx29.case2b_prediction_inversion_boundary.stress.strong.util0.870223.inv0.21058.s20260810,prediction_inversion_boundary,prediction_inversion_boundary_grid,sobol_pilot_v1,20260810,,sobol_family_b_prediction_sensitive,strong,0.21058,,,,,,,0.2737556561085973,0.02378570634655996,,stress,29,20260810,0.870223,,
sobolB.idx29.case2b_prediction_inversion_boundary.stress.strong.util0.870223.inv0.21058.s20260811,prediction_inversion_boundary,prediction_inversion_boundary_grid,sobol_pilot_v1,20260811,,sobol_family_b_prediction_sensitive,strong,0.21058,,,,,,,0.2737556561085973,0.02378570634655996,,stress,29,20260810,0.870223,,
sobolB.idx29.case2b_prediction_inversion_boundary.stress.strong.util0.870223.inv0.21058.s20260812,prediction_inversion_boundary,prediction_inversion_boundary_grid,sobol_pilot_v1,20260812,,sobol_family_b_prediction_sensitive,strong,0.21058,,,,,,,0.2747875354107649,0.023814816873228478,,stress,29,20260810,0.870223,,
sobolB.idx30.case2b_prediction_inversion_boundary.stress.moderate.util1.060889.inv0.693878.s20260809,prediction_inversion_boundary,prediction_inversion_boundary_grid,sobol_pilot_v1,20260809,,sobol_family_b_prediction_sensitive,moderate,0.693878,,,,,,,-0.8307604345340195,-0.9462096572429319,,stress,30,20260810,1.060889,,
sobolB.idx30.case2b_prediction_inversion_boundary.stress.moderate.util1.060889.inv0.693878.s20260810,prediction_inversion_boundary,prediction_inversion_boundary_grid,sobol_pilot_v1,20260810,,sobol_family_b_prediction_sensitive,moderate,0.693878,,,,,,,-0.8293241695303551,-0.9450297437037861,,stress,30,20260810,1.060889,,
sobolB.idx30.case2b_prediction_inversion_boundary.stress.moderate.util1.060889.inv0.693878.s20260811,prediction_inversion_boundary,prediction_inversion_boundary_grid,sobol_pilot_v1,20260811,,sobol_family_b_prediction_sensitive,moderate,0.693878,,,,,,,-0.8288648031945237,-0.945201100703227,,stress,30,20260810,1.060889,,
sobolB.idx30.case2b_prediction_inversion_boundary.stress.moderate.util1.060889.inv0.693878.s20260812,prediction_inversion_boundary,prediction_inversion_boundary_grid,sobol_pilot_v1,20260812,,sobol_family_b_prediction_sensitive,moderate,0.693878,,,,,,,-0.8295194508009154,-0.9441572159217256,,stress,30,20260810,1.060889,,
sobolB.idx30.case2b_prediction_inversion_boundary.stress.strong.util1.060889.inv0.693878.s20260809,prediction_inversion_boundary,prediction_inversion_boundary_grid,sobol_pilot_v1,20260809,,sobol_family_b_prediction_sensitive,strong,0.693878,,,,,,,-0.8277620396600567,-0.9461472198293828,,stress,30,20260810,1.060889,,
sobolB.idx30.case2b_prediction_inversion_boundary.stress.strong.util1.060889.inv0.693878.s20260810,prediction_inversion_boundary,prediction_inversion_boundary_grid,sobol_pilot_v1,20260810,,sobol_family_b_prediction_sensitive,strong,0.693878,,,,,,,-0.8279569892473119,-0.9461765032788705,,stress,30,20260810,1.060889,,
sobolB.idx30.case2b_prediction_inversion_boundary.stress.strong.util1.060889.inv0.693878.s20260811,prediction_inversion_boundary,prediction_inversion_boundary_grid,sobol_pilot_v1,20260811,,sobol_family_b_prediction_sensitive,strong,0.693878,,,,,,,-0.8279569892473119,-0.9461765032788705,,stress,30,20260810,1.060889,,
sobolB.idx30.case2b_prediction_inversion_boundary.stress.strong.util1.060889.inv0.693878.s20260812,prediction_inversion_boundary,prediction_inversion_boundary_grid,sobol_pilot_v1,20260812,,sobol_family_b_prediction_sensitive,strong,0.693878,,,,,,,-0.8275666477595008,-0.9451592285888958,,stress,30,20260810,1.060889,,
sobolB.idx31.case2b_prediction_inversion_boundary.stress.moderate.util0.584683.inv0.376186.s20260809,prediction_inversion_boundary,prediction_inversion_boundary_grid,sobol_pilot_v1,20260809,,sobol_family_b_prediction_sensitive,moderate,0.376186,,,,,,,-0.20342857142857143,-0.48789369805131616,,stress,31,20260810,0.584683,,
sobolB.idx31.case2b_prediction_inversion_boundary.stress.moderate.util0.584683.inv0.376186.s20260810,prediction_inversion_boundary,prediction_inversion_boundary_grid,sobol_pilot_v1,20260810,,sobol_family_b_prediction_sensitive,moderate,0.376186,,,,,,,-0.20411663807890223,-0.49204981375437823,,stress,31,20260810,0.584683,,
sobolB.idx31.case2b_prediction_inversion_boundary.stress.moderate.util0.584683.inv0.376186.s20260811,prediction_inversion_boundary,prediction_inversion_boundary_grid,sobol_pilot_v1,20260811,,sobol_family_b_prediction_sensitive,moderate,0.376186,,,,,,,-0.20932878270762229,-0.4924813075020152,,stress,31,20260810,0.584683,,
sobolB.idx31.case2b_prediction_inversion_boundary.stress.moderate.util0.584683.inv0.376186.s20260812,prediction_inversion_boundary,prediction_inversion_boundary_grid,sobol_pilot_v1,20260812,,sobol_family_b_prediction_sensitive,moderate,0.376186,,,,,,,-0.20662100456621005,-0.49221703357794083,,stress,31,20260810,0.584683,,
sobolB.idx31.case2b_prediction_inversion_boundary.stress.strong.util0.584683.inv0.376186.s20260809,prediction_inversion_boundary,prediction_inversion_boundary_grid,sobol_pilot_v1,20260809,,sobol_family_b_prediction_sensitive,strong,0.376186,,,,,,,-0.20453257790368273,-0.49209436741045365,,stress,31,20260810,0.584683,,
sobolB.idx31.case2b_prediction_inversion_boundary.stress.strong.util0.584683.inv0.376186.s20260810,prediction_inversion_boundary,prediction_inversion_boundary_grid,sobol_pilot_v1,20260810,,sobol_family_b_prediction_sensitive,strong,0.376186,,,,,,,-0.20543293718166383,-0.4921362676447704,,stress,31,20260810,0.584683,,
sobolB.idx31.case2b_prediction_inversion_boundary.stress.strong.util0.584683.inv0.376186.s20260811,prediction_inversion_boundary,prediction_inversion_boundary_grid,sobol_pilot_v1,20260811,,sobol_family_b_prediction_sensitive,strong,0.376186,,,,,,,-0.20701357466063347,-0.49221962876514397,,stress,31,20260810,0.584683,,
sobolB.idx31.case2b_prediction_inversion_boundary.stress.strong.util0.584683.inv0.376186.s20260812,prediction_inversion_boundary,prediction_inversion_boundary_grid,sobol_pilot_v1,20260812,,sobol_family_b_prediction_sensitive,strong,0.376186,,,,,,,-0.20521541950113378,-0.4921358306007892,,stress,31,20260810,0.584683,,
sobolB.idx32.case2b_prediction_inversion_boundary.stress.moderate.util0.580832.inv0.907573.s20260809,prediction_inversion_boundary,prediction_inversion_boundary_grid,sobol_pilot_v1,20260809,,sobol_family_b_prediction_sensitive,moderate,0.907573,,,,,,,-0.9827981651376146,-0.9972896338920856,,stress,32,20260810,0.580832,,
sobolB.idx32.case2b_prediction_inversion_boundary.stress.moderate.util0.580832.inv0.907573.s20260810,prediction_inversion_boundary,prediction_inversion_boundary_grid,sobol_pilot_v1,20260810,,sobol_family_b_prediction_sensitive,moderate,0.907573,,,,,,,-0.9839541547277937,-0.997720575971535,,stress,32,20260810,0.580832,,
sobolB.idx32.case2b_prediction_inversion_boundary.stress.moderate.util0.580832.inv0.907573.s20260811,prediction_inversion_boundary,prediction_inversion_boundary_grid,sobol_pilot_v1,20260811,,sobol_family_b_prediction_sensitive,moderate,0.907573,,,,,,,-0.9863091842555619,-0.9980821080134529,,stress,32,20260810,0.580832,,
sobolB.idx32.case2b_prediction_inversion_boundary.stress.moderate.util0.580832.inv0.907573.s20260812,prediction_inversion_boundary,prediction_inversion_boundary_grid,sobol_pilot_v1,20260812,,sobol_family_b_prediction_sensitive,moderate,0.907573,,,,,,,-0.9828178694158075,-0.9976095174560816,,stress,32,20260810,0.580832,,
sobolB.idx32.case2b_prediction_inversion_boundary.stress.strong.util0.580832.inv0.907573.s20260809,prediction_inversion_boundary,prediction_inversion_boundary_grid,sobol_pilot_v1,20260809,,sobol_family_b_prediction_sensitive,strong,0.907573,,,,,,,-0.9829931972789115,-0.9979714897046155,,stress,32,20260810,0.580832,,
sobolB.idx32.case2b_prediction_inversion_boundary.stress.strong.util0.580832.inv0.907573.s20260810,prediction_inversion_boundary,prediction_inversion_boundary_grid,sobol_pilot_v1,20260810,,sobol_family_b_prediction_sensitive,strong,0.907573,,,,,,,-0.9841539332201471,-0.9980826942314103,,stress,32,20260810,0.580832,,
sobolB.idx32.case2b_prediction_inversion_boundary.stress.strong.util0.580832.inv0.907573.s20260811,prediction_inversion_boundary,prediction_inversion_boundary_grid,sobol_pilot_v1,20260811,,sobol_family_b_prediction_sensitive,strong,0.907573,,,,,,,-0.9841539332201471,-0.9980826942314103,,stress,32,20260810,0.580832,,
sobolB.idx32.case2b_prediction_inversion_boundary.stress.strong.util0.580832.inv0.907573.s20260812,prediction_inversion_boundary,prediction_inversion_boundary_grid,sobol_pilot_v1,20260812,,sobol_family_b_prediction_sensitive,strong,0.907573,,,,,,,-0.9829738933030647,-0.9979436447507365,,stress,32,20260810,0.580832,,
sobolB.idx33.case2b_prediction_inversion_boundary.stress.moderate.util1.046209.inv0.225508.s20260809,prediction_inversion_boundary,prediction_inversion_boundary_grid,sobol_pilot_v1,20260809,,sobol_family_b_prediction_sensitive,moderate,0.225508,,,,,,,0.17190177041690463,-0.09136018680677174,,stress,33,20260810,1.046209,,
sobolB.idx33.case2b_prediction_inversion_boundary.stress.moderate.util1.046209.inv0.225508.s20260810,prediction_inversion_boundary,prediction_inversion_boundary_grid,sobol_pilot_v1,20260810,,sobol_family_b_prediction_sensitive,moderate,0.225508,,,,,,,0.17190177041690463,-0.09884916884416524,,stress,33,20260810,1.046209,,
sobolB.idx33.case2b_prediction_inversion_boundary.stress.moderate.util1.046209.inv0.225508.s20260811,prediction_inversion_boundary,prediction_inversion_boundary_grid,sobol_pilot_v1,20260811,,sobol_family_b_prediction_sensitive,moderate,0.225508,,,,,,,0.1665719158612848,-0.09920226811574061,,stress,33,20260810,1.046209,,
sobolB.idx33.case2b_prediction_inversion_boundary.stress.moderate.util1.046209.inv0.225508.s20260812,prediction_inversion_boundary,prediction_inversion_boundary_grid,sobol_pilot_v1,20260812,,sobol_family_b_prediction_sensitive,moderate,0.225508,,,,,,,0.17056474614945807,-0.09892706248610184,,stress,33,20260810,1.046209,,
sobolB.idx33.case2b_prediction_inversion_boundary.stress.strong.util1.046209.inv0.225508.s20260809,prediction_inversion_boundary,prediction_inversion_boundary_grid,sobol_pilot_v1,20260809,,sobol_family_b_prediction_sensitive,strong,0.225508,,,,,,,0.171671388101983,-0.09632645121849555,,stress,33,20260810,1.046209,,
sobolB.idx33.case2b_prediction_inversion_boundary.stress.strong.util1.046209.inv0.225508.s20260810,prediction_inversion_boundary,prediction_inversion_boundary_grid,sobol_pilot_v1,20260810,,sobol_family_b_prediction_sensitive,strong,0.225508,,,,,,,0.16855203619909503,-0.09897743692341891,,stress,33,20260810,1.046209,,
sobolB.idx33.case2b_prediction_inversion_boundary.stress.strong.util1.046209.inv0.225508.s20260811,prediction_inversion_boundary,prediction_inversion_boundary_grid,sobol_pilot_v1,20260811,,sobol_family_b_prediction_sensitive,strong,0.225508,,,,,,,0.16855203619909503,-0.09897743692341891,,stress,33,20260810,1.046209,,
sobolB.idx33.case2b_prediction_inversion_boundary.stress.strong.util1.046209.inv0.225508.s20260812,prediction_inversion_boundary,prediction_inversion_boundary_grid,sobol_pilot_v1,20260812,,sobol_family_b_prediction_sensitive,strong,0.225508,,,,,,,0.1712018140589569,-0.0963569165786695,,stress,33,20260810,1.046209,,
sobolB.idx34.case2b_prediction_inversion_boundary.stress.moderate.util0.864842.inv0.741997.s20260809,prediction_inversion_boundary,prediction_inversion_boundary_grid,sobol_pilot_v1,20260809,,sobol_family_b_prediction_sensitive,moderate,0.741997,,,,,,,-0.8672768878718535,-0.9613460095071303,,stress,34,20260810,0.864842,,
sobolB.idx34.case2b_prediction_inversion_boundary.stress.moderate.util0.864842.inv0.741997.s20260810,prediction_inversion_boundary,prediction_inversion_boundary_grid,sobol_pilot_v1,20260810,,sobol_family_b_prediction_sensitive,moderate,0.741997,,,,,,,-0.8671248568155785,-0.9620559292822597,,stress,34,20260810,0.864842,,
sobolB.idx34.case2b_prediction_inversion_boundary.stress.moderate.util0.864842.inv0.741997.s20260811,prediction_inversion_boundary,prediction_inversion_boundary_grid,sobol_pilot_v1,20260811,,sobol_family_b_prediction_sensitive,moderate,0.741997,,,,,,,-0.8665145464917284,-0.9622258665258357,,stress,34,20260810,0.864842,,
sobolB.idx34.case2b_prediction_inversion_boundary.stress.moderate.util0.864842.inv0.741997.s20260812,prediction_inversion_boundary,prediction_inversion_boundary_grid,sobol_pilot_v1,20260812,,sobol_family_b_prediction_sensitive,moderate,0.741997,,,,,,,-0.8674285714285714,-0.9621692239270622,,stress,34,20260810,0.864842,,
sobolB.idx34.case2b_prediction_inversion_boundary.stress.strong.util0.864842.inv0.741997.s20260809,prediction_inversion_boundary,prediction_inversion_boundary_grid,sobol_pilot_v1,20260809,,sobol_family_b_prediction_sensitive,strong,0.741997,,,,,,,-0.8651558073654391,-0.9622085753188651,,stress,34,20260810,0.864842,,
sobolB.idx34.case2b_prediction_inversion_boundary.stress.strong.util0.864842.inv0.741997.s20260810,prediction_inversion_boundary,prediction_inversion_boundary_grid,sobol_pilot_v1,20260810,,sobol_family_b_prediction_sensitive,strong,0.741997,,,,,,,-0.8653084323712507,-0.9622374124708235,,stress,34,20260810,0.864842,,
sobolB.idx34.case2b_prediction_inversion_boundary.stress.strong.util0.864842.inv0.741997.s20260811,prediction_inversion_boundary,prediction_inversion_boundary_grid,sobol_pilot_v1,20260811,,sobol_family_b_prediction_sensitive,strong,0.741997,,,,,,,-0.8653084323712507,-0.9622374124708235,,stress,34,20260810,0.864842,,
sobolB.idx34.case2b_prediction_inversion_boundary.stress.strong.util0.864842.inv0.741997.s20260812,prediction_inversion_boundary,prediction_inversion_boundary_grid,sobol_pilot_v1,20260812,,sobol_family_b_prediction_sensitive,strong,0.741997,,,,,,,-0.8650028360748724,-0.9621797365642196,,stress,34,20260810,0.864842,,
sobolB.idx35.case2b_prediction_inversion_boundary.stress.moderate.util0.689507.inv0.42236.s20260809,prediction_inversion_boundary,prediction_inversion_boundary_grid,sobol_pilot_v1,20260809,,sobol_family_b_prediction_sensitive,moderate,0.42236,,,,,,,-0.3657142857142857,-0.6362827676312788,,stress,35,20260810,0.689507,,
sobolB.idx35.case2b_prediction_inversion_boundary.stress.moderate.util0.689507.inv0.42236.s20260810,prediction_inversion_boundary,prediction_inversion_boundary_grid,sobol_pilot_v1,20260810,,sobol_family_b_prediction_sensitive,moderate,0.42236,,,,,,,-0.36498855835240274,-0.634333129482404,,stress,35,20260810,0.689507,,
sobolB.idx35.case2b_prediction_inversion_boundary.stress.moderate.util0.689507.inv0.42236.s20260811,prediction_inversion_boundary,prediction_inversion_boundary_grid,sobol_pilot_v1,20260811,,sobol_family_b_prediction_sensitive,moderate,0.42236,,,,,,,-0.3708759954493743,-0.6366845484615171,,stress,35,20260810,0.689507,,
sobolB.idx35.case2b_prediction_inversion_boundary.stress.moderate.util0.689507.inv0.42236.s20260812,prediction_inversion_boundary,prediction_inversion_boundary_grid,sobol_pilot_v1,20260812,,sobol_family_b_prediction_sensitive,moderate,0.42236,,,,,,,-0.3687214611872146,-0.6364242828552367,,stress,35,20260810,0.689507,,
sobolB.idx35.case2b_prediction_inversion_boundary.stress.strong.util0.689507.inv0.42236.s20260809,prediction_inversion_boundary,prediction_inversion_boundary_grid,sobol_pilot_v1,20260809,,sobol_family_b_prediction_sensitive,strong,0.42236,,,,,,,-0.3654390934844193,-0.636257537444077,,stress,35,20260810,0.689507,,
sobolB.idx35.case2b_prediction_inversion_boundary.stress.strong.util0.689507.inv0.42236.s20260810,prediction_inversion_boundary,prediction_inversion_boundary_grid,sobol_pilot_v1,20260810,,sobol_family_b_prediction_sensitive,strong,0.42236,,,,,,,-0.3661573288058857,-0.6362954318106034,,stress,35,20260810,0.689507,,
sobolB.idx35.case2b_prediction_inversion_boundary.stress.strong.util0.689507.inv0.42236.s20260811,prediction_inversion_boundary,prediction_inversion_boundary_grid,sobol_pilot_v1,20260811,,sobol_family_b_prediction_sensitive,strong,0.42236,,,,,,,-0.36764705882352944,-0.6363787929309769,,stress,35,20260810,0.689507,,
sobolB.idx35.case2b_prediction_inversion_boundary.stress.strong.util0.689507.inv0.42236.s20260812,prediction_inversion_boundary,prediction_inversion_boundary_grid,sobol_pilot_v1,20260812,,sobol_family_b_prediction_sensitive,strong,0.42236,,,,,,,-0.36621315192743764,-0.6363030067248375,,stress,35,20260810,0.689507,,
sobolB.idx36.case2b_prediction_inversion_boundary.stress.moderate.util0.769047.inv0.606947.s20260809,prediction_inversion_boundary,prediction_inversion_boundary_grid,sobol_pilot_v1,20260809,,sobol_family_b_prediction_sensitive,moderate,0.606947,,,,,,,-0.69010863350486,-0.8722097128401854,,stress,36,20260810,0.769047,,
sobolB.idx36.case2b_prediction_inversion_boundary.stress.moderate.util0.769047.inv0.606947.s20260810,prediction_inversion_boundary,prediction_inversion_boundary_grid,sobol_pilot_v1,20260810,,sobol_family_b_prediction_sensitive,moderate,0.606947,,,,,,,-0.6897538637664568,-0.8720742758659032,,stress,36,20260810,0.769047,,
sobolB.idx36.case2b_prediction_inversion_boundary.stress.moderate.util0.769047.inv0.606947.s20260811,prediction_inversion_boundary,prediction_inversion_boundary_grid,sobol_pilot_v1,20260811,,sobol_family_b_prediction_sensitive,moderate,0.606947,,,,,,,-0.6898517673888256,-0.8696389359868804,,stress,36,20260810,0.769047,,
sobolB.idx36.case2b_prediction_inversion_boundary.stress.moderate.util0.769047.inv0.606947.s20260812,prediction_inversion_boundary,prediction_inversion_boundary_grid,sobol_pilot_v1,20260812,,sobol_family_b_prediction_sensitive,moderate,0.606947,,,,,,,-0.6914285714285714,-0.870927840782744,,stress,36,20260810,0.769047,,
sobolB.idx36.case2b_prediction_inversion_boundary.stress.strong.util0.769047.inv0.606947.s20260809,prediction_inversion_boundary,prediction_inversion_boundary_grid,sobol_pilot_v1,20260809,,sobol_family_b_prediction_sensitive,strong,0.606947,,,,,,,-0.6883852691218131,-0.8721760635785144,,stress,36,20260810,0.769047,,
sobolB.idx36.case2b_prediction_inversion_boundary.stress.strong.util0.769047.inv0.606947.s20260810,prediction_inversion_boundary,prediction_inversion_boundary_grid,sobol_pilot_v1,20260810,,sobol_family_b_prediction_sensitive,strong,0.606947,,,,,,,-0.688737973967176,-0.8722074024674891,,stress,36,20260810,0.769047,,
sobolB.idx36.case2b_prediction_inversion_boundary.stress.strong.util0.769047.inv0.606947.s20260811,prediction_inversion_boundary,prediction_inversion_boundary_grid,sobol_pilot_v1,20260811,,sobol_family_b_prediction_sensitive,strong,0.606947,,,,,,,-0.688737973967176,-0.8709153051017005,,stress,36,20260810,0.769047,,
sobolB.idx36.case2b_prediction_inversion_boundary.stress.strong.util0.769047.inv0.606947.s20260812,prediction_inversion_boundary,prediction_inversion_boundary_grid,sobol_pilot_v1,20260812,,sobol_family_b_prediction_sensitive,strong,0.606947,,,,,,,-0.6893424036281179,-0.8722280887011616,,stress,36,20260810,0.769047,,
sobolB.idx37.case2b_prediction_inversion_boundary.stress.moderate.util0.935303.inv0.291209.s20260809,prediction_inversion_boundary,prediction_inversion_boundary_grid,sobol_pilot_v1,20260809,,sobol_family_b_prediction_sensitive,moderate,0.291209,,,,,,,-0.027952082144894468,-0.3143746698913073,,stress,37,20260810,0.935303,,
sobolB.idx37.case2b_prediction_inversion_boundary.stress.moderate.util0.935303.inv0.291209.s20260810,prediction_inversion_boundary,prediction_inversion_boundary_grid,sobol_pilot_v1,20260810,,sobol_family_b_prediction_sensitive,moderate,0.291209,,,,,,,-0.025142857142857144,-0.31185022516261746,,stress,37,20260810,0.935303,,
sobolB.idx37.case2b_prediction_inversion_boundary.stress.moderate.util0.935303.inv0.291209.s20260811,prediction_inversion_boundary,prediction_inversion_boundary_grid,sobol_pilot_v1,20260811,,sobol_family_b_prediction_sensitive,moderate,0.291209,,,,,,,-0.02957906712172924,-0.3121855629985824,,stress,37,20260810,0.935303,,
sobolB.idx37.case2b_prediction_inversion_boundary.stress.moderate.util0.935303.inv0.291209.s20260812,prediction_inversion_boundary,prediction_inversion_boundary_grid,sobol_pilot_v1,20260812,,sobol_family_b_prediction_sensitive,moderate,0.291209,,,,,,,-0.026255707762557076,-0.314209472981988,,stress,37,20260810,0.935303,,
sobolB.idx37.case2b_prediction_inversion_boundary.stress.strong.util0.935303.inv0.291209.s20260809,prediction_inversion_boundary,prediction_inversion_boundary_grid,sobol_pilot_v1,20260809,,sobol_family_b_prediction_sensitive,strong,0.291209,,,,,,,-0.025495750708215296,-0.3141412176619335,,stress,37,20260810,0.935303,,
sobolB.idx37.case2b_prediction_inversion_boundary.stress.strong.util0.935303.inv0.291209.s20260810,prediction_inversion_boundary,prediction_inversion_boundary_grid,sobol_pilot_v1,20260810,,sobol_family_b_prediction_sensitive,strong,0.291209,,,,,,,-0.02659875495189587,-0.3118956318772924,,stress,37,20260810,0.935303,,
sobolB.idx37.case2b_prediction_inversion_boundary.stress.strong.util0.935303.inv0.291209.s20260811,prediction_inversion_boundary,prediction_inversion_boundary_grid,sobol_pilot_v1,20260811,,sobol_family_b_prediction_sensitive,strong,0.291209,,,,,,,-0.02828054298642534,-0.314271423807936,,stress,37,20260810,0.935303,,
sobolB.idx37.case2b_prediction_inversion_boundary.stress.strong.util0.935303.inv0.291209.s20260812,prediction_inversion_boundary,prediction_inversion_boundary_grid,sobol_pilot_v1,20260812,,sobol_family_b_prediction_sensitive,strong,0.291209,,,,,,,-0.026077097505668934,-0.31417773578613906,,stress,37,20260810,0.935303,,
sobolB.idx38.case2b_prediction_inversion_boundary.stress.moderate.util0.976043.inv0.807706.s20260809,prediction_inversion_boundary,prediction_inversion_boundary_grid,sobol_pilot_v1,20260809,,sobol_family_b_prediction_sensitive,moderate,0.807706,,,,,,,-0.9290617848970252,-0.9840991855002361,,stress,38,20260810,0.976043,,
sobolB.idx38.case2b_prediction_inversion_boundary.stress.moderate.util0.976043.inv0.807706.s20260810,prediction_inversion_boundary,prediction_inversion_boundary_grid,sobol_pilot_v1,20260810,,sobol_family_b_prediction_sensitive,moderate,0.807706,,,,,,,-0.9266895761741123,-0.9838494468227053,,stress,38,20260810,0.976043,,
sobolB.idx38.case2b_prediction_inversion_boundary.stress.moderate.util0.976043.inv0.807706.s20260811,prediction_inversion_boundary,prediction_inversion_boundary_grid,sobol_pilot_v1,20260811,,sobol_family_b_prediction_sensitive,moderate,0.807706,,,,,,,-0.9281232173416999,-0.9841287489229228,,stress,38,20260810,0.976043,,
sobolB.idx38.case2b_prediction_inversion_boundary.stress.moderate.util0.976043.inv0.807706.s20260812,prediction_inversion_boundary,prediction_inversion_boundary_grid,sobol_pilot_v1,20260812,,sobol_family_b_prediction_sensitive,moderate,0.807706,,,,,,,-0.9267734553775744,-0.9832527240382475,,stress,38,20260810,0.976043,,
sobolB.idx38.case2b_prediction_inversion_boundary.stress.strong.util0.976043.inv0.807706.s20260809,prediction_inversion_boundary,prediction_inversion_boundary_grid,sobol_pilot_v1,20260809,,sobol_family_b_prediction_sensitive,strong,0.807706,,,,,,,-0.9251700680272109,-0.9833967821713395,,stress,38,20260810,0.976043,,
sobolB.idx38.case2b_prediction_inversion_boundary.stress.strong.util0.976043.inv0.807706.s20260810,prediction_inversion_boundary,prediction_inversion_boundary_grid,sobol_pilot_v1,20260810,,sobol_family_b_prediction_sensitive,strong,0.807706,,,,,,,-0.9264289756649688,-0.9841336000889185,,stress,38,20260810,0.976043,,
sobolB.idx38.case2b_prediction_inversion_boundary.stress.strong.util0.976043.inv0.807706.s20260811,prediction_inversion_boundary,prediction_inversion_boundary_grid,sobol_pilot_v1,20260811,,sobol_family_b_prediction_sensitive,strong,0.807706,,,,,,,-0.9264289756649688,-0.9841336000889185,,stress,38,20260810,0.976043,,
sobolB.idx38.case2b_prediction_inversion_boundary.stress.strong.util0.976043.inv0.807706.s20260812,prediction_inversion_boundary,prediction_inversion_boundary_grid,sobol_pilot_v1,20260812,,sobol_family_b_prediction_sensitive,strong,0.807706,,,,,,,-0.9250851305334846,-0.9839937753570834,,stress,38,20260810,0.976043,,
sobolB.idx39.case2b_prediction_inversion_boundary.stress.moderate.util0.500999.inv0.121728.s20260809,prediction_inversion_boundary,prediction_inversion_boundary_grid,sobol_pilot_v1,20260809,,sobol_family_b_prediction_sensitive,moderate,0.121728,,,,,,,0.4962962962962963,0.30440886220220714,,stress,39,20260810,0.500999,,
sobolB.idx39.case2b_prediction_inversion_boundary.stress.moderate.util0.500999.inv0.121728.s20260810,prediction_inversion_boundary,prediction_inversion_boundary_grid,sobol_pilot_v1,20260810,,sobol_family_b_prediction_sensitive,moderate,0.121728,,,,,,,0.5002852253280091,0.3018568966475788,,stress,39,20260810,0.500999,,
sobolB.idx39.case2b_prediction_inversion_boundary.stress.moderate.util0.500999.inv0.121728.s20260811,prediction_inversion_boundary,prediction_inversion_boundary_grid,sobol_pilot_v1,20260811,,sobol_family_b_prediction_sensitive,moderate,0.121728,,,,,,,0.4974417282546902,0.30166495260861104,,stress,39,20260810,0.500999,,
sobolB.idx39.case2b_prediction_inversion_boundary.stress.moderate.util0.500999.inv0.121728.s20260812,prediction_inversion_boundary,prediction_inversion_boundary_grid,sobol_pilot_v1,20260812,,sobol_family_b_prediction_sensitive,moderate,0.121728,,,,,,,0.500570125427594,0.30186791194129414,,stress,39,20260810,0.500999,,
sobolB.idx39.case2b_prediction_inversion_boundary.stress.strong.util0.500999.inv0.121728.s20260809,prediction_inversion_boundary,prediction_inversion_boundary_grid,sobol_pilot_v1,20260809,,sobol_family_b_prediction_sensitive,strong,0.121728,,,,,,,0.49943374858437145,0.30467946758551695,,stress,39,20260810,0.500999,,
sobolB.idx39.case2b_prediction_inversion_boundary.stress.strong.util0.500999.inv0.121728.s20260810,prediction_inversion_boundary,prediction_inversion_boundary_grid,sobol_pilot_v1,20260810,,sobol_family_b_prediction_sensitive,strong,0.121728,,,,,,,0.497737556561086,0.30176725575191726,,stress,39,20260810,0.500999,,
sobolB.idx39.case2b_prediction_inversion_boundary.stress.strong.util0.500999.inv0.121728.s20260811,prediction_inversion_boundary,prediction_inversion_boundary_grid,sobol_pilot_v1,20260811,,sobol_family_b_prediction_sensitive,strong,0.121728,,,,,,,0.497737556561086,0.30176725575191726,,stress,39,20260810,0.500999,,
sobolB.idx39.case2b_prediction_inversion_boundary.stress.strong.util0.500999.inv0.121728.s20260812,prediction_inversion_boundary,prediction_inversion_boundary_grid,sobol_pilot_v1,20260812,,sobol_family_b_prediction_sensitive,strong,0.121728,,,,,,,0.4991501416430595,0.30181181570610793,,stress,39,20260810,0.500999,,
sobolB.idx40.case2b_prediction_inversion_boundary.stress.moderate.util0.566203.inv0.636367.s20260809,prediction_inversion_boundary,prediction_inversion_boundary_grid,sobol_pilot_v1,20260809,,sobol_family_b_prediction_sensitive,moderate,0.636367,,,,,,,-0.7415666094911378,-0.9016206599393988,,stress,40,20260810,0.566203,,
sobolB.idx40.case2b_prediction_inversion_boundary.stress.moderate.util0.566203.inv0.636367.s20260810,prediction_inversion_boundary,prediction_inversion_boundary_grid,sobol_pilot_v1,20260810,,sobol_family_b_prediction_sensitive,moderate,0.636367,,,,,,,-0.7412707498568976,-0.9014844054039028,,stress,40,20260810,0.566203,,
sobolB.idx40.case2b_prediction_inversion_boundary.stress.moderate.util0.566203.inv0.636367.s20260811,prediction_inversion_boundary,prediction_inversion_boundary_grid,sobol_pilot_v1,20260811,,sobol_family_b_prediction_sensitive,moderate,0.636367,,,,,,,-0.7411630558722919,-0.9016593935014037,,stress,40,20260810,0.566203,,
sobolB.idx40.case2b_prediction_inversion_boundary.stress.moderate.util0.566203.inv0.636367.s20260812,prediction_inversion_boundary,prediction_inversion_boundary_grid,sobol_pilot_v1,20260812,,sobol_family_b_prediction_sensitive,moderate,0.636367,,,,,,,-0.7428571428571429,-0.9016288636869023,,stress,40,20260810,0.566203,,
sobolB.idx40.case2b_prediction_inversion_boundary.stress.strong.util0.566203.inv0.636367.s20260809,prediction_inversion_boundary,prediction_inversion_boundary_grid,sobol_pilot_v1,20260809,,sobol_family_b_prediction_sensitive,strong,0.636367,,,,,,,-0.7393767705382436,-0.901575568955456,,stress,40,20260810,0.566203,,
sobolB.idx40.case2b_prediction_inversion_boundary.stress.strong.util0.566203.inv0.636367.s20260810,prediction_inversion_boundary,prediction_inversion_boundary_grid,sobol_pilot_v1,20260810,,sobol_family_b_prediction_sensitive,strong,0.636367,,,,,,,-0.7396717600452745,-0.9016060909191952,,stress,40,20260810,0.566203,,
sobolB.idx40.case2b_prediction_inversion_boundary.stress.strong.util0.566203.inv0.636367.s20260811,prediction_inversion_boundary,prediction_inversion_boundary_grid,sobol_pilot_v1,20260811,,sobol_family_b_prediction_sensitive,strong,0.636367,,,,,,,-0.7396717600452745,-0.9016060909191952,,stress,40,20260810,0.566203,,
sobolB.idx40.case2b_prediction_inversion_boundary.stress.strong.util0.566203.inv0.636367.s20260812,prediction_inversion_boundary,prediction_inversion_boundary_grid,sobol_pilot_v1,20260812,,sobol_family_b_prediction_sensitive,strong,0.636367,,,,,,,-0.7403628117913832,-0.9016284110487413,,stress,40,20260810,0.566203,,
sobolB.idx41.case2b_prediction_inversion_boundary.stress.moderate.util1.004626.inv0.44929.s20260809,prediction_inversion_boundary,prediction_inversion_boundary_grid,sobol_pilot_v1,20260809,,sobol_family_b_prediction_sensitive,moderate,0.44929,,,,,,,-0.3657142857142857,-0.6362827676312788,,stress,41,20260810,1.004626,,
sobolB.idx41.case2b_prediction_inversion_boundary.stress.moderate.util1.004626.inv0.44929.s20260810,prediction_inversion_boundary,prediction_inversion_boundary_grid,sobol_pilot_v1,20260810,,sobol_family_b_prediction_sensitive,moderate,0.44929,,,,,,,-0.36498855835240274,-0.634333129482404,,stress,41,20260810,1.004626,,
sobolB.idx41.case2b_prediction_inversion_boundary.stress.moderate.util1.004626.inv0.44929.s20260811,prediction_inversion_boundary,prediction_inversion_boundary_grid,sobol_pilot_v1,20260811,,sobol_family_b_prediction_sensitive,moderate,0.44929,,,,,,,-0.3708759954493743,-0.6366845484615171,,stress,41,20260810,1.004626,,
sobolB.idx41.case2b_prediction_inversion_boundary.stress.moderate.util1.004626.inv0.44929.s20260812,prediction_inversion_boundary,prediction_inversion_boundary_grid,sobol_pilot_v1,20260812,,sobol_family_b_prediction_sensitive,moderate,0.44929,,,,,,,-0.3687214611872146,-0.6364242828552367,,stress,41,20260810,1.004626,,
sobolB.idx41.case2b_prediction_inversion_boundary.stress.strong.util1.004626.inv0.44929.s20260809,prediction_inversion_boundary,prediction_inversion_boundary_grid,sobol_pilot_v1,20260809,,sobol_family_b_prediction_sensitive,strong,0.44929,,,,,,,-0.3654390934844193,-0.636257537444077,,stress,41,20260810,1.004626,,
sobolB.idx41.case2b_prediction_inversion_boundary.stress.strong.util1.004626.inv0.44929.s20260810,prediction_inversion_boundary,prediction_inversion_boundary_grid,sobol_pilot_v1,20260810,,sobol_family_b_prediction_sensitive,strong,0.44929,,,,,,,-0.3661573288058857,-0.6362954318106034,,stress,41,20260810,1.004626,,
sobolB.idx41.case2b_prediction_inversion_boundary.stress.strong.util1.004626.inv0.44929.s20260811,prediction_inversion_boundary,prediction_inversion_boundary_grid,sobol_pilot_v1,20260811,,sobol_family_b_prediction_sensitive,strong,0.44929,,,,,,,-0.36764705882352944,-0.6363787929309769,,stress,41,20260810,1.004626,,
sobolB.idx41.case2b_prediction_inversion_boundary.stress.strong.util1.004626.inv0.44929.s20260812,prediction_inversion_boundary,prediction_inversion_boundary_grid,sobol_pilot_v1,20260812,,sobol_family_b_prediction_sensitive,strong,0.44929,,,,,,,-0.36621315192743764,-0.6363030067248375,,stress,41,20260810,1.004626,,
sobolB.idx42.case2b_prediction_inversion_boundary.stress.moderate.util0.888848.inv0.966031.s20260809,prediction_inversion_boundary,prediction_inversion_boundary_grid,sobol_pilot_v1,20260809,,sobol_family_b_prediction_sensitive,moderate,0.966031,,,,,,,-0.9988532110091743,-0.9994718260917907,,stress,42,20260810,0.888848,,
sobolB.idx42.case2b_prediction_inversion_boundary.stress.moderate.util0.888848.inv0.966031.s20260810,prediction_inversion_boundary,prediction_inversion_boundary_grid,sobol_pilot_v1,20260810,,sobol_family_b_prediction_sensitive,moderate,0.966031,,,,,,,-0.9988532110091743,-0.9994579418468895,,stress,42,20260810,0.888848,,
sobolB.idx42.case2b_prediction_inversion_boundary.stress.moderate.util0.888848.inv0.966031.s20260811,prediction_inversion_boundary,prediction_inversion_boundary_grid,sobol_pilot_v1,20260811,,sobol_family_b_prediction_sensitive,moderate,0.966031,,,,,,,-0.9988571428571429,-0.9994718848152985,,stress,42,20260810,0.888848,,
sobolB.idx42.case2b_prediction_inversion_boundary.stress.moderate.util0.888848.inv0.966031.s20260812,prediction_inversion_boundary,prediction_inversion_boundary_grid,sobol_pilot_v1,20260812,,sobol_family_b_prediction_sensitive,moderate,0.966031,,,,,,,-0.9988545246277205,-0.999499666444296,,stress,42,20260810,0.888848,,
sobolB.idx42.case2b_prediction_inversion_boundary.stress.strong.util0.888848.inv0.966031.s20260809,prediction_inversion_boundary,prediction_inversion_boundary_grid,sobol_pilot_v1,20260809,,sobol_family_b_prediction_sensitive,strong,0.966031,,,,,,,-0.9988662131519275,-0.9998610609386722,,stress,42,20260810,0.888848,,
sobolB.idx42.case2b_prediction_inversion_boundary.stress.strong.util0.888848.inv0.966031.s20260810,prediction_inversion_boundary,prediction_inversion_boundary_grid,sobol_pilot_v1,20260810,,sobol_family_b_prediction_sensitive,strong,0.966031,,,,,,,-0.9988674971687429,-0.9998193842391907,,stress,42,20260810,0.888848,,
sobolB.idx42.case2b_prediction_inversion_boundary.stress.strong.util0.888848.inv0.966031.s20260811,prediction_inversion_boundary,prediction_inversion_boundary_grid,sobol_pilot_v1,20260811,,sobol_family_b_prediction_sensitive,strong,0.966031,,,,,,,-0.9988674971687429,-0.9998888518395019,,stress,42,20260810,0.888848,,
sobolB.idx42.case2b_prediction_inversion_boundary.stress.strong.util0.888848.inv0.966031.s20260812,prediction_inversion_boundary,prediction_inversion_boundary_grid,sobol_pilot_v1,20260812,,sobol_family_b_prediction_sensitive,strong,0.966031,,,,,,,-0.9988649262202043,-0.999833268493303,,stress,42,20260810,0.888848,,
sobolB.idx43.case2b_prediction_inversion_boundary.stress.moderate.util0.759216.inv0.150903.s20260809,prediction_inversion_boundary,prediction_inversion_boundary_grid,sobol_pilot_v1,20260809,,sobol_family_b_prediction_sensitive,moderate,0.150903,,,,,,,0.3811965811965812,0.15695104661829704,,stress,43,20260810,0.759216,,
sobolB.idx43.case2b_prediction_inversion_boundary.stress.moderate.util0.759216.inv0.150903.s20260810,prediction_inversion_boundary,prediction_inversion_boundary_grid,sobol_pilot_v1,20260810,,sobol_family_b_prediction_sensitive,moderate,0.150903,,,,,,,0.386986301369863,0.16007394229165509,,stress,43,20260810,0.759216,,
sobolB.idx43.case2b_prediction_inversion_boundary.stress.moderate.util0.759216.inv0.150903.s20260811,prediction_inversion_boundary,prediction_inversion_boundary_grid,sobol_pilot_v1,20260811,,sobol_family_b_prediction_sensitive,moderate,0.150903,,,,,,,0.3826037521318931,0.15707257414459236,,stress,43,20260810,0.759216,,
sobolB.idx43.case2b_prediction_inversion_boundary.stress.moderate.util0.759216.inv0.150903.s20260812,prediction_inversion_boundary,prediction_inversion_boundary_grid,sobol_pilot_v1,20260812,,sobol_family_b_prediction_sensitive,moderate,0.150903,,,,,,,0.38733599543639474,0.1600928396708917,,stress,43,20260810,0.759216,,
sobolB.idx43.case2b_prediction_inversion_boundary.stress.strong.util0.759216.inv0.150903.s20260809,prediction_inversion_boundary,prediction_inversion_boundary_grid,sobol_pilot_v1,20260809,,sobol_family_b_prediction_sensitive,strong,0.150903,,,,,,,0.38505096262740657,0.15727901742295827,,stress,43,20260810,0.759216,,
sobolB.idx43.case2b_prediction_inversion_boundary.stress.strong.util0.759216.inv0.150903.s20260810,prediction_inversion_boundary,prediction_inversion_boundary_grid,sobol_pilot_v1,20260810,,sobol_family_b_prediction_sensitive,strong,0.150903,,,,,,,0.3834841628959276,0.15721907302434143,,stress,43,20260810,0.759216,,
sobolB.idx43.case2b_prediction_inversion_boundary.stress.strong.util0.759216.inv0.150903.s20260811,prediction_inversion_boundary,prediction_inversion_boundary_grid,sobol_pilot_v1,20260811,,sobol_family_b_prediction_sensitive,strong,0.150903,,,,,,,0.3834841628959276,0.15721907302434143,,stress,43,20260810,0.759216,,
sobolB.idx43.case2b_prediction_inversion_boundary.stress.strong.util0.759216.inv0.150903.s20260812,prediction_inversion_boundary,prediction_inversion_boundary_grid,sobol_pilot_v1,20260812,,sobol_family_b_prediction_sensitive,strong,0.150903,,,,,,,0.38470254957507083,0.15725559939976658,,stress,43,20260810,0.759216,,
sobolB.idx44.case2b_prediction_inversion_boundary.stress.moderate.util0.679379.inv0.819804.s20260809,prediction_inversion_boundary,prediction_inversion_boundary_grid,sobol_pilot_v1,20260809,,sobol_family_b_prediction_sensitive,moderate,0.819804,,,,,,,-0.9507445589919816,-0.9896589108498037,,stress,44,20260810,0.679379,,
sobolB.idx44.case2b_prediction_inversion_boundary.stress.moderate.util0.679379.inv0.819804.s20260810,prediction_inversion_boundary,prediction_inversion_boundary_grid,sobol_pilot_v1,20260810,,sobol_family_b_prediction_sensitive,moderate,0.819804,,,,,,,-0.9495702005730658,-0.9899788736309558,,stress,44,20260810,0.679379,,
sobolB.idx44.case2b_prediction_inversion_boundary.stress.moderate.util0.679379.inv0.819804.s20260811,prediction_inversion_boundary,prediction_inversion_boundary_grid,sobol_pilot_v1,20260811,,sobol_family_b_prediction_sensitive,moderate,0.819804,,,,,,,-0.9520821448944666,-0.9908552686438559,,stress,44,20260810,0.679379,,
sobolB.idx44.case2b_prediction_inversion_boundary.stress.moderate.util0.679379.inv0.819804.s20260812,prediction_inversion_boundary,prediction_inversion_boundary_grid,sobol_pilot_v1,20260812,,sobol_family_b_prediction_sensitive,moderate,0.819804,,,,,,,-0.9496279336004579,-0.9899794307315988,,stress,44,20260810,0.679379,,
sobolB.idx44.case2b_prediction_inversion_boundary.stress.strong.util0.679379.inv0.819804.s20260809,prediction_inversion_boundary,prediction_inversion_boundary_grid,sobol_pilot_v1,20260809,,sobol_family_b_prediction_sensitive,strong,0.819804,,,,,,,-0.9489795918367347,-0.990746658515575,,stress,44,20260810,0.679379,,
sobolB.idx44.case2b_prediction_inversion_boundary.stress.strong.util0.679379.inv0.819804.s20260810,prediction_inversion_boundary,prediction_inversion_boundary_grid,sobol_pilot_v1,20260810,,sobol_family_b_prediction_sensitive,strong,0.819804,,,,,,,-0.9501980758347481,-0.990858063799044,,stress,44,20260810,0.679379,,
sobolB.idx44.case2b_prediction_inversion_boundary.stress.strong.util0.679379.inv0.819804.s20260811,prediction_inversion_boundary,prediction_inversion_boundary_grid,sobol_pilot_v1,20260811,,sobol_family_b_prediction_sensitive,strong,0.819804,,,,,,,-0.9501980758347481,-0.990858063799044,,stress,44,20260810,0.679379,,
sobolB.idx44.case2b_prediction_inversion_boundary.stress.strong.util0.679379.inv0.819804.s20260812,prediction_inversion_boundary,prediction_inversion_boundary_grid,sobol_pilot_v1,20260812,,sobol_family_b_prediction_sensitive,strong,0.819804,,,,,,,-0.9489216799091941,-0.9907186127938644,,stress,44,20260810,0.679379,,
sobolB.idx45.case2b_prediction_inversion_boundary.stress.moderate.util0.818683.inv0.000777.s20260809,prediction_inversion_boundary,prediction_inversion_boundary_grid,sobol_pilot_v1,20260809,,sobol_family_b_prediction_sensitive,moderate,0.000777,,,,,,,1.0,0.9999999999999998,,stress,45,20260810,0.818683,,
sobolB.idx45.case2b_prediction_inversion_boundary.stress.moderate.util0.818683.inv0.000777.s20260810,prediction_inversion_boundary,prediction_inversion_boundary_grid,sobol_pilot_v1,20260810,,sobol_family_b_prediction_sensitive,moderate,0.000777,,,,,,,1.0,1.0,,stress,45,20260810,0.818683,,
sobolB.idx45.case2b_prediction_inversion_boundary.stress.moderate.util0.818683.inv0.000777.s20260811,prediction_inversion_boundary,prediction_inversion_boundary_grid,sobol_pilot_v1,20260811,,sobol_family_b_prediction_sensitive,moderate,0.000777,,,,,,,1.0,0.9999999999999998,,stress,45,20260810,0.818683,,
sobolB.idx45.case2b_prediction_inversion_boundary.stress.moderate.util0.818683.inv0.000777.s20260812,prediction_inversion_boundary,prediction_inversion_boundary_grid,sobol_pilot_v1,20260812,,sobol_family_b_prediction_sensitive,moderate,0.000777,,,,,,,1.0,1.0,,stress,45,20260810,0.818683,,
sobolB.idx45.case2b_prediction_inversion_boundary.stress.strong.util0.818683.inv0.000777.s20260809,prediction_inversion_boundary,prediction_inversion_boundary_grid,sobol_pilot_v1,20260809,,sobol_family_b_prediction_sensitive,strong,0.000777,,,,,,,1.0,1.0,,stress,45,20260810,0.818683,,
sobolB.idx45.case2b_prediction_inversion_boundary.stress.strong.util0.818683.inv0.000777.s20260810,prediction_inversion_boundary,prediction_inversion_boundary_grid,sobol_pilot_v1,20260810,,sobol_family_b_prediction_sensitive,strong,0.000777,,,,,,,1.0,0.9999999999999998,,stress,45,20260810,0.818683,,
sobolB.idx45.case2b_prediction_inversion_boundary.stress.strong.util0.818683.inv0.000777.s20260811,prediction_inversion_boundary,prediction_inversion_boundary_grid,sobol_pilot_v1,20260811,,sobol_family_b_prediction_sensitive,strong,0.000777,,,,,,,1.0,0.9999999999999998,,stress,45,20260810,0.818683,,
sobolB.idx45.case2b_prediction_inversion_boundary.stress.strong.util0.818683.inv0.000777.s20260812,prediction_inversion_boundary,prediction_inversion_boundary_grid,sobol_pilot_v1,20260812,,sobol_family_b_prediction_sensitive,strong,0.000777,,,,,,,1.0,1.0,,stress,45,20260810,0.818683,,
sobolB.idx46.case2b_prediction_inversion_boundary.stress.moderate.util1.075085.inv0.517511.s20260809,prediction_inversion_boundary,prediction_inversion_boundary_grid,sobol_pilot_v1,20260809,,sobol_family_b_prediction_sensitive,moderate,0.517511,,,,,,,-0.5734705546026301,-0.7969310316070385,,stress,46,20260810,1.075085,,
sobolB.idx46.case2b_prediction_inversion_boundary.stress.moderate.util1.075085.inv0.517511.s20260810,prediction_inversion_boundary,prediction_inversion_boundary_grid,sobol_pilot_v1,20260810,,sobol_family_b_prediction_sensitive,moderate,0.517511,,,,,,,-0.5729822552947911,-0.7967976872185468,,stress,46,20260810,1.075085,,
sobolB.idx46.case2b_prediction_inversion_boundary.stress.moderate.util1.075085.inv0.517511.s20260811,prediction_inversion_boundary,prediction_inversion_boundary_grid,sobol_pilot_v1,20260811,,sobol_family_b_prediction_sensitive,moderate,0.517511,,,,,,,-0.5776892430278885,-0.7973149512188342,,stress,46,20260810,1.075085,,
sobolB.idx46.case2b_prediction_inversion_boundary.stress.moderate.util1.075085.inv0.517511.s20260812,prediction_inversion_boundary,prediction_inversion_boundary_grid,sobol_pilot_v1,20260812,,sobol_family_b_prediction_sensitive,moderate,0.517511,,,,,,,-0.5776255707762558,-0.7971425394707582,,stress,46,20260810,1.075085,,
sobolB.idx46.case2b_prediction_inversion_boundary.stress.strong.util1.075085.inv0.517511.s20260809,prediction_inversion_boundary,prediction_inversion_boundary_grid,sobol_pilot_v1,20260809,,sobol_family_b_prediction_sensitive,strong,0.517511,,,,,,,-0.5728045325779036,-0.7969266679634313,,stress,46,20260810,1.075085,,
sobolB.idx46.case2b_prediction_inversion_boundary.stress.strong.util1.075085.inv0.517511.s20260810,prediction_inversion_boundary,prediction_inversion_boundary_grid,sobol_pilot_v1,20260810,,sobol_family_b_prediction_sensitive,strong,0.517511,,,,,,,-0.5732880588568194,-0.7969600978103811,,stress,46,20260810,1.075085,,
sobolB.idx46.case2b_prediction_inversion_boundary.stress.strong.util1.075085.inv0.517511.s20260811,prediction_inversion_boundary,prediction_inversion_boundary_grid,sobol_pilot_v1,20260811,,sobol_family_b_prediction_sensitive,strong,0.517511,,,,,,,-0.5746606334841629,-0.7970434589307547,,stress,46,20260810,1.075085,,
sobolB.idx46.case2b_prediction_inversion_boundary.stress.strong.util1.075085.inv0.517511.s20260812,prediction_inversion_boundary,prediction_inversion_boundary_grid,sobol_pilot_v1,20260812,,sobol_family_b_prediction_sensitive,strong,0.517511,,,,,,,-0.5736961451247166,-0.7969766020118937,,stress,46,20260810,1.075085,,
sobolB.idx47.case2b_prediction_inversion_boundary.stress.moderate.util0.645744.inv0.334348.s20260809,prediction_inversion_boundary,prediction_inversion_boundary_grid,sobol_pilot_v1,20260809,,sobol_family_b_prediction_sensitive,moderate,0.334348,,,,,,,-0.11707595659623073,-0.403330275484391,,stress,47,20260810,0.645744,,
sobolB.idx47.case2b_prediction_inversion_boundary.stress.moderate.util0.645744.inv0.334348.s20260810,prediction_inversion_boundary,prediction_inversion_boundary_grid,sobol_pilot_v1,20260810,,sobol_family_b_prediction_sensitive,moderate,0.334348,,,,,,,-0.11606632361349342,-0.40530661032968257,,stress,47,20260810,0.645744,,
sobolB.idx47.case2b_prediction_inversion_boundary.stress.moderate.util0.645744.inv0.334348.s20260811,prediction_inversion_boundary,prediction_inversion_boundary_grid,sobol_pilot_v1,20260811,,sobol_family_b_prediction_sensitive,moderate,0.334348,,,,,,,-0.1217292377701934,-0.4079272868777274,,stress,47,20260810,0.645744,,
sobolB.idx47.case2b_prediction_inversion_boundary.stress.moderate.util0.645744.inv0.334348.s20260812,prediction_inversion_boundary,prediction_inversion_boundary_grid,sobol_pilot_v1,20260812,,sobol_family_b_prediction_sensitive,moderate,0.334348,,,,,,,-0.1187214611872146,-0.40766066266399814,,stress,47,20260810,0.645744,,
sobolB.idx47.case2b_prediction_inversion_boundary.stress.strong.util0.645744.inv0.334348.s20260809,prediction_inversion_boundary,prediction_inversion_boundary_grid,sobol_pilot_v1,20260809,,sobol_family_b_prediction_sensitive,strong,0.334348,,,,,,,-0.11728045325779037,-0.4075638424986801,,stress,47,20260810,0.645744,,
sobolB.idx47.case2b_prediction_inversion_boundary.stress.strong.util0.645744.inv0.334348.s20260810,prediction_inversion_boundary,prediction_inversion_boundary_grid,sobol_pilot_v1,20260810,,sobol_family_b_prediction_sensitive,strong,0.334348,,,,,,,-0.11827956989247312,-0.4076080915860842,,stress,47,20260810,0.645744,,
sobolB.idx47.case2b_prediction_inversion_boundary.stress.strong.util0.645744.inv0.334348.s20260811,prediction_inversion_boundary,prediction_inversion_boundary_grid,sobol_pilot_v1,20260811,,sobol_family_b_prediction_sensitive,strong,0.334348,,,,,,,-0.11990950226244344,-0.4076914527064577,,stress,47,20260810,0.645744,,
sobolB.idx47.case2b_prediction_inversion_boundary.stress.strong.util0.645744.inv0.334348.s20260812,prediction_inversion_boundary,prediction_inversion_boundary_grid,sobol_pilot_v1,20260812,,sobol_family_b_prediction_sensitive,strong,0.334348,,,,,,,-0.11791383219954649,-0.4076029567053855,,stress,47,20260810,0.645744,,
sobolB.idx48.case2b_prediction_inversion_boundary.stress.moderate.util0.630387.inv0.559046.s20260809,prediction_inversion_boundary,prediction_inversion_boundary_grid,sobol_pilot_v1,20260809,,sobol_family_b_prediction_sensitive,moderate,0.559046,,,,,,,-0.6340766152086906,-0.8374614294053873,,stress,48,20260810,0.630387,,
sobolB.idx48.case2b_prediction_inversion_boundary.stress.moderate.util0.630387.inv0.559046.s20260810,prediction_inversion_boundary,prediction_inversion_boundary_grid,sobol_pilot_v1,20260810,,sobol_family_b_prediction_sensitive,moderate,0.559046,,,,,,,-0.6336576989124213,-0.8373269583588147,,stress,48,20260810,0.630387,,
sobolB.idx48.case2b_prediction_inversion_boundary.stress.moderate.util0.630387.inv0.559046.s20260811,prediction_inversion_boundary,prediction_inversion_boundary_grid,sobol_pilot_v1,20260811,,sobol_family_b_prediction_sensitive,moderate,0.559046,,,,,,,-0.6353276353276354,-0.8348945159407398,,stress,48,20260810,0.630387,,
sobolB.idx48.case2b_prediction_inversion_boundary.stress.moderate.util0.630387.inv0.559046.s20260812,prediction_inversion_boundary,prediction_inversion_boundary_grid,sobol_pilot_v1,20260812,,sobol_family_b_prediction_sensitive,moderate,0.559046,,,,,,,-0.6367789834380354,-0.8361824549699798,,stress,48,20260810,0.630387,,
sobolB.idx48.case2b_prediction_inversion_boundary.stress.strong.util0.630387.inv0.559046.s20260809,prediction_inversion_boundary,prediction_inversion_boundary_grid,sobol_pilot_v1,20260809,,sobol_family_b_prediction_sensitive,strong,0.559046,,,,,,,-0.6328611898016997,-0.8374412982465891,,stress,48,20260810,0.630387,,
sobolB.idx48.case2b_prediction_inversion_boundary.stress.strong.util0.630387.inv0.559046.s20260810,prediction_inversion_boundary,prediction_inversion_boundary_grid,sobol_pilot_v1,20260810,,sobol_family_b_prediction_sensitive,strong,0.559046,,,,,,,-0.633276740237691,-0.8374736023118816,,stress,48,20260810,0.630387,,
sobolB.idx48.case2b_prediction_inversion_boundary.stress.strong.util0.630387.inv0.559046.s20260811,prediction_inversion_boundary,prediction_inversion_boundary_grid,sobol_pilot_v1,20260811,,sobol_family_b_prediction_sensitive,strong,0.559046,,,,,,,-0.6346153846153846,-0.8375569634322552,,stress,48,20260810,0.630387,,
sobolB.idx48.case2b_prediction_inversion_boundary.stress.strong.util0.630387.inv0.559046.s20260812,prediction_inversion_boundary,prediction_inversion_boundary_grid,sobol_pilot_v1,20260812,,sobol_family_b_prediction_sensitive,strong,0.559046,,,,,,,-0.6337868480725624,-0.8374923581392765,,stress,48,20260810,0.630387,,
sobolB.idx49.case2b_prediction_inversion_boundary.stress.moderate.util1.092529.inv0.370878.s20260809,prediction_inversion_boundary,prediction_inversion_boundary_grid,sobol_pilot_v1,20260809,,sobol_family_b_prediction_sensitive,moderate,0.370878,,,,,,,-0.20342857142857143,-0.48789369805131616,,stress,49,20260810,1.092529,,
sobolB.idx49.case2b_prediction_inversion_boundary.stress.moderate.util1.092529.inv0.370878.s20260810,prediction_inversion_boundary,prediction_inversion_boundary_grid,sobol_pilot_v1,20260810,,sobol_family_b_prediction_sensitive,moderate,0.370878,,,,,,,-0.20411663807890223,-0.49204981375437823,,stress,49,20260810,1.092529,,
sobolB.idx49.case2b_prediction_inversion_boundary.stress.moderate.util1.092529.inv0.370878.s20260811,prediction_inversion_boundary,prediction_inversion_boundary_grid,sobol_pilot_v1,20260811,,sobol_family_b_prediction_sensitive,moderate,0.370878,,,,,,,-0.20932878270762229,-0.4924813075020152,,stress,49,20260810,1.092529,,
sobolB.idx49.case2b_prediction_inversion_boundary.stress.moderate.util1.092529.inv0.370878.s20260812,prediction_inversion_boundary,prediction_inversion_boundary_grid,sobol_pilot_v1,20260812,,sobol_family_b_prediction_sensitive,moderate,0.370878,,,,,,,-0.20662100456621005,-0.49221703357794083,,stress,49,20260810,1.092529,,
sobolB.idx49.case2b_prediction_inversion_boundary.stress.strong.util1.092529.inv0.370878.s20260809,prediction_inversion_boundary,prediction_inversion_boundary_grid,sobol_pilot_v1,20260809,,sobol_family_b_prediction_sensitive,strong,0.370878,,,,,,,-0.20453257790368273,-0.49209436741045365,,stress,49,20260810,1.092529,,
sobolB.idx49.case2b_prediction_inversion_boundary.stress.strong.util1.092529.inv0.370878.s20260810,prediction_inversion_boundary,prediction_inversion_boundary_grid,sobol_pilot_v1,20260810,,sobol_family_b_prediction_sensitive,strong,0.370878,,,,,,,-0.20543293718166383,-0.4921362676447704,,stress,49,20260810,1.092529,,
sobolB.idx49.case2b_prediction_inversion_boundary.stress.strong.util1.092529.inv0.370878.s20260811,prediction_inversion_boundary,prediction_inversion_boundary_grid,sobol_pilot_v1,20260811,,sobol_family_b_prediction_sensitive,strong,0.370878,,,,,,,-0.20701357466063347,-0.49221962876514397,,stress,49,20260810,1.092529,,
sobolB.idx49.case2b_prediction_inversion_boundary.stress.strong.util1.092529.inv0.370878.s20260812,prediction_inversion_boundary,prediction_inversion_boundary_grid,sobol_pilot_v1,20260812,,sobol_family_b_prediction_sensitive,strong,0.370878,,,,,,,-0.20521541950113378,-0.4921358306007892,,stress,49,20260810,1.092529,,
sobolB.idx50.case2b_prediction_inversion_boundary.stress.moderate.util0.833894.inv0.854381.s20260809,prediction_inversion_boundary,prediction_inversion_boundary_grid,sobol_pilot_v1,20260809,,sobol_family_b_prediction_sensitive,moderate,0.854381,,,,,,,-0.969054441260745,-0.9941622883829537,,stress,50,20260810,0.833894,,
sobolB.idx50.case2b_prediction_inversion_boundary.stress.moderate.util0.833894.inv0.854381.s20260810,prediction_inversion_boundary,prediction_inversion_boundary_grid,sobol_pilot_v1,20260810,,sobol_family_b_prediction_sensitive,moderate,0.854381,,,,,,,-0.969054441260745,-0.9949963862789794,,stress,50,20260810,0.833894,,
sobolB.idx50.case2b_prediction_inversion_boundary.stress.moderate.util0.833894.inv0.854381.s20260811,prediction_inversion_boundary,prediction_inversion_boundary_grid,sobol_pilot_v1,20260811,,sobol_family_b_prediction_sensitive,moderate,0.854381,,,,,,,-0.9714774671990872,-0.9953581454818355,,stress,50,20260810,0.833894,,
sobolB.idx50.case2b_prediction_inversion_boundary.stress.moderate.util0.833894.inv0.854381.s20260812,prediction_inversion_boundary,prediction_inversion_boundary_grid,sobol_pilot_v1,20260812,,sobol_family_b_prediction_sensitive,moderate,0.854381,,,,,,,-0.9679266895761741,-0.994482432732933,,stress,50,20260810,0.833894,,
sobolB.idx50.case2b_prediction_inversion_boundary.stress.strong.util0.833894.inv0.854381.s20260809,prediction_inversion_boundary,prediction_inversion_boundary_grid,sobol_pilot_v1,20260809,,sobol_family_b_prediction_sensitive,strong,0.854381,,,,,,,-0.9682539682539683,-0.9952482841025926,,stress,50,20260810,0.833894,,
sobolB.idx50.case2b_prediction_inversion_boundary.stress.strong.util0.833894.inv0.854381.s20260810,prediction_inversion_boundary,prediction_inversion_boundary_grid,sobol_pilot_v1,20260810,,sobol_family_b_prediction_sensitive,strong,0.854381,,,,,,,-0.969439728353141,-0.9953595642992106,,stress,50,20260810,0.833894,,
sobolB.idx50.case2b_prediction_inversion_boundary.stress.strong.util0.833894.inv0.854381.s20260811,prediction_inversion_boundary,prediction_inversion_boundary_grid,sobol_pilot_v1,20260811,,sobol_family_b_prediction_sensitive,strong,0.854381,,,,,,,-0.969439728353141,-0.9953595642992106,,stress,50,20260810,0.833894,,
sobolB.idx50.case2b_prediction_inversion_boundary.stress.strong.util0.833894.inv0.854381.s20260812,prediction_inversion_boundary,prediction_inversion_boundary_grid,sobol_pilot_v1,20260812,,sobol_family_b_prediction_sensitive,strong,0.854381,,,,,,,-0.9682179341657208,-0.9952203634746847,,stress,50,20260810,0.833894,,
sobolB.idx51.case2b_prediction_inversion_boundary.stress.moderate.util0.661788.inv0.044266.s20260809,prediction_inversion_boundary,prediction_inversion_boundary_grid,sobol_pilot_v1,20260809,,sobol_family_b_prediction_sensitive,moderate,0.044266,,,,,,,0.8667425968109339,0.8064659605815472,,stress,51,20260810,0.661788,,
sobolB.idx51.case2b_prediction_inversion_boundary.stress.moderate.util0.661788.inv0.044266.s20260810,prediction_inversion_boundary,prediction_inversion_boundary_grid,sobol_pilot_v1,20260810,,sobol_family_b_prediction_sensitive,moderate,0.044266,,,,,,,0.8710781517398745,0.8129760382498472,,stress,51,20260810,0.661788,,
sobolB.idx51.case2b_prediction_inversion_boundary.stress.moderate.util0.661788.inv0.044266.s20260811,prediction_inversion_boundary,prediction_inversion_boundary_grid,sobol_pilot_v1,20260811,,sobol_family_b_prediction_sensitive,moderate,0.044266,,,,,,,0.8669698692438885,0.8064874781110153,,stress,51,20260810,0.661788,,
sobolB.idx51.case2b_prediction_inversion_boundary.stress.moderate.util0.661788.inv0.044266.s20260812,prediction_inversion_boundary,prediction_inversion_boundary_grid,sobol_pilot_v1,20260812,,sobol_family_b_prediction_sensitive,moderate,0.044266,,,,,,,0.8712250712250712,0.8129864354013786,,stress,51,20260810,0.661788,,
sobolB.idx51.case2b_prediction_inversion_boundary.stress.strong.util0.661788.inv0.044266.s20260809,prediction_inversion_boundary,prediction_inversion_boundary_grid,sobol_pilot_v1,20260809,,sobol_family_b_prediction_sensitive,strong,0.044266,,,,,,,0.8675721561969439,0.8065412510073081,,stress,51,20260810,0.661788,,
sobolB.idx51.case2b_prediction_inversion_boundary.stress.strong.util0.661788.inv0.044266.s20260810,prediction_inversion_boundary,prediction_inversion_boundary_grid,sobol_pilot_v1,20260810,,sobol_family_b_prediction_sensitive,strong,0.044266,,,,,,,0.8676470588235294,0.8065466266533289,,stress,51,20260810,0.661788,,
sobolB.idx51.case2b_prediction_inversion_boundary.stress.strong.util0.661788.inv0.044266.s20260811,prediction_inversion_boundary,prediction_inversion_boundary_grid,sobol_pilot_v1,20260811,,sobol_family_b_prediction_sensitive,strong,0.044266,,,,,,,0.8676470588235294,0.8065466266533289,,stress,51,20260810,0.661788,,
sobolB.idx51.case2b_prediction_inversion_boundary.stress.strong.util0.661788.inv0.044266.s20260812,prediction_inversion_boundary,prediction_inversion_boundary_grid,sobol_pilot_v1,20260812,,sobol_family_b_prediction_sensitive,strong,0.044266,,,,,,,0.8696883852691218,0.8098010337353416,,stress,51,20260810,0.661788,,
sobolB.idx52.case2b_prediction_inversion_boundary.stress.moderate.util0.741623.inv0.985044.s20260809,prediction_inversion_boundary,prediction_inversion_boundary_grid,sobol_pilot_v1,20260809,,sobol_family_b_prediction_sensitive,moderate,0.985044,,,,,,,-1.0,-0.9995274233452867,,stress,52,20260810,0.741623,,
sobolB.idx52.case2b_prediction_inversion_boundary.stress.moderate.util0.741623.inv0.985044.s20260810,prediction_inversion_boundary,prediction_inversion_boundary_grid,sobol_pilot_v1,20260810,,sobol_family_b_prediction_sensitive,moderate,0.985044,,,,,,,-1.0,-0.9995830321899151,,stress,52,20260810,0.741623,,
sobolB.idx52.case2b_prediction_inversion_boundary.stress.moderate.util0.741623.inv0.985044.s20260811,prediction_inversion_boundary,prediction_inversion_boundary_grid,sobol_pilot_v1,20260811,,sobol_family_b_prediction_sensitive,moderate,0.985044,,,,,,,-1.0,-0.999694249103594,,stress,52,20260810,0.741623,,
sobolB.idx52.case2b_prediction_inversion_boundary.stress.moderate.util0.741623.inv0.985044.s20260812,prediction_inversion_boundary,prediction_inversion_boundary_grid,sobol_pilot_v1,20260812,,sobol_family_b_prediction_sensitive,moderate,0.985044,,,,,,,-1.0,-0.9995552590615965,,stress,52,20260810,0.741623,,
sobolB.idx52.case2b_prediction_inversion_boundary.stress.strong.util0.741623.inv0.985044.s20260809,prediction_inversion_boundary,prediction_inversion_boundary_grid,sobol_pilot_v1,20260809,,sobol_family_b_prediction_sensitive,strong,0.985044,,,,,,,-1.0,-0.9999166365632034,,stress,52,20260810,0.741623,,
sobolB.idx52.case2b_prediction_inversion_boundary.stress.strong.util0.741623.inv0.985044.s20260810,prediction_inversion_boundary,prediction_inversion_boundary_grid,sobol_pilot_v1,20260810,,sobol_family_b_prediction_sensitive,strong,0.985044,,,,,,,-1.0,-0.999944425919751,,stress,52,20260810,0.741623,,
sobolB.idx52.case2b_prediction_inversion_boundary.stress.strong.util0.741623.inv0.985044.s20260811,prediction_inversion_boundary,prediction_inversion_boundary_grid,sobol_pilot_v1,20260811,,sobol_family_b_prediction_sensitive,strong,0.985044,,,,,,,-1.0,-0.999944425919751,,stress,52,20260810,0.741623,,
sobolB.idx52.case2b_prediction_inversion_boundary.stress.strong.util0.741623.inv0.985044.s20260812,prediction_inversion_boundary,prediction_inversion_boundary_grid,sobol_pilot_v1,20260812,,sobol_family_b_prediction_sensitive,strong,0.985044,,,,,,,-1.0,-0.999888845662202,,stress,52,20260810,0.741623,,
sobolB.idx53.case2b_prediction_inversion_boundary.stress.moderate.util0.90406.inv0.178827.s20260809,prediction_inversion_boundary,prediction_inversion_boundary_grid,sobol_pilot_v1,20260809,,sobol_family_b_prediction_sensitive,moderate,0.178827,,,,,,,0.3811965811965812,0.15695104661829704,,stress,53,20260810,0.90406,,
sobolB.idx53.case2b_prediction_inversion_boundary.stress.moderate.util0.90406.inv0.178827.s20260810,prediction_inversion_boundary,prediction_inversion_boundary_grid,sobol_pilot_v1,20260810,,sobol_family_b_prediction_sensitive,moderate,0.178827,,,,,,,0.386986301369863,0.16007394229165509,,stress,53,20260810,0.90406,,
sobolB.idx53.case2b_prediction_inversion_boundary.stress.moderate.util0.90406.inv0.178827.s20260811,prediction_inversion_boundary,prediction_inversion_boundary_grid,sobol_pilot_v1,20260811,,sobol_family_b_prediction_sensitive,moderate,0.178827,,,,,,,0.3826037521318931,0.15707257414459236,,stress,53,20260810,0.90406,,
sobolB.idx53.case2b_prediction_inversion_boundary.stress.moderate.util0.90406.inv0.178827.s20260812,prediction_inversion_boundary,prediction_inversion_boundary_grid,sobol_pilot_v1,20260812,,sobol_family_b_prediction_sensitive,moderate,0.178827,,,,,,,0.38733599543639474,0.1600928396708917,,stress,53,20260810,0.90406,,
sobolB.idx53.case2b_prediction_inversion_boundary.stress.strong.util0.90406.inv0.178827.s20260809,prediction_inversion_boundary,prediction_inversion_boundary_grid,sobol_pilot_v1,20260809,,sobol_family_b_prediction_sensitive,strong,0.178827,,,,,,,0.38505096262740657,0.15727901742295827,,stress,53,20260810,0.90406,,
sobolB.idx53.case2b_prediction_inversion_boundary.stress.strong.util0.90406.inv0.178827.s20260810,prediction_inversion_boundary,prediction_inversion_boundary_grid,sobol_pilot_v1,20260810,,sobol_family_b_prediction_sensitive,strong,0.178827,,,,,,,0.3834841628959276,0.15721907302434143,,stress,53,20260810,0.90406,,
sobolB.idx53.case2b_prediction_inversion_boundary.stress.strong.util0.90406.inv0.178827.s20260811,prediction_inversion_boundary,prediction_inversion_boundary_grid,sobol_pilot_v1,20260811,,sobol_family_b_prediction_sensitive,strong,0.178827,,,,,,,0.3834841628959276,0.15721907302434143,,stress,53,20260810,0.90406,,
sobolB.idx53.case2b_prediction_inversion_boundary.stress.strong.util0.90406.inv0.178827.s20260812,prediction_inversion_boundary,prediction_inversion_boundary_grid,sobol_pilot_v1,20260812,,sobol_family_b_prediction_sensitive,strong,0.178827,,,,,,,0.38470254957507083,0.15725559939976658,,stress,53,20260810,0.90406,,
sobolB.idx54.case2b_prediction_inversion_boundary.stress.moderate.util1.022072.inv0.662338.s20260809,prediction_inversion_boundary,prediction_inversion_boundary_grid,sobol_pilot_v1,20260809,,sobol_family_b_prediction_sensitive,moderate,0.662338,,,,,,,-0.7884505431675243,-0.9261390487309925,,stress,54,20260810,1.022072,,
sobolB.idx54.case2b_prediction_inversion_boundary.stress.moderate.util1.022072.inv0.662338.s20260810,prediction_inversion_boundary,prediction_inversion_boundary_grid,sobol_pilot_v1,20260810,,sobol_family_b_prediction_sensitive,moderate,0.662338,,,,,,,-0.7882083571837436,-0.9260021126369045,,stress,54,20260810,1.022072,,
sobolB.idx54.case2b_prediction_inversion_boundary.stress.moderate.util1.022072.inv0.662338.s20260811,prediction_inversion_boundary,prediction_inversion_boundary_grid,sobol_pilot_v1,20260811,,sobol_family_b_prediction_sensitive,moderate,0.662338,,,,,,,-0.7879133409350056,-0.9261750562859604,,stress,54,20260810,1.022072,,
sobolB.idx54.case2b_prediction_inversion_boundary.stress.moderate.util1.022072.inv0.662338.s20260812,prediction_inversion_boundary,prediction_inversion_boundary_grid,sobol_pilot_v1,20260812,,sobol_family_b_prediction_sensitive,moderate,0.662338,,,,,,,-0.7897142857142857,-0.9261452079163885,,stress,54,20260810,1.022072,,
sobolB.idx54.case2b_prediction_inversion_boundary.stress.strong.util1.022072.inv0.662338.s20260809,prediction_inversion_boundary,prediction_inversion_boundary_grid,sobol_pilot_v1,20260809,,sobol_family_b_prediction_sensitive,strong,0.662338,,,,,,,-0.7858356940509915,-0.9260844193736628,,stress,54,20260810,1.022072,,
sobolB.idx54.case2b_prediction_inversion_boundary.stress.strong.util1.022072.inv0.662338.s20260810,prediction_inversion_boundary,prediction_inversion_boundary_grid,sobol_pilot_v1,20260810,,sobol_family_b_prediction_sensitive,strong,0.662338,,,,,,,-0.7860780984719864,-0.9261142603089918,,stress,54,20260810,1.022072,,
sobolB.idx54.case2b_prediction_inversion_boundary.stress.strong.util1.022072.inv0.662338.s20260811,prediction_inversion_boundary,prediction_inversion_boundary_grid,sobol_pilot_v1,20260811,,sobol_family_b_prediction_sensitive,strong,0.662338,,,,,,,-0.7860780984719864,-0.9261142603089918,,stress,54,20260810,1.022072,,
sobolB.idx54.case2b_prediction_inversion_boundary.stress.strong.util1.022072.inv0.662338.s20260812,prediction_inversion_boundary,prediction_inversion_boundary_grid,sobol_pilot_v1,20260812,,sobol_family_b_prediction_sensitive,strong,0.662338,,,,,,,-0.7868480725623582,-0.9261379425332075,,stress,54,20260810,1.022072,,
sobolB.idx55.case2b_prediction_inversion_boundary.stress.moderate.util0.550844.inv0.470256.s20260809,prediction_inversion_boundary,prediction_inversion_boundary_grid,sobol_pilot_v1,20260809,,sobol_family_b_prediction_sensitive,moderate,0.470256,,,,,,,-0.43853630646083475,-0.6950073666360881,,stress,55,20260810,0.550844,,
sobolB.idx55.case2b_prediction_inversion_boundary.stress.moderate.util0.550844.inv0.470256.s20260810,prediction_inversion_boundary,prediction_inversion_boundary_grid,sobol_pilot_v1,20260810,,sobol_family_b_prediction_sensitive,moderate,0.470256,,,,,,,-0.4378935317687464,-0.6948768555067549,,stress,55,20260810,0.550844,,
sobolB.idx55.case2b_prediction_inversion_boundary.stress.moderate.util0.550844.inv0.470256.s20260811,prediction_inversion_boundary,prediction_inversion_boundary_grid,sobol_pilot_v1,20260811,,sobol_family_b_prediction_sensitive,moderate,0.470256,,,,,,,-0.4433693796243597,-0.6954026183394946,,stress,55,20260810,0.550844,,
sobolB.idx55.case2b_prediction_inversion_boundary.stress.moderate.util0.550844.inv0.470256.s20260812,prediction_inversion_boundary,prediction_inversion_boundary_grid,sobol_pilot_v1,20260812,,sobol_family_b_prediction_sensitive,moderate,0.470256,,,,,,,-0.4429223744292237,-0.6969646430953969,,stress,55,20260810,0.550844,,
sobolB.idx55.case2b_prediction_inversion_boundary.stress.strong.util0.550844.inv0.470256.s20260809,prediction_inversion_boundary,prediction_inversion_boundary_grid,sobol_pilot_v1,20260809,,sobol_family_b_prediction_sensitive,strong,0.470256,,,,,,,-0.43909348441926344,-0.6967793925584238,,stress,55,20260810,0.550844,,
sobolB.idx55.case2b_prediction_inversion_boundary.stress.strong.util0.550844.inv0.470256.s20260810,prediction_inversion_boundary,prediction_inversion_boundary_grid,sobol_pilot_v1,20260810,,sobol_family_b_prediction_sensitive,strong,0.470256,,,,,,,-0.4397283531409168,-0.6968156052017338,,stress,55,20260810,0.550844,,
sobolB.idx55.case2b_prediction_inversion_boundary.stress.strong.util0.550844.inv0.470256.s20260811,prediction_inversion_boundary,prediction_inversion_boundary_grid,sobol_pilot_v1,20260811,,sobol_family_b_prediction_sensitive,strong,0.470256,,,,,,,-0.4411764705882353,-0.6968989663221072,,stress,55,20260810,0.550844,,
sobolB.idx55.case2b_prediction_inversion_boundary.stress.strong.util0.550844.inv0.470256.s20260812,prediction_inversion_boundary,prediction_inversion_boundary_grid,sobol_pilot_v1,20260812,,sobol_family_b_prediction_sensitive,strong,0.470256,,,,,,,-0.4399092970521542,-0.6968265436558663,,stress,55,20260810,0.550844,,
sobolB.idx56.case2b_prediction_inversion_boundary.stress.moderate.util0.523179.inv0.77203.s20260809,prediction_inversion_boundary,prediction_inversion_boundary_grid,sobol_pilot_v1,20260809,,sobol_family_b_prediction_sensitive,moderate,0.77203,,,,,,,-0.9004576659038902,-0.9747032496594666,,stress,56,20260810,0.523179,,
sobolB.idx56.case2b_prediction_inversion_boundary.stress.moderate.util0.523179.inv0.77203.s20260810,prediction_inversion_boundary,prediction_inversion_boundary_grid,sobol_pilot_v1,20260810,,sobol_family_b_prediction_sensitive,moderate,0.77203,,,,,,,-0.8979357798165137,-0.9729526880524825,,stress,56,20260810,0.523179,,
sobolB.idx56.case2b_prediction_inversion_boundary.stress.moderate.util0.523179.inv0.77203.s20260811,prediction_inversion_boundary,prediction_inversion_boundary_grid,sobol_pilot_v1,20260811,,sobol_family_b_prediction_sensitive,moderate,0.77203,,,,,,,-0.8996006845407872,-0.9747338577424466,,stress,56,20260810,0.523179,,
sobolB.idx56.case2b_prediction_inversion_boundary.stress.moderate.util0.523179.inv0.77203.s20260812,prediction_inversion_boundary,prediction_inversion_boundary_grid,sobol_pilot_v1,20260812,,sobol_family_b_prediction_sensitive,moderate,0.77203,,,,,,,-0.89937106918239,-0.9738575717144763,,stress,56,20260810,0.523179,,
sobolB.idx56.case2b_prediction_inversion_boundary.stress.strong.util0.523179.inv0.77203.s20260809,prediction_inversion_boundary,prediction_inversion_boundary_grid,sobol_pilot_v1,20260809,,sobol_family_b_prediction_sensitive,strong,0.77203,,,,,,,-0.8980169971671388,-0.9747130908383581,,stress,56,20260810,0.523179,,
sobolB.idx56.case2b_prediction_inversion_boundary.stress.strong.util0.523179.inv0.77203.s20260810,prediction_inversion_boundary,prediction_inversion_boundary_grid,sobol_pilot_v1,20260810,,sobol_family_b_prediction_sensitive,strong,0.77203,,,,,,,-0.8981324278438031,-0.9747415805268421,,stress,56,20260810,0.523179,,
sobolB.idx56.case2b_prediction_inversion_boundary.stress.strong.util0.523179.inv0.77203.s20260811,prediction_inversion_boundary,prediction_inversion_boundary_grid,sobol_pilot_v1,20260811,,sobol_family_b_prediction_sensitive,strong,0.77203,,,,,,,-0.8981324278438031,-0.9747415805268421,,stress,56,20260810,0.523179,,
sobolB.idx56.case2b_prediction_inversion_boundary.stress.strong.util0.523179.inv0.77203.s20260812,prediction_inversion_boundary,prediction_inversion_boundary_grid,sobol_pilot_v1,20260812,,sobol_family_b_prediction_sensitive,strong,0.77203,,,,,,,-0.8967082860385925,-0.9738648363252377,,stress,56,20260810,0.523179,,
sobolB.idx57.case2b_prediction_inversion_boundary.stress.moderate.util0.956025.inv0.079338.s20260809,prediction_inversion_boundary,prediction_inversion_boundary_grid,sobol_pilot_v1,20260809,,sobol_family_b_prediction_sensitive,moderate,0.079338,,,,,,,0.7380410022779044,0.6258304839740916,,stress,57,20260810,0.956025,,
sobolB.idx57.case2b_prediction_inversion_boundary.stress.moderate.util0.956025.inv0.079338.s20260810,prediction_inversion_boundary,prediction_inversion_boundary_grid,sobol_pilot_v1,20260810,,sobol_family_b_prediction_sensitive,moderate,0.079338,,,,,,,0.7464306110793832,0.6355006393506422,,stress,57,20260810,0.956025,,
sobolB.idx57.case2b_prediction_inversion_boundary.stress.moderate.util0.956025.inv0.079338.s20260811,prediction_inversion_boundary,prediction_inversion_boundary_grid,sobol_pilot_v1,20260811,,sobol_family_b_prediction_sensitive,moderate,0.079338,,,,,,,0.742743312464428,0.6321538760875003,,stress,57,20260810,0.956025,,
sobolB.idx57.case2b_prediction_inversion_boundary.stress.moderate.util0.956025.inv0.079338.s20260812,prediction_inversion_boundary,prediction_inversion_boundary_grid,sobol_pilot_v1,20260812,,sobol_family_b_prediction_sensitive,moderate,0.079338,,,,,,,0.7445838084378563,0.6323660217923059,,stress,57,20260810,0.956025,,
sobolB.idx57.case2b_prediction_inversion_boundary.stress.strong.util0.956025.inv0.079338.s20260809,prediction_inversion_boundary,prediction_inversion_boundary_grid,sobol_pilot_v1,20260809,,sobol_family_b_prediction_sensitive,strong,0.079338,,,,,,,0.7396717600452745,0.625976046905827,,stress,57,20260810,0.956025,,
sobolB.idx57.case2b_prediction_inversion_boundary.stress.strong.util0.956025.inv0.079338.s20260810,prediction_inversion_boundary,prediction_inversion_boundary_grid,sobol_pilot_v1,20260810,,sobol_family_b_prediction_sensitive,strong,0.079338,,,,,,,0.7398190045248869,0.6259864399244192,,stress,57,20260810,0.956025,,
sobolB.idx57.case2b_prediction_inversion_boundary.stress.strong.util0.956025.inv0.079338.s20260811,prediction_inversion_boundary,prediction_inversion_boundary_grid,sobol_pilot_v1,20260811,,sobol_family_b_prediction_sensitive,strong,0.079338,,,,,,,0.7398190045248869,0.6259864399244192,,stress,57,20260810,0.956025,,
sobolB.idx57.case2b_prediction_inversion_boundary.stress.strong.util0.956025.inv0.079338.s20260812,prediction_inversion_boundary,prediction_inversion_boundary_grid,sobol_pilot_v1,20260812,,sobol_family_b_prediction_sensitive,strong,0.079338,,,,,,,0.741643059490085,0.626049019062969,,stress,57,20260810,0.956025,,
sobolB.idx58.case2b_prediction_inversion_boundary.stress.moderate.util0.912978.inv0.562605.s20260809,prediction_inversion_boundary,prediction_inversion_boundary_grid,sobol_pilot_v1,20260809,,sobol_family_b_prediction_sensitive,moderate,0.562605,,,,,,,-0.6340766152086906,-0.8374614294053873,,stress,58,20260810,0.912978,,
sobolB.idx58.case2b_prediction_inversion_boundary.stress.moderate.util0.912978.inv0.562605.s20260810,prediction_inversion_boundary,prediction_inversion_boundary_grid,sobol_pilot_v1,20260810,,sobol_family_b_prediction_sensitive,moderate,0.562605,,,,,,,-0.6336576989124213,-0.8373269583588147,,stress,58,20260810,0.912978,,
sobolB.idx58.case2b_prediction_inversion_boundary.stress.moderate.util0.912978.inv0.562605.s20260811,prediction_inversion_boundary,prediction_inversion_boundary_grid,sobol_pilot_v1,20260811,,sobol_family_b_prediction_sensitive,moderate,0.562605,,,,,,,-0.6353276353276354,-0.8348945159407398,,stress,58,20260810,0.912978,,
sobolB.idx58.case2b_prediction_inversion_boundary.stress.moderate.util0.912978.inv0.562605.s20260812,prediction_inversion_boundary,prediction_inversion_boundary_grid,sobol_pilot_v1,20260812,,sobol_family_b_prediction_sensitive,moderate,0.562605,,,,,,,-0.6367789834380354,-0.8361824549699798,,stress,58,20260810,0.912978,,
sobolB.idx58.case2b_prediction_inversion_boundary.stress.strong.util0.912978.inv0.562605.s20260809,prediction_inversion_boundary,prediction_inversion_boundary_grid,sobol_pilot_v1,20260809,,sobol_family_b_prediction_sensitive,strong,0.562605,,,,,,,-0.6328611898016997,-0.8374412982465891,,stress,58,20260810,0.912978,,
sobolB.idx58.case2b_prediction_inversion_boundary.stress.strong.util0.912978.inv0.562605.s20260810,prediction_inversion_boundary,prediction_inversion_boundary_grid,sobol_pilot_v1,20260810,,sobol_family_b_prediction_sensitive,strong,0.562605,,,,,,,-0.633276740237691,-0.8374736023118816,,stress,58,20260810,0.912978,,
sobolB.idx58.case2b_prediction_inversion_boundary.stress.strong.util0.912978.inv0.562605.s20260811,prediction_inversion_boundary,prediction_inversion_boundary_grid,sobol_pilot_v1,20260811,,sobol_family_b_prediction_sensitive,strong,0.562605,,,,,,,-0.6346153846153846,-0.8375569634322552,,stress,58,20260810,0.912978,,
sobolB.idx58.case2b_prediction_inversion_boundary.stress.strong.util0.912978.inv0.562605.s20260812,prediction_inversion_boundary,prediction_inversion_boundary_grid,sobol_pilot_v1,20260812,,sobol_family_b_prediction_sensitive,strong,0.562605,,,,,,,-0.6337868480725624,-0.8374923581392765,,stress,58,20260810,0.912978,,
sobolB.idx59.case2b_prediction_inversion_boundary.stress.moderate.util0.788919.inv0.257487.s20260809,prediction_inversion_boundary,prediction_inversion_boundary_grid,sobol_pilot_v1,20260809,,sobol_family_b_prediction_sensitive,moderate,0.257487,,,,,,,0.06902452937820878,-0.21157534817779997,,stress,59,20260810,0.788919,,
sobolB.idx59.case2b_prediction_inversion_boundary.stress.moderate.util0.788919.inv0.257487.s20260810,prediction_inversion_boundary,prediction_inversion_boundary_grid,sobol_pilot_v1,20260810,,sobol_family_b_prediction_sensitive,moderate,0.257487,,,,,,,0.07024557395773844,-0.21143047756713185,,stress,59,20260810,0.788919,,
sobolB.idx59.case2b_prediction_inversion_boundary.stress.moderate.util0.788919.inv0.257487.s20260811,prediction_inversion_boundary,prediction_inversion_boundary_grid,sobol_pilot_v1,20260811,,sobol_family_b_prediction_sensitive,moderate,0.257487,,,,,,,0.06537805571347356,-0.2117741890652361,,stress,59,20260810,0.788919,,
sobolB.idx59.case2b_prediction_inversion_boundary.stress.moderate.util0.788919.inv0.257487.s20260812,prediction_inversion_boundary,prediction_inversion_boundary_grid,sobol_pilot_v1,20260812,,sobol_family_b_prediction_sensitive,moderate,0.257487,,,,,,,0.07077625570776255,-0.2090143428952635,,stress,59,20260810,0.788919,,
sobolB.idx59.case2b_prediction_inversion_boundary.stress.strong.util0.788919.inv0.257487.s20260809,prediction_inversion_boundary,prediction_inversion_boundary_grid,sobol_pilot_v1,20260809,,sobol_family_b_prediction_sensitive,strong,0.257487,,,,,,,0.0708215297450425,-0.21138188790396528,,stress,59,20260810,0.788919,,
sobolB.idx59.case2b_prediction_inversion_boundary.stress.strong.util0.788919.inv0.257487.s20260810,prediction_inversion_boundary,prediction_inversion_boundary_grid,sobol_pilot_v1,20260810,,sobol_family_b_prediction_sensitive,strong,0.257487,,,,,,,0.06787330316742081,-0.21151494942758695,,stress,59,20260810,0.788919,,
sobolB.idx59.case2b_prediction_inversion_boundary.stress.strong.util0.788919.inv0.257487.s20260811,prediction_inversion_boundary,prediction_inversion_boundary_grid,sobol_pilot_v1,20260811,,sobol_family_b_prediction_sensitive,strong,0.257487,,,,,,,0.06787330316742081,-0.21151494942758695,,stress,59,20260810,0.788919,,
sobolB.idx59.case2b_prediction_inversion_boundary.stress.strong.util0.788919.inv0.257487.s20260812,prediction_inversion_boundary,prediction_inversion_boundary_grid,sobol_pilot_v1,20260812,,sobol_family_b_prediction_sensitive,strong,0.257487,,,,,,,0.07029478458049887,-0.21141555049185795,,stress,59,20260810,0.788919,,
sobolB.idx60.case2b_prediction_inversion_boundary.stress.moderate.util0.709378.inv0.713219.s20260809,prediction_inversion_boundary,prediction_inversion_boundary_grid,sobol_pilot_v1,20260809,,sobol_family_b_prediction_sensitive,moderate,0.713219,,,,,,,-0.8307604345340195,-0.9462096572429319,,stress,60,20260810,0.709378,,
sobolB.idx60.case2b_prediction_inversion_boundary.stress.moderate.util0.709378.inv0.713219.s20260810,prediction_inversion_boundary,prediction_inversion_boundary_grid,sobol_pilot_v1,20260810,,sobol_family_b_prediction_sensitive,moderate,0.713219,,,,,,,-0.8293241695303551,-0.9450297437037861,,stress,60,20260810,0.709378,,
sobolB.idx60.case2b_prediction_inversion_boundary.stress.moderate.util0.709378.inv0.713219.s20260811,prediction_inversion_boundary,prediction_inversion_boundary_grid,sobol_pilot_v1,20260811,,sobol_family_b_prediction_sensitive,moderate,0.713219,,,,,,,-0.8288648031945237,-0.945201100703227,,stress,60,20260810,0.709378,,
sobolB.idx60.case2b_prediction_inversion_boundary.stress.moderate.util0.709378.inv0.713219.s20260812,prediction_inversion_boundary,prediction_inversion_boundary_grid,sobol_pilot_v1,20260812,,sobol_family_b_prediction_sensitive,moderate,0.713219,,,,,,,-0.8295194508009154,-0.9441572159217256,,stress,60,20260810,0.709378,,
sobolB.idx60.case2b_prediction_inversion_boundary.stress.strong.util0.709378.inv0.713219.s20260809,prediction_inversion_boundary,prediction_inversion_boundary_grid,sobol_pilot_v1,20260809,,sobol_family_b_prediction_sensitive,strong,0.713219,,,,,,,-0.8277620396600567,-0.9461472198293828,,stress,60,20260810,0.709378,,
sobolB.idx60.case2b_prediction_inversion_boundary.stress.strong.util0.709378.inv0.713219.s20260810,prediction_inversion_boundary,prediction_inversion_boundary_grid,sobol_pilot_v1,20260810,,sobol_family_b_prediction_sensitive,strong,0.713219,,,,,,,-0.8279569892473119,-0.9461765032788705,,stress,60,20260810,0.709378,,
sobolB.idx60.case2b_prediction_inversion_boundary.stress.strong.util0.709378.inv0.713219.s20260811,prediction_inversion_boundary,prediction_inversion_boundary_grid,sobol_pilot_v1,20260811,,sobol_family_b_prediction_sensitive,strong,0.713219,,,,,,,-0.8279569892473119,-0.9461765032788705,,stress,60,20260810,0.709378,,
sobolB.idx60.case2b_prediction_inversion_boundary.stress.strong.util0.709378.inv0.713219.s20260812,prediction_inversion_boundary,prediction_inversion_boundary_grid,sobol_pilot_v1,20260812,,sobol_family_b_prediction_sensitive,strong,0.713219,,,,,,,-0.8275666477595008,-0.9451592285888958,,stress,60,20260810,0.709378,,
sobolB.idx61.case2b_prediction_inversion_boundary.stress.moderate.util0.842518.inv0.404202.s20260809,prediction_inversion_boundary,prediction_inversion_boundary_grid,sobol_pilot_v1,20260809,,sobol_family_b_prediction_sensitive,moderate,0.404202,,,,,,,-0.28685714285714287,-0.5681761320990741,,stress,61,20260810,0.842518,,
sobolB.idx61.case2b_prediction_inversion_boundary.stress.moderate.util0.842518.inv0.404202.s20260810,prediction_inversion_boundary,prediction_inversion_boundary_grid,sobol_pilot_v1,20260810,,sobol_family_b_prediction_sensitive,moderate,0.404202,,,,,,,-0.2875929102344197,-0.5681603380219048,,stress,61,20260810,0.842518,,
sobolB.idx61.case2b_prediction_inversion_boundary.stress.moderate.util0.842518.inv0.404202.s20260811,prediction_inversion_boundary,prediction_inversion_boundary_grid,sobol_pilot_v1,20260811,,sobol_family_b_prediction_sensitive,moderate,0.404202,,,,,,,-0.2923777019340159,-0.5685854851710815,,stress,61,20260810,0.842518,,
sobolB.idx61.case2b_prediction_inversion_boundary.stress.moderate.util0.842518.inv0.404202.s20260812,prediction_inversion_boundary,prediction_inversion_boundary_grid,sobol_pilot_v1,20260812,,sobol_family_b_prediction_sensitive,moderate,0.404202,,,,,,,-0.2899543378995434,-0.5683233266622193,,stress,61,20260810,0.842518,,
sobolB.idx61.case2b_prediction_inversion_boundary.stress.strong.util0.842518.inv0.404202.s20260809,prediction_inversion_boundary,prediction_inversion_boundary_grid,sobol_pilot_v1,20260809,,sobol_family_b_prediction_sensitive,strong,0.404202,,,,,,,-0.28725212464589234,-0.5681773973935031,,stress,61,20260810,0.842518,,
sobolB.idx61.case2b_prediction_inversion_boundary.stress.strong.util0.842518.inv0.404202.s20260810,prediction_inversion_boundary,prediction_inversion_boundary_grid,sobol_pilot_v1,20260810,,sobol_family_b_prediction_sensitive,strong,0.404202,,,,,,,-0.288058856819468,-0.5682171835056129,,stress,61,20260810,0.842518,,
sobolB.idx61.case2b_prediction_inversion_boundary.stress.strong.util0.842518.inv0.404202.s20260811,prediction_inversion_boundary,prediction_inversion_boundary_grid,sobol_pilot_v1,20260811,,sobol_family_b_prediction_sensitive,strong,0.404202,,,,,,,-0.2895927601809955,-0.5683005446259863,,stress,61,20260810,0.842518,,
sobolB.idx61.case2b_prediction_inversion_boundary.stress.strong.util0.842518.inv0.404202.s20260812,prediction_inversion_boundary,prediction_inversion_boundary_grid,sobol_pilot_v1,20260812,,sobol_family_b_prediction_sensitive,strong,0.404202,,,,,,,-0.28798185941043086,-0.5682209748235425,,stress,61,20260810,0.842518,,
sobolB.idx62.case2b_prediction_inversion_boundary.stress.moderate.util1.026192.inv0.887461.s20260809,prediction_inversion_boundary,prediction_inversion_boundary_grid,sobol_pilot_v1,20260809,,sobol_family_b_prediction_sensitive,moderate,0.887461,,,,,,,-0.9827981651376146,-0.9972896338920856,,stress,62,20260810,1.026192,,
sobolB.idx62.case2b_prediction_inversion_boundary.stress.moderate.util1.026192.inv0.887461.s20260810,prediction_inversion_boundary,prediction_inversion_boundary_grid,sobol_pilot_v1,20260810,,sobol_family_b_prediction_sensitive,moderate,0.887461,,,,,,,-0.9839541547277937,-0.997720575971535,,stress,62,20260810,1.026192,,
sobolB.idx62.case2b_prediction_inversion_boundary.stress.moderate.util1.026192.inv0.887461.s20260811,prediction_inversion_boundary,prediction_inversion_boundary_grid,sobol_pilot_v1,20260811,,sobol_family_b_prediction_sensitive,moderate,0.887461,,,,,,,-0.9863091842555619,-0.9980821080134529,,stress,62,20260810,1.026192,,
sobolB.idx62.case2b_prediction_inversion_boundary.stress.moderate.util1.026192.inv0.887461.s20260812,prediction_inversion_boundary,prediction_inversion_boundary_grid,sobol_pilot_v1,20260812,,sobol_family_b_prediction_sensitive,moderate,0.887461,,,,,,,-0.9828178694158075,-0.9976095174560816,,stress,62,20260810,1.026192,,
sobolB.idx62.case2b_prediction_inversion_boundary.stress.strong.util1.026192.inv0.887461.s20260809,prediction_inversion_boundary,prediction_inversion_boundary_grid,sobol_pilot_v1,20260809,,sobol_family_b_prediction_sensitive,strong,0.887461,,,,,,,-0.9829931972789115,-0.9979714897046155,,stress,62,20260810,1.026192,,
sobolB.idx62.case2b_prediction_inversion_boundary.stress.strong.util1.026192.inv0.887461.s20260810,prediction_inversion_boundary,prediction_inversion_boundary_grid,sobol_pilot_v1,20260810,,sobol_family_b_prediction_sensitive,strong,0.887461,,,,,,,-0.9841539332201471,-0.9980826942314103,,stress,62,20260810,1.026192,,
sobolB.idx62.case2b_prediction_inversion_boundary.stress.strong.util1.026192.inv0.887461.s20260811,prediction_inversion_boundary,prediction_inversion_boundary_grid,sobol_pilot_v1,20260811,,sobol_family_b_prediction_sensitive,strong,0.887461,,,,,,,-0.9841539332201471,-0.9980826942314103,,stress,62,20260810,1.026192,,
sobolB.idx62.case2b_prediction_inversion_boundary.stress.strong.util1.026192.inv0.887461.s20260812,prediction_inversion_boundary,prediction_inversion_boundary_grid,sobol_pilot_v1,20260812,,sobol_family_b_prediction_sensitive,strong,0.887461,,,,,,,-0.9829738933030647,-0.9979436447507365,,stress,62,20260810,1.026192,,
sobolB.idx63.case2b_prediction_inversion_boundary.stress.moderate.util0.603011.inv0.198683.s20260809,prediction_inversion_boundary,prediction_inversion_boundary_grid,sobol_pilot_v1,20260809,,sobol_family_b_prediction_sensitive,moderate,0.198683,,,,,,,0.27438676554478036,0.02885497456425652,,stress,63,20260810,0.603011,,
sobolB.idx63.case2b_prediction_inversion_boundary.stress.moderate.util0.603011.inv0.198683.s20260810,prediction_inversion_boundary,prediction_inversion_boundary_grid,sobol_pilot_v1,20260810,,sobol_family_b_prediction_sensitive,moderate,0.198683,,,,,,,0.2781267846944603,0.026588647356424085,,stress,63,20260810,0.603011,,
sobolB.idx63.case2b_prediction_inversion_boundary.stress.moderate.util0.603011.inv0.198683.s20260811,prediction_inversion_boundary,prediction_inversion_boundary_grid,sobol_pilot_v1,20260811,,sobol_family_b_prediction_sensitive,moderate,0.198683,,,,,,,0.27231381466742466,0.023598410095338685,,stress,63,20260810,0.603011,,
sobolB.idx63.case2b_prediction_inversion_boundary.stress.moderate.util0.603011.inv0.198683.s20260812,prediction_inversion_boundary,prediction_inversion_boundary_grid,sobol_pilot_v1,20260812,,sobol_family_b_prediction_sensitive,moderate,0.198683,,,,,,,0.2766685681688534,0.02387702913053146,,stress,63,20260810,0.603011,,
sobolB.idx63.case2b_prediction_inversion_boundary.stress.strong.util0.603011.inv0.198683.s20260809,prediction_inversion_boundary,prediction_inversion_boundary_grid,sobol_pilot_v1,20260809,,sobol_family_b_prediction_sensitive,strong,0.198683,,,,,,,0.27519818799546997,0.023841942923833608,,stress,63,20260810,0.603011,,
sobolB.idx63.case2b_prediction_inversion_boundary.stress.strong.util0.603011.inv0.198683.s20260810,prediction_inversion_boundary,prediction_inversion_boundary_grid,sobol_pilot_v1,20260810,,sobol_family_b_prediction_sensitive,strong,0.198683,,,,,,,0.2737556561085973,0.02378570634655996,,stress,63,20260810,0.603011,,
sobolB.idx63.case2b_prediction_inversion_boundary.stress.strong.util0.603011.inv0.198683.s20260811,prediction_inversion_boundary,prediction_inversion_boundary_grid,sobol_pilot_v1,20260811,,sobol_family_b_prediction_sensitive,strong,0.198683,,,,,,,0.2737556561085973,0.02378570634655996,,stress,63,20260810,0.603011,,
sobolB.idx63.case2b_prediction_inversion_boundary.stress.strong.util0.603011.inv0.198683.s20260812,prediction_inversion_boundary,prediction_inversion_boundary_grid,sobol_pilot_v1,20260812,,sobol_family_b_prediction_sensitive,strong,0.198683,,,,,,,0.2747875354107649,0.023814816873228478,,stress,63,20260810,0.603011,,
sobolB.idx64.case2b_prediction_inversion_boundary.stress.moderate.util0.593957.inv0.80407.s20260809,prediction_inversion_boundary,prediction_inversion_boundary_grid,sobol_pilot_v1,20260809,,sobol_family_b_prediction_sensitive,moderate,0.80407,,,,,,,-0.9290617848970252,-0.9840991855002361,,stress,64,20260810,0.593957,,
sobolB.idx64.case2b_prediction_inversion_boundary.stress.moderate.util0.593957.inv0.80407.s20260810,prediction_inversion_boundary,prediction_inversion_boundary_grid,sobol_pilot_v1,20260810,,sobol_family_b_prediction_sensitive,moderate,0.80407,,,,,,,-0.9266895761741123,-0.9838494468227053,,stress,64,20260810,0.593957,,
sobolB.idx64.case2b_prediction_inversion_boundary.stress.moderate.util0.593957.inv0.80407.s20260811,prediction_inversion_boundary,prediction_inversion_boundary_grid,sobol_pilot_v1,20260811,,sobol_family_b_prediction_sensitive,moderate,0.80407,,,,,,,-0.9281232173416999,-0.9841287489229228,,stress,64,20260810,0.593957,,
sobolB.idx64.case2b_prediction_inversion_boundary.stress.moderate.util0.593957.inv0.80407.s20260812,prediction_inversion_boundary,prediction_inversion_boundary_grid,sobol_pilot_v1,20260812,,sobol_family_b_prediction_sensitive,moderate,0.80407,,,,,,,-0.9267734553775744,-0.9832527240382475,,stress,64,20260810,0.593957,,
sobolB.idx64.case2b_prediction_inversion_boundary.stress.strong.util0.593957.inv0.80407.s20260809,prediction_inversion_boundary,prediction_inversion_boundary_grid,sobol_pilot_v1,20260809,,sobol_family_b_prediction_sensitive,strong,0.80407,,,,,,,-0.9251700680272109,-0.9833967821713395,,stress,64,20260810,0.593957,,
sobolB.idx64.case2b_prediction_inversion_boundary.stress.strong.util0.593957.inv0.80407.s20260810,prediction_inversion_boundary,prediction_inversion_boundary_grid,sobol_pilot_v1,20260810,,sobol_family_b_prediction_sensitive,strong,0.80407,,,,,,,-0.9264289756649688,-0.9841336000889185,,stress,64,20260810,0.593957,,
sobolB.idx64.case2b_prediction_inversion_boundary.stress.strong.util0.593957.inv0.80407.s20260811,prediction_inversion_boundary,prediction_inversion_boundary_grid,sobol_pilot_v1,20260811,,sobol_family_b_prediction_sensitive,strong,0.80407,,,,,,,-0.9264289756649688,-0.9841336000889185,,stress,64,20260810,0.593957,,
sobolB.idx64.case2b_prediction_inversion_boundary.stress.strong.util0.593957.inv0.80407.s20260812,prediction_inversion_boundary,prediction_inversion_boundary_grid,sobol_pilot_v1,20260812,,sobol_family_b_prediction_sensitive,strong,0.80407,,,,,,,-0.9250851305334846,-0.9839937753570834,,stress,64,20260810,0.593957,,
sobolB.idx65.case2b_prediction_inversion_boundary.stress.moderate.util1.032975.inv0.110287.s20260809,prediction_inversion_boundary,prediction_inversion_boundary_grid,sobol_pilot_v1,20260809,,sobol_family_b_prediction_sensitive,moderate,0.110287,,,,,,,0.6138952164009112,0.4576487921496677,,stress,65,20260810,1.032975,,
sobolB.idx65.case2b_prediction_inversion_boundary.stress.moderate.util1.032975.inv0.110287.s20260810,prediction_inversion_boundary,prediction_inversion_boundary_grid,sobol_pilot_v1,20260810,,sobol_family_b_prediction_sensitive,moderate,0.110287,,,,,,,0.6200798630918426,0.4580252404514372,,stress,65,20260810,1.032975,,
sobolB.idx65.case2b_prediction_inversion_boundary.stress.moderate.util1.032975.inv0.110287.s20260811,prediction_inversion_boundary,prediction_inversion_boundary_grid,sobol_pilot_v1,20260811,,sobol_family_b_prediction_sensitive,moderate,0.110287,,,,,,,0.6168277430358158,0.4578202740639853,,stress,65,20260810,1.032975,,
sobolB.idx65.case2b_prediction_inversion_boundary.stress.moderate.util1.032975.inv0.110287.s20260812,prediction_inversion_boundary,prediction_inversion_boundary_grid,sobol_pilot_v1,20260812,,sobol_family_b_prediction_sensitive,moderate,0.110287,,,,,,,0.6202964652223489,0.4580275739381809,,stress,65,20260810,1.032975,,
sobolB.idx65.case2b_prediction_inversion_boundary.stress.strong.util1.032975.inv0.110287.s20260809,prediction_inversion_boundary,prediction_inversion_boundary_grid,sobol_pilot_v1,20260809,,sobol_family_b_prediction_sensitive,strong,0.110287,,,,,,,0.6162988115449916,0.45785978269930805,,stress,65,20260810,1.032975,,
sobolB.idx65.case2b_prediction_inversion_boundary.stress.strong.util1.032975.inv0.110287.s20260810,prediction_inversion_boundary,prediction_inversion_boundary_grid,sobol_pilot_v1,20260810,,sobol_family_b_prediction_sensitive,strong,0.110287,,,,,,,0.6165158371040724,0.45787484717127924,,stress,65,20260810,1.032975,,
sobolB.idx65.case2b_prediction_inversion_boundary.stress.strong.util1.032975.inv0.110287.s20260811,prediction_inversion_boundary,prediction_inversion_boundary_grid,sobol_pilot_v1,20260811,,sobol_family_b_prediction_sensitive,strong,0.110287,,,,,,,0.6165158371040724,0.45787484717127924,,stress,65,20260810,1.032975,,
sobolB.idx65.case2b_prediction_inversion_boundary.stress.strong.util1.032975.inv0.110287.s20260812,prediction_inversion_boundary,prediction_inversion_boundary_grid,sobol_pilot_v1,20260812,,sobol_family_b_prediction_sensitive,strong,0.110287,,,,,,,0.6181303116147309,0.4579280831434447,,stress,65,20260810,1.032975,,
sobolB.idx66.case2b_prediction_inversion_boundary.stress.moderate.util0.841613.inv0.595499.s20260809,prediction_inversion_boundary,prediction_inversion_boundary_grid,sobol_pilot_v1,20260809,,sobol_family_b_prediction_sensitive,moderate,0.595499,,,,,,,-0.69010863350486,-0.8722097128401854,,stress,66,20260810,0.841613,,
sobolB.idx66.case2b_prediction_inversion_boundary.stress.moderate.util0.841613.inv0.595499.s20260810,prediction_inversion_boundary,prediction_inversion_boundary_grid,sobol_pilot_v1,20260810,,sobol_family_b_prediction_sensitive,moderate,0.595499,,,,,,,-0.6897538637664568,-0.8720742758659032,,stress,66,20260810,0.841613,,
sobolB.idx66.case2b_prediction_inversion_boundary.stress.moderate.util0.841613.inv0.595499.s20260811,prediction_inversion_boundary,prediction_inversion_boundary_grid,sobol_pilot_v1,20260811,,sobol_family_b_prediction_sensitive,moderate,0.595499,,,,,,,-0.6898517673888256,-0.8696389359868804,,stress,66,20260810,0.841613,,
sobolB.idx66.case2b_prediction_inversion_boundary.stress.moderate.util0.841613.inv0.595499.s20260812,prediction_inversion_boundary,prediction_inversion_boundary_grid,sobol_pilot_v1,20260812,,sobol_family_b_prediction_sensitive,moderate,0.595499,,,,,,,-0.6914285714285714,-0.870927840782744,,stress,66,20260810,0.841613,,
sobolB.idx66.case2b_prediction_inversion_boundary.stress.strong.util0.841613.inv0.595499.s20260809,prediction_inversion_boundary,prediction_inversion_boundary_grid,sobol_pilot_v1,20260809,,sobol_family_b_prediction_sensitive,strong,0.595499,,,,,,,-0.6883852691218131,-0.8721760635785144,,stress,66,20260810,0.841613,,
sobolB.idx66.case2b_prediction_inversion_boundary.stress.strong.util0.841613.inv0.595499.s20260810,prediction_inversion_boundary,prediction_inversion_boundary_grid,sobol_pilot_v1,20260810,,sobol_family_b_prediction_sensitive,strong,0.595499,,,,,,,-0.688737973967176,-0.8722074024674891,,stress,66,20260810,0.841613,,
sobolB.idx66.case2b_prediction_inversion_boundary.stress.strong.util0.841613.inv0.595499.s20260811,prediction_inversion_boundary,prediction_inversion_boundary_grid,sobol_pilot_v1,20260811,,sobol_family_b_prediction_sensitive,strong,0.595499,,,,,,,-0.688737973967176,-0.8709153051017005,,stress,66,20260810,0.841613,,
sobolB.idx66.case2b_prediction_inversion_boundary.stress.strong.util0.841613.inv0.595499.s20260812,prediction_inversion_boundary,prediction_inversion_boundary_grid,sobol_pilot_v1,20260812,,sobol_family_b_prediction_sensitive,strong,0.595499,,,,,,,-0.6893424036281179,-0.8722280887011616,,stress,66,20260810,0.841613,,
sobolB.idx67.case2b_prediction_inversion_boundary.stress.moderate.util0.712554.inv0.287581.s20260809,prediction_inversion_boundary,prediction_inversion_boundary_grid,sobol_pilot_v1,20260809,,sobol_family_b_prediction_sensitive,moderate,0.287581,,,,,,,-0.027952082144894468,-0.3143746698913073,,stress,67,20260810,0.712554,,
sobolB.idx67.case2b_prediction_inversion_boundary.stress.moderate.util0.712554.inv0.287581.s20260810,prediction_inversion_boundary,prediction_inversion_boundary_grid,sobol_pilot_v1,20260810,,sobol_family_b_prediction_sensitive,moderate,0.287581,,,,,,,-0.025142857142857144,-0.31185022516261746,,stress,67,20260810,0.712554,,
sobolB.idx67.case2b_prediction_inversion_boundary.stress.moderate.util0.712554.inv0.287581.s20260811,prediction_inversion_boundary,prediction_inversion_boundary_grid,sobol_pilot_v1,20260811,,sobol_family_b_prediction_sensitive,moderate,0.287581,,,,,,,-0.02957906712172924,-0.3121855629985824,,stress,67,20260810,0.712554,,
sobolB.idx67.case2b_prediction_inversion_boundary.stress.moderate.util0.712554.inv0.287581.s20260812,prediction_inversion_boundary,prediction_inversion_boundary_grid,sobol_pilot_v1,20260812,,sobol_family_b_prediction_sensitive,moderate,0.287581,,,,,,,-0.026255707762557076,-0.314209472981988,,stress,67,20260810,0.712554,,
sobolB.idx67.case2b_prediction_inversion_boundary.stress.strong.util0.712554.inv0.287581.s20260809,prediction_inversion_boundary,prediction_inversion_boundary_grid,sobol_pilot_v1,20260809,,sobol_family_b_prediction_sensitive,strong,0.287581,,,,,,,-0.025495750708215296,-0.3141412176619335,,stress,67,20260810,0.712554,,
sobolB.idx67.case2b_prediction_inversion_boundary.stress.strong.util0.712554.inv0.287581.s20260810,prediction_inversion_boundary,prediction_inversion_boundary_grid,sobol_pilot_v1,20260810,,sobol_family_b_prediction_sensitive,strong,0.287581,,,,,,,-0.02659875495189587,-0.3118956318772924,,stress,67,20260810,0.712554,,
sobolB.idx67.case2b_prediction_inversion_boundary.stress.strong.util0.712554.inv0.287581.s20260811,prediction_inversion_boundary,prediction_inversion_boundary_grid,sobol_pilot_v1,20260811,,sobol_family_b_prediction_sensitive,strong,0.287581,,,,,,,-0.02828054298642534,-0.314271423807936,,stress,67,20260810,0.712554,,
sobolB.idx67.case2b_prediction_inversion_boundary.stress.strong.util0.712554.inv0.287581.s20260812,prediction_inversion_boundary,prediction_inversion_boundary_grid,sobol_pilot_v1,20260812,,sobol_family_b_prediction_sensitive,strong,0.287581,,,,,,,-0.026077097505668934,-0.31417773578613906,,stress,67,20260810,0.712554,,
sobolB.idx68.case2b_prediction_inversion_boundary.stress.moderate.util0.782722.inv0.745632.s20260809,prediction_inversion_boundary,prediction_inversion_boundary_grid,sobol_pilot_v1,20260809,,sobol_family_b_prediction_sensitive,moderate,0.745632,,,,,,,-0.8672768878718535,-0.9613460095071303,,stress,68,20260810,0.782722,,
sobolB.idx68.case2b_prediction_inversion_boundary.stress.moderate.util0.782722.inv0.745632.s20260810,prediction_inversion_boundary,prediction_inversion_boundary_grid,sobol_pilot_v1,20260810,,sobol_family_b_prediction_sensitive,moderate,0.745632,,,,,,,-0.8671248568155785,-0.9620559292822597,,stress,68,20260810,0.782722,,
sobolB.idx68.case2b_prediction_inversion_boundary.stress.moderate.util0.782722.inv0.745632.s20260811,prediction_inversion_boundary,prediction_inversion_boundary_grid,sobol_pilot_v1,20260811,,sobol_family_b_prediction_sensitive,moderate,0.745632,,,,,,,-0.8665145464917284,-0.9622258665258357,,stress,68,20260810,0.782722,,
sobolB.idx68.case2b_prediction_inversion_boundary.stress.moderate.util0.782722.inv0.745632.s20260812,prediction_inversion_boundary,prediction_inversion_boundary_grid,sobol_pilot_v1,20260812,,sobol_family_b_prediction_sensitive,moderate,0.745632,,,,,,,-0.8674285714285714,-0.9621692239270622,,stress,68,20260810,0.782722,,
sobolB.idx68.case2b_prediction_inversion_boundary.stress.strong.util0.782722.inv0.745632.s20260809,prediction_inversion_boundary,prediction_inversion_boundary_grid,sobol_pilot_v1,20260809,,sobol_family_b_prediction_sensitive,strong,0.745632,,,,,,,-0.8651558073654391,-0.9622085753188651,,stress,68,20260810,0.782722,,
sobolB.idx68.case2b_prediction_inversion_boundary.stress.strong.util0.782722.inv0.745632.s20260810,prediction_inversion_boundary,prediction_inversion_boundary_grid,sobol_pilot_v1,20260810,,sobol_family_b_prediction_sensitive,strong,0.745632,,,,,,,-0.8653084323712507,-0.9622374124708235,,stress,68,20260810,0.782722,,
sobolB.idx68.case2b_prediction_inversion_boundary.stress.strong.util0.782722.inv0.745632.s20260811,prediction_inversion_boundary,prediction_inversion_boundary_grid,sobol_pilot_v1,20260811,,sobol_family_b_prediction_sensitive,strong,0.745632,,,,,,,-0.8653084323712507,-0.9622374124708235,,stress,68,20260810,0.782722,,
sobolB.idx68.case2b_prediction_inversion_boundary.stress.strong.util0.782722.inv0.745632.s20260812,prediction_inversion_boundary,prediction_inversion_boundary_grid,sobol_pilot_v1,20260812,,sobol_family_b_prediction_sensitive,strong,0.745632,,,,,,,-0.8650028360748724,-0.9621797365642196,,stress,68,20260810,0.782722,,
sobolB.idx69.case2b_prediction_inversion_boundary.stress.moderate.util0.921445.inv0.4338.s20260809,prediction_inversion_boundary,prediction_inversion_boundary_grid,sobol_pilot_v1,20260809,,sobol_family_b_prediction_sensitive,moderate,0.4338,,,,,,,-0.3657142857142857,-0.6362827676312788,,stress,69,20260810,0.921445,,
sobolB.idx69.case2b_prediction_inversion_boundary.stress.moderate.util0.921445.inv0.4338.s20260810,prediction_inversion_boundary,prediction_inversion_boundary_grid,sobol_pilot_v1,20260810,,sobol_family_b_prediction_sensitive,moderate,0.4338,,,,,,,-0.36498855835240274,-0.634333129482404,,stress,69,20260810,0.921445,,
sobolB.idx69.case2b_prediction_inversion_boundary.stress.moderate.util0.921445.inv0.4338.s20260811,prediction_inversion_boundary,prediction_inversion_boundary_grid,sobol_pilot_v1,20260811,,sobol_family_b_prediction_sensitive,moderate,0.4338,,,,,,,-0.3708759954493743,-0.6366845484615171,,stress,69,20260810,0.921445,,
sobolB.idx69.case2b_prediction_inversion_boundary.stress.moderate.util0.921445.inv0.4338.s20260812,prediction_inversion_boundary,prediction_inversion_boundary_grid,sobol_pilot_v1,20260812,,sobol_family_b_prediction_sensitive,moderate,0.4338,,,,,,,-0.3687214611872146,-0.6364242828552367,,stress,69,20260810,0.921445,,
sobolB.idx69.case2b_prediction_inversion_boundary.stress.strong.util0.921445.inv0.4338.s20260809,prediction_inversion_boundary,prediction_inversion_boundary_grid,sobol_pilot_v1,20260809,,sobol_family_b_prediction_sensitive,strong,0.4338,,,,,,,-0.3654390934844193,-0.636257537444077,,stress,69,20260810,0.921445,,
sobolB.idx69.case2b_prediction_inversion_boundary.stress.strong.util0.921445.inv0.4338.s20260810,prediction_inversion_boundary,prediction_inversion_boundary_grid,sobol_pilot_v1,20260810,,sobol_family_b_prediction_sensitive,strong,0.4338,,,,,,,-0.3661573288058857,-0.6362954318106034,,stress,69,20260810,0.921445,,
sobolB.idx69.case2b_prediction_inversion_boundary.stress.strong.util0.921445.inv0.4338.s20260811,prediction_inversion_boundary,prediction_inversion_boundary_grid,sobol_pilot_v1,20260811,,sobol_family_b_prediction_sensitive,strong,0.4338,,,,,,,-0.36764705882352944,-0.6363787929309769,,stress,69,20260810,0.921445,,
sobolB.idx69.case2b_prediction_inversion_boundary.stress.strong.util0.921445.inv0.4338.s20260812,prediction_inversion_boundary,prediction_inversion_boundary_grid,sobol_pilot_v1,20260812,,sobol_family_b_prediction_sensitive,strong,0.4338,,,,,,,-0.36621315192743764,-0.6363030067248375,,stress,69,20260810,0.921445,,
sobolB.idx70.case2b_prediction_inversion_boundary.stress.moderate.util0.953435.inv0.91902.s20260809,prediction_inversion_boundary,prediction_inversion_boundary_grid,sobol_pilot_v1,20260809,,sobol_family_b_prediction_sensitive,moderate,0.91902,,,,,,,-0.9931192660550459,-0.9989714508103298,,stress,70,20260810,0.953435,,
sobolB.idx70.case2b_prediction_inversion_boundary.stress.moderate.util0.953435.inv0.91902.s20260810,prediction_inversion_boundary,prediction_inversion_boundary_grid,sobol_pilot_v1,20260810,,sobol_family_b_prediction_sensitive,moderate,0.91902,,,,,,,-0.994269340974212,-0.9991104686718185,,stress,70,20260810,0.953435,,
sobolB.idx70.case2b_prediction_inversion_boundary.stress.moderate.util0.953435.inv0.91902.s20260811,prediction_inversion_boundary,prediction_inversion_boundary_grid,sobol_pilot_v1,20260811,,sobol_family_b_prediction_sensitive,moderate,0.91902,,,,,,,-0.9942889777270132,-0.9989715651666342,,stress,70,20260810,0.953435,,
sobolB.idx70.case2b_prediction_inversion_boundary.stress.moderate.util0.953435.inv0.91902.s20260812,prediction_inversion_boundary,prediction_inversion_boundary_grid,sobol_pilot_v1,20260812,,sobol_family_b_prediction_sensitive,moderate,0.91902,,,,,,,-0.993127147766323,-0.9989993328885923,,stress,70,20260810,0.953435,,
sobolB.idx70.case2b_prediction_inversion_boundary.stress.strong.util0.953435.inv0.91902.s20260809,prediction_inversion_boundary,prediction_inversion_boundary_grid,sobol_pilot_v1,20260809,,sobol_family_b_prediction_sensitive,strong,0.91902,,,,,,,-0.9931972789115646,-0.9993608803178925,,stress,70,20260810,0.953435,,
sobolB.idx70.case2b_prediction_inversion_boundary.stress.strong.util0.953435.inv0.91902.s20260810,prediction_inversion_boundary,prediction_inversion_boundary_grid,sobol_pilot_v1,20260810,,sobol_family_b_prediction_sensitive,strong,0.91902,,,,,,,-0.9943406904357668,-0.9994720462376346,,stress,70,20260810,0.953435,,
sobolB.idx70.case2b_prediction_inversion_boundary.stress.strong.util0.953435.inv0.91902.s20260811,prediction_inversion_boundary,prediction_inversion_boundary_grid,sobol_pilot_v1,20260811,,sobol_family_b_prediction_sensitive,strong,0.91902,,,,,,,-0.9932049830124575,-0.9992080693564522,,stress,70,20260810,0.953435,,
sobolB.idx70.case2b_prediction_inversion_boundary.stress.strong.util0.953435.inv0.91902.s20260812,prediction_inversion_boundary,prediction_inversion_boundary_grid,sobol_pilot_v1,20260812,,sobol_family_b_prediction_sensitive,strong,0.91902,,,,,,,-0.9931895573212258,-0.9993330739732118,,stress,70,20260810,0.953435,,
sobolB.idx71.case2b_prediction_inversion_boundary.stress.moderate.util0.523498.inv0.229136.s20260809,prediction_inversion_boundary,prediction_inversion_boundary_grid,sobol_pilot_v1,20260809,,sobol_family_b_prediction_sensitive,moderate,0.229136,,,,,,,0.17190177041690463,-0.09136018680677174,,stress,71,20260810,0.523498,,
sobolB.idx71.case2b_prediction_inversion_boundary.stress.moderate.util0.523498.inv0.229136.s20260810,prediction_inversion_boundary,prediction_inversion_boundary_grid,sobol_pilot_v1,20260810,,sobol_family_b_prediction_sensitive,moderate,0.229136,,,,,,,0.17190177041690463,-0.09884916884416524,,stress,71,20260810,0.523498,,
sobolB.idx71.case2b_prediction_inversion_boundary.stress.moderate.util0.523498.inv0.229136.s20260811,prediction_inversion_boundary,prediction_inversion_boundary_grid,sobol_pilot_v1,20260811,,sobol_family_b_prediction_sensitive,moderate,0.229136,,,,,,,0.1665719158612848,-0.09920226811574061,,stress,71,20260810,0.523498,,
sobolB.idx71.case2b_prediction_inversion_boundary.stress.moderate.util0.523498.inv0.229136.s20260812,prediction_inversion_boundary,prediction_inversion_boundary_grid,sobol_pilot_v1,20260812,,sobol_family_b_prediction_sensitive,moderate,0.229136,,,,,,,0.17056474614945807,-0.09892706248610184,,stress,71,20260810,0.523498,,
sobolB.idx71.case2b_prediction_inversion_boundary.stress.strong.util0.523498.inv0.229136.s20260809,prediction_inversion_boundary,prediction_inversion_boundary_grid,sobol_pilot_v1,20260809,,sobol_family_b_prediction_sensitive,strong,0.229136,,,,,,,0.171671388101983,-0.09632645121849555,,stress,71,20260810,0.523498,,
sobolB.idx71.case2b_prediction_inversion_boundary.stress.strong.util0.523498.inv0.229136.s20260810,prediction_inversion_boundary,prediction_inversion_boundary_grid,sobol_pilot_v1,20260810,,sobol_family_b_prediction_sensitive,strong,0.229136,,,,,,,0.16855203619909503,-0.09897743692341891,,stress,71,20260810,0.523498,,
sobolB.idx71.case2b_prediction_inversion_boundary.stress.strong.util0.523498.inv0.229136.s20260811,prediction_inversion_boundary,prediction_inversion_boundary_grid,sobol_pilot_v1,20260811,,sobol_family_b_prediction_sensitive,strong,0.229136,,,,,,,0.16855203619909503,-0.09897743692341891,,stress,71,20260810,0.523498,,
sobolB.idx71.case2b_prediction_inversion_boundary.stress.strong.util0.523498.inv0.229136.s20260812,prediction_inversion_boundary,prediction_inversion_boundary_grid,sobol_pilot_v1,20260812,,sobol_family_b_prediction_sensitive,strong,0.229136,,,,,,,0.1712018140589569,-0.0963569165786695,,stress,71,20260810,0.523498,,
sobolB.idx72.case2b_prediction_inversion_boundary.stress.moderate.util0.552338.inv0.528959.s20260809,prediction_inversion_boundary,prediction_inversion_boundary_grid,sobol_pilot_v1,20260809,,sobol_family_b_prediction_sensitive,moderate,0.528959,,,,,,,-0.5734705546026301,-0.7969310316070385,,stress,72,20260810,0.552338,,
sobolB.idx72.case2b_prediction_inversion_boundary.stress.moderate.util0.552338.inv0.528959.s20260810,prediction_inversion_boundary,prediction_inversion_boundary_grid,sobol_pilot_v1,20260810,,sobol_family_b_prediction_sensitive,moderate,0.528959,,,,,,,-0.5729822552947911,-0.7967976872185468,,stress,72,20260810,0.552338,,
sobolB.idx72.case2b_prediction_inversion_boundary.stress.moderate.util0.552338.inv0.528959.s20260811,prediction_inversion_boundary,prediction_inversion_boundary_grid,sobol_pilot_v1,20260811,,sobol_family_b_prediction_sensitive,moderate,0.528959,,,,,,,-0.5776892430278885,-0.7973149512188342,,stress,72,20260810,0.552338,,
sobolB.idx72.case2b_prediction_inversion_boundary.stress.moderate.util0.552338.inv0.528959.s20260812,prediction_inversion_boundary,prediction_inversion_boundary_grid,sobol_pilot_v1,20260812,,sobol_family_b_prediction_sensitive,moderate,0.528959,,,,,,,-0.5776255707762558,-0.7971425394707582,,stress,72,20260810,0.552338,,
sobolB.idx72.case2b_prediction_inversion_boundary.stress.strong.util0.552338.inv0.528959.s20260809,prediction_inversion_boundary,prediction_inversion_boundary_grid,sobol_pilot_v1,20260809,,sobol_family_b_prediction_sensitive,strong,0.528959,,,,,,,-0.5728045325779036,-0.7969266679634313,,stress,72,20260810,0.552338,,
sobolB.idx72.case2b_prediction_inversion_boundary.stress.strong.util0.552338.inv0.528959.s20260810,prediction_inversion_boundary,prediction_inversion_boundary_grid,sobol_pilot_v1,20260810,,sobol_family_b_prediction_sensitive,strong,0.528959,,,,,,,-0.5732880588568194,-0.7969600978103811,,stress,72,20260810,0.552338,,
sobolB.idx72.case2b_prediction_inversion_boundary.stress.strong.util0.552338.inv0.528959.s20260811,prediction_inversion_boundary,prediction_inversion_boundary_grid,sobol_pilot_v1,20260811,,sobol_family_b_prediction_sensitive,strong,0.528959,,,,,,,-0.5746606334841629,-0.7970434589307547,,stress,72,20260810,0.552338,,
sobolB.idx72.case2b_prediction_inversion_boundary.stress.strong.util0.552338.inv0.528959.s20260812,prediction_inversion_boundary,prediction_inversion_boundary_grid,sobol_pilot_v1,20260812,,sobol_family_b_prediction_sensitive,strong,0.528959,,,,,,,-0.5736961451247166,-0.7969766020118937,,stress,72,20260810,0.552338,,
sobolB.idx73.case2b_prediction_inversion_boundary.stress.moderate.util1.018308.inv0.337976.s20260809,prediction_inversion_boundary,prediction_inversion_boundary_grid,sobol_pilot_v1,20260809,,sobol_family_b_prediction_sensitive,moderate,0.337976,,,,,,,-0.11707595659623073,-0.403330275484391,,stress,73,20260810,1.018308,,
sobolB.idx73.case2b_prediction_inversion_boundary.stress.moderate.util1.018308.inv0.337976.s20260810,prediction_inversion_boundary,prediction_inversion_boundary_grid,sobol_pilot_v1,20260810,,sobol_family_b_prediction_sensitive,moderate,0.337976,,,,,,,-0.11606632361349342,-0.40530661032968257,,stress,73,20260810,1.018308,,
sobolB.idx73.case2b_prediction_inversion_boundary.stress.moderate.util1.018308.inv0.337976.s20260811,prediction_inversion_boundary,prediction_inversion_boundary_grid,sobol_pilot_v1,20260811,,sobol_family_b_prediction_sensitive,moderate,0.337976,,,,,,,-0.1217292377701934,-0.4079272868777274,,stress,73,20260810,1.018308,,
sobolB.idx73.case2b_prediction_inversion_boundary.stress.moderate.util1.018308.inv0.337976.s20260812,prediction_inversion_boundary,prediction_inversion_boundary_grid,sobol_pilot_v1,20260812,,sobol_family_b_prediction_sensitive,moderate,0.337976,,,,,,,-0.1187214611872146,-0.40766066266399814,,stress,73,20260810,1.018308,,
sobolB.idx73.case2b_prediction_inversion_boundary.stress.strong.util1.018308.inv0.337976.s20260809,prediction_inversion_boundary,prediction_inversion_boundary_grid,sobol_pilot_v1,20260809,,sobol_family_b_prediction_sensitive,strong,0.337976,,,,,,,-0.11728045325779037,-0.4075638424986801,,stress,73,20260810,1.018308,,
sobolB.idx73.case2b_prediction_inversion_boundary.stress.strong.util1.018308.inv0.337976.s20260810,prediction_inversion_boundary,prediction_inversion_boundary_grid,sobol_pilot_v1,20260810,,sobol_family_b_prediction_sensitive,strong,0.337976,,,,,,,-0.11827956989247312,-0.4076080915860842,,stress,73,20260810,1.018308,,
sobolB.idx73.case2b_prediction_inversion_boundary.stress.strong.util1.018308.inv0.337976.s20260811,prediction_inversion_boundary,prediction_inversion_boundary_grid,sobol_pilot_v1,20260811,,sobol_family_b_prediction_sensitive,strong,0.337976,,,,,,,-0.11990950226244344,-0.4076914527064577,,stress,73,20260810,1.018308,,
sobolB.idx73.case2b_prediction_inversion_boundary.stress.strong.util1.018308.inv0.337976.s20260812,prediction_inversion_boundary,prediction_inversion_boundary_grid,sobol_pilot_v1,20260812,,sobol_family_b_prediction_sensitive,strong,0.337976,,,,,,,-0.11791383219954649,-0.4076029567053855,,stress,73,20260810,1.018308,,
sobolB.idx74.case2b_prediction_inversion_boundary.stress.moderate.util0.911358.inv0.82344.s20260809,prediction_inversion_boundary,prediction_inversion_boundary_grid,sobol_pilot_v1,20260809,,sobol_family_b_prediction_sensitive,moderate,0.82344,,,,,,,-0.9507445589919816,-0.9896589108498037,,stress,74,20260810,0.911358,,
sobolB.idx74.case2b_prediction_inversion_boundary.stress.moderate.util0.911358.inv0.82344.s20260810,prediction_inversion_boundary,prediction_inversion_boundary_grid,sobol_pilot_v1,20260810,,sobol_family_b_prediction_sensitive,moderate,0.82344,,,,,,,-0.9495702005730658,-0.9899788736309558,,stress,74,20260810,0.911358,,
sobolB.idx74.case2b_prediction_inversion_boundary.stress.moderate.util0.911358.inv0.82344.s20260811,prediction_inversion_boundary,prediction_inversion_boundary_grid,sobol_pilot_v1,20260811,,sobol_family_b_prediction_sensitive,moderate,0.82344,,,,,,,-0.9520821448944666,-0.9908552686438559,,stress,74,20260810,0.911358,,
sobolB.idx74.case2b_prediction_inversion_boundary.stress.moderate.util0.911358.inv0.82344.s20260812,prediction_inversion_boundary,prediction_inversion_boundary_grid,sobol_pilot_v1,20260812,,sobol_family_b_prediction_sensitive,moderate,0.82344,,,,,,,-0.9496279336004579,-0.9899794307315988,,stress,74,20260810,0.911358,,
sobolB.idx74.case2b_prediction_inversion_boundary.stress.strong.util0.911358.inv0.82344.s20260809,prediction_inversion_boundary,prediction_inversion_boundary_grid,sobol_pilot_v1,20260809,,sobol_family_b_prediction_sensitive,strong,0.82344,,,,,,,-0.9489795918367347,-0.990746658515575,,stress,74,20260810,0.911358,,
sobolB.idx74.case2b_prediction_inversion_boundary.stress.strong.util0.911358.inv0.82344.s20260810,prediction_inversion_boundary,prediction_inversion_boundary_grid,sobol_pilot_v1,20260810,,sobol_family_b_prediction_sensitive,strong,0.82344,,,,,,,-0.9501980758347481,-0.990858063799044,,stress,74,20260810,0.911358,,
sobolB.idx74.case2b_prediction_inversion_boundary.stress.strong.util0.911358.inv0.82344.s20260811,prediction_inversion_boundary,prediction_inversion_boundary_grid,sobol_pilot_v1,20260811,,sobol_family_b_prediction_sensitive,strong,0.82344,,,,,,,-0.9501980758347481,-0.990858063799044,,stress,74,20260810,0.911358,,
sobolB.idx74.case2b_prediction_inversion_boundary.stress.strong.util0.911358.inv0.82344.s20260812,prediction_inversion_boundary,prediction_inversion_boundary_grid,sobol_pilot_v1,20260812,,sobol_family_b_prediction_sensitive,strong,0.82344,,,,,,,-0.9489216799091941,-0.9907186127938644,,stress,74,20260810,0.911358,,
sobolB.idx75.case2b_prediction_inversion_boundary.stress.moderate.util0.736596.inv0.012218.s20260809,prediction_inversion_boundary,prediction_inversion_boundary_grid,sobol_pilot_v1,20260809,,sobol_family_b_prediction_sensitive,moderate,0.012218,,,,,,,1.0,0.9999999999999998,,stress,75,20260810,0.736596,,
sobolB.idx75.case2b_prediction_inversion_boundary.stress.moderate.util0.736596.inv0.012218.s20260810,prediction_inversion_boundary,prediction_inversion_boundary_grid,sobol_pilot_v1,20260810,,sobol_family_b_prediction_sensitive,moderate,0.012218,,,,,,,1.0,1.0,,stress,75,20260810,0.736596,,
sobolB.idx75.case2b_prediction_inversion_boundary.stress.moderate.util0.736596.inv0.012218.s20260811,prediction_inversion_boundary,prediction_inversion_boundary_grid,sobol_pilot_v1,20260811,,sobol_family_b_prediction_sensitive,moderate,0.012218,,,,,,,1.0,0.9999999999999998,,stress,75,20260810,0.736596,,
sobolB.idx75.case2b_prediction_inversion_boundary.stress.moderate.util0.736596.inv0.012218.s20260812,prediction_inversion_boundary,prediction_inversion_boundary_grid,sobol_pilot_v1,20260812,,sobol_family_b_prediction_sensitive,moderate,0.012218,,,,,,,1.0,1.0,,stress,75,20260810,0.736596,,
sobolB.idx75.case2b_prediction_inversion_boundary.stress.strong.util0.736596.inv0.012218.s20260809,prediction_inversion_boundary,prediction_inversion_boundary_grid,sobol_pilot_v1,20260809,,sobol_family_b_prediction_sensitive,strong,0.012218,,,,,,,1.0,1.0,,stress,75,20260810,0.736596,,
sobolB.idx75.case2b_prediction_inversion_boundary.stress.strong.util0.736596.inv0.012218.s20260810,prediction_inversion_boundary,prediction_inversion_boundary_grid,sobol_pilot_v1,20260810,,sobol_family_b_prediction_sensitive,strong,0.012218,,,,,,,1.0,0.9999999999999998,,stress,75,20260810,0.736596,,
sobolB.idx75.case2b_prediction_inversion_boundary.stress.strong.util0.736596.inv0.012218.s20260811,prediction_inversion_boundary,prediction_inversion_boundary_grid,sobol_pilot_v1,20260811,,sobol_family_b_prediction_sensitive,strong,0.012218,,,,,,,1.0,0.9999999999999998,,stress,75,20260810,0.736596,,
sobolB.idx75.case2b_prediction_inversion_boundary.stress.strong.util0.736596.inv0.012218.s20260812,prediction_inversion_boundary,prediction_inversion_boundary_grid,sobol_pilot_v1,20260812,,sobol_family_b_prediction_sensitive,strong,0.012218,,,,,,,1.0,1.0,,stress,75,20260810,0.736596,,
sobolB.idx76.case2b_prediction_inversion_boundary.stress.moderate.util0.666138.inv0.954584.s20260809,prediction_inversion_boundary,prediction_inversion_boundary_grid,sobol_pilot_v1,20260809,,sobol_family_b_prediction_sensitive,moderate,0.954584,,,,,,,-0.9988532110091743,-0.9994718260917907,,stress,76,20260810,0.666138,,
sobolB.idx76.case2b_prediction_inversion_boundary.stress.moderate.util0.666138.inv0.954584.s20260810,prediction_inversion_boundary,prediction_inversion_boundary_grid,sobol_pilot_v1,20260810,,sobol_family_b_prediction_sensitive,moderate,0.954584,,,,,,,-0.9988532110091743,-0.9994579418468895,,stress,76,20260810,0.666138,,
sobolB.idx76.case2b_prediction_inversion_boundary.stress.moderate.util0.666138.inv0.954584.s20260811,prediction_inversion_boundary,prediction_inversion_boundary_grid,sobol_pilot_v1,20260811,,sobol_family_b_prediction_sensitive,moderate,0.954584,,,,,,,-0.9988571428571429,-0.9994718848152985,,stress,76,20260810,0.666138,,
sobolB.idx76.case2b_prediction_inversion_boundary.stress.moderate.util0.666138.inv0.954584.s20260812,prediction_inversion_boundary,prediction_inversion_boundary_grid,sobol_pilot_v1,20260812,,sobol_family_b_prediction_sensitive,moderate,0.954584,,,,,,,-0.9988545246277205,-0.999499666444296,,stress,76,20260810,0.666138,,
sobolB.idx76.case2b_prediction_inversion_boundary.stress.strong.util0.666138.inv0.954584.s20260809,prediction_inversion_boundary,prediction_inversion_boundary_grid,sobol_pilot_v1,20260809,,sobol_family_b_prediction_sensitive,strong,0.954584,,,,,,,-0.9988662131519275,-0.9998610609386722,,stress,76,20260810,0.666138,,
sobolB.idx76.case2b_prediction_inversion_boundary.stress.strong.util0.666138.inv0.954584.s20260810,prediction_inversion_boundary,prediction_inversion_boundary_grid,sobol_pilot_v1,20260810,,sobol_family_b_prediction_sensitive,strong,0.954584,,,,,,,-0.9988674971687429,-0.9998193842391907,,stress,76,20260810,0.666138,,
sobolB.idx76.case2b_prediction_inversion_boundary.stress.strong.util0.666138.inv0.954584.s20260811,prediction_inversion_boundary,prediction_inversion_boundary_grid,sobol_pilot_v1,20260811,,sobol_family_b_prediction_sensitive,strong,0.954584,,,,,,,-0.9988674971687429,-0.9998888518395019,,stress,76,20260810,0.666138,,
sobolB.idx76.case2b_prediction_inversion_boundary.stress.strong.util0.666138.inv0.954584.s20260812,prediction_inversion_boundary,prediction_inversion_boundary_grid,sobol_pilot_v1,20260812,,sobol_family_b_prediction_sensitive,strong,0.954584,,,,,,,-0.9988649262202043,-0.999833268493303,,stress,76,20260810,0.666138,,
sobolB.idx77.case2b_prediction_inversion_boundary.stress.moderate.util0.831815.inv0.147276.s20260809,prediction_inversion_boundary,prediction_inversion_boundary_grid,sobol_pilot_v1,20260809,,sobol_family_b_prediction_sensitive,moderate,0.147276,,,,,,,0.4962962962962963,0.30440886220220714,,stress,77,20260810,0.831815,,
sobolB.idx77.case2b_prediction_inversion_boundary.stress.moderate.util0.831815.inv0.147276.s20260810,prediction_inversion_boundary,prediction_inversion_boundary_grid,sobol_pilot_v1,20260810,,sobol_family_b_prediction_sensitive,moderate,0.147276,,,,,,,0.5002852253280091,0.3018568966475788,,stress,77,20260810,0.831815,,
sobolB.idx77.case2b_prediction_inversion_boundary.stress.moderate.util0.831815.inv0.147276.s20260811,prediction_inversion_boundary,prediction_inversion_boundary_grid,sobol_pilot_v1,20260811,,sobol_family_b_prediction_sensitive,moderate,0.147276,,,,,,,0.4974417282546902,0.30166495260861104,,stress,77,20260810,0.831815,,
sobolB.idx77.case2b_prediction_inversion_boundary.stress.moderate.util0.831815.inv0.147276.s20260812,prediction_inversion_boundary,prediction_inversion_boundary_grid,sobol_pilot_v1,20260812,,sobol_family_b_prediction_sensitive,moderate,0.147276,,,,,,,0.500570125427594,0.30186791194129414,,stress,77,20260810,0.831815,,
sobolB.idx77.case2b_prediction_inversion_boundary.stress.strong.util0.831815.inv0.147276.s20260809,prediction_inversion_boundary,prediction_inversion_boundary_grid,sobol_pilot_v1,20260809,,sobol_family_b_prediction_sensitive,strong,0.147276,,,,,,,0.49943374858437145,0.30467946758551695,,stress,77,20260810,0.831815,,
sobolB.idx77.case2b_prediction_inversion_boundary.stress.strong.util0.831815.inv0.147276.s20260810,prediction_inversion_boundary,prediction_inversion_boundary_grid,sobol_pilot_v1,20260810,,sobol_family_b_prediction_sensitive,strong,0.147276,,,,,,,0.497737556561086,0.30176725575191726,,stress,77,20260810,0.831815,,
sobolB.idx77.case2b_prediction_inversion_boundary.stress.strong.util0.831815.inv0.147276.s20260811,prediction_inversion_boundary,prediction_inversion_boundary_grid,sobol_pilot_v1,20260811,,sobol_family_b_prediction_sensitive,strong,0.147276,,,,,,,0.497737556561086,0.30176725575191726,,stress,77,20260810,0.831815,,
sobolB.idx77.case2b_prediction_inversion_boundary.stress.strong.util0.831815.inv0.147276.s20260812,prediction_inversion_boundary,prediction_inversion_boundary_grid,sobol_pilot_v1,20260812,,sobol_family_b_prediction_sensitive,strong,0.147276,,,,,,,0.4991501416430595,0.30181181570610793,,stress,77,20260810,0.831815,,
sobolB.idx78.case2b_prediction_inversion_boundary.stress.moderate.util1.098143.inv0.632732.s20260809,prediction_inversion_boundary,prediction_inversion_boundary_grid,sobol_pilot_v1,20260809,,sobol_family_b_prediction_sensitive,moderate,0.632732,,,,,,,-0.7415666094911378,-0.9016206599393988,,stress,78,20260810,1.098143,,
sobolB.idx78.case2b_prediction_inversion_boundary.stress.moderate.util1.098143.inv0.632732.s20260810,prediction_inversion_boundary,prediction_inversion_boundary_grid,sobol_pilot_v1,20260810,,sobol_family_b_prediction_sensitive,moderate,0.632732,,,,,,,-0.7412707498568976,-0.9014844054039028,,stress,78,20260810,1.098143,,
sobolB.idx78.case2b_prediction_inversion_boundary.stress.moderate.util1.098143.inv0.632732.s20260811,prediction_inversion_boundary,prediction_inversion_boundary_grid,sobol_pilot_v1,20260811,,sobol_family_b_prediction_sensitive,moderate,0.632732,,,,,,,-0.7411630558722919,-0.9016593935014037,,stress,78,20260810,1.098143,,
sobolB.idx78.case2b_prediction_inversion_boundary.stress.moderate.util1.098143.inv0.632732.s20260812,prediction_inversion_boundary,prediction_inversion_boundary_grid,sobol_pilot_v1,20260812,,sobol_family_b_prediction_sensitive,moderate,0.632732,,,,,,,-0.7428571428571429,-0.9016288636869023,,stress,78,20260810,1.098143,,
sobolB.idx78.case2b_prediction_inversion_boundary.stress.strong.util1.098143.inv0.632732.s20260809,prediction_inversion_boundary,prediction_inversion_boundary_grid,sobol_pilot_v1,20260809,,sobol_family_b_prediction_sensitive,strong,0.632732,,,,,,,-0.7393767705382436,-0.901575568955456,,stress,78,20260810,1.098143,,
sobolB.idx78.case2b_prediction_inversion_boundary.stress.strong.util1.098143.inv0.632732.s20260810,prediction_inversion_boundary,prediction_inversion_boundary_grid,sobol_pilot_v1,20260810,,sobol_family_b_prediction_sensitive,strong,0.632732,,,,,,,-0.7396717600452745,-0.9016060909191952,,stress,78,20260810,1.098143,,
sobolB.idx78.case2b_prediction_inversion_boundary.stress.strong.util1.098143.inv0.632732.s20260811,prediction_inversion_boundary,prediction_inversion_boundary_grid,sobol_pilot_v1,20260811,,sobol_family_b_prediction_sensitive,strong,0.632732,,,,,,,-0.7396717600452745,-0.9016060909191952,,stress,78,20260810,1.098143,,
sobolB.idx78.case2b_prediction_inversion_boundary.stress.strong.util1.098143.inv0.632732.s20260812,prediction_inversion_boundary,prediction_inversion_boundary_grid,sobol_pilot_v1,20260812,,sobol_family_b_prediction_sensitive,strong,0.632732,,,,,,,-0.7403628117913832,-0.9016284110487413,,stress,78,20260810,1.098143,,
sobolB.idx79.case2b_prediction_inversion_boundary.stress.moderate.util0.622503.inv0.437851.s20260809,prediction_inversion_boundary,prediction_inversion_boundary_grid,sobol_pilot_v1,20260809,,sobol_family_b_prediction_sensitive,moderate,0.437851,,,,,,,-0.3657142857142857,-0.6362827676312788,,stress,79,20260810,0.622503,,
sobolB.idx79.case2b_prediction_inversion_boundary.stress.moderate.util0.622503.inv0.437851.s20260810,prediction_inversion_boundary,prediction_inversion_boundary_grid,sobol_pilot_v1,20260810,,sobol_family_b_prediction_sensitive,moderate,0.437851,,,,,,,-0.36498855835240274,-0.634333129482404,,stress,79,20260810,0.622503,,
sobolB.idx79.case2b_prediction_inversion_boundary.stress.moderate.util0.622503.inv0.437851.s20260811,prediction_inversion_boundary,prediction_inversion_boundary_grid,sobol_pilot_v1,20260811,,sobol_family_b_prediction_sensitive,moderate,0.437851,,,,,,,-0.3708759954493743,-0.6366845484615171,,stress,79,20260810,0.622503,,
sobolB.idx79.case2b_prediction_inversion_boundary.stress.moderate.util0.622503.inv0.437851.s20260812,prediction_inversion_boundary,prediction_inversion_boundary_grid,sobol_pilot_v1,20260812,,sobol_family_b_prediction_sensitive,moderate,0.437851,,,,,,,-0.3687214611872146,-0.6364242828552367,,stress,79,20260810,0.622503,,
sobolB.idx79.case2b_prediction_inversion_boundary.stress.strong.util0.622503.inv0.437851.s20260809,prediction_inversion_boundary,prediction_inversion_boundary_grid,sobol_pilot_v1,20260809,,sobol_family_b_prediction_sensitive,strong,0.437851,,,,,,,-0.3654390934844193,-0.636257537444077,,stress,79,20260810,0.622503,,
sobolB.idx79.case2b_prediction_inversion_boundary.stress.strong.util0.622503.inv0.437851.s20260810,prediction_inversion_boundary,prediction_inversion_boundary_grid,sobol_pilot_v1,20260810,,sobol_family_b_prediction_sensitive,strong,0.437851,,,,,,,-0.3661573288058857,-0.6362954318106034,,stress,79,20260810,0.622503,,
sobolB.idx79.case2b_prediction_inversion_boundary.stress.strong.util0.622503.inv0.437851.s20260811,prediction_inversion_boundary,prediction_inversion_boundary_grid,sobol_pilot_v1,20260811,,sobol_family_b_prediction_sensitive,strong,0.437851,,,,,,,-0.36764705882352944,-0.6363787929309769,,stress,79,20260810,0.622503,,
sobolB.idx79.case2b_prediction_inversion_boundary.stress.strong.util0.622503.inv0.437851.s20260812,prediction_inversion_boundary,prediction_inversion_boundary_grid,sobol_pilot_v1,20260812,,sobol_family_b_prediction_sensitive,strong,0.437851,,,,,,,-0.36621315192743764,-0.6363030067248375,,stress,79,20260810,0.622503,,
sobolB.idx80.case2b_prediction_inversion_boundary.stress.moderate.util0.644818.inv0.666454.s20260809,prediction_inversion_boundary,prediction_inversion_boundary_grid,sobol_pilot_v1,20260809,,sobol_family_b_prediction_sensitive,moderate,0.666454,,,,,,,-0.7884505431675243,-0.9261390487309925,,stress,80,20260810,0.644818,,
sobolB.idx80.case2b_prediction_inversion_boundary.stress.moderate.util0.644818.inv0.666454.s20260810,prediction_inversion_boundary,prediction_inversion_boundary_grid,sobol_pilot_v1,20260810,,sobol_family_b_prediction_sensitive,moderate,0.666454,,,,,,,-0.7882083571837436,-0.9260021126369045,,stress,80,20260810,0.644818,,
sobolB.idx80.case2b_prediction_inversion_boundary.stress.moderate.util0.644818.inv0.666454.s20260811,prediction_inversion_boundary,prediction_inversion_boundary_grid,sobol_pilot_v1,20260811,,sobol_family_b_prediction_sensitive,moderate,0.666454,,,,,,,-0.7879133409350056,-0.9261750562859604,,stress,80,20260810,0.644818,,
sobolB.idx80.case2b_prediction_inversion_boundary.stress.moderate.util0.644818.inv0.666454.s20260812,prediction_inversion_boundary,prediction_inversion_boundary_grid,sobol_pilot_v1,20260812,,sobol_family_b_prediction_sensitive,moderate,0.666454,,,,,,,-0.7897142857142857,-0.9261452079163885,,stress,80,20260810,0.644818,,
sobolB.idx80.case2b_prediction_inversion_boundary.stress.strong.util0.644818.inv0.666454.s20260809,prediction_inversion_boundary,prediction_inversion_boundary_grid,sobol_pilot_v1,20260809,,sobol_family_b_prediction_sensitive,strong,0.666454,,,,,,,-0.7858356940509915,-0.9260844193736628,,stress,80,20260810,0.644818,,
sobolB.idx80.case2b_prediction_inversion_boundary.stress.strong.util0.644818.inv0.666454.s20260810,prediction_inversion_boundary,prediction_inversion_boundary_grid,sobol_pilot_v1,20260810,,sobol_family_b_prediction_sensitive,strong,0.666454,,,,,,,-0.7860780984719864,-0.9261142603089918,,stress,80,20260810,0.644818,,
sobolB.idx80.case2b_prediction_inversion_boundary.stress.strong.util0.644818.inv0.666454.s20260811,prediction_inversion_boundary,prediction_inversion_boundary_grid,sobol_pilot_v1,20260811,,sobol_family_b_prediction_sensitive,strong,0.666454,,,,,,,-0.7860780984719864,-0.9261142603089918,,stress,80,20260810,0.644818,,
sobolB.idx80.case2b_prediction_inversion_boundary.stress.strong.util0.644818.inv0.666454.s20260812,prediction_inversion_boundary,prediction_inversion_boundary_grid,sobol_pilot_v1,20260812,,sobol_family_b_prediction_sensitive,strong,0.666454,,,,,,,-0.7868480725623582,-0.9261379425332075,,stress,80,20260810,0.644818,,
sobolB.idx81.case2b_prediction_inversion_boundary.stress.moderate.util1.078281.inv0.482192.s20260809,prediction_inversion_boundary,prediction_inversion_boundary_grid,sobol_pilot_v1,20260809,,sobol_family_b_prediction_sensitive,moderate,0.482192,,,,,,,-0.43853630646083475,-0.6950073666360881,,stress,81,20260810,1.078281,,
sobolB.idx81.case2b_prediction_inversion_boundary.stress.moderate.util1.078281.inv0.482192.s20260810,prediction_inversion_boundary,prediction_inversion_boundary_grid,sobol_pilot_v1,20260810,,sobol_family_b_prediction_sensitive,moderate,0.482192,,,,,,,-0.4378935317687464,-0.6948768555067549,,stress,81,20260810,1.078281,,
sobolB.idx81.case2b_prediction_inversion_boundary.stress.moderate.util1.078281.inv0.482192.s20260811,prediction_inversion_boundary,prediction_inversion_boundary_grid,sobol_pilot_v1,20260811,,sobol_family_b_prediction_sensitive,moderate,0.482192,,,,,,,-0.4433693796243597,-0.6954026183394946,,stress,81,20260810,1.078281,,
sobolB.idx81.case2b_prediction_inversion_boundary.stress.moderate.util1.078281.inv0.482192.s20260812,prediction_inversion_boundary,prediction_inversion_boundary_grid,sobol_pilot_v1,20260812,,sobol_family_b_prediction_sensitive,moderate,0.482192,,,,,,,-0.4429223744292237,-0.6969646430953969,,stress,81,20260810,1.078281,,
sobolB.idx81.case2b_prediction_inversion_boundary.stress.strong.util1.078281.inv0.482192.s20260809,prediction_inversion_boundary,prediction_inversion_boundary_grid,sobol_pilot_v1,20260809,,sobol_family_b_prediction_sensitive,strong,0.482192,,,,,,,-0.43909348441926344,-0.6967793925584238,,stress,81,20260810,1.078281,,
sobolB.idx81.case2b_prediction_inversion_boundary.stress.strong.util1.078281.inv0.482192.s20260810,prediction_inversion_boundary,prediction_inversion_boundary_grid,sobol_pilot_v1,20260810,,sobol_family_b_prediction_sensitive,strong,0.482192,,,,,,,-0.4397283531409168,-0.6968156052017338,,stress,81,20260810,1.078281,,
sobolB.idx81.case2b_prediction_inversion_boundary.stress.strong.util1.078281.inv0.482192.s20260811,prediction_inversion_boundary,prediction_inversion_boundary_grid,sobol_pilot_v1,20260811,,sobol_family_b_prediction_sensitive,strong,0.482192,,,,,,,-0.4411764705882353,-0.6968989663221072,,stress,81,20260810,1.078281,,
sobolB.idx81.case2b_prediction_inversion_boundary.stress.strong.util1.078281.inv0.482192.s20260812,prediction_inversion_boundary,prediction_inversion_boundary_grid,sobol_pilot_v1,20260812,,sobol_family_b_prediction_sensitive,strong,0.482192,,,,,,,-0.4399092970521542,-0.6968265436558663,,stress,81,20260810,1.078281,,
sobolB.idx82.case2b_prediction_inversion_boundary.stress.moderate.util0.809646.inv0.996972.s20260809,prediction_inversion_boundary,prediction_inversion_boundary_grid,sobol_pilot_v1,20260809,,sobol_family_b_prediction_sensitive,moderate,0.996972,,,,,,,-1.0,-0.9995274233452867,,stress,82,20260810,0.809646,,
sobolB.idx82.case2b_prediction_inversion_boundary.stress.moderate.util0.809646.inv0.996972.s20260810,prediction_inversion_boundary,prediction_inversion_boundary_grid,sobol_pilot_v1,20260810,,sobol_family_b_prediction_sensitive,moderate,0.996972,,,,,,,-1.0,-0.9995830321899151,,stress,82,20260810,0.809646,,
sobolB.idx82.case2b_prediction_inversion_boundary.stress.moderate.util0.809646.inv0.996972.s20260811,prediction_inversion_boundary,prediction_inversion_boundary_grid,sobol_pilot_v1,20260811,,sobol_family_b_prediction_sensitive,moderate,0.996972,,,,,,,-1.0,-0.999694249103594,,stress,82,20260810,0.809646,,
sobolB.idx82.case2b_prediction_inversion_boundary.stress.moderate.util0.809646.inv0.996972.s20260812,prediction_inversion_boundary,prediction_inversion_boundary_grid,sobol_pilot_v1,20260812,,sobol_family_b_prediction_sensitive,moderate,0.996972,,,,,,,-1.0,-0.9995552590615965,,stress,82,20260810,0.809646,,
sobolB.idx82.case2b_prediction_inversion_boundary.stress.strong.util0.809646.inv0.996972.s20260809,prediction_inversion_boundary,prediction_inversion_boundary_grid,sobol_pilot_v1,20260809,,sobol_family_b_prediction_sensitive,strong,0.996972,,,,,,,-1.0,-0.9999166365632034,,stress,82,20260810,0.809646,,
sobolB.idx82.case2b_prediction_inversion_boundary.stress.strong.util0.809646.inv0.996972.s20260810,prediction_inversion_boundary,prediction_inversion_boundary_grid,sobol_pilot_v1,20260810,,sobol_family_b_prediction_sensitive,strong,0.996972,,,,,,,-1.0,-0.999944425919751,,stress,82,20260810,0.809646,,
sobolB.idx82.case2b_prediction_inversion_boundary.stress.strong.util0.809646.inv0.996972.s20260811,prediction_inversion_boundary,prediction_inversion_boundary_grid,sobol_pilot_v1,20260811,,sobol_family_b_prediction_sensitive,strong,0.996972,,,,,,,-1.0,-0.999944425919751,,stress,82,20260810,0.809646,,
sobolB.idx82.case2b_prediction_inversion_boundary.stress.strong.util0.809646.inv0.996972.s20260812,prediction_inversion_boundary,prediction_inversion_boundary_grid,sobol_pilot_v1,20260812,,sobol_family_b_prediction_sensitive,strong,0.996972,,,,,,,-1.0,-0.999888845662202,,stress,82,20260810,0.809646,,
sobolB.idx83.case2b_prediction_inversion_boundary.stress.moderate.util0.686146.inv0.18295.s20260809,prediction_inversion_boundary,prediction_inversion_boundary_grid,sobol_pilot_v1,20260809,,sobol_family_b_prediction_sensitive,moderate,0.18295,,,,,,,0.3811965811965812,0.15695104661829704,,stress,83,20260810,0.686146,,
sobolB.idx83.case2b_prediction_inversion_boundary.stress.moderate.util0.686146.inv0.18295.s20260810,prediction_inversion_boundary,prediction_inversion_boundary_grid,sobol_pilot_v1,20260810,,sobol_family_b_prediction_sensitive,moderate,0.18295,,,,,,,0.386986301369863,0.16007394229165509,,stress,83,20260810,0.686146,,
sobolB.idx83.case2b_prediction_inversion_boundary.stress.moderate.util0.686146.inv0.18295.s20260811,prediction_inversion_boundary,prediction_inversion_boundary_grid,sobol_pilot_v1,20260811,,sobol_family_b_prediction_sensitive,moderate,0.18295,,,,,,,0.3826037521318931,0.15707257414459236,,stress,83,20260810,0.686146,,
sobolB.idx83.case2b_prediction_inversion_boundary.stress.moderate.util0.686146.inv0.18295.s20260812,prediction_inversion_boundary,prediction_inversion_boundary_grid,sobol_pilot_v1,20260812,,sobol_family_b_prediction_sensitive,moderate,0.18295,,,,,,,0.38733599543639474,0.1600928396708917,,stress,83,20260810,0.686146,,
sobolB.idx83.case2b_prediction_inversion_boundary.stress.strong.util0.686146.inv0.18295.s20260809,prediction_inversion_boundary,prediction_inversion_boundary_grid,sobol_pilot_v1,20260809,,sobol_family_b_prediction_sensitive,strong,0.18295,,,,,,,0.38505096262740657,0.15727901742295827,,stress,83,20260810,0.686146,,
sobolB.idx83.case2b_prediction_inversion_boundary.stress.strong.util0.686146.inv0.18295.s20260810,prediction_inversion_boundary,prediction_inversion_boundary_grid,sobol_pilot_v1,20260810,,sobol_family_b_prediction_sensitive,strong,0.18295,,,,,,,0.3834841628959276,0.15721907302434143,,stress,83,20260810,0.686146,,
sobolB.idx83.case2b_prediction_inversion_boundary.stress.strong.util0.686146.inv0.18295.s20260811,prediction_inversion_boundary,prediction_inversion_boundary_grid,sobol_pilot_v1,20260811,,sobol_family_b_prediction_sensitive,strong,0.18295,,,,,,,0.3834841628959276,0.15721907302434143,,stress,83,20260810,0.686146,,
sobolB.idx83.case2b_prediction_inversion_boundary.stress.strong.util0.686146.inv0.18295.s20260812,prediction_inversion_boundary,prediction_inversion_boundary_grid,sobol_pilot_v1,20260812,,sobol_family_b_prediction_sensitive,strong,0.18295,,,,,,,0.38470254957507083,0.15725559939976658,,stress,83,20260810,0.686146,,
sobolB.idx84.case2b_prediction_inversion_boundary.stress.moderate.util0.756605.inv0.850265.s20260809,prediction_inversion_boundary,prediction_inversion_boundary_grid,sobol_pilot_v1,20260809,,sobol_family_b_prediction_sensitive,moderate,0.850265,,,,,,,-0.969054441260745,-0.9941622883829537,,stress,84,20260810,0.756605,,
sobolB.idx84.case2b_prediction_inversion_boundary.stress.moderate.util0.756605.inv0.850265.s20260810,prediction_inversion_boundary,prediction_inversion_boundary_grid,sobol_pilot_v1,20260810,,sobol_family_b_prediction_sensitive,moderate,0.850265,,,,,,,-0.969054441260745,-0.9949963862789794,,stress,84,20260810,0.756605,,
sobolB.idx84.case2b_prediction_inversion_boundary.stress.moderate.util0.756605.inv0.850265.s20260811,prediction_inversion_boundary,prediction_inversion_boundary_grid,sobol_pilot_v1,20260811,,sobol_family_b_prediction_sensitive,moderate,0.850265,,,,,,,-0.9714774671990872,-0.9953581454818355,,stress,84,20260810,0.756605,,
sobolB.idx84.case2b_prediction_inversion_boundary.stress.moderate.util0.756605.inv0.850265.s20260812,prediction_inversion_boundary,prediction_inversion_boundary_grid,sobol_pilot_v1,20260812,,sobol_family_b_prediction_sensitive,moderate,0.850265,,,,,,,-0.9679266895761741,-0.994482432732933,,stress,84,20260810,0.756605,,
sobolB.idx84.case2b_prediction_inversion_boundary.stress.strong.util0.756605.inv0.850265.s20260809,prediction_inversion_boundary,prediction_inversion_boundary_grid,sobol_pilot_v1,20260809,,sobol_family_b_prediction_sensitive,strong,0.850265,,,,,,,-0.9682539682539683,-0.9952482841025926,,stress,84,20260810,0.756605,,
sobolB.idx84.case2b_prediction_inversion_boundary.stress.strong.util0.756605.inv0.850265.s20260810,prediction_inversion_boundary,prediction_inversion_boundary_grid,sobol_pilot_v1,20260810,,sobol_family_b_prediction_sensitive,strong,0.850265,,,,,,,-0.969439728353141,-0.9953595642992106,,stress,84,20260810,0.756605,,
sobolB.idx84.case2b_prediction_inversion_boundary.stress.strong.util0.756605.inv0.850265.s20260811,prediction_inversion_boundary,prediction_inversion_boundary_grid,sobol_pilot_v1,20260811,,sobol_family_b_prediction_sensitive,strong,0.850265,,,,,,,-0.969439728353141,-0.9953595642992106,,stress,84,20260810,0.756605,,
sobolB.idx84.case2b_prediction_inversion_boundary.stress.strong.util0.756605.inv0.850265.s20260812,prediction_inversion_boundary,prediction_inversion_boundary_grid,sobol_pilot_v1,20260812,,sobol_family_b_prediction_sensitive,strong,0.850265,,,,,,,-0.9682179341657208,-0.9952203634746847,,stress,84,20260810,0.756605,,
sobolB.idx85.case2b_prediction_inversion_boundary.stress.moderate.util0.889188.inv0.032329.s20260809,prediction_inversion_boundary,prediction_inversion_boundary_grid,sobol_pilot_v1,20260809,,sobol_family_b_prediction_sensitive,moderate,0.032329,,,,,,,0.8667425968109339,0.8064659605815472,,stress,85,20260810,0.889188,,
sobolB.idx85.case2b_prediction_inversion_boundary.stress.moderate.util0.889188.inv0.032329.s20260810,prediction_inversion_boundary,prediction_inversion_boundary_grid,sobol_pilot_v1,20260810,,sobol_family_b_prediction_sensitive,moderate,0.032329,,,,,,,0.8710781517398745,0.8129760382498472,,stress,85,20260810,0.889188,,
sobolB.idx85.case2b_prediction_inversion_boundary.stress.moderate.util0.889188.inv0.032329.s20260811,prediction_inversion_boundary,prediction_inversion_boundary_grid,sobol_pilot_v1,20260811,,sobol_family_b_prediction_sensitive,moderate,0.032329,,,,,,,0.8669698692438885,0.8064874781110153,,stress,85,20260810,0.889188,,
sobolB.idx85.case2b_prediction_inversion_boundary.stress.moderate.util0.889188.inv0.032329.s20260812,prediction_inversion_boundary,prediction_inversion_boundary_grid,sobol_pilot_v1,20260812,,sobol_family_b_prediction_sensitive,moderate,0.032329,,,,,,,0.8712250712250712,0.8129864354013786,,stress,85,20260810,0.889188,,
sobolB.idx85.case2b_prediction_inversion_boundary.stress.strong.util0.889188.inv0.032329.s20260809,prediction_inversion_boundary,prediction_inversion_boundary_grid,sobol_pilot_v1,20260809,,sobol_family_b_prediction_sensitive,strong,0.032329,,,,,,,0.8675721561969439,0.8065412510073081,,stress,85,20260810,0.889188,,
sobolB.idx85.case2b_prediction_inversion_boundary.stress.strong.util0.889188.inv0.032329.s20260810,prediction_inversion_boundary,prediction_inversion_boundary_grid,sobol_pilot_v1,20260810,,sobol_family_b_prediction_sensitive,strong,0.032329,,,,,,,0.8676470588235294,0.8065466266533289,,stress,85,20260810,0.889188,,
sobolB.idx85.case2b_prediction_inversion_boundary.stress.strong.util0.889188.inv0.032329.s20260811,prediction_inversion_boundary,prediction_inversion_boundary_grid,sobol_pilot_v1,20260811,,sobol_family_b_prediction_sensitive,strong,0.032329,,,,,,,0.8676470588235294,0.8065466266533289,,stress,85,20260810,0.889188,,
sobolB.idx85.case2b_prediction_inversion_boundary.stress.strong.util0.889188.inv0.032329.s20260812,prediction_inversion_boundary,prediction_inversion_boundary_grid,sobol_pilot_v1,20260812,,sobol_family_b_prediction_sensitive,strong,0.032329,,,,,,,0.8696883852691218,0.8098010337353416,,stress,85,20260810,0.889188,,
sobolB.idx86.case2b_prediction_inversion_boundary.stress.moderate.util0.998446.inv0.547116.s20260809,prediction_inversion_boundary,prediction_inversion_boundary_grid,sobol_pilot_v1,20260809,,sobol_family_b_prediction_sensitive,moderate,0.547116,,,,,,,-0.5734705546026301,-0.7969310316070385,,stress,86,20260810,0.998446,,
sobolB.idx86.case2b_prediction_inversion_boundary.stress.moderate.util0.998446.inv0.547116.s20260810,prediction_inversion_boundary,prediction_inversion_boundary_grid,sobol_pilot_v1,20260810,,sobol_family_b_prediction_sensitive,moderate,0.547116,,,,,,,-0.5729822552947911,-0.7967976872185468,,stress,86,20260810,0.998446,,
sobolB.idx86.case2b_prediction_inversion_boundary.stress.moderate.util0.998446.inv0.547116.s20260811,prediction_inversion_boundary,prediction_inversion_boundary_grid,sobol_pilot_v1,20260811,,sobol_family_b_prediction_sensitive,moderate,0.547116,,,,,,,-0.5776892430278885,-0.7973149512188342,,stress,86,20260810,0.998446,,
sobolB.idx86.case2b_prediction_inversion_boundary.stress.moderate.util0.998446.inv0.547116.s20260812,prediction_inversion_boundary,prediction_inversion_boundary_grid,sobol_pilot_v1,20260812,,sobol_family_b_prediction_sensitive,moderate,0.547116,,,,,,,-0.5776255707762558,-0.7971425394707582,,stress,86,20260810,0.998446,,
sobolB.idx86.case2b_prediction_inversion_boundary.stress.strong.util0.998446.inv0.547116.s20260809,prediction_inversion_boundary,prediction_inversion_boundary_grid,sobol_pilot_v1,20260809,,sobol_family_b_prediction_sensitive,strong,0.547116,,,,,,,-0.5728045325779036,-0.7969266679634313,,stress,86,20260810,0.998446,,
sobolB.idx86.case2b_prediction_inversion_boundary.stress.strong.util0.998446.inv0.547116.s20260810,prediction_inversion_boundary,prediction_inversion_boundary_grid,sobol_pilot_v1,20260810,,sobol_family_b_prediction_sensitive,strong,0.547116,,,,,,,-0.5732880588568194,-0.7969600978103811,,stress,86,20260810,0.998446,,
sobolB.idx86.case2b_prediction_inversion_boundary.stress.strong.util0.998446.inv0.547116.s20260811,prediction_inversion_boundary,prediction_inversion_boundary_grid,sobol_pilot_v1,20260811,,sobol_family_b_prediction_sensitive,strong,0.547116,,,,,,,-0.5746606334841629,-0.7970434589307547,,stress,86,20260810,0.998446,,
sobolB.idx86.case2b_prediction_inversion_boundary.stress.strong.util0.998446.inv0.547116.s20260812,prediction_inversion_boundary,prediction_inversion_boundary_grid,sobol_pilot_v1,20260812,,sobol_family_b_prediction_sensitive,strong,0.547116,,,,,,,-0.5736961451247166,-0.7969766020118937,,stress,86,20260810,0.998446,,
sobolB.idx87.case2b_prediction_inversion_boundary.stress.moderate.util0.574654.inv0.366754.s20260809,prediction_inversion_boundary,prediction_inversion_boundary_grid,sobol_pilot_v1,20260809,,sobol_family_b_prediction_sensitive,moderate,0.366754,,,,,,,-0.20342857142857143,-0.48789369805131616,,stress,87,20260810,0.574654,,
sobolB.idx87.case2b_prediction_inversion_boundary.stress.moderate.util0.574654.inv0.366754.s20260810,prediction_inversion_boundary,prediction_inversion_boundary_grid,sobol_pilot_v1,20260810,,sobol_family_b_prediction_sensitive,moderate,0.366754,,,,,,,-0.20411663807890223,-0.49204981375437823,,stress,87,20260810,0.574654,,
sobolB.idx87.case2b_prediction_inversion_boundary.stress.moderate.util0.574654.inv0.366754.s20260811,prediction_inversion_boundary,prediction_inversion_boundary_grid,sobol_pilot_v1,20260811,,sobol_family_b_prediction_sensitive,moderate,0.366754,,,,,,,-0.20932878270762229,-0.4924813075020152,,stress,87,20260810,0.574654,,
sobolB.idx87.case2b_prediction_inversion_boundary.stress.moderate.util0.574654.inv0.366754.s20260812,prediction_inversion_boundary,prediction_inversion_boundary_grid,sobol_pilot_v1,20260812,,sobol_family_b_prediction_sensitive,moderate,0.366754,,,,,,,-0.20662100456621005,-0.49221703357794083,,stress,87,20260810,0.574654,,
sobolB.idx87.case2b_prediction_inversion_boundary.stress.strong.util0.574654.inv0.366754.s20260809,prediction_inversion_boundary,prediction_inversion_boundary_grid,sobol_pilot_v1,20260809,,sobol_family_b_prediction_sensitive,strong,0.366754,,,,,,,-0.20453257790368273,-0.49209436741045365,,stress,87,20260810,0.574654,,
sobolB.idx87.case2b_prediction_inversion_boundary.stress.strong.util0.574654.inv0.366754.s20260810,prediction_inversion_boundary,prediction_inversion_boundary_grid,sobol_pilot_v1,20260810,,sobol_family_b_prediction_sensitive,strong,0.366754,,,,,,,-0.20543293718166383,-0.4921362676447704,,stress,87,20260810,0.574654,,
sobolB.idx87.case2b_prediction_inversion_boundary.stress.strong.util0.574654.inv0.366754.s20260811,prediction_inversion_boundary,prediction_inversion_boundary_grid,sobol_pilot_v1,20260811,,sobol_family_b_prediction_sensitive,strong,0.366754,,,,,,,-0.20701357466063347,-0.49221962876514397,,stress,87,20260810,0.574654,,
sobolB.idx87.case2b_prediction_inversion_boundary.stress.strong.util0.574654.inv0.366754.s20260812,prediction_inversion_boundary,prediction_inversion_boundary_grid,sobol_pilot_v1,20260812,,sobol_family_b_prediction_sensitive,strong,0.366754,,,,,,,-0.20521541950113378,-0.4921358306007892,,stress,87,20260810,0.574654,,
sobolB.idx88.case2b_prediction_inversion_boundary.stress.moderate.util0.508277.inv0.875533.s20260809,prediction_inversion_boundary,prediction_inversion_boundary_grid,sobol_pilot_v1,20260809,,sobol_family_b_prediction_sensitive,moderate,0.875533,,,,,,,-0.969054441260745,-0.9941622883829537,,stress,88,20260810,0.508277,,
sobolB.idx88.case2b_prediction_inversion_boundary.stress.moderate.util0.508277.inv0.875533.s20260810,prediction_inversion_boundary,prediction_inversion_boundary_grid,sobol_pilot_v1,20260810,,sobol_family_b_prediction_sensitive,moderate,0.875533,,,,,,,-0.969054441260745,-0.9949963862789794,,stress,88,20260810,0.508277,,
sobolB.idx88.case2b_prediction_inversion_boundary.stress.moderate.util0.508277.inv0.875533.s20260811,prediction_inversion_boundary,prediction_inversion_boundary_grid,sobol_pilot_v1,20260811,,sobol_family_b_prediction_sensitive,moderate,0.875533,,,,,,,-0.9714774671990872,-0.9953581454818355,,stress,88,20260810,0.508277,,
sobolB.idx88.case2b_prediction_inversion_boundary.stress.moderate.util0.508277.inv0.875533.s20260812,prediction_inversion_boundary,prediction_inversion_boundary_grid,sobol_pilot_v1,20260812,,sobol_family_b_prediction_sensitive,moderate,0.875533,,,,,,,-0.9679266895761741,-0.994482432732933,,stress,88,20260810,0.508277,,
sobolB.idx88.case2b_prediction_inversion_boundary.stress.strong.util0.508277.inv0.875533.s20260809,prediction_inversion_boundary,prediction_inversion_boundary_grid,sobol_pilot_v1,20260809,,sobol_family_b_prediction_sensitive,strong,0.875533,,,,,,,-0.9682539682539683,-0.9952482841025926,,stress,88,20260810,0.508277,,
sobolB.idx88.case2b_prediction_inversion_boundary.stress.strong.util0.508277.inv0.875533.s20260810,prediction_inversion_boundary,prediction_inversion_boundary_grid,sobol_pilot_v1,20260810,,sobol_family_b_prediction_sensitive,strong,0.875533,,,,,,,-0.969439728353141,-0.9953595642992106,,stress,88,20260810,0.508277,,
sobolB.idx88.case2b_prediction_inversion_boundary.stress.strong.util0.508277.inv0.875533.s20260811,prediction_inversion_boundary,prediction_inversion_boundary_grid,sobol_pilot_v1,20260811,,sobol_family_b_prediction_sensitive,strong,0.875533,,,,,,,-0.969439728353141,-0.9953595642992106,,stress,88,20260810,0.508277,,
sobolB.idx88.case2b_prediction_inversion_boundary.stress.strong.util0.508277.inv0.875533.s20260812,prediction_inversion_boundary,prediction_inversion_boundary_grid,sobol_pilot_v1,20260812,,sobol_family_b_prediction_sensitive,strong,0.875533,,,,,,,-0.9682179341657208,-0.9952203634746847,,stress,88,20260810,0.508277,,
sobolB.idx89.case2b_prediction_inversion_boundary.stress.moderate.util0.971036.inv0.19456.s20260809,prediction_inversion_boundary,prediction_inversion_boundary_grid,sobol_pilot_v1,20260809,,sobol_family_b_prediction_sensitive,moderate,0.19456,,,,,,,0.27438676554478036,0.02885497456425652,,stress,89,20260810,0.971036,,
sobolB.idx89.case2b_prediction_inversion_boundary.stress.moderate.util0.971036.inv0.19456.s20260810,prediction_inversion_boundary,prediction_inversion_boundary_grid,sobol_pilot_v1,20260810,,sobol_family_b_prediction_sensitive,moderate,0.19456,,,,,,,0.2781267846944603,0.026588647356424085,,stress,89,20260810,0.971036,,
sobolB.idx89.case2b_prediction_inversion_boundary.stress.moderate.util0.971036.inv0.19456.s20260811,prediction_inversion_boundary,prediction_inversion_boundary_grid,sobol_pilot_v1,20260811,,sobol_family_b_prediction_sensitive,moderate,0.19456,,,,,,,0.27231381466742466,0.023598410095338685,,stress,89,20260810,0.971036,,
sobolB.idx89.case2b_prediction_inversion_boundary.stress.moderate.util0.971036.inv0.19456.s20260812,prediction_inversion_boundary,prediction_inversion_boundary_grid,sobol_pilot_v1,20260812,,sobol_family_b_prediction_sensitive,moderate,0.19456,,,,,,,0.2766685681688534,0.02387702913053146,,stress,89,20260810,0.971036,,
sobolB.idx89.case2b_prediction_inversion_boundary.stress.strong.util0.971036.inv0.19456.s20260809,prediction_inversion_boundary,prediction_inversion_boundary_grid,sobol_pilot_v1,20260809,,sobol_family_b_prediction_sensitive,strong,0.19456,,,,,,,0.27519818799546997,0.023841942923833608,,stress,89,20260810,0.971036,,
sobolB.idx89.case2b_prediction_inversion_boundary.stress.strong.util0.971036.inv0.19456.s20260810,prediction_inversion_boundary,prediction_inversion_boundary_grid,sobol_pilot_v1,20260810,,sobol_family_b_prediction_sensitive,strong,0.19456,,,,,,,0.2737556561085973,0.02378570634655996,,stress,89,20260810,0.971036,,
sobolB.idx89.case2b_prediction_inversion_boundary.stress.strong.util0.971036.inv0.19456.s20260811,prediction_inversion_boundary,prediction_inversion_boundary_grid,sobol_pilot_v1,20260811,,sobol_family_b_prediction_sensitive,strong,0.19456,,,,,,,0.2737556561085973,0.02378570634655996,,stress,89,20260810,0.971036,,
sobolB.idx89.case2b_prediction_inversion_boundary.stress.strong.util0.971036.inv0.19456.s20260812,prediction_inversion_boundary,prediction_inversion_boundary_grid,sobol_pilot_v1,20260812,,sobol_family_b_prediction_sensitive,strong,0.19456,,,,,,,0.2747875354107649,0.023814816873228478,,stress,89,20260810,0.971036,,
sobolB.idx90.case2b_prediction_inversion_boundary.stress.moderate.util0.936813.inv0.709103.s20260809,prediction_inversion_boundary,prediction_inversion_boundary_grid,sobol_pilot_v1,20260809,,sobol_family_b_prediction_sensitive,moderate,0.709103,,,,,,,-0.8307604345340195,-0.9462096572429319,,stress,90,20260810,0.936813,,
sobolB.idx90.case2b_prediction_inversion_boundary.stress.moderate.util0.936813.inv0.709103.s20260810,prediction_inversion_boundary,prediction_inversion_boundary_grid,sobol_pilot_v1,20260810,,sobol_family_b_prediction_sensitive,moderate,0.709103,,,,,,,-0.8293241695303551,-0.9450297437037861,,stress,90,20260810,0.936813,,
sobolB.idx90.case2b_prediction_inversion_boundary.stress.moderate.util0.936813.inv0.709103.s20260811,prediction_inversion_boundary,prediction_inversion_boundary_grid,sobol_pilot_v1,20260811,,sobol_family_b_prediction_sensitive,moderate,0.709103,,,,,,,-0.8288648031945237,-0.945201100703227,,stress,90,20260810,0.936813,,
sobolB.idx90.case2b_prediction_inversion_boundary.stress.moderate.util0.936813.inv0.709103.s20260812,prediction_inversion_boundary,prediction_inversion_boundary_grid,sobol_pilot_v1,20260812,,sobol_family_b_prediction_sensitive,moderate,0.709103,,,,,,,-0.8295194508009154,-0.9441572159217256,,stress,90,20260810,0.936813,,
sobolB.idx90.case2b_prediction_inversion_boundary.stress.strong.util0.936813.inv0.709103.s20260809,prediction_inversion_boundary,prediction_inversion_boundary_grid,sobol_pilot_v1,20260809,,sobol_family_b_prediction_sensitive,strong,0.709103,,,,,,,-0.8277620396600567,-0.9461472198293828,,stress,90,20260810,0.936813,,
sobolB.idx90.case2b_prediction_inversion_boundary.stress.strong.util0.936813.inv0.709103.s20260810,prediction_inversion_boundary,prediction_inversion_boundary_grid,sobol_pilot_v1,20260810,,sobol_family_b_prediction_sensitive,strong,0.709103,,,,,,,-0.8279569892473119,-0.9461765032788705,,stress,90,20260810,0.936813,,
sobolB.idx90.case2b_prediction_inversion_boundary.stress.strong.util0.936813.inv0.709103.s20260811,prediction_inversion_boundary,prediction_inversion_boundary_grid,sobol_pilot_v1,20260811,,sobol_family_b_prediction_sensitive,strong,0.709103,,,,,,,-0.8279569892473119,-0.9461765032788705,,stress,90,20260810,0.936813,,
sobolB.idx90.case2b_prediction_inversion_boundary.stress.strong.util0.936813.inv0.709103.s20260812,prediction_inversion_boundary,prediction_inversion_boundary_grid,sobol_pilot_v1,20260812,,sobol_family_b_prediction_sensitive,strong,0.709103,,,,,,,-0.8275666477595008,-0.9451592285888958,,stress,90,20260810,0.936813,,
sobolB.idx91.case2b_prediction_inversion_boundary.stress.moderate.util0.765267.inv0.392266.s20260809,prediction_inversion_boundary,prediction_inversion_boundary_grid,sobol_pilot_v1,20260809,,sobol_family_b_prediction_sensitive,moderate,0.392266,,,,,,,-0.28685714285714287,-0.5681761320990741,,stress,91,20260810,0.765267,,
sobolB.idx91.case2b_prediction_inversion_boundary.stress.moderate.util0.765267.inv0.392266.s20260810,prediction_inversion_boundary,prediction_inversion_boundary_grid,sobol_pilot_v1,20260810,,sobol_family_b_prediction_sensitive,moderate,0.392266,,,,,,,-0.2875929102344197,-0.5681603380219048,,stress,91,20260810,0.765267,,
sobolB.idx91.case2b_prediction_inversion_boundary.stress.moderate.util0.765267.inv0.392266.s20260811,prediction_inversion_boundary,prediction_inversion_boundary_grid,sobol_pilot_v1,20260811,,sobol_family_b_prediction_sensitive,moderate,0.392266,,,,,,,-0.2923777019340159,-0.5685854851710815,,stress,91,20260810,0.765267,,
sobolB.idx91.case2b_prediction_inversion_boundary.stress.moderate.util0.765267.inv0.392266.s20260812,prediction_inversion_boundary,prediction_inversion_boundary_grid,sobol_pilot_v1,20260812,,sobol_family_b_prediction_sensitive,moderate,0.392266,,,,,,,-0.2899543378995434,-0.5683233266622193,,stress,91,20260810,0.765267,,
sobolB.idx91.case2b_prediction_inversion_boundary.stress.strong.util0.765267.inv0.392266.s20260809,prediction_inversion_boundary,prediction_inversion_boundary_grid,sobol_pilot_v1,20260809,,sobol_family_b_prediction_sensitive,strong,0.392266,,,,,,,-0.28725212464589234,-0.5681773973935031,,stress,91,20260810,0.765267,,
sobolB.idx91.case2b_prediction_inversion_boundary.stress.strong.util0.765267.inv0.392266.s20260810,prediction_inversion_boundary,prediction_inversion_boundary_grid,sobol_pilot_v1,20260810,,sobol_family_b_prediction_sensitive,strong,0.392266,,,,,,,-0.288058856819468,-0.5682171835056129,,stress,91,20260810,0.765267,,
sobolB.idx91.case2b_prediction_inversion_boundary.stress.strong.util0.765267.inv0.392266.s20260811,prediction_inversion_boundary,prediction_inversion_boundary_grid,sobol_pilot_v1,20260811,,sobol_family_b_prediction_sensitive,strong,0.392266,,,,,,,-0.2895927601809955,-0.5683005446259863,,stress,91,20260810,0.765267,,
sobolB.idx91.case2b_prediction_inversion_boundary.stress.strong.util0.765267.inv0.392266.s20260812,prediction_inversion_boundary,prediction_inversion_boundary_grid,sobol_pilot_v1,20260812,,sobol_family_b_prediction_sensitive,strong,0.392266,,,,,,,-0.28798185941043086,-0.5682209748235425,,stress,91,20260810,0.765267,,
sobolB.idx92.case2b_prediction_inversion_boundary.stress.moderate.util0.6951.inv0.574534.s20260809,prediction_inversion_boundary,prediction_inversion_boundary_grid,sobol_pilot_v1,20260809,,sobol_family_b_prediction_sensitive,moderate,0.574534,,,,,,,-0.6340766152086906,-0.8374614294053873,,stress,92,20260810,0.6951,,
sobolB.idx92.case2b_prediction_inversion_boundary.stress.moderate.util0.6951.inv0.574534.s20260810,prediction_inversion_boundary,prediction_inversion_boundary_grid,sobol_pilot_v1,20260810,,sobol_family_b_prediction_sensitive,moderate,0.574534,,,,,,,-0.6336576989124213,-0.8373269583588147,,stress,92,20260810,0.6951,,
sobolB.idx92.case2b_prediction_inversion_boundary.stress.moderate.util0.6951.inv0.574534.s20260811,prediction_inversion_boundary,prediction_inversion_boundary_grid,sobol_pilot_v1,20260811,,sobol_family_b_prediction_sensitive,moderate,0.574534,,,,,,,-0.6353276353276354,-0.8348945159407398,,stress,92,20260810,0.6951,,
sobolB.idx92.case2b_prediction_inversion_boundary.stress.moderate.util0.6951.inv0.574534.s20260812,prediction_inversion_boundary,prediction_inversion_boundary_grid,sobol_pilot_v1,20260812,,sobol_family_b_prediction_sensitive,moderate,0.574534,,,,,,,-0.6367789834380354,-0.8361824549699798,,stress,92,20260810,0.6951,,
sobolB.idx92.case2b_prediction_inversion_boundary.stress.strong.util0.6951.inv0.574534.s20260809,prediction_inversion_boundary,prediction_inversion_boundary_grid,sobol_pilot_v1,20260809,,sobol_family_b_prediction_sensitive,strong,0.574534,,,,,,,-0.6328611898016997,-0.8374412982465891,,stress,92,20260810,0.6951,,
sobolB.idx92.case2b_prediction_inversion_boundary.stress.strong.util0.6951.inv0.574534.s20260810,prediction_inversion_boundary,prediction_inversion_boundary_grid,sobol_pilot_v1,20260810,,sobol_family_b_prediction_sensitive,strong,0.574534,,,,,,,-0.633276740237691,-0.8374736023118816,,stress,92,20260810,0.6951,,
sobolB.idx92.case2b_prediction_inversion_boundary.stress.strong.util0.6951.inv0.574534.s20260811,prediction_inversion_boundary,prediction_inversion_boundary_grid,sobol_pilot_v1,20260811,,sobol_family_b_prediction_sensitive,strong,0.574534,,,,,,,-0.6346153846153846,-0.8375569634322552,,stress,92,20260810,0.6951,,
sobolB.idx92.case2b_prediction_inversion_boundary.stress.strong.util0.6951.inv0.574534.s20260812,prediction_inversion_boundary,prediction_inversion_boundary_grid,sobol_pilot_v1,20260812,,sobol_family_b_prediction_sensitive,strong,0.574534,,,,,,,-0.6337868480725624,-0.8374923581392765,,stress,92,20260810,0.6951,,
sobolB.idx93.case2b_prediction_inversion_boundary.stress.moderate.util0.856979.inv0.261611.s20260809,prediction_inversion_boundary,prediction_inversion_boundary_grid,sobol_pilot_v1,20260809,,sobol_family_b_prediction_sensitive,moderate,0.261611,,,,,,,0.06902452937820878,-0.21157534817779997,,stress,93,20260810,0.856979,,
sobolB.idx93.case2b_prediction_inversion_boundary.stress.moderate.util0.856979.inv0.261611.s20260810,prediction_inversion_boundary,prediction_inversion_boundary_grid,sobol_pilot_v1,20260810,,sobol_family_b_prediction_sensitive,moderate,0.261611,,,,,,,0.07024557395773844,-0.21143047756713185,,stress,93,20260810,0.856979,,
sobolB.idx93.case2b_prediction_inversion_boundary.stress.moderate.util0.856979.inv0.261611.s20260811,prediction_inversion_boundary,prediction_inversion_boundary_grid,sobol_pilot_v1,20260811,,sobol_family_b_prediction_sensitive,moderate,0.261611,,,,,,,0.06537805571347356,-0.2117741890652361,,stress,93,20260810,0.856979,,
sobolB.idx93.case2b_prediction_inversion_boundary.stress.moderate.util0.856979.inv0.261611.s20260812,prediction_inversion_boundary,prediction_inversion_boundary_grid,sobol_pilot_v1,20260812,,sobol_family_b_prediction_sensitive,moderate,0.261611,,,,,,,0.07077625570776255,-0.2090143428952635,,stress,93,20260810,0.856979,,
sobolB.idx93.case2b_prediction_inversion_boundary.stress.strong.util0.856979.inv0.261611.s20260809,prediction_inversion_boundary,prediction_inversion_boundary_grid,sobol_pilot_v1,20260809,,sobol_family_b_prediction_sensitive,strong,0.261611,,,,,,,0.0708215297450425,-0.21138188790396528,,stress,93,20260810,0.856979,,
sobolB.idx93.case2b_prediction_inversion_boundary.stress.strong.util0.856979.inv0.261611.s20260810,prediction_inversion_boundary,prediction_inversion_boundary_grid,sobol_pilot_v1,20260810,,sobol_family_b_prediction_sensitive,strong,0.261611,,,,,,,0.06787330316742081,-0.21151494942758695,,stress,93,20260810,0.856979,,
sobolB.idx93.case2b_prediction_inversion_boundary.stress.strong.util0.856979.inv0.261611.s20260811,prediction_inversion_boundary,prediction_inversion_boundary_grid,sobol_pilot_v1,20260811,,sobol_family_b_prediction_sensitive,strong,0.261611,,,,,,,0.06787330316742081,-0.21151494942758695,,stress,93,20260810,0.856979,,
sobolB.idx93.case2b_prediction_inversion_boundary.stress.strong.util0.856979.inv0.261611.s20260812,prediction_inversion_boundary,prediction_inversion_boundary_grid,sobol_pilot_v1,20260812,,sobol_family_b_prediction_sensitive,strong,0.261611,,,,,,,0.07029478458049887,-0.21141555049185795,,stress,93,20260810,0.856979,,
sobolB.idx94.case2b_prediction_inversion_boundary.stress.moderate.util1.050575.inv0.776147.s20260809,prediction_inversion_boundary,prediction_inversion_boundary_grid,sobol_pilot_v1,20260809,,sobol_family_b_prediction_sensitive,moderate,0.776147,,,,,,,-0.9004576659038902,-0.9747032496594666,,stress,94,20260810,1.050575,,
sobolB.idx94.case2b_prediction_inversion_boundary.stress.moderate.util1.050575.inv0.776147.s20260810,prediction_inversion_boundary,prediction_inversion_boundary_grid,sobol_pilot_v1,20260810,,sobol_family_b_prediction_sensitive,moderate,0.776147,,,,,,,-0.8979357798165137,-0.9729526880524825,,stress,94,20260810,1.050575,,
sobolB.idx94.case2b_prediction_inversion_boundary.stress.moderate.util1.050575.inv0.776147.s20260811,prediction_inversion_boundary,prediction_inversion_boundary_grid,sobol_pilot_v1,20260811,,sobol_family_b_prediction_sensitive,moderate,0.776147,,,,,,,-0.8996006845407872,-0.9747338577424466,,stress,94,20260810,1.050575,,
sobolB.idx94.case2b_prediction_inversion_boundary.stress.moderate.util1.050575.inv0.776147.s20260812,prediction_inversion_boundary,prediction_inversion_boundary_grid,sobol_pilot_v1,20260812,,sobol_family_b_prediction_sensitive,moderate,0.776147,,,,,,,-0.89937106918239,-0.9738575717144763,,stress,94,20260810,1.050575,,
sobolB.idx94.case2b_prediction_inversion_boundary.stress.strong.util1.050575.inv0.776147.s20260809,prediction_inversion_boundary,prediction_inversion_boundary_grid,sobol_pilot_v1,20260809,,sobol_family_b_prediction_sensitive,strong,0.776147,,,,,,,-0.8980169971671388,-0.9747130908383581,,stress,94,20260810,1.050575,,
sobolB.idx94.case2b_prediction_inversion_boundary.stress.strong.util1.050575.inv0.776147.s20260810,prediction_inversion_boundary,prediction_inversion_boundary_grid,sobol_pilot_v1,20260810,,sobol_family_b_prediction_sensitive,strong,0.776147,,,,,,,-0.8981324278438031,-0.9747415805268421,,stress,94,20260810,1.050575,,
sobolB.idx94.case2b_prediction_inversion_boundary.stress.strong.util1.050575.inv0.776147.s20260811,prediction_inversion_boundary,prediction_inversion_boundary_grid,sobol_pilot_v1,20260811,,sobol_family_b_prediction_sensitive,strong,0.776147,,,,,,,-0.8981324278438031,-0.9747415805268421,,stress,94,20260810,1.050575,,
sobolB.idx94.case2b_prediction_inversion_boundary.stress.strong.util1.050575.inv0.776147.s20260812,prediction_inversion_boundary,prediction_inversion_boundary_grid,sobol_pilot_v1,20260812,,sobol_family_b_prediction_sensitive,strong,0.776147,,,,,,,-0.8967082860385925,-0.9738648363252377,,stress,94,20260810,1.050575,,
sobolB.idx95.case2b_prediction_inversion_boundary.stress.moderate.util0.578737.inv0.091275.s20260809,prediction_inversion_boundary,prediction_inversion_boundary_grid,sobol_pilot_v1,20260809,,sobol_family_b_prediction_sensitive,moderate,0.091275,,,,,,,0.6138952164009112,0.4576487921496677,,stress,95,20260810,0.578737,,
sobolB.idx95.case2b_prediction_inversion_boundary.stress.moderate.util0.578737.inv0.091275.s20260810,prediction_inversion_boundary,prediction_inversion_boundary_grid,sobol_pilot_v1,20260810,,sobol_family_b_prediction_sensitive,moderate,0.091275,,,,,,,0.6200798630918426,0.4580252404514372,,stress,95,20260810,0.578737,,
sobolB.idx95.case2b_prediction_inversion_boundary.stress.moderate.util0.578737.inv0.091275.s20260811,prediction_inversion_boundary,prediction_inversion_boundary_grid,sobol_pilot_v1,20260811,,sobol_family_b_prediction_sensitive,moderate,0.091275,,,,,,,0.6168277430358158,0.4578202740639853,,stress,95,20260810,0.578737,,
sobolB.idx95.case2b_prediction_inversion_boundary.stress.moderate.util0.578737.inv0.091275.s20260812,prediction_inversion_boundary,prediction_inversion_boundary_grid,sobol_pilot_v1,20260812,,sobol_family_b_prediction_sensitive,moderate,0.091275,,,,,,,0.6202964652223489,0.4580275739381809,,stress,95,20260810,0.578737,,
sobolB.idx95.case2b_prediction_inversion_boundary.stress.strong.util0.578737.inv0.091275.s20260809,prediction_inversion_boundary,prediction_inversion_boundary_grid,sobol_pilot_v1,20260809,,sobol_family_b_prediction_sensitive,strong,0.091275,,,,,,,0.6162988115449916,0.45785978269930805,,stress,95,20260810,0.578737,,
sobolB.idx95.case2b_prediction_inversion_boundary.stress.strong.util0.578737.inv0.091275.s20260810,prediction_inversion_boundary,prediction_inversion_boundary_grid,sobol_pilot_v1,20260810,,sobol_family_b_prediction_sensitive,strong,0.091275,,,,,,,0.6165158371040724,0.45787484717127924,,stress,95,20260810,0.578737,,
sobolB.idx95.case2b_prediction_inversion_boundary.stress.strong.util0.578737.inv0.091275.s20260811,prediction_inversion_boundary,prediction_inversion_boundary_grid,sobol_pilot_v1,20260811,,sobol_family_b_prediction_sensitive,strong,0.091275,,,,,,,0.6165158371040724,0.45787484717127924,,stress,95,20260810,0.578737,,
sobolB.idx95.case2b_prediction_inversion_boundary.stress.strong.util0.578737.inv0.091275.s20260812,prediction_inversion_boundary,prediction_inversion_boundary_grid,sobol_pilot_v1,20260812,,sobol_family_b_prediction_sensitive,strong,0.091275,,,,,,,0.6181303116147309,0.4579280831434447,,stress,95,20260810,0.578737,,
sobolB.idx96.case2b_prediction_inversion_boundary.stress.moderate.util0.593205.inv0.622175.s20260809,prediction_inversion_boundary,prediction_inversion_boundary_grid,sobol_pilot_v1,20260809,,sobol_family_b_prediction_sensitive,moderate,0.622175,,,,,,,-0.7415666094911378,-0.9016206599393988,,stress,96,20260810,0.593205,,
sobolB.idx96.case2b_prediction_inversion_boundary.stress.moderate.util0.593205.inv0.622175.s20260810,prediction_inversion_boundary,prediction_inversion_boundary_grid,sobol_pilot_v1,20260810,,sobol_family_b_prediction_sensitive,moderate,0.622175,,,,,,,-0.7412707498568976,-0.9014844054039028,,stress,96,20260810,0.593205,,
sobolB.idx96.case2b_prediction_inversion_boundary.stress.moderate.util0.593205.inv0.622175.s20260811,prediction_inversion_boundary,prediction_inversion_boundary_grid,sobol_pilot_v1,20260811,,sobol_family_b_prediction_sensitive,moderate,0.622175,,,,,,,-0.7411630558722919,-0.9016593935014037,,stress,96,20260810,0.593205,,
sobolB.idx96.case2b_prediction_inversion_boundary.stress.moderate.util0.593205.inv0.622175.s20260812,prediction_inversion_boundary,prediction_inversion_boundary_grid,sobol_pilot_v1,20260812,,sobol_family_b_prediction_sensitive,moderate,0.622175,,,,,,,-0.7428571428571429,-0.9016288636869023,,stress,96,20260810,0.593205,,
sobolB.idx96.case2b_prediction_inversion_boundary.stress.strong.util0.593205.inv0.622175.s20260809,prediction_inversion_boundary,prediction_inversion_boundary_grid,sobol_pilot_v1,20260809,,sobol_family_b_prediction_sensitive,strong,0.622175,,,,,,,-0.7393767705382436,-0.901575568955456,,stress,96,20260810,0.593205,,
sobolB.idx96.case2b_prediction_inversion_boundary.stress.strong.util0.593205.inv0.622175.s20260810,prediction_inversion_boundary,prediction_inversion_boundary_grid,sobol_pilot_v1,20260810,,sobol_family_b_prediction_sensitive,strong,0.622175,,,,,,,-0.7396717600452745,-0.9016060909191952,,stress,96,20260810,0.593205,,
sobolB.idx96.case2b_prediction_inversion_boundary.stress.strong.util0.593205.inv0.622175.s20260811,prediction_inversion_boundary,prediction_inversion_boundary_grid,sobol_pilot_v1,20260811,,sobol_family_b_prediction_sensitive,strong,0.622175,,,,,,,-0.7396717600452745,-0.9016060909191952,,stress,96,20260810,0.593205,,
sobolB.idx96.case2b_prediction_inversion_boundary.stress.strong.util0.593205.inv0.622175.s20260812,prediction_inversion_boundary,prediction_inversion_boundary_grid,sobol_pilot_v1,20260812,,sobol_family_b_prediction_sensitive,strong,0.622175,,,,,,,-0.7403628117913832,-0.9016284110487413,,stress,96,20260810,0.593205,,
sobolB.idx97.case2b_prediction_inversion_boundary.stress.moderate.util1.054784.inv0.307291.s20260809,prediction_inversion_boundary,prediction_inversion_boundary_grid,sobol_pilot_v1,20260809,,sobol_family_b_prediction_sensitive,moderate,0.307291,,,,,,,-0.027952082144894468,-0.3143746698913073,,stress,97,20260810,1.054784,,
sobolB.idx97.case2b_prediction_inversion_boundary.stress.moderate.util1.054784.inv0.307291.s20260810,prediction_inversion_boundary,prediction_inversion_boundary_grid,sobol_pilot_v1,20260810,,sobol_family_b_prediction_sensitive,moderate,0.307291,,,,,,,-0.025142857142857144,-0.31185022516261746,,stress,97,20260810,1.054784,,
sobolB.idx97.case2b_prediction_inversion_boundary.stress.moderate.util1.054784.inv0.307291.s20260811,prediction_inversion_boundary,prediction_inversion_boundary_grid,sobol_pilot_v1,20260811,,sobol_family_b_prediction_sensitive,moderate,0.307291,,,,,,,-0.02957906712172924,-0.3121855629985824,,stress,97,20260810,1.054784,,
sobolB.idx97.case2b_prediction_inversion_boundary.stress.moderate.util1.054784.inv0.307291.s20260812,prediction_inversion_boundary,prediction_inversion_boundary_grid,sobol_pilot_v1,20260812,,sobol_family_b_prediction_sensitive,moderate,0.307291,,,,,,,-0.026255707762557076,-0.314209472981988,,stress,97,20260810,1.054784,,
sobolB.idx97.case2b_prediction_inversion_boundary.stress.strong.util1.054784.inv0.307291.s20260809,prediction_inversion_boundary,prediction_inversion_boundary_grid,sobol_pilot_v1,20260809,,sobol_family_b_prediction_sensitive,strong,0.307291,,,,,,,-0.025495750708215296,-0.3141412176619335,,stress,97,20260810,1.054784,,
sobolB.idx97.case2b_prediction_inversion_boundary.stress.strong.util1.054784.inv0.307291.s20260810,prediction_inversion_boundary,prediction_inversion_boundary_grid,sobol_pilot_v1,20260810,,sobol_family_b_prediction_sensitive,strong,0.307291,,,,,,,-0.02659875495189587,-0.3118956318772924,,stress,97,20260810,1.054784,,
sobolB.idx97.case2b_prediction_inversion_boundary.stress.strong.util1.054784.inv0.307291.s20260811,prediction_inversion_boundary,prediction_inversion_boundary_grid,sobol_pilot_v1,20260811,,sobol_family_b_prediction_sensitive,strong,0.307291,,,,,,,-0.02828054298642534,-0.314271423807936,,stress,97,20260810,1.054784,,
sobolB.idx97.case2b_prediction_inversion_boundary.stress.strong.util1.054784.inv0.307291.s20260812,prediction_inversion_boundary,prediction_inversion_boundary_grid,sobol_pilot_v1,20260812,,sobol_family_b_prediction_sensitive,strong,0.307291,,,,,,,-0.026077097505668934,-0.31417773578613906,,stress,97,20260810,1.054784,,
sobolB.idx98.case2b_prediction_inversion_boundary.stress.moderate.util0.870487.inv0.792541.s20260809,prediction_inversion_boundary,prediction_inversion_boundary_grid,sobol_pilot_v1,20260809,,sobol_family_b_prediction_sensitive,moderate,0.792541,,,,,,,-0.9290617848970252,-0.9840991855002361,,stress,98,20260810,0.870487,,
sobolB.idx98.case2b_prediction_inversion_boundary.stress.moderate.util0.870487.inv0.792541.s20260810,prediction_inversion_boundary,prediction_inversion_boundary_grid,sobol_pilot_v1,20260810,,sobol_family_b_prediction_sensitive,moderate,0.792541,,,,,,,-0.9266895761741123,-0.9838494468227053,,stress,98,20260810,0.870487,,
sobolB.idx98.case2b_prediction_inversion_boundary.stress.moderate.util0.870487.inv0.792541.s20260811,prediction_inversion_boundary,prediction_inversion_boundary_grid,sobol_pilot_v1,20260811,,sobol_family_b_prediction_sensitive,moderate,0.792541,,,,,,,-0.9281232173416999,-0.9841287489229228,,stress,98,20260810,0.870487,,
sobolB.idx98.case2b_prediction_inversion_boundary.stress.moderate.util0.870487.inv0.792541.s20260812,prediction_inversion_boundary,prediction_inversion_boundary_grid,sobol_pilot_v1,20260812,,sobol_family_b_prediction_sensitive,moderate,0.792541,,,,,,,-0.9267734553775744,-0.9832527240382475,,stress,98,20260810,0.870487,,
sobolB.idx98.case2b_prediction_inversion_boundary.stress.strong.util0.870487.inv0.792541.s20260809,prediction_inversion_boundary,prediction_inversion_boundary_grid,sobol_pilot_v1,20260809,,sobol_family_b_prediction_sensitive,strong,0.792541,,,,,,,-0.9251700680272109,-0.9833967821713395,,stress,98,20260810,0.870487,,
sobolB.idx98.case2b_prediction_inversion_boundary.stress.strong.util0.870487.inv0.792541.s20260810,prediction_inversion_boundary,prediction_inversion_boundary_grid,sobol_pilot_v1,20260810,,sobol_family_b_prediction_sensitive,strong,0.792541,,,,,,,-0.9264289756649688,-0.9841336000889185,,stress,98,20260810,0.870487,,
sobolB.idx98.case2b_prediction_inversion_boundary.stress.strong.util0.870487.inv0.792541.s20260811,prediction_inversion_boundary,prediction_inversion_boundary_grid,sobol_pilot_v1,20260811,,sobol_family_b_prediction_sensitive,strong,0.792541,,,,,,,-0.9264289756649688,-0.9841336000889185,,stress,98,20260810,0.870487,,
sobolB.idx98.case2b_prediction_inversion_boundary.stress.strong.util0.870487.inv0.792541.s20260812,prediction_inversion_boundary,prediction_inversion_boundary_grid,sobol_pilot_v1,20260812,,sobol_family_b_prediction_sensitive,strong,0.792541,,,,,,,-0.9250851305334846,-0.9839937753570834,,stress,98,20260810,0.870487,,
sobolB.idx99.case2b_prediction_inversion_boundary.stress.moderate.util0.700122.inv0.105709.s20260809,prediction_inversion_boundary,prediction_inversion_boundary_grid,sobol_pilot_v1,20260809,,sobol_family_b_prediction_sensitive,moderate,0.105709,,,,,,,0.6138952164009112,0.4576487921496677,,stress,99,20260810,0.700122,,
sobolB.idx99.case2b_prediction_inversion_boundary.stress.moderate.util0.700122.inv0.105709.s20260810,prediction_inversion_boundary,prediction_inversion_boundary_grid,sobol_pilot_v1,20260810,,sobol_family_b_prediction_sensitive,moderate,0.105709,,,,,,,0.6200798630918426,0.4580252404514372,,stress,99,20260810,0.700122,,
sobolB.idx99.case2b_prediction_inversion_boundary.stress.moderate.util0.700122.inv0.105709.s20260811,prediction_inversion_boundary,prediction_inversion_boundary_grid,sobol_pilot_v1,20260811,,sobol_family_b_prediction_sensitive,moderate,0.105709,,,,,,,0.6168277430358158,0.4578202740639853,,stress,99,20260810,0.700122,,
sobolB.idx99.case2b_prediction_inversion_boundary.stress.moderate.util0.700122.inv0.105709.s20260812,prediction_inversion_boundary,prediction_inversion_boundary_grid,sobol_pilot_v1,20260812,,sobol_family_b_prediction_sensitive,moderate,0.105709,,,,,,,0.6202964652223489,0.4580275739381809,,stress,99,20260810,0.700122,,
sobolB.idx99.case2b_prediction_inversion_boundary.stress.strong.util0.700122.inv0.105709.s20260809,prediction_inversion_boundary,prediction_inversion_boundary_grid,sobol_pilot_v1,20260809,,sobol_family_b_prediction_sensitive,strong,0.105709,,,,,,,0.6162988115449916,0.45785978269930805,,stress,99,20260810,0.700122,,
sobolB.idx99.case2b_prediction_inversion_boundary.stress.strong.util0.700122.inv0.105709.s20260810,prediction_inversion_boundary,prediction_inversion_boundary_grid,sobol_pilot_v1,20260810,,sobol_family_b_prediction_sensitive,strong,0.105709,,,,,,,0.6165158371040724,0.45787484717127924,,stress,99,20260810,0.700122,,
sobolB.idx99.case2b_prediction_inversion_boundary.stress.strong.util0.700122.inv0.105709.s20260811,prediction_inversion_boundary,prediction_inversion_boundary_grid,sobol_pilot_v1,20260811,,sobol_family_b_prediction_sensitive,strong,0.105709,,,,,,,0.6165158371040724,0.45787484717127924,,stress,99,20260810,0.700122,,
sobolB.idx99.case2b_prediction_inversion_boundary.stress.strong.util0.700122.inv0.105709.s20260812,prediction_inversion_boundary,prediction_inversion_boundary_grid,sobol_pilot_v1,20260812,,sobol_family_b_prediction_sensitive,strong,0.105709,,,,,,,0.6181303116147309,0.4579280831434447,,stress,99,20260810,0.700122,,
sobolB.idx100.case2b_prediction_inversion_boundary.stress.moderate.util0.779956.inv0.923593.s20260809,prediction_inversion_boundary,prediction_inversion_boundary_grid,sobol_pilot_v1,20260809,,sobol_family_b_prediction_sensitive,moderate,0.923593,,,,,,,-0.9931192660550459,-0.9989714508103298,,stress,100,20260810,0.779956,,
sobolB.idx100.case2b_prediction_inversion_boundary.stress.moderate.util0.779956.inv0.923593.s20260810,prediction_inversion_boundary,prediction_inversion_boundary_grid,sobol_pilot_v1,20260810,,sobol_family_b_prediction_sensitive,moderate,0.923593,,,,,,,-0.994269340974212,-0.9991104686718185,,stress,100,20260810,0.779956,,
sobolB.idx100.case2b_prediction_inversion_boundary.stress.moderate.util0.779956.inv0.923593.s20260811,prediction_inversion_boundary,prediction_inversion_boundary_grid,sobol_pilot_v1,20260811,,sobol_family_b_prediction_sensitive,moderate,0.923593,,,,,,,-0.9942889777270132,-0.9989715651666342,,stress,100,20260810,0.779956,,
sobolB.idx100.case2b_prediction_inversion_boundary.stress.moderate.util0.779956.inv0.923593.s20260812,prediction_inversion_boundary,prediction_inversion_boundary_grid,sobol_pilot_v1,20260812,,sobol_family_b_prediction_sensitive,moderate,0.923593,,,,,,,-0.993127147766323,-0.9989993328885923,,stress,100,20260810,0.779956,,
sobolB.idx100.case2b_prediction_inversion_boundary.stress.strong.util0.779956.inv0.923593.s20260809,prediction_inversion_boundary,prediction_inversion_boundary_grid,sobol_pilot_v1,20260809,,sobol_family_b_prediction_sensitive,strong,0.923593,,,,,,,-0.9931972789115646,-0.9993608803178925,,stress,100,20260810,0.779956,,
sobolB.idx100.case2b_prediction_inversion_boundary.stress.strong.util0.779956.inv0.923593.s20260810,prediction_inversion_boundary,prediction_inversion_boundary_grid,sobol_pilot_v1,20260810,,sobol_family_b_prediction_sensitive,strong,0.923593,,,,,,,-0.9943406904357668,-0.9994720462376346,,stress,100,20260810,0.779956,,
sobolB.idx100.case2b_prediction_inversion_boundary.stress.strong.util0.779956.inv0.923593.s20260811,prediction_inversion_boundary,prediction_inversion_boundary_grid,sobol_pilot_v1,20260811,,sobol_family_b_prediction_sensitive,strong,0.923593,,,,,,,-0.9932049830124575,-0.9992080693564522,,stress,100,20260810,0.779956,,
sobolB.idx100.case2b_prediction_inversion_boundary.stress.strong.util0.779956.inv0.923593.s20260812,prediction_inversion_boundary,prediction_inversion_boundary_grid,sobol_pilot_v1,20260812,,sobol_family_b_prediction_sensitive,strong,0.923593,,,,,,,-0.9931895573212258,-0.9993330739732118,,stress,100,20260810,0.779956,,
sobolB.idx101.case2b_prediction_inversion_boundary.stress.moderate.util0.940654.inv0.240675.s20260809,prediction_inversion_boundary,prediction_inversion_boundary_grid,sobol_pilot_v1,20260809,,sobol_family_b_prediction_sensitive,moderate,0.240675,,,,,,,0.17190177041690463,-0.09136018680677174,,stress,101,20260810,0.940654,,
sobolB.idx101.case2b_prediction_inversion_boundary.stress.moderate.util0.940654.inv0.240675.s20260810,prediction_inversion_boundary,prediction_inversion_boundary_grid,sobol_pilot_v1,20260810,,sobol_family_b_prediction_sensitive,moderate,0.240675,,,,,,,0.17190177041690463,-0.09884916884416524,,stress,101,20260810,0.940654,,
sobolB.idx101.case2b_prediction_inversion_boundary.stress.moderate.util0.940654.inv0.240675.s20260811,prediction_inversion_boundary,prediction_inversion_boundary_grid,sobol_pilot_v1,20260811,,sobol_family_b_prediction_sensitive,moderate,0.240675,,,,,,,0.1665719158612848,-0.09920226811574061,,stress,101,20260810,0.940654,,
sobolB.idx101.case2b_prediction_inversion_boundary.stress.moderate.util0.940654.inv0.240675.s20260812,prediction_inversion_boundary,prediction_inversion_boundary_grid,sobol_pilot_v1,20260812,,sobol_family_b_prediction_sensitive,moderate,0.240675,,,,,,,0.17056474614945807,-0.09892706248610184,,stress,101,20260810,0.940654,,
sobolB.idx101.case2b_prediction_inversion_boundary.stress.strong.util0.940654.inv0.240675.s20260809,prediction_inversion_boundary,prediction_inversion_boundary_grid,sobol_pilot_v1,20260809,,sobol_family_b_prediction_sensitive,strong,0.240675,,,,,,,0.171671388101983,-0.09632645121849555,,stress,101,20260810,0.940654,,
sobolB.idx101.case2b_prediction_inversion_boundary.stress.strong.util0.940654.inv0.240675.s20260810,prediction_inversion_boundary,prediction_inversion_boundary_grid,sobol_pilot_v1,20260810,,sobol_family_b_prediction_sensitive,strong,0.240675,,,,,,,0.16855203619909503,-0.09897743692341891,,stress,101,20260810,0.940654,,
sobolB.idx101.case2b_prediction_inversion_boundary.stress.strong.util0.940654.inv0.240675.s20260811,prediction_inversion_boundary,prediction_inversion_boundary_grid,sobol_pilot_v1,20260811,,sobol_family_b_prediction_sensitive,strong,0.240675,,,,,,,0.16855203619909503,-0.09897743692341891,,stress,101,20260810,0.940654,,
sobolB.idx101.case2b_prediction_inversion_boundary.stress.strong.util0.940654.inv0.240675.s20260812,prediction_inversion_boundary,prediction_inversion_boundary_grid,sobol_pilot_v1,20260812,,sobol_family_b_prediction_sensitive,strong,0.240675,,,,,,,0.1712018140589569,-0.0963569165786695,,stress,101,20260810,0.940654,,
sobolB.idx102.case2b_prediction_inversion_boundary.stress.moderate.util0.984324.inv0.725918.s20260809,prediction_inversion_boundary,prediction_inversion_boundary_grid,sobol_pilot_v1,20260809,,sobol_family_b_prediction_sensitive,moderate,0.725918,,,,,,,-0.8672768878718535,-0.9613460095071303,,stress,102,20260810,0.984324,,
sobolB.idx102.case2b_prediction_inversion_boundary.stress.moderate.util0.984324.inv0.725918.s20260810,prediction_inversion_boundary,prediction_inversion_boundary_grid,sobol_pilot_v1,20260810,,sobol_family_b_prediction_sensitive,moderate,0.725918,,,,,,,-0.8671248568155785,-0.9620559292822597,,stress,102,20260810,0.984324,,
sobolB.idx102.case2b_prediction_inversion_boundary.stress.moderate.util0.984324.inv0.725918.s20260811,prediction_inversion_boundary,prediction_inversion_boundary_grid,sobol_pilot_v1,20260811,,sobol_family_b_prediction_sensitive,moderate,0.725918,,,,,,,-0.8665145464917284,-0.9622258665258357,,stress,102,20260810,0.984324,,
sobolB.idx102.case2b_prediction_inversion_boundary.stress.moderate.util0.984324.inv0.725918.s20260812,prediction_inversion_boundary,prediction_inversion_boundary_grid,sobol_pilot_v1,20260812,,sobol_family_b_prediction_sensitive,moderate,0.725918,,,,,,,-0.8674285714285714,-0.9621692239270622,,stress,102,20260810,0.984324,,
sobolB.idx102.case2b_prediction_inversion_boundary.stress.strong.util0.984324.inv0.725918.s20260809,prediction_inversion_boundary,prediction_inversion_boundary_grid,sobol_pilot_v1,20260809,,sobol_family_b_prediction_sensitive,strong,0.725918,,,,,,,-0.8651558073654391,-0.9622085753188651,,stress,102,20260810,0.984324,,
sobolB.idx102.case2b_prediction_inversion_boundary.stress.strong.util0.984324.inv0.725918.s20260810,prediction_inversion_boundary,prediction_inversion_boundary_grid,sobol_pilot_v1,20260810,,sobol_family_b_prediction_sensitive,strong,0.725918,,,,,,,-0.8653084323712507,-0.9622374124708235,,stress,102,20260810,0.984324,,
sobolB.idx102.case2b_prediction_inversion_boundary.stress.strong.util0.984324.inv0.725918.s20260811,prediction_inversion_boundary,prediction_inversion_boundary_grid,sobol_pilot_v1,20260811,,sobol_family_b_prediction_sensitive,strong,0.725918,,,,,,,-0.8653084323712507,-0.9622374124708235,,stress,102,20260810,0.984324,,
sobolB.idx102.case2b_prediction_inversion_boundary.stress.strong.util0.984324.inv0.725918.s20260812,prediction_inversion_boundary,prediction_inversion_boundary_grid,sobol_pilot_v1,20260812,,sobol_family_b_prediction_sensitive,strong,0.725918,,,,,,,-0.8650028360748724,-0.9621797365642196,,stress,102,20260810,0.984324,,
sobolB.idx103.case2b_prediction_inversion_boundary.stress.moderate.util0.513666.inv0.407135.s20260809,prediction_inversion_boundary,prediction_inversion_boundary_grid,sobol_pilot_v1,20260809,,sobol_family_b_prediction_sensitive,moderate,0.407135,,,,,,,-0.28685714285714287,-0.5681761320990741,,stress,103,20260810,0.513666,,
sobolB.idx103.case2b_prediction_inversion_boundary.stress.moderate.util0.513666.inv0.407135.s20260810,prediction_inversion_boundary,prediction_inversion_boundary_grid,sobol_pilot_v1,20260810,,sobol_family_b_prediction_sensitive,moderate,0.407135,,,,,,,-0.2875929102344197,-0.5681603380219048,,stress,103,20260810,0.513666,,
sobolB.idx103.case2b_prediction_inversion_boundary.stress.moderate.util0.513666.inv0.407135.s20260811,prediction_inversion_boundary,prediction_inversion_boundary_grid,sobol_pilot_v1,20260811,,sobol_family_b_prediction_sensitive,moderate,0.407135,,,,,,,-0.2923777019340159,-0.5685854851710815,,stress,103,20260810,0.513666,,
sobolB.idx103.case2b_prediction_inversion_boundary.stress.moderate.util0.513666.inv0.407135.s20260812,prediction_inversion_boundary,prediction_inversion_boundary_grid,sobol_pilot_v1,20260812,,sobol_family_b_prediction_sensitive,moderate,0.407135,,,,,,,-0.2899543378995434,-0.5683233266622193,,stress,103,20260810,0.513666,,
sobolB.idx103.case2b_prediction_inversion_boundary.stress.strong.util0.513666.inv0.407135.s20260809,prediction_inversion_boundary,prediction_inversion_boundary_grid,sobol_pilot_v1,20260809,,sobol_family_b_prediction_sensitive,strong,0.407135,,,,,,,-0.28725212464589234,-0.5681773973935031,,stress,103,20260810,0.513666,,
sobolB.idx103.case2b_prediction_inversion_boundary.stress.strong.util0.513666.inv0.407135.s20260810,prediction_inversion_boundary,prediction_inversion_boundary_grid,sobol_pilot_v1,20260810,,sobol_family_b_prediction_sensitive,strong,0.407135,,,,,,,-0.288058856819468,-0.5682171835056129,,stress,103,20260810,0.513666,,
sobolB.idx103.case2b_prediction_inversion_boundary.stress.strong.util0.513666.inv0.407135.s20260811,prediction_inversion_boundary,prediction_inversion_boundary_grid,sobol_pilot_v1,20260811,,sobol_family_b_prediction_sensitive,strong,0.407135,,,,,,,-0.2895927601809955,-0.5683005446259863,,stress,103,20260810,0.513666,,
sobolB.idx103.case2b_prediction_inversion_boundary.stress.strong.util0.513666.inv0.407135.s20260812,prediction_inversion_boundary,prediction_inversion_boundary_grid,sobol_pilot_v1,20260812,,sobol_family_b_prediction_sensitive,strong,0.407135,,,,,,,-0.28798185941043086,-0.5682209748235425,,stress,103,20260810,0.513666,,
sobolB.idx104.case2b_prediction_inversion_boundary.stress.moderate.util0.559826.inv0.835824.s20260809,prediction_inversion_boundary,prediction_inversion_boundary_grid,sobol_pilot_v1,20260809,,sobol_family_b_prediction_sensitive,moderate,0.835824,,,,,,,-0.9507445589919816,-0.9896589108498037,,stress,104,20260810,0.559826,,
sobolB.idx104.case2b_prediction_inversion_boundary.stress.moderate.util0.559826.inv0.835824.s20260810,prediction_inversion_boundary,prediction_inversion_boundary_grid,sobol_pilot_v1,20260810,,sobol_family_b_prediction_sensitive,moderate,0.835824,,,,,,,-0.9495702005730658,-0.9899788736309558,,stress,104,20260810,0.559826,,
sobolB.idx104.case2b_prediction_inversion_boundary.stress.moderate.util0.559826.inv0.835824.s20260811,prediction_inversion_boundary,prediction_inversion_boundary_grid,sobol_pilot_v1,20260811,,sobol_family_b_prediction_sensitive,moderate,0.835824,,,,,,,-0.9520821448944666,-0.9908552686438559,,stress,104,20260810,0.559826,,
sobolB.idx104.case2b_prediction_inversion_boundary.stress.moderate.util0.559826.inv0.835824.s20260812,prediction_inversion_boundary,prediction_inversion_boundary_grid,sobol_pilot_v1,20260812,,sobol_family_b_prediction_sensitive,moderate,0.835824,,,,,,,-0.9496279336004579,-0.9899794307315988,,stress,104,20260810,0.559826,,
sobolB.idx104.case2b_prediction_inversion_boundary.stress.strong.util0.559826.inv0.835824.s20260809,prediction_inversion_boundary,prediction_inversion_boundary_grid,sobol_pilot_v1,20260809,,sobol_family_b_prediction_sensitive,strong,0.835824,,,,,,,-0.9489795918367347,-0.990746658515575,,stress,104,20260810,0.559826,,
sobolB.idx104.case2b_prediction_inversion_boundary.stress.strong.util0.559826.inv0.835824.s20260810,prediction_inversion_boundary,prediction_inversion_boundary_grid,sobol_pilot_v1,20260810,,sobol_family_b_prediction_sensitive,strong,0.835824,,,,,,,-0.9501980758347481,-0.990858063799044,,stress,104,20260810,0.559826,,
sobolB.idx104.case2b_prediction_inversion_boundary.stress.strong.util0.559826.inv0.835824.s20260811,prediction_inversion_boundary,prediction_inversion_boundary_grid,sobol_pilot_v1,20260811,,sobol_family_b_prediction_sensitive,strong,0.835824,,,,,,,-0.9501980758347481,-0.990858063799044,,stress,104,20260810,0.559826,,
sobolB.idx104.case2b_prediction_inversion_boundary.stress.strong.util0.559826.inv0.835824.s20260812,prediction_inversion_boundary,prediction_inversion_boundary_grid,sobol_pilot_v1,20260812,,sobol_family_b_prediction_sensitive,strong,0.835824,,,,,,,-0.9489216799091941,-0.9907186127938644,,stress,104,20260810,0.559826,,
sobolB.idx105.case2b_prediction_inversion_boundary.stress.moderate.util0.994451.inv0.015942.s20260809,prediction_inversion_boundary,prediction_inversion_boundary_grid,sobol_pilot_v1,20260809,,sobol_family_b_prediction_sensitive,moderate,0.015942,,,,,,,1.0,0.9999999999999998,,stress,105,20260810,0.994451,,
sobolB.idx105.case2b_prediction_inversion_boundary.stress.moderate.util0.994451.inv0.015942.s20260810,prediction_inversion_boundary,prediction_inversion_boundary_grid,sobol_pilot_v1,20260810,,sobol_family_b_prediction_sensitive,moderate,0.015942,,,,,,,1.0,1.0,,stress,105,20260810,0.994451,,
sobolB.idx105.case2b_prediction_inversion_boundary.stress.moderate.util0.994451.inv0.015942.s20260811,prediction_inversion_boundary,prediction_inversion_boundary_grid,sobol_pilot_v1,20260811,,sobol_family_b_prediction_sensitive,moderate,0.015942,,,,,,,1.0,0.9999999999999998,,stress,105,20260810,0.994451,,
sobolB.idx105.case2b_prediction_inversion_boundary.stress.moderate.util0.994451.inv0.015942.s20260812,prediction_inversion_boundary,prediction_inversion_boundary_grid,sobol_pilot_v1,20260812,,sobol_family_b_prediction_sensitive,moderate,0.015942,,,,,,,1.0,1.0,,stress,105,20260810,0.994451,,
sobolB.idx105.case2b_prediction_inversion_boundary.stress.strong.util0.994451.inv0.015942.s20260809,prediction_inversion_boundary,prediction_inversion_boundary_grid,sobol_pilot_v1,20260809,,sobol_family_b_prediction_sensitive,strong,0.015942,,,,,,,1.0,1.0,,stress,105,20260810,0.994451,,
sobolB.idx105.case2b_prediction_inversion_boundary.stress.strong.util0.994451.inv0.015942.s20260810,prediction_inversion_boundary,prediction_inversion_boundary_grid,sobol_pilot_v1,20260810,,sobol_family_b_prediction_sensitive,strong,0.015942,,,,,,,1.0,0.9999999999999998,,stress,105,20260810,0.994451,,
sobolB.idx105.case2b_prediction_inversion_boundary.stress.strong.util0.994451.inv0.015942.s20260811,prediction_inversion_boundary,prediction_inversion_boundary_grid,sobol_pilot_v1,20260811,,sobol_family_b_prediction_sensitive,strong,0.015942,,,,,,,1.0,0.9999999999999998,,stress,105,20260810,0.994451,,
sobolB.idx105.case2b_prediction_inversion_boundary.stress.strong.util0.994451.inv0.015942.s20260812,prediction_inversion_boundary,prediction_inversion_boundary_grid,sobol_pilot_v1,20260812,,sobol_family_b_prediction_sensitive,strong,0.015942,,,,,,,1.0,1.0,,stress,105,20260810,0.994451,,
sobolB.idx106.case2b_prediction_inversion_boundary.stress.moderate.util0.875743.inv0.501429.s20260809,prediction_inversion_boundary,prediction_inversion_boundary_grid,sobol_pilot_v1,20260809,,sobol_family_b_prediction_sensitive,moderate,0.501429,,,,,,,-0.5082904516866781,-0.7501737414171739,,stress,106,20260810,0.875743,,
sobolB.idx106.case2b_prediction_inversion_boundary.stress.moderate.util0.875743.inv0.501429.s20260810,prediction_inversion_boundary,prediction_inversion_boundary_grid,sobol_pilot_v1,20260810,,sobol_family_b_prediction_sensitive,moderate,0.501429,,,,,,,-0.5077275329135661,-0.7500416967810086,,stress,106,20260810,0.875743,,
sobolB.idx106.case2b_prediction_inversion_boundary.stress.moderate.util0.875743.inv0.501429.s20260811,prediction_inversion_boundary,prediction_inversion_boundary_grid,sobol_pilot_v1,20260811,,sobol_family_b_prediction_sensitive,moderate,0.501429,,,,,,,-0.5128059191804212,-0.7505628596047473,,stress,106,20260810,0.875743,,
sobolB.idx106.case2b_prediction_inversion_boundary.stress.moderate.util0.875743.inv0.501429.s20260812,prediction_inversion_boundary,prediction_inversion_boundary_grid,sobol_pilot_v1,20260812,,sobol_family_b_prediction_sensitive,moderate,0.501429,,,,,,,-0.5125570776255708,-0.7503891483211028,,stress,106,20260810,0.875743,,
sobolB.idx106.case2b_prediction_inversion_boundary.stress.strong.util0.875743.inv0.501429.s20260809,prediction_inversion_boundary,prediction_inversion_boundary_grid,sobol_pilot_v1,20260809,,sobol_family_b_prediction_sensitive,strong,0.501429,,,,,,,-0.5082152974504249,-0.7501875677327924,,stress,106,20260810,0.875743,,
sobolB.idx106.case2b_prediction_inversion_boundary.stress.strong.util0.875743.inv0.501429.s20260810,prediction_inversion_boundary,prediction_inversion_boundary_grid,sobol_pilot_v1,20260810,,sobol_family_b_prediction_sensitive,strong,0.501429,,,,,,,-0.5087719298245614,-0.7502222963209959,,stress,106,20260810,0.875743,,
sobolB.idx106.case2b_prediction_inversion_boundary.stress.strong.util0.875743.inv0.501429.s20260811,prediction_inversion_boundary,prediction_inversion_boundary_grid,sobol_pilot_v1,20260811,,sobol_family_b_prediction_sensitive,strong,0.501429,,,,,,,-0.5101809954751131,-0.7503056574413692,,stress,106,20260810,0.875743,,
sobolB.idx106.case2b_prediction_inversion_boundary.stress.strong.util0.875743.inv0.501429.s20260812,prediction_inversion_boundary,prediction_inversion_boundary_grid,sobol_pilot_v1,20260812,,sobol_family_b_prediction_sensitive,strong,0.501429,,,,,,,-0.5090702947845805,-0.7502362029678209,,stress,106,20260810,0.875743,,
sobolB.idx107.case2b_prediction_inversion_boundary.stress.moderate.util0.75108.inv0.319121.s20260809,prediction_inversion_boundary,prediction_inversion_boundary_grid,sobol_pilot_v1,20260809,,sobol_family_b_prediction_sensitive,moderate,0.319121,,,,,,,-0.11707595659623073,-0.403330275484391,,stress,107,20260810,0.75108,,
sobolB.idx107.case2b_prediction_inversion_boundary.stress.moderate.util0.75108.inv0.319121.s20260810,prediction_inversion_boundary,prediction_inversion_boundary_grid,sobol_pilot_v1,20260810,,sobol_family_b_prediction_sensitive,moderate,0.319121,,,,,,,-0.11606632361349342,-0.40530661032968257,,stress,107,20260810,0.75108,,
sobolB.idx107.case2b_prediction_inversion_boundary.stress.moderate.util0.75108.inv0.319121.s20260811,prediction_inversion_boundary,prediction_inversion_boundary_grid,sobol_pilot_v1,20260811,,sobol_family_b_prediction_sensitive,moderate,0.319121,,,,,,,-0.1217292377701934,-0.4079272868777274,,stress,107,20260810,0.75108,,
sobolB.idx107.case2b_prediction_inversion_boundary.stress.moderate.util0.75108.inv0.319121.s20260812,prediction_inversion_boundary,prediction_inversion_boundary_grid,sobol_pilot_v1,20260812,,sobol_family_b_prediction_sensitive,moderate,0.319121,,,,,,,-0.1187214611872146,-0.40766066266399814,,stress,107,20260810,0.75108,,
sobolB.idx107.case2b_prediction_inversion_boundary.stress.strong.util0.75108.inv0.319121.s20260809,prediction_inversion_boundary,prediction_inversion_boundary_grid,sobol_pilot_v1,20260809,,sobol_family_b_prediction_sensitive,strong,0.319121,,,,,,,-0.11728045325779037,-0.4075638424986801,,stress,107,20260810,0.75108,,
sobolB.idx107.case2b_prediction_inversion_boundary.stress.strong.util0.75108.inv0.319121.s20260810,prediction_inversion_boundary,prediction_inversion_boundary_grid,sobol_pilot_v1,20260810,,sobol_family_b_prediction_sensitive,strong,0.319121,,,,,,,-0.11827956989247312,-0.4076080915860842,,stress,107,20260810,0.75108,,
sobolB.idx107.case2b_prediction_inversion_boundary.stress.strong.util0.75108.inv0.319121.s20260811,prediction_inversion_boundary,prediction_inversion_boundary_grid,sobol_pilot_v1,20260811,,sobol_family_b_prediction_sensitive,strong,0.319121,,,,,,,-0.11990950226244344,-0.4076914527064577,,stress,107,20260810,0.75108,,
sobolB.idx107.case2b_prediction_inversion_boundary.stress.strong.util0.75108.inv0.319121.s20260812,prediction_inversion_boundary,prediction_inversion_boundary_grid,sobol_pilot_v1,20260812,,sobol_family_b_prediction_sensitive,strong,0.319121,,,,,,,-0.11791383219954649,-0.4076029567053855,,stress,107,20260810,0.75108,,
sobolB.idx108.case2b_prediction_inversion_boundary.stress.moderate.util0.671539.inv0.651592.s20260809,prediction_inversion_boundary,prediction_inversion_boundary_grid,sobol_pilot_v1,20260809,,sobol_family_b_prediction_sensitive,moderate,0.651592,,,,,,,-0.7884505431675243,-0.9261390487309925,,stress,108,20260810,0.671539,,
sobolB.idx108.case2b_prediction_inversion_boundary.stress.moderate.util0.671539.inv0.651592.s20260810,prediction_inversion_boundary,prediction_inversion_boundary_grid,sobol_pilot_v1,20260810,,sobol_family_b_prediction_sensitive,moderate,0.651592,,,,,,,-0.7882083571837436,-0.9260021126369045,,stress,108,20260810,0.671539,,
sobolB.idx108.case2b_prediction_inversion_boundary.stress.moderate.util0.671539.inv0.651592.s20260811,prediction_inversion_boundary,prediction_inversion_boundary_grid,sobol_pilot_v1,20260811,,sobol_family_b_prediction_sensitive,moderate,0.651592,,,,,,,-0.7879133409350056,-0.9261750562859604,,stress,108,20260810,0.671539,,
sobolB.idx108.case2b_prediction_inversion_boundary.stress.moderate.util0.671539.inv0.651592.s20260812,prediction_inversion_boundary,prediction_inversion_boundary_grid,sobol_pilot_v1,20260812,,sobol_family_b_prediction_sensitive,moderate,0.651592,,,,,,,-0.7897142857142857,-0.9261452079163885,,stress,108,20260810,0.671539,,
sobolB.idx108.case2b_prediction_inversion_boundary.stress.strong.util0.671539.inv0.651592.s20260809,prediction_inversion_boundary,prediction_inversion_boundary_grid,sobol_pilot_v1,20260809,,sobol_family_b_prediction_sensitive,strong,0.651592,,,,,,,-0.7858356940509915,-0.9260844193736628,,stress,108,20260810,0.671539,,
sobolB.idx108.case2b_prediction_inversion_boundary.stress.strong.util0.671539.inv0.651592.s20260810,prediction_inversion_boundary,prediction_inversion_boundary_grid,sobol_pilot_v1,20260810,,sobol_family_b_prediction_sensitive,strong,0.651592,,,,,,,-0.7860780984719864,-0.9261142603089918,,stress,108,20260810,0.671539,,
sobolB.idx108.case2b_prediction_inversion_boundary.stress.strong.util0.671539.inv0.651592.s20260811,prediction_inversion_boundary,prediction_inversion_boundary_grid,sobol_pilot_v1,20260811,,sobol_family_b_prediction_sensitive,strong,0.651592,,,,,,,-0.7860780984719864,-0.9261142603089918,,stress,108,20260810,0.671539,,
sobolB.idx108.case2b_prediction_inversion_boundary.stress.strong.util0.671539.inv0.651592.s20260812,prediction_inversion_boundary,prediction_inversion_boundary_grid,sobol_pilot_v1,20260812,,sobol_family_b_prediction_sensitive,strong,0.651592,,,,,,,-0.7868480725623582,-0.9261379425332075,,stress,108,20260810,0.671539,,
sobolB.idx109.case2b_prediction_inversion_boundary.stress.moderate.util0.805284.inv0.46537.s20260809,prediction_inversion_boundary,prediction_inversion_boundary_grid,sobol_pilot_v1,20260809,,sobol_family_b_prediction_sensitive,moderate,0.46537,,,,,,,-0.43853630646083475,-0.6950073666360881,,stress,109,20260810,0.805284,,
sobolB.idx109.case2b_prediction_inversion_boundary.stress.moderate.util0.805284.inv0.46537.s20260810,prediction_inversion_boundary,prediction_inversion_boundary_grid,sobol_pilot_v1,20260810,,sobol_family_b_prediction_sensitive,moderate,0.46537,,,,,,,-0.4378935317687464,-0.6948768555067549,,stress,109,20260810,0.805284,,
sobolB.idx109.case2b_prediction_inversion_boundary.stress.moderate.util0.805284.inv0.46537.s20260811,prediction_inversion_boundary,prediction_inversion_boundary_grid,sobol_pilot_v1,20260811,,sobol_family_b_prediction_sensitive,moderate,0.46537,,,,,,,-0.4433693796243597,-0.6954026183394946,,stress,109,20260810,0.805284,,
sobolB.idx109.case2b_prediction_inversion_boundary.stress.moderate.util0.805284.inv0.46537.s20260812,prediction_inversion_boundary,prediction_inversion_boundary_grid,sobol_pilot_v1,20260812,,sobol_family_b_prediction_sensitive,moderate,0.46537,,,,,,,-0.4429223744292237,-0.6969646430953969,,stress,109,20260810,0.805284,,
sobolB.idx109.case2b_prediction_inversion_boundary.stress.strong.util0.805284.inv0.46537.s20260809,prediction_inversion_boundary,prediction_inversion_boundary_grid,sobol_pilot_v1,20260809,,sobol_family_b_prediction_sensitive,strong,0.46537,,,,,,,-0.43909348441926344,-0.6967793925584238,,stress,109,20260810,0.805284,,
sobolB.idx109.case2b_prediction_inversion_boundary.stress.strong.util0.805284.inv0.46537.s20260810,prediction_inversion_boundary,prediction_inversion_boundary_grid,sobol_pilot_v1,20260810,,sobol_family_b_prediction_sensitive,strong,0.46537,,,,,,,-0.4397283531409168,-0.6968156052017338,,stress,109,20260810,0.805284,,
sobolB.idx109.case2b_prediction_inversion_boundary.stress.strong.util0.805284.inv0.46537.s20260811,prediction_inversion_boundary,prediction_inversion_boundary_grid,sobol_pilot_v1,20260811,,sobol_family_b_prediction_sensitive,strong,0.46537,,,,,,,-0.4411764705882353,-0.6968989663221072,,stress,109,20260810,0.805284,,
sobolB.idx109.case2b_prediction_inversion_boundary.stress.strong.util0.805284.inv0.46537.s20260812,prediction_inversion_boundary,prediction_inversion_boundary_grid,sobol_pilot_v1,20260812,,sobol_family_b_prediction_sensitive,strong,0.46537,,,,,,,-0.4399092970521542,-0.6968265436558663,,stress,109,20260810,0.805284,,
sobolB.idx110.case2b_prediction_inversion_boundary.stress.moderate.util1.064615.inv0.950865.s20260809,prediction_inversion_boundary,prediction_inversion_boundary_grid,sobol_pilot_v1,20260809,,sobol_family_b_prediction_sensitive,moderate,0.950865,,,,,,,-0.9988532110091743,-0.9994718260917907,,stress,110,20260810,1.064615,,
sobolB.idx110.case2b_prediction_inversion_boundary.stress.moderate.util1.064615.inv0.950865.s20260810,prediction_inversion_boundary,prediction_inversion_boundary_grid,sobol_pilot_v1,20260810,,sobol_family_b_prediction_sensitive,moderate,0.950865,,,,,,,-0.9988532110091743,-0.9994579418468895,,stress,110,20260810,1.064615,,
sobolB.idx110.case2b_prediction_inversion_boundary.stress.moderate.util1.064615.inv0.950865.s20260811,prediction_inversion_boundary,prediction_inversion_boundary_grid,sobol_pilot_v1,20260811,,sobol_family_b_prediction_sensitive,moderate,0.950865,,,,,,,-0.9988571428571429,-0.9994718848152985,,stress,110,20260810,1.064615,,
sobolB.idx110.case2b_prediction_inversion_boundary.stress.moderate.util1.064615.inv0.950865.s20260812,prediction_inversion_boundary,prediction_inversion_boundary_grid,sobol_pilot_v1,20260812,,sobol_family_b_prediction_sensitive,moderate,0.950865,,,,,,,-0.9988545246277205,-0.999499666444296,,stress,110,20260810,1.064615,,
sobolB.idx110.case2b_prediction_inversion_boundary.stress.strong.util1.064615.inv0.950865.s20260809,prediction_inversion_boundary,prediction_inversion_boundary_grid,sobol_pilot_v1,20260809,,sobol_family_b_prediction_sensitive,strong,0.950865,,,,,,,-0.9988662131519275,-0.9998610609386722,,stress,110,20260810,1.064615,,
sobolB.idx110.case2b_prediction_inversion_boundary.stress.strong.util1.064615.inv0.950865.s20260810,prediction_inversion_boundary,prediction_inversion_boundary_grid,sobol_pilot_v1,20260810,,sobol_family_b_prediction_sensitive,strong,0.950865,,,,,,,-0.9988674971687429,-0.9998193842391907,,stress,110,20260810,1.064615,,
sobolB.idx110.case2b_prediction_inversion_boundary.stress.strong.util1.064615.inv0.950865.s20260811,prediction_inversion_boundary,prediction_inversion_boundary_grid,sobol_pilot_v1,20260811,,sobol_family_b_prediction_sensitive,strong,0.950865,,,,,,,-0.9988674971687429,-0.9998888518395019,,stress,110,20260810,1.064615,,
sobolB.idx110.case2b_prediction_inversion_boundary.stress.strong.util1.064615.inv0.950865.s20260812,prediction_inversion_boundary,prediction_inversion_boundary_grid,sobol_pilot_v1,20260812,,sobol_family_b_prediction_sensitive,strong,0.950865,,,,,,,-0.9988649262202043,-0.999833268493303,,stress,110,20260810,1.064615,,
sobolB.idx111.case2b_prediction_inversion_boundary.stress.moderate.util0.639661.inv0.134882.s20260809,prediction_inversion_boundary,prediction_inversion_boundary_grid,sobol_pilot_v1,20260809,,sobol_family_b_prediction_sensitive,moderate,0.134882,,,,,,,0.4962962962962963,0.30440886220220714,,stress,111,20260810,0.639661,,
sobolB.idx111.case2b_prediction_inversion_boundary.stress.moderate.util0.639661.inv0.134882.s20260810,prediction_inversion_boundary,prediction_inversion_boundary_grid,sobol_pilot_v1,20260810,,sobol_family_b_prediction_sensitive,moderate,0.134882,,,,,,,0.5002852253280091,0.3018568966475788,,stress,111,20260810,0.639661,,
sobolB.idx111.case2b_prediction_inversion_boundary.stress.moderate.util0.639661.inv0.134882.s20260811,prediction_inversion_boundary,prediction_inversion_boundary_grid,sobol_pilot_v1,20260811,,sobol_family_b_prediction_sensitive,moderate,0.134882,,,,,,,0.4974417282546902,0.30166495260861104,,stress,111,20260810,0.639661,,
sobolB.idx111.case2b_prediction_inversion_boundary.stress.moderate.util0.639661.inv0.134882.s20260812,prediction_inversion_boundary,prediction_inversion_boundary_grid,sobol_pilot_v1,20260812,,sobol_family_b_prediction_sensitive,moderate,0.134882,,,,,,,0.500570125427594,0.30186791194129414,,stress,111,20260810,0.639661,,
sobolB.idx111.case2b_prediction_inversion_boundary.stress.strong.util0.639661.inv0.134882.s20260809,prediction_inversion_boundary,prediction_inversion_boundary_grid,sobol_pilot_v1,20260809,,sobol_family_b_prediction_sensitive,strong,0.134882,,,,,,,0.49943374858437145,0.30467946758551695,,stress,111,20260810,0.639661,,
sobolB.idx111.case2b_prediction_inversion_boundary.stress.strong.util0.639661.inv0.134882.s20260810,prediction_inversion_boundary,prediction_inversion_boundary_grid,sobol_pilot_v1,20260810,,sobol_family_b_prediction_sensitive,strong,0.134882,,,,,,,0.497737556561086,0.30176725575191726,,stress,111,20260810,0.639661,,
sobolB.idx111.case2b_prediction_inversion_boundary.stress.strong.util0.639661.inv0.134882.s20260811,prediction_inversion_boundary,prediction_inversion_boundary_grid,sobol_pilot_v1,20260811,,sobol_family_b_prediction_sensitive,strong,0.134882,,,,,,,0.497737556561086,0.30176725575191726,,stress,111,20260810,0.639661,,
sobolB.idx111.case2b_prediction_inversion_boundary.stress.strong.util0.639661.inv0.134882.s20260812,prediction_inversion_boundary,prediction_inversion_boundary_grid,sobol_pilot_v1,20260812,,sobol_family_b_prediction_sensitive,strong,0.134882,,,,,,,0.4991501416430595,0.30181181570610793,,stress,111,20260810,0.639661,,
sobolB.idx112.case2b_prediction_inversion_boundary.stress.moderate.util0.617408.inv0.968963.s20260809,prediction_inversion_boundary,prediction_inversion_boundary_grid,sobol_pilot_v1,20260809,,sobol_family_b_prediction_sensitive,moderate,0.968963,,,,,,,-0.9988532110091743,-0.9994718260917907,,stress,112,20260810,0.617408,,
sobolB.idx112.case2b_prediction_inversion_boundary.stress.moderate.util0.617408.inv0.968963.s20260810,prediction_inversion_boundary,prediction_inversion_boundary_grid,sobol_pilot_v1,20260810,,sobol_family_b_prediction_sensitive,moderate,0.968963,,,,,,,-0.9988532110091743,-0.9994579418468895,,stress,112,20260810,0.617408,,
sobolB.idx112.case2b_prediction_inversion_boundary.stress.moderate.util0.617408.inv0.968963.s20260811,prediction_inversion_boundary,prediction_inversion_boundary_grid,sobol_pilot_v1,20260811,,sobol_family_b_prediction_sensitive,moderate,0.968963,,,,,,,-0.9988571428571429,-0.9994718848152985,,stress,112,20260810,0.617408,,
sobolB.idx112.case2b_prediction_inversion_boundary.stress.moderate.util0.617408.inv0.968963.s20260812,prediction_inversion_boundary,prediction_inversion_boundary_grid,sobol_pilot_v1,20260812,,sobol_family_b_prediction_sensitive,moderate,0.968963,,,,,,,-0.9988545246277205,-0.999499666444296,,stress,112,20260810,0.617408,,
sobolB.idx112.case2b_prediction_inversion_boundary.stress.strong.util0.617408.inv0.968963.s20260809,prediction_inversion_boundary,prediction_inversion_boundary_grid,sobol_pilot_v1,20260809,,sobol_family_b_prediction_sensitive,strong,0.968963,,,,,,,-0.9988662131519275,-0.9998610609386722,,stress,112,20260810,0.617408,,
sobolB.idx112.case2b_prediction_inversion_boundary.stress.strong.util0.617408.inv0.968963.s20260810,prediction_inversion_boundary,prediction_inversion_boundary_grid,sobol_pilot_v1,20260810,,sobol_family_b_prediction_sensitive,strong,0.968963,,,,,,,-0.9988674971687429,-0.9998193842391907,,stress,112,20260810,0.617408,,
sobolB.idx112.case2b_prediction_inversion_boundary.stress.strong.util0.617408.inv0.968963.s20260811,prediction_inversion_boundary,prediction_inversion_boundary_grid,sobol_pilot_v1,20260811,,sobol_family_b_prediction_sensitive,strong,0.968963,,,,,,,-0.9988674971687429,-0.9998888518395019,,stress,112,20260810,0.617408,,
sobolB.idx112.case2b_prediction_inversion_boundary.stress.strong.util0.617408.inv0.968963.s20260812,prediction_inversion_boundary,prediction_inversion_boundary_grid,sobol_pilot_v1,20260812,,sobol_family_b_prediction_sensitive,strong,0.968963,,,,,,,-0.9988649262202043,-0.999833268493303,,stress,112,20260810,0.617408,,
sobolB.idx113.case2b_prediction_inversion_boundary.stress.moderate.util1.08456.inv0.1636.s20260809,prediction_inversion_boundary,prediction_inversion_boundary_grid,sobol_pilot_v1,20260809,,sobol_family_b_prediction_sensitive,moderate,0.1636,,,,,,,0.3811965811965812,0.15695104661829704,,stress,113,20260810,1.08456,,
sobolB.idx113.case2b_prediction_inversion_boundary.stress.moderate.util1.08456.inv0.1636.s20260810,prediction_inversion_boundary,prediction_inversion_boundary_grid,sobol_pilot_v1,20260810,,sobol_family_b_prediction_sensitive,moderate,0.1636,,,,,,,0.386986301369863,0.16007394229165509,,stress,113,20260810,1.08456,,
sobolB.idx113.case2b_prediction_inversion_boundary.stress.moderate.util1.08456.inv0.1636.s20260811,prediction_inversion_boundary,prediction_inversion_boundary_grid,sobol_pilot_v1,20260811,,sobol_family_b_prediction_sensitive,moderate,0.1636,,,,,,,0.3826037521318931,0.15707257414459236,,stress,113,20260810,1.08456,,
sobolB.idx113.case2b_prediction_inversion_boundary.stress.moderate.util1.08456.inv0.1636.s20260812,prediction_inversion_boundary,prediction_inversion_boundary_grid,sobol_pilot_v1,20260812,,sobol_family_b_prediction_sensitive,moderate,0.1636,,,,,,,0.38733599543639474,0.1600928396708917,,stress,113,20260810,1.08456,,
sobolB.idx113.case2b_prediction_inversion_boundary.stress.strong.util1.08456.inv0.1636.s20260809,prediction_inversion_boundary,prediction_inversion_boundary_grid,sobol_pilot_v1,20260809,,sobol_family_b_prediction_sensitive,strong,0.1636,,,,,,,0.38505096262740657,0.15727901742295827,,stress,113,20260810,1.08456,,
sobolB.idx113.case2b_prediction_inversion_boundary.stress.strong.util1.08456.inv0.1636.s20260810,prediction_inversion_boundary,prediction_inversion_boundary_grid,sobol_pilot_v1,20260810,,sobol_family_b_prediction_sensitive,strong,0.1636,,,,,,,0.3834841628959276,0.15721907302434143,,stress,113,20260810,1.08456,,
sobolB.idx113.case2b_prediction_inversion_boundary.stress.strong.util1.08456.inv0.1636.s20260811,prediction_inversion_boundary,prediction_inversion_boundary_grid,sobol_pilot_v1,20260811,,sobol_family_b_prediction_sensitive,strong,0.1636,,,,,,,0.3834841628959276,0.15721907302434143,,stress,113,20260810,1.08456,,
sobolB.idx113.case2b_prediction_inversion_boundary.stress.strong.util1.08456.inv0.1636.s20260812,prediction_inversion_boundary,prediction_inversion_boundary_grid,sobol_pilot_v1,20260812,,sobol_family_b_prediction_sensitive,strong,0.1636,,,,,,,0.38470254957507083,0.15725559939976658,,stress,113,20260810,1.08456,,
sobolB.idx114.case2b_prediction_inversion_boundary.stress.moderate.util0.827683.inv0.678357.s20260809,prediction_inversion_boundary,prediction_inversion_boundary_grid,sobol_pilot_v1,20260809,,sobol_family_b_prediction_sensitive,moderate,0.678357,,,,,,,-0.7884505431675243,-0.9261390487309925,,stress,114,20260810,0.827683,,
sobolB.idx114.case2b_prediction_inversion_boundary.stress.moderate.util0.827683.inv0.678357.s20260810,prediction_inversion_boundary,prediction_inversion_boundary_grid,sobol_pilot_v1,20260810,,sobol_family_b_prediction_sensitive,moderate,0.678357,,,,,,,-0.7882083571837436,-0.9260021126369045,,stress,114,20260810,0.827683,,
sobolB.idx114.case2b_prediction_inversion_boundary.stress.moderate.util0.827683.inv0.678357.s20260811,prediction_inversion_boundary,prediction_inversion_boundary_grid,sobol_pilot_v1,20260811,,sobol_family_b_prediction_sensitive,moderate,0.678357,,,,,,,-0.7879133409350056,-0.9261750562859604,,stress,114,20260810,0.827683,,
sobolB.idx114.case2b_prediction_inversion_boundary.stress.moderate.util0.827683.inv0.678357.s20260812,prediction_inversion_boundary,prediction_inversion_boundary_grid,sobol_pilot_v1,20260812,,sobol_family_b_prediction_sensitive,moderate,0.678357,,,,,,,-0.7897142857142857,-0.9261452079163885,,stress,114,20260810,0.827683,,
sobolB.idx114.case2b_prediction_inversion_boundary.stress.strong.util0.827683.inv0.678357.s20260809,prediction_inversion_boundary,prediction_inversion_boundary_grid,sobol_pilot_v1,20260809,,sobol_family_b_prediction_sensitive,strong,0.678357,,,,,,,-0.7858356940509915,-0.9260844193736628,,stress,114,20260810,0.827683,,
sobolB.idx114.case2b_prediction_inversion_boundary.stress.strong.util0.827683.inv0.678357.s20260810,prediction_inversion_boundary,prediction_inversion_boundary_grid,sobol_pilot_v1,20260810,,sobol_family_b_prediction_sensitive,strong,0.678357,,,,,,,-0.7860780984719864,-0.9261142603089918,,stress,114,20260810,0.827683,,
sobolB.idx114.case2b_prediction_inversion_boundary.stress.strong.util0.827683.inv0.678357.s20260811,prediction_inversion_boundary,prediction_inversion_boundary_grid,sobol_pilot_v1,20260811,,sobol_family_b_prediction_sensitive,strong,0.678357,,,,,,,-0.7860780984719864,-0.9261142603089918,,stress,114,20260810,0.827683,,
sobolB.idx114.case2b_prediction_inversion_boundary.stress.strong.util0.827683.inv0.678357.s20260812,prediction_inversion_boundary,prediction_inversion_boundary_grid,sobol_pilot_v1,20260812,,sobol_family_b_prediction_sensitive,strong,0.678357,,,,,,,-0.7868480725623582,-0.9261379425332075,,stress,114,20260810,0.827683,,
sobolB.idx115.case2b_prediction_inversion_boundary.stress.moderate.util0.65174.inv0.485421.s20260809,prediction_inversion_boundary,prediction_inversion_boundary_grid,sobol_pilot_v1,20260809,,sobol_family_b_prediction_sensitive,moderate,0.485421,,,,,,,-0.5082904516866781,-0.7501737414171739,,stress,115,20260810,0.65174,,
sobolB.idx115.case2b_prediction_inversion_boundary.stress.moderate.util0.65174.inv0.485421.s20260810,prediction_inversion_boundary,prediction_inversion_boundary_grid,sobol_pilot_v1,20260810,,sobol_family_b_prediction_sensitive,moderate,0.485421,,,,,,,-0.5077275329135661,-0.7500416967810086,,stress,115,20260810,0.65174,,
sobolB.idx115.case2b_prediction_inversion_boundary.stress.moderate.util0.65174.inv0.485421.s20260811,prediction_inversion_boundary,prediction_inversion_boundary_grid,sobol_pilot_v1,20260811,,sobol_family_b_prediction_sensitive,moderate,0.485421,,,,,,,-0.5128059191804212,-0.7505628596047473,,stress,115,20260810,0.65174,,
sobolB.idx115.case2b_prediction_inversion_boundary.stress.moderate.util0.65174.inv0.485421.s20260812,prediction_inversion_boundary,prediction_inversion_boundary_grid,sobol_pilot_v1,20260812,,sobol_family_b_prediction_sensitive,moderate,0.485421,,,,,,,-0.5125570776255708,-0.7503891483211028,,stress,115,20260810,0.65174,,
sobolB.idx115.case2b_prediction_inversion_boundary.stress.strong.util0.65174.inv0.485421.s20260809,prediction_inversion_boundary,prediction_inversion_boundary_grid,sobol_pilot_v1,20260809,,sobol_family_b_prediction_sensitive,strong,0.485421,,,,,,,-0.5082152974504249,-0.7501875677327924,,stress,115,20260810,0.65174,,
sobolB.idx115.case2b_prediction_inversion_boundary.stress.strong.util0.65174.inv0.485421.s20260810,prediction_inversion_boundary,prediction_inversion_boundary_grid,sobol_pilot_v1,20260810,,sobol_family_b_prediction_sensitive,strong,0.485421,,,,,,,-0.5087719298245614,-0.7502222963209959,,stress,115,20260810,0.65174,,
sobolB.idx115.case2b_prediction_inversion_boundary.stress.strong.util0.65174.inv0.485421.s20260811,prediction_inversion_boundary,prediction_inversion_boundary_grid,sobol_pilot_v1,20260811,,sobol_family_b_prediction_sensitive,strong,0.485421,,,,,,,-0.5101809954751131,-0.7503056574413692,,stress,115,20260810,0.65174,,
sobolB.idx115.case2b_prediction_inversion_boundary.stress.strong.util0.65174.inv0.485421.s20260812,prediction_inversion_boundary,prediction_inversion_boundary_grid,sobol_pilot_v1,20260812,,sobol_family_b_prediction_sensitive,strong,0.485421,,,,,,,-0.5090702947845805,-0.7502362029678209,,stress,115,20260810,0.65174,,
sobolB.idx116.case2b_prediction_inversion_boundary.stress.moderate.util0.731283.inv0.543879.s20260809,prediction_inversion_boundary,prediction_inversion_boundary_grid,sobol_pilot_v1,20260809,,sobol_family_b_prediction_sensitive,moderate,0.543879,,,,,,,-0.5734705546026301,-0.7969310316070385,,stress,116,20260810,0.731283,,
sobolB.idx116.case2b_prediction_inversion_boundary.stress.moderate.util0.731283.inv0.543879.s20260810,prediction_inversion_boundary,prediction_inversion_boundary_grid,sobol_pilot_v1,20260810,,sobol_family_b_prediction_sensitive,moderate,0.543879,,,,,,,-0.5729822552947911,-0.7967976872185468,,stress,116,20260810,0.731283,,
sobolB.idx116.case2b_prediction_inversion_boundary.stress.moderate.util0.731283.inv0.543879.s20260811,prediction_inversion_boundary,prediction_inversion_boundary_grid,sobol_pilot_v1,20260811,,sobol_family_b_prediction_sensitive,moderate,0.543879,,,,,,,-0.5776892430278885,-0.7973149512188342,,stress,116,20260810,0.731283,,
sobolB.idx116.case2b_prediction_inversion_boundary.stress.moderate.util0.731283.inv0.543879.s20260812,prediction_inversion_boundary,prediction_inversion_boundary_grid,sobol_pilot_v1,20260812,,sobol_family_b_prediction_sensitive,moderate,0.543879,,,,,,,-0.5776255707762558,-0.7971425394707582,,stress,116,20260810,0.731283,,
sobolB.idx116.case2b_prediction_inversion_boundary.stress.strong.util0.731283.inv0.543879.s20260809,prediction_inversion_boundary,prediction_inversion_boundary_grid,sobol_pilot_v1,20260809,,sobol_family_b_prediction_sensitive,strong,0.543879,,,,,,,-0.5728045325779036,-0.7969266679634313,,stress,116,20260810,0.731283,,
sobolB.idx116.case2b_prediction_inversion_boundary.stress.strong.util0.731283.inv0.543879.s20260810,prediction_inversion_boundary,prediction_inversion_boundary_grid,sobol_pilot_v1,20260810,,sobol_family_b_prediction_sensitive,strong,0.543879,,,,,,,-0.5732880588568194,-0.7969600978103811,,stress,116,20260810,0.731283,,
sobolB.idx116.case2b_prediction_inversion_boundary.stress.strong.util0.731283.inv0.543879.s20260811,prediction_inversion_boundary,prediction_inversion_boundary_grid,sobol_pilot_v1,20260811,,sobol_family_b_prediction_sensitive,strong,0.543879,,,,,,,-0.5746606334841629,-0.7970434589307547,,stress,116,20260810,0.731283,,
sobolB.idx116.case2b_prediction_inversion_boundary.stress.strong.util0.731283.inv0.543879.s20260812,prediction_inversion_boundary,prediction_inversion_boundary_grid,sobol_pilot_v1,20260812,,sobol_family_b_prediction_sensitive,strong,0.543879,,,,,,,-0.5736961451247166,-0.7969766020118937,,stress,116,20260810,0.731283,,
sobolB.idx117.case2b_prediction_inversion_boundary.stress.moderate.util0.89814.inv0.354857.s20260809,prediction_inversion_boundary,prediction_inversion_boundary_grid,sobol_pilot_v1,20260809,,sobol_family_b_prediction_sensitive,moderate,0.354857,,,,,,,-0.20342857142857143,-0.48789369805131616,,stress,117,20260810,0.89814,,
sobolB.idx117.case2b_prediction_inversion_boundary.stress.moderate.util0.89814.inv0.354857.s20260810,prediction_inversion_boundary,prediction_inversion_boundary_grid,sobol_pilot_v1,20260810,,sobol_family_b_prediction_sensitive,moderate,0.354857,,,,,,,-0.20411663807890223,-0.49204981375437823,,stress,117,20260810,0.89814,,
sobolB.idx117.case2b_prediction_inversion_boundary.stress.moderate.util0.89814.inv0.354857.s20260811,prediction_inversion_boundary,prediction_inversion_boundary_grid,sobol_pilot_v1,20260811,,sobol_family_b_prediction_sensitive,moderate,0.354857,,,,,,,-0.20932878270762229,-0.4924813075020152,,stress,117,20260810,0.89814,,
sobolB.idx117.case2b_prediction_inversion_boundary.stress.moderate.util0.89814.inv0.354857.s20260812,prediction_inversion_boundary,prediction_inversion_boundary_grid,sobol_pilot_v1,20260812,,sobol_family_b_prediction_sensitive,moderate,0.354857,,,,,,,-0.20662100456621005,-0.49221703357794083,,stress,117,20260810,0.89814,,
sobolB.idx117.case2b_prediction_inversion_boundary.stress.strong.util0.89814.inv0.354857.s20260809,prediction_inversion_boundary,prediction_inversion_boundary_grid,sobol_pilot_v1,20260809,,sobol_family_b_prediction_sensitive,strong,0.354857,,,,,,,-0.20453257790368273,-0.49209436741045365,,stress,117,20260810,0.89814,,
sobolB.idx117.case2b_prediction_inversion_boundary.stress.strong.util0.89814.inv0.354857.s20260810,prediction_inversion_boundary,prediction_inversion_boundary_grid,sobol_pilot_v1,20260810,,sobol_family_b_prediction_sensitive,strong,0.354857,,,,,,,-0.20543293718166383,-0.4921362676447704,,stress,117,20260810,0.89814,,
sobolB.idx117.case2b_prediction_inversion_boundary.stress.strong.util0.89814.inv0.354857.s20260811,prediction_inversion_boundary,prediction_inversion_boundary_grid,sobol_pilot_v1,20260811,,sobol_family_b_prediction_sensitive,strong,0.354857,,,,,,,-0.20701357466063347,-0.49221962876514397,,stress,117,20260810,0.89814,,
sobolB.idx117.case2b_prediction_inversion_boundary.stress.strong.util0.89814.inv0.354857.s20260812,prediction_inversion_boundary,prediction_inversion_boundary_grid,sobol_pilot_v1,20260812,,sobol_family_b_prediction_sensitive,strong,0.354857,,,,,,,-0.20521541950113378,-0.4921358306007892,,stress,117,20260810,0.89814,,
sobolB.idx118.case2b_prediction_inversion_boundary.stress.moderate.util1.014395.inv0.869607.s20260809,prediction_inversion_boundary,prediction_inversion_boundary_grid,sobol_pilot_v1,20260809,,sobol_family_b_prediction_sensitive,moderate,0.869607,,,,,,,-0.969054441260745,-0.9941622883829537,,stress,118,20260810,1.014395,,
sobolB.idx118.case2b_prediction_inversion_boundary.stress.moderate.util1.014395.inv0.869607.s20260810,prediction_inversion_boundary,prediction_inversion_boundary_grid,sobol_pilot_v1,20260810,,sobol_family_b_prediction_sensitive,moderate,0.869607,,,,,,,-0.969054441260745,-0.9949963862789794,,stress,118,20260810,1.014395,,
sobolB.idx118.case2b_prediction_inversion_boundary.stress.moderate.util1.014395.inv0.869607.s20260811,prediction_inversion_boundary,prediction_inversion_boundary_grid,sobol_pilot_v1,20260811,,sobol_family_b_prediction_sensitive,moderate,0.869607,,,,,,,-0.9714774671990872,-0.9953581454818355,,stress,118,20260810,1.014395,,
sobolB.idx118.case2b_prediction_inversion_boundary.stress.moderate.util1.014395.inv0.869607.s20260812,prediction_inversion_boundary,prediction_inversion_boundary_grid,sobol_pilot_v1,20260812,,sobol_family_b_prediction_sensitive,moderate,0.869607,,,,,,,-0.9679266895761741,-0.994482432732933,,stress,118,20260810,1.014395,,
sobolB.idx118.case2b_prediction_inversion_boundary.stress.strong.util1.014395.inv0.869607.s20260809,prediction_inversion_boundary,prediction_inversion_boundary_grid,sobol_pilot_v1,20260809,,sobol_family_b_prediction_sensitive,strong,0.869607,,,,,,,-0.9682539682539683,-0.9952482841025926,,stress,118,20260810,1.014395,,
sobolB.idx118.case2b_prediction_inversion_boundary.stress.strong.util1.014395.inv0.869607.s20260810,prediction_inversion_boundary,prediction_inversion_boundary_grid,sobol_pilot_v1,20260810,,sobol_family_b_prediction_sensitive,strong,0.869607,,,,,,,-0.969439728353141,-0.9953595642992106,,stress,118,20260810,1.014395,,
sobolB.idx118.case2b_prediction_inversion_boundary.stress.strong.util1.014395.inv0.869607.s20260811,prediction_inversion_boundary,prediction_inversion_boundary_grid,sobol_pilot_v1,20260811,,sobol_family_b_prediction_sensitive,strong,0.869607,,,,,,,-0.969439728353141,-0.9953595642992106,,stress,118,20260810,1.014395,,
sobolB.idx118.case2b_prediction_inversion_boundary.stress.strong.util1.014395.inv0.869607.s20260812,prediction_inversion_boundary,prediction_inversion_boundary_grid,sobol_pilot_v1,20260812,,sobol_family_b_prediction_sensitive,strong,0.869607,,,,,,,-0.9682179341657208,-0.9952203634746847,,stress,118,20260810,1.014395,,
sobolB.idx119.case2b_prediction_inversion_boundary.stress.moderate.util0.537574.inv0.060345.s20260809,prediction_inversion_boundary,prediction_inversion_boundary_grid,sobol_pilot_v1,20260809,,sobol_family_b_prediction_sensitive,moderate,0.060345,,,,,,,0.7380410022779044,0.6258304839740916,,stress,119,20260810,0.537574,,
sobolB.idx119.case2b_prediction_inversion_boundary.stress.moderate.util0.537574.inv0.060345.s20260810,prediction_inversion_boundary,prediction_inversion_boundary_grid,sobol_pilot_v1,20260810,,sobol_family_b_prediction_sensitive,moderate,0.060345,,,,,,,0.7464306110793832,0.6355006393506422,,stress,119,20260810,0.537574,,
sobolB.idx119.case2b_prediction_inversion_boundary.stress.moderate.util0.537574.inv0.060345.s20260811,prediction_inversion_boundary,prediction_inversion_boundary_grid,sobol_pilot_v1,20260811,,sobol_family_b_prediction_sensitive,moderate,0.060345,,,,,,,0.742743312464428,0.6321538760875003,,stress,119,20260810,0.537574,,
sobolB.idx119.case2b_prediction_inversion_boundary.stress.moderate.util0.537574.inv0.060345.s20260812,prediction_inversion_boundary,prediction_inversion_boundary_grid,sobol_pilot_v1,20260812,,sobol_family_b_prediction_sensitive,moderate,0.060345,,,,,,,0.7445838084378563,0.6323660217923059,,stress,119,20260810,0.537574,,
sobolB.idx119.case2b_prediction_inversion_boundary.stress.strong.util0.537574.inv0.060345.s20260809,prediction_inversion_boundary,prediction_inversion_boundary_grid,sobol_pilot_v1,20260809,,sobol_family_b_prediction_sensitive,strong,0.060345,,,,,,,0.7396717600452745,0.625976046905827,,stress,119,20260810,0.537574,,
sobolB.idx119.case2b_prediction_inversion_boundary.stress.strong.util0.537574.inv0.060345.s20260810,prediction_inversion_boundary,prediction_inversion_boundary_grid,sobol_pilot_v1,20260810,,sobol_family_b_prediction_sensitive,strong,0.060345,,,,,,,0.7398190045248869,0.6259864399244192,,stress,119,20260810,0.537574,,
sobolB.idx119.case2b_prediction_inversion_boundary.stress.strong.util0.537574.inv0.060345.s20260811,prediction_inversion_boundary,prediction_inversion_boundary_grid,sobol_pilot_v1,20260811,,sobol_family_b_prediction_sensitive,strong,0.060345,,,,,,,0.7398190045248869,0.6259864399244192,,stress,119,20260810,0.537574,,
sobolB.idx119.case2b_prediction_inversion_boundary.stress.strong.util0.537574.inv0.060345.s20260812,prediction_inversion_boundary,prediction_inversion_boundary_grid,sobol_pilot_v1,20260812,,sobol_family_b_prediction_sensitive,strong,0.060345,,,,,,,0.741643059490085,0.626049019062969,,stress,119,20260810,0.537574,,
sobolB.idx120.case2b_prediction_inversion_boundary.stress.moderate.util0.52895.inv0.698055.s20260809,prediction_inversion_boundary,prediction_inversion_boundary_grid,sobol_pilot_v1,20260809,,sobol_family_b_prediction_sensitive,moderate,0.698055,,,,,,,-0.8307604345340195,-0.9462096572429319,,stress,120,20260810,0.52895,,
sobolB.idx120.case2b_prediction_inversion_boundary.stress.moderate.util0.52895.inv0.698055.s20260810,prediction_inversion_boundary,prediction_inversion_boundary_grid,sobol_pilot_v1,20260810,,sobol_family_b_prediction_sensitive,moderate,0.698055,,,,,,,-0.8293241695303551,-0.9450297437037861,,stress,120,20260810,0.52895,,
sobolB.idx120.case2b_prediction_inversion_boundary.stress.moderate.util0.52895.inv0.698055.s20260811,prediction_inversion_boundary,prediction_inversion_boundary_grid,sobol_pilot_v1,20260811,,sobol_family_b_prediction_sensitive,moderate,0.698055,,,,,,,-0.8288648031945237,-0.945201100703227,,stress,120,20260810,0.52895,,
sobolB.idx120.case2b_prediction_inversion_boundary.stress.moderate.util0.52895.inv0.698055.s20260812,prediction_inversion_boundary,prediction_inversion_boundary_grid,sobol_pilot_v1,20260812,,sobol_family_b_prediction_sensitive,moderate,0.698055,,,,,,,-0.8295194508009154,-0.9441572159217256,,stress,120,20260810,0.52895,,
sobolB.idx120.case2b_prediction_inversion_boundary.stress.strong.util0.52895.inv0.698055.s20260809,prediction_inversion_boundary,prediction_inversion_boundary_grid,sobol_pilot_v1,20260809,,sobol_family_b_prediction_sensitive,strong,0.698055,,,,,,,-0.8277620396600567,-0.9461472198293828,,stress,120,20260810,0.52895,,
sobolB.idx120.case2b_prediction_inversion_boundary.stress.strong.util0.52895.inv0.698055.s20260810,prediction_inversion_boundary,prediction_inversion_boundary_grid,sobol_pilot_v1,20260810,,sobol_family_b_prediction_sensitive,strong,0.698055,,,,,,,-0.8279569892473119,-0.9461765032788705,,stress,120,20260810,0.52895,,
sobolB.idx120.case2b_prediction_inversion_boundary.stress.strong.util0.52895.inv0.698055.s20260811,prediction_inversion_boundary,prediction_inversion_boundary_grid,sobol_pilot_v1,20260811,,sobol_family_b_prediction_sensitive,strong,0.698055,,,,,,,-0.8279569892473119,-0.9461765032788705,,stress,120,20260810,0.52895,,
sobolB.idx120.case2b_prediction_inversion_boundary.stress.strong.util0.52895.inv0.698055.s20260812,prediction_inversion_boundary,prediction_inversion_boundary_grid,sobol_pilot_v1,20260812,,sobol_family_b_prediction_sensitive,strong,0.698055,,,,,,,-0.8275666477595008,-0.9451592285888958,,stress,120,20260810,0.52895,,
sobolB.idx121.case2b_prediction_inversion_boundary.stress.moderate.util0.966805.inv0.388183.s20260809,prediction_inversion_boundary,prediction_inversion_boundary_grid,sobol_pilot_v1,20260809,,sobol_family_b_prediction_sensitive,moderate,0.388183,,,,,,,-0.28685714285714287,-0.5681761320990741,,stress,121,20260810,0.966805,,
sobolB.idx121.case2b_prediction_inversion_boundary.stress.moderate.util0.966805.inv0.388183.s20260810,prediction_inversion_boundary,prediction_inversion_boundary_grid,sobol_pilot_v1,20260810,,sobol_family_b_prediction_sensitive,moderate,0.388183,,,,,,,-0.2875929102344197,-0.5681603380219048,,stress,121,20260810,0.966805,,
sobolB.idx121.case2b_prediction_inversion_boundary.stress.moderate.util0.966805.inv0.388183.s20260811,prediction_inversion_boundary,prediction_inversion_boundary_grid,sobol_pilot_v1,20260811,,sobol_family_b_prediction_sensitive,moderate,0.388183,,,,,,,-0.2923777019340159,-0.5685854851710815,,stress,121,20260810,0.966805,,
sobolB.idx121.case2b_prediction_inversion_boundary.stress.moderate.util0.966805.inv0.388183.s20260812,prediction_inversion_boundary,prediction_inversion_boundary_grid,sobol_pilot_v1,20260812,,sobol_family_b_prediction_sensitive,moderate,0.388183,,,,,,,-0.2899543378995434,-0.5683233266622193,,stress,121,20260810,0.966805,,
sobolB.idx121.case2b_prediction_inversion_boundary.stress.strong.util0.966805.inv0.388183.s20260809,prediction_inversion_boundary,prediction_inversion_boundary_grid,sobol_pilot_v1,20260809,,sobol_family_b_prediction_sensitive,strong,0.388183,,,,,,,-0.28725212464589234,-0.5681773973935031,,stress,121,20260810,0.966805,,
sobolB.idx121.case2b_prediction_inversion_boundary.stress.strong.util0.966805.inv0.388183.s20260810,prediction_inversion_boundary,prediction_inversion_boundary_grid,sobol_pilot_v1,20260810,,sobol_family_b_prediction_sensitive,strong,0.388183,,,,,,,-0.288058856819468,-0.5682171835056129,,stress,121,20260810,0.966805,,
sobolB.idx121.case2b_prediction_inversion_boundary.stress.strong.util0.966805.inv0.388183.s20260811,prediction_inversion_boundary,prediction_inversion_boundary_grid,sobol_pilot_v1,20260811,,sobol_family_b_prediction_sensitive,strong,0.388183,,,,,,,-0.2895927601809955,-0.5683005446259863,,stress,121,20260810,0.966805,,
sobolB.idx121.case2b_prediction_inversion_boundary.stress.strong.util0.966805.inv0.388183.s20260812,prediction_inversion_boundary,prediction_inversion_boundary_grid,sobol_pilot_v1,20260812,,sobol_family_b_prediction_sensitive,strong,0.388183,,,,,,,-0.28798185941043086,-0.5682209748235425,,stress,121,20260810,0.966805,,
sobolB.idx122.case2b_prediction_inversion_boundary.stress.moderate.util0.925516.inv0.902688.s20260809,prediction_inversion_boundary,prediction_inversion_boundary_grid,sobol_pilot_v1,20260809,,sobol_family_b_prediction_sensitive,moderate,0.902688,,,,,,,-0.9827981651376146,-0.9972896338920856,,stress,122,20260810,0.925516,,
sobolB.idx122.case2b_prediction_inversion_boundary.stress.moderate.util0.925516.inv0.902688.s20260810,prediction_inversion_boundary,prediction_inversion_boundary_grid,sobol_pilot_v1,20260810,,sobol_family_b_prediction_sensitive,moderate,0.902688,,,,,,,-0.9839541547277937,-0.997720575971535,,stress,122,20260810,0.925516,,
sobolB.idx122.case2b_prediction_inversion_boundary.stress.moderate.util0.925516.inv0.902688.s20260811,prediction_inversion_boundary,prediction_inversion_boundary_grid,sobol_pilot_v1,20260811,,sobol_family_b_prediction_sensitive,moderate,0.902688,,,,,,,-0.9863091842555619,-0.9980821080134529,,stress,122,20260810,0.925516,,
sobolB.idx122.case2b_prediction_inversion_boundary.stress.moderate.util0.925516.inv0.902688.s20260812,prediction_inversion_boundary,prediction_inversion_boundary_grid,sobol_pilot_v1,20260812,,sobol_family_b_prediction_sensitive,moderate,0.902688,,,,,,,-0.9828178694158075,-0.9976095174560816,,stress,122,20260810,0.925516,,
sobolB.idx122.case2b_prediction_inversion_boundary.stress.strong.util0.925516.inv0.902688.s20260809,prediction_inversion_boundary,prediction_inversion_boundary_grid,sobol_pilot_v1,20260809,,sobol_family_b_prediction_sensitive,strong,0.902688,,,,,,,-0.9829931972789115,-0.9979714897046155,,stress,122,20260810,0.925516,,
sobolB.idx122.case2b_prediction_inversion_boundary.stress.strong.util0.925516.inv0.902688.s20260810,prediction_inversion_boundary,prediction_inversion_boundary_grid,sobol_pilot_v1,20260810,,sobol_family_b_prediction_sensitive,strong,0.902688,,,,,,,-0.9841539332201471,-0.9980826942314103,,stress,122,20260810,0.925516,,
sobolB.idx122.case2b_prediction_inversion_boundary.stress.strong.util0.925516.inv0.902688.s20260811,prediction_inversion_boundary,prediction_inversion_boundary_grid,sobol_pilot_v1,20260811,,sobol_family_b_prediction_sensitive,strong,0.902688,,,,,,,-0.9841539332201471,-0.9980826942314103,,stress,122,20260810,0.925516,,
sobolB.idx122.case2b_prediction_inversion_boundary.stress.strong.util0.925516.inv0.902688.s20260812,prediction_inversion_boundary,prediction_inversion_boundary_grid,sobol_pilot_v1,20260812,,sobol_family_b_prediction_sensitive,strong,0.902688,,,,,,,-0.9829738933030647,-0.9979436447507365,,stress,122,20260810,0.925516,,
sobolB.idx123.case2b_prediction_inversion_boundary.stress.moderate.util0.79762.inv0.214765.s20260809,prediction_inversion_boundary,prediction_inversion_boundary_grid,sobol_pilot_v1,20260809,,sobol_family_b_prediction_sensitive,moderate,0.214765,,,,,,,0.27438676554478036,0.02885497456425652,,stress,123,20260810,0.79762,,
sobolB.idx123.case2b_prediction_inversion_boundary.stress.moderate.util0.79762.inv0.214765.s20260810,prediction_inversion_boundary,prediction_inversion_boundary_grid,sobol_pilot_v1,20260810,,sobol_family_b_prediction_sensitive,moderate,0.214765,,,,,,,0.2781267846944603,0.026588647356424085,,stress,123,20260810,0.79762,,
sobolB.idx123.case2b_prediction_inversion_boundary.stress.moderate.util0.79762.inv0.214765.s20260811,prediction_inversion_boundary,prediction_inversion_boundary_grid,sobol_pilot_v1,20260811,,sobol_family_b_prediction_sensitive,moderate,0.214765,,,,,,,0.27231381466742466,0.023598410095338685,,stress,123,20260810,0.79762,,
sobolB.idx123.case2b_prediction_inversion_boundary.stress.moderate.util0.79762.inv0.214765.s20260812,prediction_inversion_boundary,prediction_inversion_boundary_grid,sobol_pilot_v1,20260812,,sobol_family_b_prediction_sensitive,moderate,0.214765,,,,,,,0.2766685681688534,0.02387702913053146,,stress,123,20260810,0.79762,,
sobolB.idx123.case2b_prediction_inversion_boundary.stress.strong.util0.79762.inv0.214765.s20260809,prediction_inversion_boundary,prediction_inversion_boundary_grid,sobol_pilot_v1,20260809,,sobol_family_b_prediction_sensitive,strong,0.214765,,,,,,,0.27519818799546997,0.023841942923833608,,stress,123,20260810,0.79762,,
sobolB.idx123.case2b_prediction_inversion_boundary.stress.strong.util0.79762.inv0.214765.s20260810,prediction_inversion_boundary,prediction_inversion_boundary_grid,sobol_pilot_v1,20260810,,sobol_family_b_prediction_sensitive,strong,0.214765,,,,,,,0.2737556561085973,0.02378570634655996,,stress,123,20260810,0.79762,,
sobolB.idx123.case2b_prediction_inversion_boundary.stress.strong.util0.79762.inv0.214765.s20260811,prediction_inversion_boundary,prediction_inversion_boundary_grid,sobol_pilot_v1,20260811,,sobol_family_b_prediction_sensitive,strong,0.214765,,,,,,,0.2737556561085973,0.02378570634655996,,stress,123,20260810,0.79762,,
sobolB.idx123.case2b_prediction_inversion_boundary.stress.strong.util0.79762.inv0.214765.s20260812,prediction_inversion_boundary,prediction_inversion_boundary_grid,sobol_pilot_v1,20260812,,sobol_family_b_prediction_sensitive,strong,0.214765,,,,,,,0.2747875354107649,0.023814816873228478,,stress,123,20260810,0.79762,,
sobolB.idx124.case2b_prediction_inversion_boundary.stress.moderate.util0.717788.inv0.75595.s20260809,prediction_inversion_boundary,prediction_inversion_boundary_grid,sobol_pilot_v1,20260809,,sobol_family_b_prediction_sensitive,moderate,0.75595,,,,,,,-0.9004576659038902,-0.9747032496594666,,stress,124,20260810,0.717788,,
sobolB.idx124.case2b_prediction_inversion_boundary.stress.moderate.util0.717788.inv0.75595.s20260810,prediction_inversion_boundary,prediction_inversion_boundary_grid,sobol_pilot_v1,20260810,,sobol_family_b_prediction_sensitive,moderate,0.75595,,,,,,,-0.8979357798165137,-0.9729526880524825,,stress,124,20260810,0.717788,,
sobolB.idx124.case2b_prediction_inversion_boundary.stress.moderate.util0.717788.inv0.75595.s20260811,prediction_inversion_boundary,prediction_inversion_boundary_grid,sobol_pilot_v1,20260811,,sobol_family_b_prediction_sensitive,moderate,0.75595,,,,,,,-0.8996006845407872,-0.9747338577424466,,stress,124,20260810,0.717788,,
sobolB.idx124.case2b_prediction_inversion_boundary.stress.moderate.util0.717788.inv0.75595.s20260812,prediction_inversion_boundary,prediction_inversion_boundary_grid,sobol_pilot_v1,20260812,,sobol_family_b_prediction_sensitive,moderate,0.75595,,,,,,,-0.89937106918239,-0.9738575717144763,,stress,124,20260810,0.717788,,
sobolB.idx124.case2b_prediction_inversion_boundary.stress.strong.util0.717788.inv0.75595.s20260809,prediction_inversion_boundary,prediction_inversion_boundary_grid,sobol_pilot_v1,20260809,,sobol_family_b_prediction_sensitive,strong,0.75595,,,,,,,-0.8980169971671388,-0.9747130908383581,,stress,124,20260810,0.717788,,
sobolB.idx124.case2b_prediction_inversion_boundary.stress.strong.util0.717788.inv0.75595.s20260810,prediction_inversion_boundary,prediction_inversion_boundary_grid,sobol_pilot_v1,20260810,,sobol_family_b_prediction_sensitive,strong,0.75595,,,,,,,-0.8981324278438031,-0.9747415805268421,,stress,124,20260810,0.717788,,
sobolB.idx124.case2b_prediction_inversion_boundary.stress.strong.util0.717788.inv0.75595.s20260811,prediction_inversion_boundary,prediction_inversion_boundary_grid,sobol_pilot_v1,20260811,,sobol_family_b_prediction_sensitive,strong,0.75595,,,,,,,-0.8981324278438031,-0.9747415805268421,,stress,124,20260810,0.717788,,
sobolB.idx124.case2b_prediction_inversion_boundary.stress.strong.util0.717788.inv0.75595.s20260812,prediction_inversion_boundary,prediction_inversion_boundary_grid,sobol_pilot_v1,20260812,,sobol_family_b_prediction_sensitive,strong,0.75595,,,,,,,-0.8967082860385925,-0.9738648363252377,,stress,124,20260810,0.717788,,
sobolB.idx125.case2b_prediction_inversion_boundary.stress.moderate.util0.855348.inv0.064113.s20260809,prediction_inversion_boundary,prediction_inversion_boundary_grid,sobol_pilot_v1,20260809,,sobol_family_b_prediction_sensitive,moderate,0.064113,,,,,,,0.7380410022779044,0.6258304839740916,,stress,125,20260810,0.855348,,
sobolB.idx125.case2b_prediction_inversion_boundary.stress.moderate.util0.855348.inv0.064113.s20260810,prediction_inversion_boundary,prediction_inversion_boundary_grid,sobol_pilot_v1,20260810,,sobol_family_b_prediction_sensitive,moderate,0.064113,,,,,,,0.7464306110793832,0.6355006393506422,,stress,125,20260810,0.855348,,
sobolB.idx125.case2b_prediction_inversion_boundary.stress.moderate.util0.855348.inv0.064113.s20260811,prediction_inversion_boundary,prediction_inversion_boundary_grid,sobol_pilot_v1,20260811,,sobol_family_b_prediction_sensitive,moderate,0.064113,,,,,,,0.742743312464428,0.6321538760875003,,stress,125,20260810,0.855348,,
sobolB.idx125.case2b_prediction_inversion_boundary.stress.moderate.util0.855348.inv0.064113.s20260812,prediction_inversion_boundary,prediction_inversion_boundary_grid,sobol_pilot_v1,20260812,,sobol_family_b_prediction_sensitive,moderate,0.064113,,,,,,,0.7445838084378563,0.6323660217923059,,stress,125,20260810,0.855348,,
sobolB.idx125.case2b_prediction_inversion_boundary.stress.strong.util0.855348.inv0.064113.s20260809,prediction_inversion_boundary,prediction_inversion_boundary_grid,sobol_pilot_v1,20260809,,sobol_family_b_prediction_sensitive,strong,0.064113,,,,,,,0.7396717600452745,0.625976046905827,,stress,125,20260810,0.855348,,
sobolB.idx125.case2b_prediction_inversion_boundary.stress.strong.util0.855348.inv0.064113.s20260810,prediction_inversion_boundary,prediction_inversion_boundary_grid,sobol_pilot_v1,20260810,,sobol_family_b_prediction_sensitive,strong,0.064113,,,,,,,0.7398190045248869,0.6259864399244192,,stress,125,20260810,0.855348,,
sobolB.idx125.case2b_prediction_inversion_boundary.stress.strong.util0.855348.inv0.064113.s20260811,prediction_inversion_boundary,prediction_inversion_boundary_grid,sobol_pilot_v1,20260811,,sobol_family_b_prediction_sensitive,strong,0.064113,,,,,,,0.7398190045248869,0.6259864399244192,,stress,125,20260810,0.855348,,
sobolB.idx125.case2b_prediction_inversion_boundary.stress.strong.util0.855348.inv0.064113.s20260812,prediction_inversion_boundary,prediction_inversion_boundary_grid,sobol_pilot_v1,20260812,,sobol_family_b_prediction_sensitive,strong,0.064113,,,,,,,0.741643059490085,0.626049019062969,,stress,125,20260810,0.855348,,
sobolB.idx126.case2b_prediction_inversion_boundary.stress.moderate.util1.037265.inv0.578626.s20260809,prediction_inversion_boundary,prediction_inversion_boundary_grid,sobol_pilot_v1,20260809,,sobol_family_b_prediction_sensitive,moderate,0.578626,,,,,,,-0.6340766152086906,-0.8374614294053873,,stress,126,20260810,1.037265,,
sobolB.idx126.case2b_prediction_inversion_boundary.stress.moderate.util1.037265.inv0.578626.s20260810,prediction_inversion_boundary,prediction_inversion_boundary_grid,sobol_pilot_v1,20260810,,sobol_family_b_prediction_sensitive,moderate,0.578626,,,,,,,-0.6336576989124213,-0.8373269583588147,,stress,126,20260810,1.037265,,
sobolB.idx126.case2b_prediction_inversion_boundary.stress.moderate.util1.037265.inv0.578626.s20260811,prediction_inversion_boundary,prediction_inversion_boundary_grid,sobol_pilot_v1,20260811,,sobol_family_b_prediction_sensitive,moderate,0.578626,,,,,,,-0.6353276353276354,-0.8348945159407398,,stress,126,20260810,1.037265,,
sobolB.idx126.case2b_prediction_inversion_boundary.stress.moderate.util1.037265.inv0.578626.s20260812,prediction_inversion_boundary,prediction_inversion_boundary_grid,sobol_pilot_v1,20260812,,sobol_family_b_prediction_sensitive,moderate,0.578626,,,,,,,-0.6367789834380354,-0.8361824549699798,,stress,126,20260810,1.037265,,
sobolB.idx126.case2b_prediction_inversion_boundary.stress.strong.util1.037265.inv0.578626.s20260809,prediction_inversion_boundary,prediction_inversion_boundary_grid,sobol_pilot_v1,20260809,,sobol_family_b_prediction_sensitive,strong,0.578626,,,,,,,-0.6328611898016997,-0.8374412982465891,,stress,126,20260810,1.037265,,
sobolB.idx126.case2b_prediction_inversion_boundary.stress.strong.util1.037265.inv0.578626.s20260810,prediction_inversion_boundary,prediction_inversion_boundary_grid,sobol_pilot_v1,20260810,,sobol_family_b_prediction_sensitive,strong,0.578626,,,,,,,-0.633276740237691,-0.8374736023118816,,stress,126,20260810,1.037265,,
sobolB.idx126.case2b_prediction_inversion_boundary.stress.strong.util1.037265.inv0.578626.s20260811,prediction_inversion_boundary,prediction_inversion_boundary_grid,sobol_pilot_v1,20260811,,sobol_family_b_prediction_sensitive,strong,0.578626,,,,,,,-0.6346153846153846,-0.8375569634322552,,stress,126,20260810,1.037265,,
sobolB.idx126.case2b_prediction_inversion_boundary.stress.strong.util1.037265.inv0.578626.s20260812,prediction_inversion_boundary,prediction_inversion_boundary_grid,sobol_pilot_v1,20260812,,sobol_family_b_prediction_sensitive,strong,0.578626,,,,,,,-0.6337868480725624,-0.8374923581392765,,stress,126,20260810,1.037265,,
sobolB.idx127.case2b_prediction_inversion_boundary.stress.moderate.util0.608491.inv0.272653.s20260809,prediction_inversion_boundary,prediction_inversion_boundary_grid,sobol_pilot_v1,20260809,,sobol_family_b_prediction_sensitive,moderate,0.272653,,,,,,,0.06902452937820878,-0.21157534817779997,,stress,127,20260810,0.608491,,
sobolB.idx127.case2b_prediction_inversion_boundary.stress.moderate.util0.608491.inv0.272653.s20260810,prediction_inversion_boundary,prediction_inversion_boundary_grid,sobol_pilot_v1,20260810,,sobol_family_b_prediction_sensitive,moderate,0.272653,,,,,,,0.07024557395773844,-0.21143047756713185,,stress,127,20260810,0.608491,,
sobolB.idx127.case2b_prediction_inversion_boundary.stress.moderate.util0.608491.inv0.272653.s20260811,prediction_inversion_boundary,prediction_inversion_boundary_grid,sobol_pilot_v1,20260811,,sobol_family_b_prediction_sensitive,moderate,0.272653,,,,,,,0.06537805571347356,-0.2117741890652361,,stress,127,20260810,0.608491,,
sobolB.idx127.case2b_prediction_inversion_boundary.stress.moderate.util0.608491.inv0.272653.s20260812,prediction_inversion_boundary,prediction_inversion_boundary_grid,sobol_pilot_v1,20260812,,sobol_family_b_prediction_sensitive,moderate,0.272653,,,,,,,0.07077625570776255,-0.2090143428952635,,stress,127,20260810,0.608491,,
sobolB.idx127.case2b_prediction_inversion_boundary.stress.strong.util0.608491.inv0.272653.s20260809,prediction_inversion_boundary,prediction_inversion_boundary_grid,sobol_pilot_v1,20260809,,sobol_family_b_prediction_sensitive,strong,0.272653,,,,,,,0.0708215297450425,-0.21138188790396528,,stress,127,20260810,0.608491,,
sobolB.idx127.case2b_prediction_inversion_boundary.stress.strong.util0.608491.inv0.272653.s20260810,prediction_inversion_boundary,prediction_inversion_boundary_grid,sobol_pilot_v1,20260810,,sobol_family_b_prediction_sensitive,strong,0.272653,,,,,,,0.06787330316742081,-0.21151494942758695,,stress,127,20260810,0.608491,,
sobolB.idx127.case2b_prediction_inversion_boundary.stress.strong.util0.608491.inv0.272653.s20260811,prediction_inversion_boundary,prediction_inversion_boundary_grid,sobol_pilot_v1,20260811,,sobol_family_b_prediction_sensitive,strong,0.272653,,,,,,,0.06787330316742081,-0.21151494942758695,,stress,127,20260810,0.608491,,
sobolB.idx127.case2b_prediction_inversion_boundary.stress.strong.util0.608491.inv0.272653.s20260812,prediction_inversion_boundary,prediction_inversion_boundary_grid,sobol_pilot_v1,20260812,,sobol_family_b_prediction_sensitive,strong,0.272653,,,,,,,0.07029478458049887,-0.21141555049185795,,stress,127,20260810,0.608491,,
sobolC.idx0.case3_edf_overload.stress.of1.090302.fi0.214455.s20260809,edf_unsalvageable_overload,unsalvageable_overload,sobol_pilot_v1,20260809,0.214455,sobol_family_c_deadline_admission,,,,6,24,,,1.090302,,,,stress,0,20260812,,6.5040000000000004,1.4913299251033199
sobolC.idx0.case3_edf_overload.stress.of1.090302.fi0.214455.s20260810,edf_unsalvageable_overload,unsalvageable_overload,sobol_pilot_v1,20260810,0.214455,sobol_family_c_deadline_admission,,,,6,24,,,1.090302,,,,stress,0,20260812,,6.48,1.485826862649064
sobolC.idx0.case3_edf_overload.stress.of1.090302.fi0.214455.s20260811,edf_unsalvageable_overload,unsalvageable_overload,sobol_pilot_v1,20260811,0.214455,sobol_family_c_deadline_admission,,,,6,24,,,1.090302,,,,stress,0,20260812,,6.314,1.4477640140071282
sobolC.idx0.case3_edf_overload.stress.of1.090302.fi0.214455.s20260812,edf_unsalvageable_overload,unsalvageable_overload,sobol_pilot_v1,20260812,0.214455,sobol_family_c_deadline_admission,,,,6,24,,,1.090302,,,,stress,0,20260812,,6.2490000000000006,1.4328598865268523
sobolC.idx1.case3_edf_overload.stress.of1.330716.fi0.564125.s20260809,edf_unsalvageable_overload,unsalvageable_overload,sobol_pilot_v1,20260809,0.564125,sobol_family_c_deadline_admission,,,,17,13,,,1.330716,,,,stress,1,20260812,,9.877,1.8555800035469627
sobolC.idx1.case3_edf_overload.stress.of1.330716.fi0.564125.s20260810,edf_unsalvageable_overload,unsalvageable_overload,sobol_pilot_v1,20260810,0.564125,sobol_family_c_deadline_admission,,,,17,13,,,1.330716,,,,stress,1,20260812,,9.908,1.861403935926223
sobolC.idx1.case3_edf_overload.stress.of1.330716.fi0.564125.s20260811,edf_unsalvageable_overload,unsalvageable_overload,sobol_pilot_v1,20260811,0.564125,sobol_family_c_deadline_admission,,,,17,13,,,1.330716,,,,stress,1,20260812,,9.482,1.7813718329079982
sobolC.idx1.case3_edf_overload.stress.of1.330716.fi0.564125.s20260812,edf_unsalvageable_overload,unsalvageable_overload,sobol_pilot_v1,20260812,0.564125,sobol_family_c_deadline_admission,,,,17,13,,,1.330716,,,,stress,1,20260812,,9.615,1.8063583815028903
sobolC.idx2.case3_edf_overload.stress.of1.1356.fi3.5e-05.s20260809,edf_unsalvageable_overload,unsalvageable_overload,sobol_pilot_v1,20260809,3.5e-05,sobol_family_c_deadline_admission,,,,0,30,,,1.1356,,,,stress,2,20260812,,4.652,1.0241282141599155
sobolC.idx2.case3_edf_overload.stress.of1.1356.fi3.5e-05.s20260810,edf_unsalvageable_overload,unsalvageable_overload,sobol_pilot_v1,20260810,3.5e-05,sobol_family_c_deadline_admission,,,,0,30,,,1.1356,,,,stress,2,20260812,,4.6450000000000005,1.0225871785840086
sobolC.idx2.case3_edf_overload.stress.of1.1356.fi3.5e-05.s20260811,edf_unsalvageable_overload,unsalvageable_overload,sobol_pilot_v1,20260811,3.5e-05,sobol_family_c_deadline_admission,,,,0,30,,,1.1356,,,,stress,2,20260812,,4.473,0.9847217330045791
sobolC.idx2.case3_edf_overload.stress.of1.1356.fi3.5e-05.s20260812,edf_unsalvageable_overload,unsalvageable_overload,sobol_pilot_v1,20260812,3.5e-05,sobol_family_c_deadline_admission,,,,0,30,,,1.1356,,,,stress,2,20260812,,4.5,0.9906657273687919
sobolC.idx3.case3_edf_overload.stress.of0.963792.fi0.750486.s20260809,edf_unsalvageable_overload,unsalvageable_overload,sobol_pilot_v1,20260809,0.750486,sobol_family_c_deadline_admission,,,,23,7,,,0.963792,,,,stress,3,20260812,,11.805,3.0621233627172666
sobolC.idx3.case3_edf_overload.stress.of0.963792.fi0.750486.s20260810,edf_unsalvageable_overload,unsalvageable_overload,sobol_pilot_v1,20260810,0.750486,sobol_family_c_deadline_admission,,,,23,7,,,0.963792,,,,stress,3,20260812,,11.804,3.0618639706492687
sobolC.idx3.case3_edf_overload.stress.of0.963792.fi0.750486.s20260811,edf_unsalvageable_overload,unsalvageable_overload,sobol_pilot_v1,20260811,0.750486,sobol_family_c_deadline_admission,,,,23,7,,,0.963792,,,,stress,3,20260812,,11.314,2.9347618573302126
sobolC.idx3.case3_edf_overload.stress.of0.963792.fi0.750486.s20260812,edf_unsalvageable_overload,unsalvageable_overload,sobol_pilot_v1,20260812,0.750486,sobol_family_c_deadline_admission,,,,23,7,,,0.963792,,,,stress,3,20260812,,11.441,2.967704649965968
sobolC.idx4.case3_edf_overload.stress.of0.880181.fi0.143936.s20260809,edf_unsalvageable_overload,unsalvageable_overload,sobol_pilot_v1,20260809,0.143936,sobol_family_c_deadline_admission,,,,4,26,,,0.880181,,,,stress,4,20260812,,5.918,1.6809042685538542
sobolC.idx4.case3_edf_overload.stress.of0.880181.fi0.143936.s20260810,edf_unsalvageable_overload,unsalvageable_overload,sobol_pilot_v1,20260810,0.143936,sobol_family_c_deadline_admission,,,,4,26,,,0.880181,,,,stress,4,20260812,,5.908,1.6780639436661324
sobolC.idx4.case3_edf_overload.stress.of0.880181.fi0.143936.s20260811,edf_unsalvageable_overload,unsalvageable_overload,sobol_pilot_v1,20260811,0.143936,sobol_family_c_deadline_admission,,,,4,26,,,0.880181,,,,stress,4,20260812,,5.6770000000000005,1.6124524387597552
sobolC.idx4.case3_edf_overload.stress.of0.880181.fi0.143936.s20260812,edf_unsalvageable_overload,unsalvageable_overload,sobol_pilot_v1,20260812,0.143936,sobol_family_c_deadline_admission,,,,4,26,,,0.880181,,,,stress,4,20260812,,5.623,1.5971146843660566
sobolC.idx5.case3_edf_overload.stress.of1.258385.fi0.694265.s20260809,edf_unsalvageable_overload,unsalvageable_overload,sobol_pilot_v1,20260809,0.694265,sobol_family_c_deadline_admission,,,,21,9,,,1.258385,,,,stress,5,20260812,,11.212,2.2274582103251386
sobolC.idx5.case3_edf_overload.stress.of1.258385.fi0.694265.s20260810,edf_unsalvageable_overload,unsalvageable_overload,sobol_pilot_v1,20260810,0.694265,sobol_family_c_deadline_admission,,,,21,9,,,1.258385,,,,stress,5,20260812,,11.198,2.2246768675723247
sobolC.idx5.case3_edf_overload.stress.of1.258385.fi0.694265.s20260811,edf_unsalvageable_overload,unsalvageable_overload,sobol_pilot_v1,20260811,0.694265,sobol_family_c_deadline_admission,,,,21,9,,,1.258385,,,,stress,5,20260812,,10.742,2.134084560766379
sobolC.idx5.case3_edf_overload.stress.of1.258385.fi0.694265.s20260812,edf_unsalvageable_overload,unsalvageable_overload,sobol_pilot_v1,20260812,0.694265,sobol_family_c_deadline_admission,,,,21,9,,,1.258385,,,,stress,5,20260812,,10.861,2.157725974165299
sobolC.idx6.case3_edf_overload.stress.of1.342486.fi0.333371.s20260809,edf_unsalvageable_overload,unsalvageable_overload,sobol_pilot_v1,20260809,0.333371,sobol_family_c_deadline_admission,,,,10,20,,,1.342486,,,,stress,6,20260812,,7.7250000000000005,1.4385624878024799
sobolC.idx6.case3_edf_overload.stress.of1.342486.fi0.333371.s20260810,edf_unsalvageable_overload,unsalvageable_overload,sobol_pilot_v1,20260810,0.333371,sobol_family_c_deadline_admission,,,,10,20,,,1.342486,,,,stress,6,20260812,,7.697,1.4333482807269498
sobolC.idx6.case3_edf_overload.stress.of1.342486.fi0.333371.s20260811,edf_unsalvageable_overload,unsalvageable_overload,sobol_pilot_v1,20260811,0.333371,sobol_family_c_deadline_admission,,,,10,20,,,1.342486,,,,stress,6,20260812,,7.498,1.396290166154433
sobolC.idx6.case3_edf_overload.stress.of1.342486.fi0.333371.s20260812,edf_unsalvageable_overload,unsalvageable_overload,sobol_pilot_v1,20260812,0.333371,sobol_family_c_deadline_admission,,,,10,20,,,1.342486,,,,stress,6,20260812,,7.432,1.3839995351906835
sobolC.idx7.case3_edf_overload.stress.of1.032913.fi0.48292.s20260809,edf_unsalvageable_overload,unsalvageable_overload,sobol_pilot_v1,20260809,0.48292,sobol_family_c_deadline_admission,,,,14,16,,,1.032913,,,,stress,7,20260812,,8.97,2.171044415163717
sobolC.idx7.case3_edf_overload.stress.of1.032913.fi0.48292.s20260810,edf_unsalvageable_overload,unsalvageable_overload,sobol_pilot_v1,20260810,0.48292,sobol_family_c_deadline_admission,,,,14,16,,,1.032913,,,,stress,7,20260812,,8.996,2.17733729752651
sobolC.idx7.case3_edf_overload.stress.of1.032913.fi0.48292.s20260811,edf_unsalvageable_overload,unsalvageable_overload,sobol_pilot_v1,20260811,0.48292,sobol_family_c_deadline_admission,,,,14,16,,,1.032913,,,,stress,7,20260812,,8.585,2.0778613494069686
sobolC.idx7.case3_edf_overload.stress.of1.032913.fi0.48292.s20260812,edf_unsalvageable_overload,unsalvageable_overload,sobol_pilot_v1,20260812,0.48292,sobol_family_c_deadline_admission,,,,14,16,,,1.032913,,,,stress,7,20260812,,8.689,2.103032878858142
sobolC.idx8.case3_edf_overload.stress.of1.008316.fi0.09469.s20260809,edf_unsalvageable_overload,unsalvageable_overload,sobol_pilot_v1,20260809,0.09469,sobol_family_c_deadline_admission,,,,3,27,,,1.008316,,,,stress,8,20260812,,5.587,1.3852304237957147
sobolC.idx8.case3_edf_overload.stress.of1.008316.fi0.09469.s20260810,edf_unsalvageable_overload,unsalvageable_overload,sobol_pilot_v1,20260810,0.09469,sobol_family_c_deadline_admission,,,,3,27,,,1.008316,,,,stress,8,20260812,,5.601,1.3887015578449613
sobolC.idx8.case3_edf_overload.stress.of1.008316.fi0.09469.s20260811,edf_unsalvageable_overload,unsalvageable_overload,sobol_pilot_v1,20260811,0.09469,sobol_family_c_deadline_admission,,,,3,27,,,1.008316,,,,stress,8,20260812,,5.3660000000000005,1.3304360934468957
sobolC.idx8.case3_edf_overload.stress.of1.008316.fi0.09469.s20260812,edf_unsalvageable_overload,unsalvageable_overload,sobol_pilot_v1,20260812,0.09469,sobol_family_c_deadline_admission,,,,3,27,,,1.008316,,,,stress,8,20260812,,5.324,1.3200226912991562
sobolC.idx9.case3_edf_overload.stress.of1.386385.fi0.745043.s20260809,edf_unsalvageable_overload,unsalvageable_overload,sobol_pilot_v1,20260809,0.745043,sobol_family_c_deadline_admission,,,,22,8,,,1.386385,,,,stress,9,20260812,,11.472,2.068689433310372
sobolC.idx9.case3_edf_overload.stress.of1.386385.fi0.745043.s20260810,edf_unsalvageable_overload,unsalvageable_overload,sobol_pilot_v1,20260810,0.745043,sobol_family_c_deadline_admission,,,,22,8,,,1.386385,,,,stress,9,20260812,,11.5,2.0737385358323985
sobolC.idx9.case3_edf_overload.stress.of1.386385.fi0.745043.s20260811,edf_unsalvageable_overload,unsalvageable_overload,sobol_pilot_v1,20260811,0.745043,sobol_family_c_deadline_admission,,,,22,8,,,1.386385,,,,stress,9,20260812,,11.001,1.9837563158862797
sobolC.idx9.case3_edf_overload.stress.of1.386385.fi0.745043.s20260812,edf_unsalvageable_overload,unsalvageable_overload,sobol_pilot_v1,20260812,0.745043,sobol_family_c_deadline_admission,,,,22,8,,,1.386385,,,,stress,9,20260812,,11.162,2.0127886553879337
sobolC.idx10.case3_edf_overload.stress.of1.199179.fi0.284156.s20260809,edf_unsalvageable_overload,unsalvageable_overload,sobol_pilot_v1,20260809,0.284156,sobol_family_c_deadline_admission,,,,9,21,,,1.199179,,,,stress,10,20260812,,7.386,1.5398034822157494
sobolC.idx10.case3_edf_overload.stress.of1.199179.fi0.284156.s20260810,edf_unsalvageable_overload,unsalvageable_overload,sobol_pilot_v1,20260810,0.284156,sobol_family_c_deadline_admission,,,,9,21,,,1.199179,,,,stress,10,20260812,,7.36,1.5343831071091139
sobolC.idx10.case3_edf_overload.stress.of1.199179.fi0.284156.s20260811,edf_unsalvageable_overload,unsalvageable_overload,sobol_pilot_v1,20260811,0.284156,sobol_family_c_deadline_admission,,,,9,21,,,1.199179,,,,stress,10,20260812,,7.236,1.5085320873697754
sobolC.idx10.case3_edf_overload.stress.of1.199179.fi0.284156.s20260812,edf_unsalvageable_overload,unsalvageable_overload,sobol_pilot_v1,20260812,0.284156,sobol_family_c_deadline_admission,,,,9,21,,,1.199179,,,,stress,10,20260812,,7.097,1.4795539281458399
sobolC.idx11.case3_edf_overload.stress.of0.890008.fi0.533729.s20260809,edf_unsalvageable_overload,unsalvageable_overload,sobol_pilot_v1,20260809,0.533729,sobol_family_c_deadline_admission,,,,16,14,,,0.890008,,,,stress,11,20260812,,9.555,2.683964638520103
sobolC.idx11.case3_edf_overload.stress.of0.890008.fi0.533729.s20260810,edf_unsalvageable_overload,unsalvageable_overload,sobol_pilot_v1,20260810,0.533729,sobol_family_c_deadline_admission,,,,16,14,,,0.890008,,,,stress,11,20260812,,9.597,2.6957622852828287
sobolC.idx11.case3_edf_overload.stress.of0.890008.fi0.533729.s20260811,edf_unsalvageable_overload,unsalvageable_overload,sobol_pilot_v1,20260811,0.533729,sobol_family_c_deadline_admission,,,,16,14,,,0.890008,,,,stress,11,20260812,,9.197000000000001,2.5834037446854414
sobolC.idx11.case3_edf_overload.stress.of0.890008.fi0.533729.s20260812,edf_unsalvageable_overload,unsalvageable_overload,sobol_pilot_v1,20260812,0.533729,sobol_family_c_deadline_admission,,,,16,14,,,0.890008,,,,stress,11,20260812,,9.314,2.616268617810177
sobolC.idx12.case3_edf_overload.stress.of0.93679.fi0.365282.s20260809,edf_unsalvageable_overload,unsalvageable_overload,sobol_pilot_v1,20260809,0.365282,sobol_family_c_deadline_admission,,,,11,19,,,0.93679,,,,stress,12,20260812,,8.028,2.1424225279945346
sobolC.idx12.case3_edf_overload.stress.of0.93679.fi0.365282.s20260810,edf_unsalvageable_overload,unsalvageable_overload,sobol_pilot_v1,20260810,0.365282,sobol_family_c_deadline_admission,,,,11,19,,,0.93679,,,,stress,12,20260812,,7.987,2.131480908207816
sobolC.idx12.case3_edf_overload.stress.of0.93679.fi0.365282.s20260811,edf_unsalvageable_overload,unsalvageable_overload,sobol_pilot_v1,20260811,0.365282,sobol_family_c_deadline_admission,,,,11,19,,,0.93679,,,,stress,12,20260812,,7.759,2.07063482744265
sobolC.idx12.case3_edf_overload.stress.of0.93679.fi0.365282.s20260812,edf_unsalvageable_overload,unsalvageable_overload,sobol_pilot_v1,20260812,0.365282,sobol_family_c_deadline_admission,,,,11,19,,,0.93679,,,,stress,12,20260812,,7.699,2.054622700925501
sobolC.idx13.case3_edf_overload.stress.of1.177606.fi0.414928.s20260809,edf_unsalvageable_overload,unsalvageable_overload,sobol_pilot_v1,20260809,0.414928,sobol_family_c_deadline_admission,,,,12,18,,,1.177606,,,,stress,13,20260812,,8.335,1.7694797750690812
sobolC.idx13.case3_edf_overload.stress.of1.177606.fi0.414928.s20260810,edf_unsalvageable_overload,unsalvageable_overload,sobol_pilot_v1,20260810,0.414928,sobol_family_c_deadline_admission,,,,12,18,,,1.177606,,,,stress,13,20260812,,8.329,1.7682060043851682
sobolC.idx13.case3_edf_overload.stress.of1.177606.fi0.414928.s20260811,edf_unsalvageable_overload,unsalvageable_overload,sobol_pilot_v1,20260811,0.414928,sobol_family_c_deadline_admission,,,,12,18,,,1.177606,,,,stress,13,20260812,,8.040000000000001,1.706852716443361
sobolC.idx13.case3_edf_overload.stress.of1.177606.fi0.414928.s20260812,edf_unsalvageable_overload,unsalvageable_overload,sobol_pilot_v1,20260812,0.414928,sobol_family_c_deadline_admission,,,,12,18,,,1.177606,,,,stress,13,20260812,,8.034,1.705578945759448
sobolC.idx14.case3_edf_overload.stress.of1.269643.fi0.150795.s20260809,edf_unsalvageable_overload,unsalvageable_overload,sobol_pilot_v1,20260809,0.150795,sobol_family_c_deadline_admission,,,,5,25,,,1.269643,,,,stress,14,20260812,,6.202,1.2212094265868436
sobolC.idx14.case3_edf_overload.stress.of1.269643.fi0.150795.s20260810,edf_unsalvageable_overload,unsalvageable_overload,sobol_pilot_v1,20260810,0.150795,sobol_family_c_deadline_admission,,,,5,25,,,1.269643,,,,stress,14,20260812,,6.2170000000000005,1.2241630127524037
sobolC.idx14.case3_edf_overload.stress.of1.269643.fi0.150795.s20260811,edf_unsalvageable_overload,unsalvageable_overload,sobol_pilot_v1,20260811,0.150795,sobol_family_c_deadline_admission,,,,5,25,,,1.269643,,,,stress,14,20260812,,6.011,1.1836004294120472
sobolC.idx14.case3_edf_overload.stress.of1.269643.fi0.150795.s20260812,edf_unsalvageable_overload,unsalvageable_overload,sobol_pilot_v1,20260812,0.150795,sobol_family_c_deadline_admission,,,,5,25,,,1.269643,,,,stress,14,20260812,,5.944,1.170407744539213
sobolC.idx15.case3_edf_overload.stress.of1.097699.fi0.601222.s20260809,edf_unsalvageable_overload,unsalvageable_overload,sobol_pilot_v1,20260809,0.601222,sobol_family_c_deadline_admission,,,,18,12,,,1.097699,,,,stress,15,20260812,,10.214,2.3262296859157203
sobolC.idx15.case3_edf_overload.stress.of1.097699.fi0.601222.s20260810,edf_unsalvageable_overload,unsalvageable_overload,sobol_pilot_v1,20260810,0.601222,sobol_family_c_deadline_admission,,,,18,12,,,1.097699,,,,stress,15,20260812,,10.247,2.333745407438651
sobolC.idx15.case3_edf_overload.stress.of1.097699.fi0.601222.s20260811,edf_unsalvageable_overload,unsalvageable_overload,sobol_pilot_v1,20260811,0.601222,sobol_family_c_deadline_admission,,,,18,12,,,1.097699,,,,stress,15,20260812,,9.75,2.220554086320567
sobolC.idx15.case3_edf_overload.stress.of1.097699.fi0.601222.s20260812,edf_unsalvageable_overload,unsalvageable_overload,sobol_pilot_v1,20260812,0.601222,sobol_family_c_deadline_admission,,,,18,12,,,1.097699,,,,stress,15,20260812,,9.946,2.2651929171840366
sobolC.idx16.case3_edf_overload.stress.of1.112895.fi0.188653.s20260809,edf_unsalvageable_overload,unsalvageable_overload,sobol_pilot_v1,20260809,0.188653,sobol_family_c_deadline_admission,,,,6,24,,,1.112895,,,,stress,16,20260812,,6.5040000000000004,1.4610542773577024
sobolC.idx16.case3_edf_overload.stress.of1.112895.fi0.188653.s20260810,edf_unsalvageable_overload,unsalvageable_overload,sobol_pilot_v1,20260810,0.188653,sobol_family_c_deadline_admission,,,,6,24,,,1.112895,,,,stress,16,20260812,,6.48,1.4556629331608104
sobolC.idx16.case3_edf_overload.stress.of1.112895.fi0.188653.s20260811,edf_unsalvageable_overload,unsalvageable_overload,sobol_pilot_v1,20260811,0.188653,sobol_family_c_deadline_admission,,,,6,24,,,1.112895,,,,stress,16,20260812,,6.314,1.4183728024656415
sobolC.idx16.case3_edf_overload.stress.of1.112895.fi0.188653.s20260812,edf_unsalvageable_overload,unsalvageable_overload,sobol_pilot_v1,20260812,0.188653,sobol_family_c_deadline_admission,,,,6,24,,,1.112895,,,,stress,16,20260812,,6.2490000000000006,1.403771245265726
sobolC.idx17.case3_edf_overload.stress.of1.284559.fi0.639007.s20260809,edf_unsalvageable_overload,unsalvageable_overload,sobol_pilot_v1,20260809,0.639007,sobol_family_c_deadline_admission,,,,19,11,,,1.284559,,,,stress,17,20260812,,10.558,2.054790788122616
sobolC.idx17.case3_edf_overload.stress.of1.284559.fi0.639007.s20260810,edf_unsalvageable_overload,unsalvageable_overload,sobol_pilot_v1,20260810,0.639007,sobol_family_c_deadline_admission,,,,19,11,,,1.284559,,,,stress,17,20260812,,10.545,2.0522607369533046
sobolC.idx17.case3_edf_overload.stress.of1.284559.fi0.639007.s20260811,edf_unsalvageable_overload,unsalvageable_overload,sobol_pilot_v1,20260811,0.639007,sobol_family_c_deadline_admission,,,,19,11,,,1.284559,,,,stress,17,20260812,,10.065,1.958843463009484
sobolC.idx17.case3_edf_overload.stress.of1.284559.fi0.639007.s20260812,edf_unsalvageable_overload,unsalvageable_overload,sobol_pilot_v1,20260812,0.639007,sobol_family_c_deadline_admission,,,,19,11,,,1.284559,,,,stress,17,20260812,,10.259,1.996599611228445
sobolC.idx18.case3_edf_overload.stress.of1.162422.fi0.378082.s20260809,edf_unsalvageable_overload,unsalvageable_overload,sobol_pilot_v1,20260809,0.378082,sobol_family_c_deadline_admission,,,,11,19,,,1.162422,,,,stress,18,20260812,,8.028,1.72656746001022
sobolC.idx18.case3_edf_overload.stress.of1.162422.fi0.378082.s20260810,edf_unsalvageable_overload,unsalvageable_overload,sobol_pilot_v1,20260810,0.378082,sobol_family_c_deadline_admission,,,,11,19,,,1.162422,,,,stress,18,20260812,,7.987,1.717749664063481
sobolC.idx18.case3_edf_overload.stress.of1.162422.fi0.378082.s20260811,edf_unsalvageable_overload,unsalvageable_overload,sobol_pilot_v1,20260811,0.378082,sobol_family_c_deadline_admission,,,,11,19,,,1.162422,,,,stress,18,20260812,,7.759,1.6687141158718606
sobolC.idx18.case3_edf_overload.stress.of1.162422.fi0.378082.s20260812,edf_unsalvageable_overload,unsalvageable_overload,sobol_pilot_v1,20260812,0.378082,sobol_family_c_deadline_admission,,,,11,19,,,1.162422,,,,stress,18,20260812,,7.699,1.6558100242424867
sobolC.idx19.case3_edf_overload.stress.of0.921863.fi0.427656.s20260809,edf_unsalvageable_overload,unsalvageable_overload,sobol_pilot_v1,20260809,0.427656,sobol_family_c_deadline_admission,,,,13,17,,,0.921863,,,,stress,19,20260812,,8.639,2.3428101572576403
sobolC.idx19.case3_edf_overload.stress.of0.921863.fi0.427656.s20260810,edf_unsalvageable_overload,unsalvageable_overload,sobol_pilot_v1,20260810,0.427656,sobol_family_c_deadline_admission,,,,13,17,,,0.921863,,,,stress,19,20260812,,8.668000000000001,2.3506746664092173
sobolC.idx19.case3_edf_overload.stress.of0.921863.fi0.427656.s20260811,edf_unsalvageable_overload,unsalvageable_overload,sobol_pilot_v1,20260811,0.427656,sobol_family_c_deadline_admission,,,,13,17,,,0.921863,,,,stress,19,20260812,,8.32,2.256300556590296
sobolC.idx19.case3_edf_overload.stress.of0.921863.fi0.427656.s20260812,edf_unsalvageable_overload,unsalvageable_overload,sobol_pilot_v1,20260812,0.427656,sobol_family_c_deadline_admission,,,,13,17,,,0.921863,,,,stress,19,20260812,,8.374,2.2709448150104734
sobolC.idx20.case3_edf_overload.stress.of0.909152.fi0.271697.s20260809,edf_unsalvageable_overload,unsalvageable_overload,sobol_pilot_v1,20260809,0.271697,sobol_family_c_deadline_admission,,,,8,22,,,0.909152,,,,stress,20,20260812,,7.1160000000000005,1.9567685051564536
sobolC.idx20.case3_edf_overload.stress.of0.909152.fi0.271697.s20260810,edf_unsalvageable_overload,unsalvageable_overload,sobol_pilot_v1,20260810,0.271697,sobol_family_c_deadline_admission,,,,8,22,,,0.909152,,,,stress,20,20260812,,7.059,1.9410945584456727
sobolC.idx20.case3_edf_overload.stress.of0.909152.fi0.271697.s20260811,edf_unsalvageable_overload,unsalvageable_overload,sobol_pilot_v1,20260811,0.271697,sobol_family_c_deadline_admission,,,,8,22,,,0.909152,,,,stress,20,20260812,,6.9110000000000005,1.9003972933018902
sobolC.idx20.case3_edf_overload.stress.of0.909152.fi0.271697.s20260812,edf_unsalvageable_overload,unsalvageable_overload,sobol_pilot_v1,20260812,0.271697,sobol_family_c_deadline_admission,,,,8,22,,,0.909152,,,,stress,20,20260812,,6.8260000000000005,1.8770238639963397
sobolC.idx21.case3_edf_overload.stress.of1.218606.fi0.521343.s20260809,edf_unsalvageable_overload,unsalvageable_overload,sobol_pilot_v1,20260809,0.521343,sobol_family_c_deadline_admission,,,,16,14,,,1.218606,,,,stress,21,20260812,,9.555,1.9602316089039442
sobolC.idx21.case3_edf_overload.stress.of1.218606.fi0.521343.s20260810,edf_unsalvageable_overload,unsalvageable_overload,sobol_pilot_v1,20260810,0.521343,sobol_family_c_deadline_admission,,,,16,14,,,1.218606,,,,stress,21,20260812,,9.597,1.968848011580445
sobolC.idx21.case3_edf_overload.stress.of1.218606.fi0.521343.s20260811,edf_unsalvageable_overload,unsalvageable_overload,sobol_pilot_v1,20260811,0.521343,sobol_family_c_deadline_admission,,,,16,14,,,1.218606,,,,stress,21,20260812,,9.197000000000001,1.8867870337090085
sobolC.idx21.case3_edf_overload.stress.of1.218606.fi0.521343.s20260812,edf_unsalvageable_overload,unsalvageable_overload,sobol_pilot_v1,20260812,0.521343,sobol_family_c_deadline_admission,,,,16,14,,,1.218606,,,,stress,21,20260812,,9.314,1.9107898697364036
sobolC.idx22.case3_edf_overload.stress.of1.367226.fi0.057271.s20260809,edf_unsalvageable_overload,unsalvageable_overload,sobol_pilot_v1,20260809,0.057271,sobol_family_c_deadline_admission,,,,2,28,,,1.367226,,,,stress,22,20260812,,5.264,0.9625328950736747
sobolC.idx22.case3_edf_overload.stress.of1.367226.fi0.057271.s20260810,edf_unsalvageable_overload,unsalvageable_overload,sobol_pilot_v1,20260810,0.057271,sobol_family_c_deadline_admission,,,,2,28,,,1.367226,,,,stress,22,20260812,,5.298,0.9687498628610046
sobolC.idx22.case3_edf_overload.stress.of1.367226.fi0.057271.s20260811,edf_unsalvageable_overload,unsalvageable_overload,sobol_pilot_v1,20260811,0.057271,sobol_family_c_deadline_admission,,,,2,28,,,1.367226,,,,stress,22,20260812,,5.0280000000000005,0.919379824549855
sobolC.idx22.case3_edf_overload.stress.of1.367226.fi0.057271.s20260812,edf_unsalvageable_overload,unsalvageable_overload,sobol_pilot_v1,20260812,0.057271,sobol_family_c_deadline_admission,,,,2,28,,,1.367226,,,,stress,22,20260812,,5.037,0.9210254924935599
sobolC.idx23.case3_edf_overload.stress.of0.988903.fi0.707698.s20260809,edf_unsalvageable_overload,unsalvageable_overload,sobol_pilot_v1,20260809,0.707698,sobol_family_c_deadline_admission,,,,21,9,,,0.988903,,,,stress,23,20260812,,11.212,2.8344539353202487
sobolC.idx23.case3_edf_overload.stress.of0.988903.fi0.707698.s20260810,edf_unsalvageable_overload,unsalvageable_overload,sobol_pilot_v1,20260810,0.707698,sobol_family_c_deadline_admission,,,,21,9,,,0.988903,,,,stress,23,20260812,,11.198,2.8309146599818185
sobolC.idx23.case3_edf_overload.stress.of0.988903.fi0.707698.s20260811,edf_unsalvageable_overload,unsalvageable_overload,sobol_pilot_v1,20260811,0.707698,sobol_family_c_deadline_admission,,,,21,9,,,0.988903,,,,stress,23,20260812,,10.742,2.7156354061015087
sobolC.idx23.case3_edf_overload.stress.of0.988903.fi0.707698.s20260812,edf_unsalvageable_overload,unsalvageable_overload,sobol_pilot_v1,20260812,0.707698,sobol_family_c_deadline_admission,,,,21,9,,,0.988903,,,,stress,23,20260812,,10.861,2.7457192464781683
sobolC.idx24.case3_edf_overload.stress.of1.048095.fi0.320931.s20260809,edf_unsalvageable_overload,unsalvageable_overload,sobol_pilot_v1,20260809,0.320931,sobol_family_c_deadline_admission,,,,10,20,,,1.048095,,,,stress,24,20260812,,7.7250000000000005,1.8426287693386574
sobolC.idx24.case3_edf_overload.stress.of1.048095.fi0.320931.s20260810,edf_unsalvageable_overload,unsalvageable_overload,sobol_pilot_v1,20260810,0.320931,sobol_family_c_deadline_admission,,,,10,20,,,1.048095,,,,stress,24,20260812,,7.697,1.8359499854497923
sobolC.idx24.case3_edf_overload.stress.of1.048095.fi0.320931.s20260811,edf_unsalvageable_overload,unsalvageable_overload,sobol_pilot_v1,20260811,0.320931,sobol_family_c_deadline_admission,,,,10,20,,,1.048095,,,,stress,24,20260812,,7.498,1.7884829142396443
sobolC.idx24.case3_edf_overload.stress.of1.048095.fi0.320931.s20260812,edf_unsalvageable_overload,unsalvageable_overload,sobol_pilot_v1,20260812,0.320931,sobol_family_c_deadline_admission,,,,10,20,,,1.048095,,,,stress,24,20260812,,7.432,1.7727400665016053
sobolC.idx25.case3_edf_overload.stress.of1.357415.fi0.470601.s20260809,edf_unsalvageable_overload,unsalvageable_overload,sobol_pilot_v1,20260809,0.470601,sobol_family_c_deadline_admission,,,,14,16,,,1.357415,,,,stress,25,20260812,,8.97,1.6520371441305717
sobolC.idx25.case3_edf_overload.stress.of1.357415.fi0.470601.s20260810,edf_unsalvageable_overload,unsalvageable_overload,sobol_pilot_v1,20260810,0.470601,sobol_family_c_deadline_admission,,,,14,16,,,1.357415,,,,stress,25,20260812,,8.996,1.6568256575918199
sobolC.idx25.case3_edf_overload.stress.of1.357415.fi0.470601.s20260811,edf_unsalvageable_overload,unsalvageable_overload,sobol_pilot_v1,20260811,0.470601,sobol_family_c_deadline_admission,,,,14,16,,,1.357415,,,,stress,25,20260812,,8.585,1.5811303101851681
sobolC.idx25.case3_edf_overload.stress.of1.357415.fi0.470601.s20260812,edf_unsalvageable_overload,unsalvageable_overload,sobol_pilot_v1,20260812,0.470601,sobol_family_c_deadline_admission,,,,14,16,,,1.357415,,,,stress,25,20260812,,8.689,1.6002843640301603
sobolC.idx26.case3_edf_overload.stress.of1.243187.fi0.10645.s20260809,edf_unsalvageable_overload,unsalvageable_overload,sobol_pilot_v1,20260809,0.10645,sobol_family_c_deadline_admission,,,,3,27,,,1.243187,,,,stress,26,20260812,,5.587,1.1235236533200554
sobolC.idx26.case3_edf_overload.stress.of1.243187.fi0.10645.s20260810,edf_unsalvageable_overload,unsalvageable_overload,sobol_pilot_v1,20260810,0.10645,sobol_family_c_deadline_admission,,,,3,27,,,1.243187,,,,stress,26,20260812,,5.601,1.1263389980751086
sobolC.idx26.case3_edf_overload.stress.of1.243187.fi0.10645.s20260811,edf_unsalvageable_overload,unsalvageable_overload,sobol_pilot_v1,20260811,0.10645,sobol_family_c_deadline_admission,,,,3,27,,,1.243187,,,,stress,26,20260812,,5.3660000000000005,1.0790814254010057
sobolC.idx26.case3_edf_overload.stress.of1.243187.fi0.10645.s20260812,edf_unsalvageable_overload,unsalvageable_overload,sobol_pilot_v1,20260812,0.10645,sobol_family_c_deadline_admission,,,,3,27,,,1.243187,,,,stress,26,20260812,,5.324,1.0706353911358468
sobolC.idx27.case3_edf_overload.stress.of0.865267.fi0.656901.s20260809,edf_unsalvageable_overload,unsalvageable_overload,sobol_pilot_v1,20260809,0.656901,sobol_family_c_deadline_admission,,,,20,10,,,0.865267,,,,stress,27,20260812,,10.875,3.142093712114295
sobolC.idx27.case3_edf_overload.stress.of0.865267.fi0.656901.s20260810,edf_unsalvageable_overload,unsalvageable_overload,sobol_pilot_v1,20260810,0.656901,sobol_family_c_deadline_admission,,,,20,10,,,0.865267,,,,stress,27,20260812,,10.865,3.1392044305399374
sobolC.idx27.case3_edf_overload.stress.of0.865267.fi0.656901.s20260811,edf_unsalvageable_overload,unsalvageable_overload,sobol_pilot_v1,20260811,0.656901,sobol_family_c_deadline_admission,,,,20,10,,,0.865267,,,,stress,27,20260812,,10.398,3.00427498101742
sobolC.idx27.case3_edf_overload.stress.of0.865267.fi0.656901.s20260812,edf_unsalvageable_overload,unsalvageable_overload,sobol_pilot_v1,20260812,0.656901,sobol_family_c_deadline_admission,,,,20,10,,,0.865267,,,,stress,27,20260812,,10.598,3.0620606125045797
sobolC.idx28.case3_edf_overload.stress.of0.982948.fi0.037863.s20260809,edf_unsalvageable_overload,unsalvageable_overload,sobol_pilot_v1,20260809,0.037863,sobol_family_c_deadline_admission,,,,1,29,,,0.982948,,,,stress,28,20260812,,4.976,1.2655806817858115
sobolC.idx28.case3_edf_overload.stress.of0.982948.fi0.037863.s20260810,edf_unsalvageable_overload,unsalvageable_overload,sobol_pilot_v1,20260810,0.037863,sobol_family_c_deadline_admission,,,,1,29,,,0.982948,,,,stress,28,20260812,,4.985,1.2678697143694275
sobolC.idx28.case3_edf_overload.stress.of0.982948.fi0.037863.s20260811,edf_unsalvageable_overload,unsalvageable_overload,sobol_pilot_v1,20260811,0.037863,sobol_family_c_deadline_admission,,,,1,29,,,0.982948,,,,stress,28,20260812,,4.729,1.2027594542132443
sobolC.idx28.case3_edf_overload.stress.of0.982948.fi0.037863.s20260812,edf_unsalvageable_overload,unsalvageable_overload,sobol_pilot_v1,20260812,0.037863,sobol_family_c_deadline_admission,,,,1,29,,,0.982948,,,,stress,28,20260812,,4.76,1.2106438997790319
sobolC.idx29.case3_edf_overload.stress.of1.155015.fi0.788192.s20260809,edf_unsalvageable_overload,unsalvageable_overload,sobol_pilot_v1,20260809,0.788192,sobol_family_c_deadline_admission,,,,24,6,,,1.155015,,,,stress,29,20260812,,12.141,2.6278879495071497
sobolC.idx29.case3_edf_overload.stress.of1.155015.fi0.788192.s20260810,edf_unsalvageable_overload,unsalvageable_overload,sobol_pilot_v1,20260810,0.788192,sobol_family_c_deadline_admission,,,,24,6,,,1.155015,,,,stress,29,20260812,,12.079,2.6144682103695627
sobolC.idx29.case3_edf_overload.stress.of1.155015.fi0.788192.s20260811,edf_unsalvageable_overload,unsalvageable_overload,sobol_pilot_v1,20260811,0.788192,sobol_family_c_deadline_admission,,,,24,6,,,1.155015,,,,stress,29,20260812,,11.636000000000001,2.5185820097574494
sobolC.idx29.case3_edf_overload.stress.of1.155015.fi0.788192.s20260812,edf_unsalvageable_overload,unsalvageable_overload,sobol_pilot_v1,20260812,0.788192,sobol_family_c_deadline_admission,,,,24,6,,,1.155015,,,,stress,29,20260812,,11.747,2.542607671761839
sobolC.idx30.case3_edf_overload.stress.of1.31157.fi0.227335.s20260809,edf_unsalvageable_overload,unsalvageable_overload,sobol_pilot_v1,20260809,0.227335,sobol_family_c_deadline_admission,,,,7,23,,,1.31157,,,,stress,30,20260812,,6.839,1.3035903535457507
sobolC.idx30.case3_edf_overload.stress.of1.31157.fi0.227335.s20260810,edf_unsalvageable_overload,unsalvageable_overload,sobol_pilot_v1,20260810,0.227335,sobol_family_c_deadline_admission,,,,7,23,,,1.31157,,,,stress,30,20260812,,6.744,1.285482284590224
sobolC.idx30.case3_edf_overload.stress.of1.31157.fi0.227335.s20260811,edf_unsalvageable_overload,unsalvageable_overload,sobol_pilot_v1,20260811,0.227335,sobol_family_c_deadline_admission,,,,7,23,,,1.31157,,,,stress,30,20260812,,6.574,1.2530783717224396
sobolC.idx30.case3_edf_overload.stress.of1.31157.fi0.227335.s20260812,edf_unsalvageable_overload,unsalvageable_overload,sobol_pilot_v1,20260812,0.227335,sobol_family_c_deadline_admission,,,,7,23,,,1.31157,,,,stress,30,20260812,,6.535,1.2456445328880656
sobolC.idx31.case3_edf_overload.stress.of1.070877.fi0.576884.s20260809,edf_unsalvageable_overload,unsalvageable_overload,sobol_pilot_v1,20260809,0.576884,sobol_family_c_deadline_admission,,,,17,13,,,1.070877,,,,stress,31,20260812,,9.877,2.305820369659634
sobolC.idx31.case3_edf_overload.stress.of1.070877.fi0.576884.s20260810,edf_unsalvageable_overload,unsalvageable_overload,sobol_pilot_v1,20260810,0.576884,sobol_family_c_deadline_admission,,,,17,13,,,1.070877,,,,stress,31,20260812,,9.908,2.3130574286309256
sobolC.idx31.case3_edf_overload.stress.of1.070877.fi0.576884.s20260811,edf_unsalvageable_overload,unsalvageable_overload,sobol_pilot_v1,20260811,0.576884,sobol_family_c_deadline_admission,,,,17,13,,,1.070877,,,,stress,31,20260812,,9.482,2.213606231154465
sobolC.idx31.case3_edf_overload.stress.of1.070877.fi0.576884.s20260812,edf_unsalvageable_overload,unsalvageable_overload,sobol_pilot_v1,20260812,0.576884,sobol_family_c_deadline_admission,,,,17,13,,,1.070877,,,,stress,31,20260812,,9.615,2.2446555486764583
sobolC.idx32.case3_edf_overload.stress.of1.058351.fi0.014384.s20260809,edf_unsalvageable_overload,unsalvageable_overload,sobol_pilot_v1,20260809,0.014384,sobol_family_c_deadline_admission,,,,0,30,,,1.058351,,,,stress,32,20260812,,4.652,1.0988792942983945
sobolC.idx32.case3_edf_overload.stress.of1.058351.fi0.014384.s20260810,edf_unsalvageable_overload,unsalvageable_overload,sobol_pilot_v1,20260810,0.014384,sobol_family_c_deadline_admission,,,,0,30,,,1.058351,,,,stress,32,20260812,,4.6450000000000005,1.0972257785933024
sobolC.idx32.case3_edf_overload.stress.of1.058351.fi0.014384.s20260811,edf_unsalvageable_overload,unsalvageable_overload,sobol_pilot_v1,20260811,0.014384,sobol_family_c_deadline_admission,,,,0,30,,,1.058351,,,,stress,32,20260812,,4.473,1.0565965355538947
sobolC.idx32.case3_edf_overload.stress.of1.058351.fi0.014384.s20260812,edf_unsalvageable_overload,unsalvageable_overload,sobol_pilot_v1,20260812,0.014384,sobol_family_c_deadline_admission,,,,0,30,,,1.058351,,,,stress,32,20260812,,4.5,1.0629743818449644
sobolC.idx33.case3_edf_overload.stress.of1.298785.fi0.764836.s20260809,edf_unsalvageable_overload,unsalvageable_overload,sobol_pilot_v1,20260809,0.764836,sobol_family_c_deadline_admission,,,,23,7,,,1.298785,,,,stress,33,20260812,,11.805,2.2723160492306267
sobolC.idx33.case3_edf_overload.stress.of1.298785.fi0.764836.s20260810,edf_unsalvageable_overload,unsalvageable_overload,sobol_pilot_v1,20260810,0.764836,sobol_family_c_deadline_admission,,,,23,7,,,1.298785,,,,stress,33,20260812,,11.804,2.2721235616364526
sobolC.idx33.case3_edf_overload.stress.of1.298785.fi0.764836.s20260811,edf_unsalvageable_overload,unsalvageable_overload,sobol_pilot_v1,20260811,0.764836,sobol_family_c_deadline_admission,,,,23,7,,,1.298785,,,,stress,33,20260812,,11.314,2.1778046404909204
sobolC.idx33.case3_edf_overload.stress.of1.298785.fi0.764836.s20260812,edf_unsalvageable_overload,unsalvageable_overload,sobol_pilot_v1,20260812,0.764836,sobol_family_c_deadline_admission,,,,23,7,,,1.298785,,,,stress,33,20260812,,11.441,2.202250564951089
sobolC.idx34.case3_edf_overload.stress.of1.150352.fi0.200691.s20260809,edf_unsalvageable_overload,unsalvageable_overload,sobol_pilot_v1,20260809,0.200691,sobol_family_c_deadline_admission,,,,6,24,,,1.150352,,,,stress,34,20260812,,6.5040000000000004,1.413480395565879
sobolC.idx34.case3_edf_overload.stress.of1.150352.fi0.200691.s20260810,edf_unsalvageable_overload,unsalvageable_overload,sobol_pilot_v1,20260810,0.200691,sobol_family_c_deadline_admission,,,,6,24,,,1.150352,,,,stress,34,20260812,,6.48,1.4082646007482928
sobolC.idx34.case3_edf_overload.stress.of1.150352.fi0.200691.s20260811,edf_unsalvageable_overload,unsalvageable_overload,sobol_pilot_v1,20260811,0.200691,sobol_family_c_deadline_admission,,,,6,24,,,1.150352,,,,stress,34,20260812,,6.314,1.372188686593321
sobolC.idx34.case3_edf_overload.stress.of1.150352.fi0.200691.s20260812,edf_unsalvageable_overload,unsalvageable_overload,sobol_pilot_v1,20260812,0.200691,sobol_family_c_deadline_admission,,,,6,24,,,1.150352,,,,stress,34,20260812,,6.2490000000000006,1.358062575629025
sobolC.idx35.case3_edf_overload.stress.of0.978547.fi0.550362.s20260809,edf_unsalvageable_overload,unsalvageable_overload,sobol_pilot_v1,20260809,0.550362,sobol_family_c_deadline_admission,,,,17,13,,,0.978547,,,,stress,35,20260812,,9.877,2.5233841603929092
sobolC.idx35.case3_edf_overload.stress.of0.978547.fi0.550362.s20260810,edf_unsalvageable_overload,unsalvageable_overload,sobol_pilot_v1,20260810,0.550362,sobol_family_c_deadline_admission,,,,17,13,,,0.978547,,,,stress,35,20260812,,9.908,2.531304066130702
sobolC.idx35.case3_edf_overload.stress.of0.978547.fi0.550362.s20260811,edf_unsalvageable_overload,unsalvageable_overload,sobol_pilot_v1,20260811,0.550362,sobol_family_c_deadline_admission,,,,17,13,,,0.978547,,,,stress,35,20260812,,9.482,2.422469232443613
sobolC.idx35.case3_edf_overload.stress.of0.978547.fi0.550362.s20260812,edf_unsalvageable_overload,unsalvageable_overload,sobol_pilot_v1,20260812,0.550362,sobol_family_c_deadline_admission,,,,17,13,,,0.978547,,,,stress,35,20260812,,9.615,2.456448182867047
sobolC.idx36.case3_edf_overload.stress.of0.852547.fi0.3444.s20260809,edf_unsalvageable_overload,unsalvageable_overload,sobol_pilot_v1,20260809,0.3444,sobol_family_c_deadline_admission,,,,10,20,,,0.852547,,,,stress,36,20260812,,7.7250000000000005,2.2652710055867886
sobolC.idx36.case3_edf_overload.stress.of0.852547.fi0.3444.s20260810,edf_unsalvageable_overload,unsalvageable_overload,sobol_pilot_v1,20260810,0.3444,sobol_family_c_deadline_admission,,,,10,20,,,0.852547,,,,stress,36,20260812,,7.697,2.2570603145633026
sobolC.idx36.case3_edf_overload.stress.of0.852547.fi0.3444.s20260811,edf_unsalvageable_overload,unsalvageable_overload,sobol_pilot_v1,20260811,0.3444,sobol_family_c_deadline_admission,,,,10,20,,,0.852547,,,,stress,36,20260812,,7.498,2.1987057605035263
sobolC.idx36.case3_edf_overload.stress.of0.852547.fi0.3444.s20260812,edf_unsalvageable_overload,unsalvageable_overload,sobol_pilot_v1,20260812,0.3444,sobol_family_c_deadline_admission,,,,10,20,,,0.852547,,,,stress,36,20260812,,7.432,2.1793519888053092
sobolC.idx37.case3_edf_overload.stress.of1.23073.fi0.493949.s20260809,edf_unsalvageable_overload,unsalvageable_overload,sobol_pilot_v1,20260809,0.493949,sobol_family_c_deadline_admission,,,,15,15,,,1.23073,,,,stress,37,20260812,,9.27,1.8830287715420926
sobolC.idx37.case3_edf_overload.stress.of1.23073.fi0.493949.s20260810,edf_unsalvageable_overload,unsalvageable_overload,sobol_pilot_v1,20260810,0.493949,sobol_family_c_deadline_admission,,,,15,15,,,1.23073,,,,stress,37,20260812,,9.34,1.897247974779196
sobolC.idx37.case3_edf_overload.stress.of1.23073.fi0.493949.s20260811,edf_unsalvageable_overload,unsalvageable_overload,sobol_pilot_v1,20260811,0.493949,sobol_family_c_deadline_admission,,,,15,15,,,1.23073,,,,stress,37,20260812,,8.928,1.813557807155103
sobolC.idx37.case3_edf_overload.stress.of1.23073.fi0.493949.s20260812,edf_unsalvageable_overload,unsalvageable_overload,sobol_pilot_v1,20260812,0.493949,sobol_family_c_deadline_admission,,,,15,15,,,1.23073,,,,stress,37,20260812,,9.033,1.8348866120107576
sobolC.idx38.case3_edf_overload.stress.of1.352945.fi0.133102.s20260809,edf_unsalvageable_overload,unsalvageable_overload,sobol_pilot_v1,20260809,0.133102,sobol_family_c_deadline_admission,,,,4,26,,,1.352945,,,,stress,38,20260812,,5.918,1.0935403878206431
sobolC.idx38.case3_edf_overload.stress.of1.352945.fi0.133102.s20260810,edf_unsalvageable_overload,unsalvageable_overload,sobol_pilot_v1,20260810,0.133102,sobol_family_c_deadline_admission,,,,4,26,,,1.352945,,,,stress,38,20260812,,5.908,1.091692566955789
sobolC.idx38.case3_edf_overload.stress.of1.352945.fi0.133102.s20260811,edf_unsalvageable_overload,unsalvageable_overload,sobol_pilot_v1,20260811,0.133102,sobol_family_c_deadline_admission,,,,4,26,,,1.352945,,,,stress,38,20260812,,5.6770000000000005,1.04900790497766
sobolC.idx38.case3_edf_overload.stress.of1.352945.fi0.133102.s20260812,edf_unsalvageable_overload,unsalvageable_overload,sobol_pilot_v1,20260812,0.133102,sobol_family_c_deadline_admission,,,,4,26,,,1.352945,,,,stress,38,20260812,,5.623,1.039029672307448
sobolC.idx39.case3_edf_overload.stress.of1.043367.fi0.683431.s20260809,edf_unsalvageable_overload,unsalvageable_overload,sobol_pilot_v1,20260809,0.683431,sobol_family_c_deadline_admission,,,,21,9,,,1.043367,,,,stress,39,20260812,,11.212,2.6864947808393405
sobolC.idx39.case3_edf_overload.stress.of1.043367.fi0.683431.s20260810,edf_unsalvageable_overload,unsalvageable_overload,sobol_pilot_v1,20260810,0.683431,sobol_family_c_deadline_admission,,,,21,9,,,1.043367,,,,stress,39,20260812,,11.198,2.683140256496516
sobolC.idx39.case3_edf_overload.stress.of1.043367.fi0.683431.s20260811,edf_unsalvageable_overload,unsalvageable_overload,sobol_pilot_v1,20260811,0.683431,sobol_family_c_deadline_admission,,,,21,9,,,1.043367,,,,stress,39,20260812,,10.742,2.573878606473082
sobolC.idx39.case3_edf_overload.stress.of1.043367.fi0.683431.s20260812,edf_unsalvageable_overload,unsalvageable_overload,sobol_pilot_v1,20260812,0.683431,sobol_family_c_deadline_admission,,,,21,9,,,1.043367,,,,stress,39,20260812,,10.861,2.6023920633870925
sobolC.idx40.case3_edf_overload.stress.of1.001629.fi0.295197.s20260809,edf_unsalvageable_overload,unsalvageable_overload,sobol_pilot_v1,20260809,0.295197,sobol_family_c_deadline_admission,,,,9,21,,,1.001629,,,,stress,40,20260812,,7.386,1.8434969434790724
sobolC.idx40.case3_edf_overload.stress.of1.001629.fi0.295197.s20260810,edf_unsalvageable_overload,unsalvageable_overload,sobol_pilot_v1,20260810,0.295197,sobol_family_c_deadline_admission,,,,9,21,,,1.001629,,,,stress,40,20260812,,7.36,1.8370075147584584
sobolC.idx40.case3_edf_overload.stress.of1.001629.fi0.295197.s20260811,edf_unsalvageable_overload,unsalvageable_overload,sobol_pilot_v1,20260811,0.295197,sobol_family_c_deadline_admission,,,,9,21,,,1.001629,,,,stress,40,20260812,,7.236,1.8060579316293754
sobolC.idx40.case3_edf_overload.stress.of1.001629.fi0.295197.s20260812,edf_unsalvageable_overload,unsalvageable_overload,sobol_pilot_v1,20260812,0.295197,sobol_family_c_deadline_admission,,,,9,21,,,1.001629,,,,stress,40,20260812,,7.097,1.7713644473153232
sobolC.idx41.case3_edf_overload.stress.of1.379677.fi0.54477.s20260809,edf_unsalvageable_overload,unsalvageable_overload,sobol_pilot_v1,20260809,0.54477,sobol_family_c_deadline_admission,,,,16,14,,,1.379677,,,,stress,41,20260812,,9.555,1.7313835049797885
sobolC.idx41.case3_edf_overload.stress.of1.379677.fi0.54477.s20260810,edf_unsalvageable_overload,unsalvageable_overload,sobol_pilot_v1,20260810,0.54477,sobol_family_c_deadline_admission,,,,16,14,,,1.379677,,,,stress,41,20260812,,9.597,1.7389939819247546
sobolC.idx41.case3_edf_overload.stress.of1.379677.fi0.54477.s20260811,edf_unsalvageable_overload,unsalvageable_overload,sobol_pilot_v1,20260811,0.54477,sobol_family_c_deadline_admission,,,,16,14,,,1.379677,,,,stress,41,20260812,,9.197000000000001,1.6665132491155539
sobolC.idx41.case3_edf_overload.stress.of1.379677.fi0.54477.s20260812,edf_unsalvageable_overload,unsalvageable_overload,sobol_pilot_v1,20260812,0.54477,sobol_family_c_deadline_admission,,,,16,14,,,1.379677,,,,stress,41,20260812,,9.314,1.687713863462245
sobolC.idx42.case3_edf_overload.stress.of1.223065.fi0.083844.s20260809,edf_unsalvageable_overload,unsalvageable_overload,sobol_pilot_v1,20260809,0.083844,sobol_family_c_deadline_admission,,,,3,27,,,1.223065,,,,stress,42,20260812,,5.587,1.142007988128186
sobolC.idx42.case3_edf_overload.stress.of1.223065.fi0.083844.s20260810,edf_unsalvageable_overload,unsalvageable_overload,sobol_pilot_v1,20260810,0.083844,sobol_family_c_deadline_admission,,,,3,27,,,1.223065,,,,stress,42,20260812,,5.601,1.1448696512450278
sobolC.idx42.case3_edf_overload.stress.of1.223065.fi0.083844.s20260811,edf_unsalvageable_overload,unsalvageable_overload,sobol_pilot_v1,20260811,0.083844,sobol_family_c_deadline_admission,,,,3,27,,,1.223065,,,,stress,42,20260812,,5.3660000000000005,1.0968345917837565
sobolC.idx42.case3_edf_overload.stress.of1.223065.fi0.083844.s20260812,edf_unsalvageable_overload,unsalvageable_overload,sobol_pilot_v1,20260812,0.083844,sobol_family_c_deadline_admission,,,,3,27,,,1.223065,,,,stress,42,20260812,,5.324,1.088249602433231
sobolC.idx43.case3_edf_overload.stress.of0.913891.fi0.734197.s20260809,edf_unsalvageable_overload,unsalvageable_overload,sobol_pilot_v1,20260809,0.734197,sobol_family_c_deadline_admission,,,,22,8,,,0.913891,,,,stress,43,20260812,,11.472,3.138229832660569
sobolC.idx43.case3_edf_overload.stress.of0.913891.fi0.734197.s20260810,edf_unsalvageable_overload,unsalvageable_overload,sobol_pilot_v1,20260810,0.734197,sobol_family_c_deadline_admission,,,,22,8,,,0.913891,,,,stress,43,20260812,,11.5,3.145889389434845
sobolC.idx43.case3_edf_overload.stress.of0.913891.fi0.734197.s20260811,edf_unsalvageable_overload,unsalvageable_overload,sobol_pilot_v1,20260811,0.734197,sobol_family_c_deadline_admission,,,,22,8,,,0.913891,,,,stress,43,20260812,,11.001,3.009385145493281
sobolC.idx43.case3_edf_overload.stress.of0.913891.fi0.734197.s20260812,edf_unsalvageable_overload,unsalvageable_overload,sobol_pilot_v1,20260812,0.734197,sobol_family_c_deadline_admission,,,,22,8,,,0.913891,,,,stress,43,20260812,,11.162,3.053427596945369
sobolC.idx44.case3_edf_overload.stress.of0.934379.fi0.165156.s20260809,edf_unsalvageable_overload,unsalvageable_overload,sobol_pilot_v1,20260809,0.165156,sobol_family_c_deadline_admission,,,,5,25,,,0.934379,,,,stress,44,20260812,,6.202,1.6593908895640848
sobolC.idx44.case3_edf_overload.stress.of0.934379.fi0.165156.s20260810,edf_unsalvageable_overload,unsalvageable_overload,sobol_pilot_v1,20260810,0.165156,sobol_family_c_deadline_admission,,,,5,25,,,0.934379,,,,stress,44,20260812,,6.2170000000000005,1.663404250309564
sobolC.idx44.case3_edf_overload.stress.of0.934379.fi0.165156.s20260811,edf_unsalvageable_overload,unsalvageable_overload,sobol_pilot_v1,20260811,0.165156,sobol_family_c_deadline_admission,,,,5,25,,,0.934379,,,,stress,44,20260812,,6.011,1.6082874294049845
sobolC.idx44.case3_edf_overload.stress.of0.934379.fi0.165156.s20260812,edf_unsalvageable_overload,unsalvageable_overload,sobol_pilot_v1,20260812,0.165156,sobol_family_c_deadline_admission,,,,5,25,,,0.934379,,,,stress,44,20260812,,5.944,1.5903610847418446
sobolC.idx45.case3_edf_overload.stress.of1.175217.fi0.615583.s20260809,edf_unsalvageable_overload,unsalvageable_overload,sobol_pilot_v1,20260809,0.615583,sobol_family_c_deadline_admission,,,,18,12,,,1.175217,,,,stress,45,20260812,,10.214,2.1727902166153146
sobolC.idx45.case3_edf_overload.stress.of1.175217.fi0.615583.s20260810,edf_unsalvageable_overload,unsalvageable_overload,sobol_pilot_v1,20260810,0.615583,sobol_family_c_deadline_admission,,,,18,12,,,1.175217,,,,stress,45,20260812,,10.247,2.1798101967551524
sobolC.idx45.case3_edf_overload.stress.of1.175217.fi0.615583.s20260811,edf_unsalvageable_overload,unsalvageable_overload,sobol_pilot_v1,20260811,0.615583,sobol_family_c_deadline_admission,,,,18,12,,,1.175217,,,,stress,45,20260812,,9.75,2.074085041315774
sobolC.idx45.case3_edf_overload.stress.of1.175217.fi0.615583.s20260812,edf_unsalvageable_overload,unsalvageable_overload,sobol_pilot_v1,20260812,0.615583,sobol_family_c_deadline_admission,,,,18,12,,,1.175217,,,,stress,45,20260812,,9.946,2.1157794688129936
sobolC.idx46.case3_edf_overload.stress.of1.289228.fi0.351506.s20260809,edf_unsalvageable_overload,unsalvageable_overload,sobol_pilot_v1,20260809,0.351506,sobol_family_c_deadline_admission,,,,11,19,,,1.289228,,,,stress,46,20260812,,8.028,1.556745587281691
sobolC.idx46.case3_edf_overload.stress.of1.289228.fi0.351506.s20260810,edf_unsalvageable_overload,unsalvageable_overload,sobol_pilot_v1,20260810,0.351506,sobol_family_c_deadline_admission,,,,11,19,,,1.289228,,,,stress,46,20260812,,7.987,1.5487950928772878
sobolC.idx46.case3_edf_overload.stress.of1.289228.fi0.351506.s20260811,edf_unsalvageable_overload,unsalvageable_overload,sobol_pilot_v1,20260811,0.351506,sobol_family_c_deadline_admission,,,,11,19,,,1.289228,,,,stress,46,20260812,,7.759,1.504582587408899
sobolC.idx46.case3_edf_overload.stress.of1.289228.fi0.351506.s20260812,edf_unsalvageable_overload,unsalvageable_overload,sobol_pilot_v1,20260812,0.351506,sobol_family_c_deadline_admission,,,,11,19,,,1.289228,,,,stress,46,20260812,,7.699,1.4929477175487966
sobolC.idx47.case3_edf_overload.stress.of1.117289.fi0.401153.s20260809,edf_unsalvageable_overload,unsalvageable_overload,sobol_pilot_v1,20260809,0.401153,sobol_family_c_deadline_admission,,,,12,18,,,1.117289,,,,stress,47,20260812,,8.335,1.8650053835668303
sobolC.idx47.case3_edf_overload.stress.of1.117289.fi0.401153.s20260810,edf_unsalvageable_overload,unsalvageable_overload,sobol_pilot_v1,20260810,0.401153,sobol_family_c_deadline_admission,,,,12,18,,,1.117289,,,,stress,47,20260812,,8.329,1.863662848197736
sobolC.idx47.case3_edf_overload.stress.of1.117289.fi0.401153.s20260811,edf_unsalvageable_overload,unsalvageable_overload,sobol_pilot_v1,20260811,0.401153,sobol_family_c_deadline_admission,,,,12,18,,,1.117289,,,,stress,47,20260812,,8.040000000000001,1.7989973945863607
sobolC.idx47.case3_edf_overload.stress.of1.117289.fi0.401153.s20260812,edf_unsalvageable_overload,unsalvageable_overload,sobol_pilot_v1,20260812,0.401153,sobol_family_c_deadline_admission,,,,12,18,,,1.117289,,,,stress,47,20260812,,8.034,1.7976548592172663
sobolC.idx48.case3_edf_overload.stress.of1.102427.fi0.388721.s20260809,edf_unsalvageable_overload,unsalvageable_overload,sobol_pilot_v1,20260809,0.388721,sobol_family_c_deadline_admission,,,,12,18,,,1.102427,,,,stress,48,20260812,,8.335,1.8901478283822875
sobolC.idx48.case3_edf_overload.stress.of1.102427.fi0.388721.s20260810,edf_unsalvageable_overload,unsalvageable_overload,sobol_pilot_v1,20260810,0.388721,sobol_family_c_deadline_admission,,,,12,18,,,1.102427,,,,stress,48,20260812,,8.329,1.8887871940727141
sobolC.idx48.case3_edf_overload.stress.of1.102427.fi0.388721.s20260811,edf_unsalvageable_overload,unsalvageable_overload,sobol_pilot_v1,20260811,0.388721,sobol_family_c_deadline_admission,,,,12,18,,,1.102427,,,,stress,48,20260812,,8.040000000000001,1.8232499748282653
sobolC.idx48.case3_edf_overload.stress.of1.102427.fi0.388721.s20260812,edf_unsalvageable_overload,unsalvageable_overload,sobol_pilot_v1,20260812,0.388721,sobol_family_c_deadline_admission,,,,12,18,,,1.102427,,,,stress,48,20260812,,8.034,1.821889340518692
sobolC.idx49.case3_edf_overload.stress.of1.274113.fi0.438294.s20260809,edf_unsalvageable_overload,unsalvageable_overload,sobol_pilot_v1,20260809,0.438294,sobol_family_c_deadline_admission,,,,13,17,,,1.274113,,,,stress,49,20260812,,8.639,1.6951008270067096
sobolC.idx49.case3_edf_overload.stress.of1.274113.fi0.438294.s20260810,edf_unsalvageable_overload,unsalvageable_overload,sobol_pilot_v1,20260810,0.438294,sobol_family_c_deadline_admission,,,,13,17,,,1.274113,,,,stress,49,20260812,,8.668000000000001,1.700791060133599
sobolC.idx49.case3_edf_overload.stress.of1.274113.fi0.438294.s20260811,edf_unsalvageable_overload,unsalvageable_overload,sobol_pilot_v1,20260811,0.438294,sobol_family_c_deadline_admission,,,,13,17,,,1.274113,,,,stress,49,20260812,,8.32,1.6325082626109302
sobolC.idx49.case3_edf_overload.stress.of1.274113.fi0.438294.s20260812,edf_unsalvageable_overload,unsalvageable_overload,sobol_pilot_v1,20260812,0.438294,sobol_family_c_deadline_admission,,,,13,17,,,1.274113,,,,stress,49,20260812,,8.374,1.6431038691230684
sobolC.idx50.case3_edf_overload.stress.of1.190064.fi0.177429.s20260809,edf_unsalvageable_overload,unsalvageable_overload,sobol_pilot_v1,20260809,0.177429,sobol_family_c_deadline_admission,,,,5,25,,,1.190064,,,,stress,50,20260812,,6.202,1.3028711060917733
sobolC.idx50.case3_edf_overload.stress.of1.190064.fi0.177429.s20260810,edf_unsalvageable_overload,unsalvageable_overload,sobol_pilot_v1,20260810,0.177429,sobol_family_c_deadline_admission,,,,5,25,,,1.190064,,,,stress,50,20260812,,6.2170000000000005,1.3060221971255328
sobolC.idx50.case3_edf_overload.stress.of1.190064.fi0.177429.s20260811,edf_unsalvageable_overload,unsalvageable_overload,sobol_pilot_v1,20260811,0.177429,sobol_family_c_deadline_admission,,,,5,25,,,1.190064,,,,stress,50,20260812,,6.011,1.2627472135952351
sobolC.idx50.case3_edf_overload.stress.of1.190064.fi0.177429.s20260812,edf_unsalvageable_overload,unsalvageable_overload,sobol_pilot_v1,20260812,0.177429,sobol_family_c_deadline_admission,,,,5,25,,,1.190064,,,,stress,50,20260812,,5.944,1.2486723403111093
sobolC.idx51.case3_edf_overload.stress.of0.949509.fi0.627783.s20260809,edf_unsalvageable_overload,unsalvageable_overload,sobol_pilot_v1,20260809,0.627783,sobol_family_c_deadline_admission,,,,19,11,,,0.949509,,,,stress,51,20260812,,10.558,2.779857800189361
sobolC.idx51.case3_edf_overload.stress.of0.949509.fi0.627783.s20260810,edf_unsalvageable_overload,unsalvageable_overload,sobol_pilot_v1,20260810,0.627783,sobol_family_c_deadline_admission,,,,19,11,,,0.949509,,,,stress,51,20260812,,10.545,2.7764349784994136
sobolC.idx51.case3_edf_overload.stress.of0.949509.fi0.627783.s20260811,edf_unsalvageable_overload,unsalvageable_overload,sobol_pilot_v1,20260811,0.627783,sobol_family_c_deadline_admission,,,,19,11,,,0.949509,,,,stress,51,20260812,,10.065,2.65005386994752
sobolC.idx51.case3_edf_overload.stress.of0.949509.fi0.627783.s20260812,edf_unsalvageable_overload,unsalvageable_overload,sobol_pilot_v1,20260812,0.627783,sobol_family_c_deadline_admission,,,,19,11,,,0.949509,,,,stress,51,20260812,,10.259,2.701132901320577
sobolC.idx52.case3_edf_overload.stress.of0.894409.fi0.071229.s20260809,edf_unsalvageable_overload,unsalvageable_overload,sobol_pilot_v1,20260809,0.071229,sobol_family_c_deadline_admission,,,,2,28,,,0.894409,,,,stress,52,20260812,,5.264,1.4713626539983387
sobolC.idx52.case3_edf_overload.stress.of0.894409.fi0.071229.s20260810,edf_unsalvageable_overload,unsalvageable_overload,sobol_pilot_v1,20260810,0.071229,sobol_family_c_deadline_admission,,,,2,28,,,0.894409,,,,stress,52,20260812,,5.298,1.4808661361860178
sobolC.idx52.case3_edf_overload.stress.of0.894409.fi0.071229.s20260811,edf_unsalvageable_overload,unsalvageable_overload,sobol_pilot_v1,20260811,0.071229,sobol_family_c_deadline_admission,,,,2,28,,,0.894409,,,,stress,52,20260812,,5.0280000000000005,1.4053973070485652
sobolC.idx52.case3_edf_overload.stress.of0.894409.fi0.071229.s20260812,edf_unsalvageable_overload,unsalvageable_overload,sobol_pilot_v1,20260812,0.071229,sobol_family_c_deadline_admission,,,,2,28,,,0.894409,,,,stress,52,20260812,,5.037,1.40791293468648
sobolC.idx53.case3_edf_overload.stress.of1.203842.fi0.721656.s20260809,edf_unsalvageable_overload,unsalvageable_overload,sobol_pilot_v1,20260809,0.721656,sobol_family_c_deadline_admission,,,,22,8,,,1.203842,,,,stress,53,20260812,,11.472,2.3823724375790176
sobolC.idx53.case3_edf_overload.stress.of1.203842.fi0.721656.s20260810,edf_unsalvageable_overload,unsalvageable_overload,sobol_pilot_v1,20260810,0.721656,sobol_family_c_deadline_admission,,,,22,8,,,1.203842,,,,stress,53,20260812,,11.5,2.3881871541281994
sobolC.idx53.case3_edf_overload.stress.of1.203842.fi0.721656.s20260811,edf_unsalvageable_overload,unsalvageable_overload,sobol_pilot_v1,20260811,0.721656,sobol_family_c_deadline_admission,,,,22,8,,,1.203842,,,,stress,53,20260812,,11.001,2.284560598483854
sobolC.idx53.case3_edf_overload.stress.of1.203842.fi0.721656.s20260812,edf_unsalvageable_overload,unsalvageable_overload,sobol_pilot_v1,20260812,0.721656,sobol_family_c_deadline_admission,,,,22,8,,,1.203842,,,,stress,53,20260812,,11.162,2.317995218641649
sobolC.idx54.case3_edf_overload.stress.of1.399169.fi0.257542.s20260809,edf_unsalvageable_overload,unsalvageable_overload,sobol_pilot_v1,20260809,0.257542,sobol_family_c_deadline_admission,,,,8,22,,,1.399169,,,,stress,54,20260812,,7.1160000000000005,1.2714689933810712
sobolC.idx54.case3_edf_overload.stress.of1.399169.fi0.257542.s20260810,edf_unsalvageable_overload,unsalvageable_overload,sobol_pilot_v1,20260810,0.257542,sobol_family_c_deadline_admission,,,,8,22,,,1.399169,,,,stress,54,20260812,,7.059,1.2612843766550002
sobolC.idx54.case3_edf_overload.stress.of1.399169.fi0.257542.s20260811,edf_unsalvageable_overload,unsalvageable_overload,sobol_pilot_v1,20260811,0.257542,sobol_family_c_deadline_admission,,,,8,22,,,1.399169,,,,stress,54,20260812,,6.9110000000000005,1.2348401086645002
sobolC.idx54.case3_edf_overload.stress.of1.399169.fi0.257542.s20260812,edf_unsalvageable_overload,unsalvageable_overload,sobol_pilot_v1,20260812,0.257542,sobol_family_c_deadline_admission,,,,8,22,,,1.399169,,,,stress,54,20260812,,6.8260000000000005,1.2196525223186048
sobolC.idx55.case3_edf_overload.stress.of1.020842.fi0.507189.s20260809,edf_unsalvageable_overload,unsalvageable_overload,sobol_pilot_v1,20260809,0.507189,sobol_family_c_deadline_admission,,,,15,15,,,1.020842,,,,stress,55,20260812,,9.27,2.2701848082269342
sobolC.idx55.case3_edf_overload.stress.of1.020842.fi0.507189.s20260810,edf_unsalvageable_overload,unsalvageable_overload,sobol_pilot_v1,20260810,0.507189,sobol_family_c_deadline_admission,,,,15,15,,,1.020842,,,,stress,55,20260812,,9.34,2.2873275198316683
sobolC.idx55.case3_edf_overload.stress.of1.020842.fi0.507189.s20260811,edf_unsalvageable_overload,unsalvageable_overload,sobol_pilot_v1,20260811,0.507189,sobol_family_c_deadline_admission,,,,15,15,,,1.020842,,,,stress,55,20260812,,8.928,2.186430417243805
sobolC.idx55.case3_edf_overload.stress.of1.020842.fi0.507189.s20260812,edf_unsalvageable_overload,unsalvageable_overload,sobol_pilot_v1,20260812,0.507189,sobol_family_c_deadline_admission,,,,15,15,,,1.020842,,,,stress,55,20260812,,9.033,2.2121444846509055
sobolC.idx56.case3_edf_overload.stress.of1.028519.fi0.12042.s20260809,edf_unsalvageable_overload,unsalvageable_overload,sobol_pilot_v1,20260809,0.12042,sobol_family_c_deadline_admission,,,,4,26,,,1.028519,,,,stress,56,20260812,,5.918,1.4384761001012136
sobolC.idx56.case3_edf_overload.stress.of1.028519.fi0.12042.s20260810,edf_unsalvageable_overload,unsalvageable_overload,sobol_pilot_v1,20260810,0.12042,sobol_family_c_deadline_admission,,,,4,26,,,1.028519,,,,stress,56,20260812,,5.908,1.436045420648525
sobolC.idx56.case3_edf_overload.stress.of1.028519.fi0.12042.s20260811,edf_unsalvageable_overload,unsalvageable_overload,sobol_pilot_v1,20260811,0.12042,sobol_family_c_deadline_admission,,,,4,26,,,1.028519,,,,stress,56,20260812,,5.6770000000000005,1.3798967252914143
sobolC.idx56.case3_edf_overload.stress.of1.028519.fi0.12042.s20260812,edf_unsalvageable_overload,unsalvageable_overload,sobol_pilot_v1,20260812,0.12042,sobol_family_c_deadline_admission,,,,4,26,,,1.028519,,,,stress,56,20260812,,5.623,1.3667710562468949
sobolC.idx57.case3_edf_overload.stress.of1.337817.fi0.670872.s20260809,edf_unsalvageable_overload,unsalvageable_overload,sobol_pilot_v1,20260809,0.670872,sobol_family_c_deadline_admission,,,,20,10,,,1.337817,,,,stress,57,20260812,,10.875,2.032228623197343
sobolC.idx57.case3_edf_overload.stress.of1.337817.fi0.670872.s20260810,edf_unsalvageable_overload,unsalvageable_overload,sobol_pilot_v1,20260810,0.670872,sobol_family_c_deadline_admission,,,,20,10,,,1.337817,,,,stress,57,20260812,,10.865,2.0303599072219893
sobolC.idx57.case3_edf_overload.stress.of1.337817.fi0.670872.s20260811,edf_unsalvageable_overload,unsalvageable_overload,sobol_pilot_v1,20260811,0.670872,sobol_family_c_deadline_admission,,,,20,10,,,1.337817,,,,stress,57,20260812,,10.398,1.943090871172963
sobolC.idx57.case3_edf_overload.stress.of1.337817.fi0.670872.s20260812,edf_unsalvageable_overload,unsalvageable_overload,sobol_pilot_v1,20260812,0.670872,sobol_family_c_deadline_admission,,,,20,10,,,1.337817,,,,stress,57,20260812,,10.598,1.9804651906800408
sobolC.idx58.case3_edf_overload.stress.of1.24559.fi0.306764.s20260809,edf_unsalvageable_overload,unsalvageable_overload,sobol_pilot_v1,20260809,0.306764,sobol_family_c_deadline_admission,,,,9,21,,,1.24559,,,,stress,58,20260812,,7.386,1.482430013086168
sobolC.idx58.case3_edf_overload.stress.of1.24559.fi0.306764.s20260810,edf_unsalvageable_overload,unsalvageable_overload,sobol_pilot_v1,20260810,0.306764,sobol_family_c_deadline_admission,,,,9,21,,,1.24559,,,,stress,58,20260812,,7.36,1.4772116025337392
sobolC.idx58.case3_edf_overload.stress.of1.24559.fi0.306764.s20260811,edf_unsalvageable_overload,unsalvageable_overload,sobol_pilot_v1,20260811,0.306764,sobol_family_c_deadline_admission,,,,9,21,,,1.24559,,,,stress,58,20260812,,7.236,1.4523237983606163
sobolC.idx58.case3_edf_overload.stress.of1.24559.fi0.306764.s20260812,edf_unsalvageable_overload,unsalvageable_overload,sobol_pilot_v1,20260812,0.306764,sobol_family_c_deadline_admission,,,,9,21,,,1.24559,,,,stress,58,20260812,,7.097,1.4244253727149385
sobolC.idx59.case3_edf_overload.stress.of0.867665.fi0.456435.s20260809,edf_unsalvageable_overload,unsalvageable_overload,sobol_pilot_v1,20260809,0.456435,sobol_family_c_deadline_admission,,,,14,16,,,0.867665,,,,stress,59,20260812,,8.97,2.584522828511004
sobolC.idx59.case3_edf_overload.stress.of0.867665.fi0.456435.s20260810,edf_unsalvageable_overload,unsalvageable_overload,sobol_pilot_v1,20260810,0.456435,sobol_family_c_deadline_admission,,,,14,16,,,0.867665,,,,stress,59,20260812,,8.996,2.592014199028427
sobolC.idx59.case3_edf_overload.stress.of0.867665.fi0.456435.s20260811,edf_unsalvageable_overload,unsalvageable_overload,sobol_pilot_v1,20260811,0.456435,sobol_family_c_deadline_admission,,,,14,16,,,0.867665,,,,stress,59,20260812,,8.585,2.4735929189260832
sobolC.idx59.case3_edf_overload.stress.of0.867665.fi0.456435.s20260812,edf_unsalvageable_overload,unsalvageable_overload,sobol_pilot_v1,20260812,0.456435,sobol_family_c_deadline_admission,,,,14,16,,,0.867665,,,,stress,59,20260812,,8.689,2.503558400995776
sobolC.idx60.case3_edf_overload.stress.of0.959053.fi0.237985.s20260809,edf_unsalvageable_overload,unsalvageable_overload,sobol_pilot_v1,20260809,0.237985,sobol_family_c_deadline_admission,,,,7,23,,,0.959053,,,,stress,60,20260812,,6.839,1.7827481901417337
sobolC.idx60.case3_edf_overload.stress.of0.959053.fi0.237985.s20260810,edf_unsalvageable_overload,unsalvageable_overload,sobol_pilot_v1,20260810,0.237985,sobol_family_c_deadline_admission,,,,7,23,,,0.959053,,,,stress,60,20260812,,6.744,1.7579841781423966
sobolC.idx60.case3_edf_overload.stress.of0.959053.fi0.237985.s20260811,edf_unsalvageable_overload,unsalvageable_overload,sobol_pilot_v1,20260811,0.237985,sobol_family_c_deadline_admission,,,,7,23,,,0.959053,,,,stress,60,20260812,,6.574,1.7136696303541097
sobolC.idx60.case3_edf_overload.stress.of0.959053.fi0.237985.s20260812,edf_unsalvageable_overload,unsalvageable_overload,sobol_pilot_v1,20260812,0.237985,sobol_family_c_deadline_admission,,,,7,23,,,0.959053,,,,stress,60,20260812,,6.535,1.7035033517438556
sobolC.idx61.case3_edf_overload.stress.of1.131141.fi0.587534.s20260809,edf_unsalvageable_overload,unsalvageable_overload,sobol_pilot_v1,20260809,0.587534,sobol_family_c_deadline_admission,,,,18,12,,,1.131141,,,,stress,61,20260812,,10.214,2.2574550829649
sobolC.idx61.case3_edf_overload.stress.of1.131141.fi0.587534.s20260810,edf_unsalvageable_overload,unsalvageable_overload,sobol_pilot_v1,20260810,0.587534,sobol_family_c_deadline_admission,,,,18,12,,,1.131141,,,,stress,61,20260812,,10.247,2.2647486034013444
sobolC.idx61.case3_edf_overload.stress.of1.131141.fi0.587534.s20260811,edf_unsalvageable_overload,unsalvageable_overload,sobol_pilot_v1,20260811,0.587534,sobol_family_c_deadline_admission,,,,18,12,,,1.131141,,,,stress,61,20260812,,9.75,2.154903765313078
sobolC.idx61.case3_edf_overload.stress.of1.131141.fi0.587534.s20260812,edf_unsalvageable_overload,unsalvageable_overload,sobol_pilot_v1,20260812,0.587534,sobol_family_c_deadline_admission,,,,18,12,,,1.131141,,,,stress,61,20260812,,9.946,2.1982228563901405
sobolC.idx62.case3_edf_overload.stress.of1.318265.fi0.026626.s20260809,edf_unsalvageable_overload,unsalvageable_overload,sobol_pilot_v1,20260809,0.026626,sobol_family_c_deadline_admission,,,,1,29,,,1.318265,,,,stress,62,20260812,,4.976,0.9436645894414248
sobolC.idx62.case3_edf_overload.stress.of1.318265.fi0.026626.s20260810,edf_unsalvageable_overload,unsalvageable_overload,sobol_pilot_v1,20260810,0.026626,sobol_family_c_deadline_admission,,,,1,29,,,1.318265,,,,stress,62,20260812,,4.985,0.9453713782888873
sobolC.idx62.case3_edf_overload.stress.of1.318265.fi0.026626.s20260811,edf_unsalvageable_overload,unsalvageable_overload,sobol_pilot_v1,20260811,0.026626,sobol_family_c_deadline_admission,,,,1,29,,,1.318265,,,,stress,62,20260812,,4.729,0.8968227177388461
sobolC.idx62.case3_edf_overload.stress.of1.318265.fi0.026626.s20260812,edf_unsalvageable_overload,unsalvageable_overload,sobol_pilot_v1,20260812,0.026626,sobol_family_c_deadline_admission,,,,1,29,,,1.318265,,,,stress,62,20260812,,4.76,0.9027016571023276
sobolC.idx63.case3_edf_overload.stress.of1.077576.fi0.776956.s20260809,edf_unsalvageable_overload,unsalvageable_overload,sobol_pilot_v1,20260809,0.776956,sobol_family_c_deadline_admission,,,,23,7,,,1.077576,,,,stress,63,20260812,,11.805,2.7387859417804403
sobolC.idx63.case3_edf_overload.stress.of1.077576.fi0.776956.s20260810,edf_unsalvageable_overload,unsalvageable_overload,sobol_pilot_v1,20260810,0.776956,sobol_family_c_deadline_admission,,,,23,7,,,1.077576,,,,stress,63,20260812,,11.804,2.7385539395829155
sobolC.idx63.case3_edf_overload.stress.of1.077576.fi0.776956.s20260811,edf_unsalvageable_overload,unsalvageable_overload,sobol_pilot_v1,20260811,0.776956,sobol_family_c_deadline_admission,,,,23,7,,,1.077576,,,,stress,63,20260812,,11.314,2.624872862795756
sobolC.idx63.case3_edf_overload.stress.of1.077576.fi0.776956.s20260812,edf_unsalvageable_overload,unsalvageable_overload,sobol_pilot_v1,20260812,0.776956,sobol_family_c_deadline_admission,,,,23,7,,,1.077576,,,,stress,63,20260812,,11.441,2.654337141881408
sobolC.idx64.case3_edf_overload.stress.of1.078371.fi0.127039.s20260809,edf_unsalvageable_overload,unsalvageable_overload,sobol_pilot_v1,20260809,0.127039,sobol_family_c_deadline_admission,,,,4,26,,,1.078371,,,,stress,64,20260812,,5.918,1.3719768057560895
sobolC.idx64.case3_edf_overload.stress.of1.078371.fi0.127039.s20260810,edf_unsalvageable_overload,unsalvageable_overload,sobol_pilot_v1,20260810,0.127039,sobol_family_c_deadline_admission,,,,4,26,,,1.078371,,,,stress,64,20260812,,5.908,1.3696584941546093
sobolC.idx64.case3_edf_overload.stress.of1.078371.fi0.127039.s20260811,edf_unsalvageable_overload,unsalvageable_overload,sobol_pilot_v1,20260811,0.127039,sobol_family_c_deadline_admission,,,,4,26,,,1.078371,,,,stress,64,20260812,,5.6770000000000005,1.3161054961604124
sobolC.idx64.case3_edf_overload.stress.of1.078371.fi0.127039.s20260812,edf_unsalvageable_overload,unsalvageable_overload,sobol_pilot_v1,20260812,0.127039,sobol_family_c_deadline_admission,,,,4,26,,,1.078371,,,,stress,64,20260812,,5.623,1.3035866135124183
sobolC.idx65.case3_edf_overload.stress.of1.31905.fi0.676588.s20260809,edf_unsalvageable_overload,unsalvageable_overload,sobol_pilot_v1,20260809,0.676588,sobol_family_c_deadline_admission,,,,20,10,,,1.31905,,,,stress,65,20260812,,10.875,2.0611424889124748
sobolC.idx65.case3_edf_overload.stress.of1.31905.fi0.676588.s20260810,edf_unsalvageable_overload,unsalvageable_overload,sobol_pilot_v1,20260810,0.676588,sobol_family_c_deadline_admission,,,,20,10,,,1.31905,,,,stress,65,20260812,,10.865,2.0592471854743946
sobolC.idx65.case3_edf_overload.stress.of1.31905.fi0.676588.s20260811,edf_unsalvageable_overload,unsalvageable_overload,sobol_pilot_v1,20260811,0.676588,sobol_family_c_deadline_admission,,,,20,10,,,1.31905,,,,stress,65,20260812,,10.398,1.9707365149160379
sobolC.idx65.case3_edf_overload.stress.of1.31905.fi0.676588.s20260812,edf_unsalvageable_overload,unsalvageable_overload,sobol_pilot_v1,20260812,0.676588,sobol_family_c_deadline_admission,,,,20,10,,,1.31905,,,,stress,65,20260812,,10.598,2.0086425836776467
sobolC.idx66.case3_edf_overload.stress.of1.1282.fi0.337573.s20260809,edf_unsalvageable_overload,unsalvageable_overload,sobol_pilot_v1,20260809,0.337573,sobol_family_c_deadline_admission,,,,10,20,,,1.1282,,,,stress,66,20260812,,7.7250000000000005,1.7117975536252437
sobolC.idx66.case3_edf_overload.stress.of1.1282.fi0.337573.s20260810,edf_unsalvageable_overload,unsalvageable_overload,sobol_pilot_v1,20260810,0.337573,sobol_family_c_deadline_admission,,,,10,20,,,1.1282,,,,stress,66,20260812,,7.697,1.7055929799680907
sobolC.idx66.case3_edf_overload.stress.of1.1282.fi0.337573.s20260811,edf_unsalvageable_overload,unsalvageable_overload,sobol_pilot_v1,20260811,0.337573,sobol_family_c_deadline_admission,,,,10,20,,,1.1282,,,,stress,66,20260812,,7.498,1.6614961886190391
sobolC.idx66.case3_edf_overload.stress.of1.1282.fi0.337573.s20260812,edf_unsalvageable_overload,unsalvageable_overload,sobol_pilot_v1,20260812,0.337573,sobol_family_c_deadline_admission,,,,10,20,,,1.1282,,,,stress,66,20260812,,7.432,1.6468711221414642
sobolC.idx67.case3_edf_overload.stress.of0.956118.fi0.487902.s20260809,edf_unsalvageable_overload,unsalvageable_overload,sobol_pilot_v1,20260809,0.487902,sobol_family_c_deadline_admission,,,,15,15,,,0.956118,,,,stress,67,20260812,,9.27,2.423864000050203
sobolC.idx67.case3_edf_overload.stress.of0.956118.fi0.487902.s20260810,edf_unsalvageable_overload,unsalvageable_overload,sobol_pilot_v1,20260810,0.487902,sobol_family_c_deadline_admission,,,,15,15,,,0.956118,,,,stress,67,20260812,,9.34,2.442167180201607
sobolC.idx67.case3_edf_overload.stress.of0.956118.fi0.487902.s20260811,edf_unsalvageable_overload,unsalvageable_overload,sobol_pilot_v1,20260811,0.487902,sobol_family_c_deadline_admission,,,,15,15,,,0.956118,,,,stress,67,20260812,,8.928,2.334439891310487
sobolC.idx67.case3_edf_overload.stress.of0.956118.fi0.487902.s20260812,edf_unsalvageable_overload,unsalvageable_overload,sobol_pilot_v1,20260812,0.487902,sobol_family_c_deadline_admission,,,,15,15,,,0.956118,,,,stress,67,20260812,,9.033,2.3618946615375926
sobolC.idx68.case3_edf_overload.stress.of0.874959.fi0.206349.s20260809,edf_unsalvageable_overload,unsalvageable_overload,sobol_pilot_v1,20260809,0.206349,sobol_family_c_deadline_admission,,,,6,24,,,0.874959,,,,stress,68,20260812,,6.5040000000000004,1.858372792325126
sobolC.idx68.case3_edf_overload.stress.of0.874959.fi0.206349.s20260810,edf_unsalvageable_overload,unsalvageable_overload,sobol_pilot_v1,20260810,0.206349,sobol_family_c_deadline_admission,,,,6,24,,,0.874959,,,,stress,68,20260812,,6.48,1.8515153281468046
sobolC.idx68.case3_edf_overload.stress.of0.874959.fi0.206349.s20260811,edf_unsalvageable_overload,unsalvageable_overload,sobol_pilot_v1,20260811,0.206349,sobol_family_c_deadline_admission,,,,6,24,,,0.874959,,,,stress,68,20260812,,6.314,1.8040845342467475
sobolC.idx68.case3_edf_overload.stress.of0.874959.fi0.206349.s20260812,edf_unsalvageable_overload,unsalvageable_overload,sobol_pilot_v1,20260812,0.206349,sobol_family_c_deadline_admission,,,,6,24,,,0.874959,,,,stress,68,20260812,,6.2490000000000006,1.7855122354304602
sobolC.idx69.case3_edf_overload.stress.of1.252899.fi0.5568.s20260809,edf_unsalvageable_overload,unsalvageable_overload,sobol_pilot_v1,20260809,0.5568,sobol_family_c_deadline_admission,,,,17,13,,,1.252899,,,,stress,69,20260812,,9.877,1.9708292527969136
sobolC.idx69.case3_edf_overload.stress.of1.252899.fi0.5568.s20260810,edf_unsalvageable_overload,unsalvageable_overload,sobol_pilot_v1,20260810,0.5568,sobol_family_c_deadline_admission,,,,17,13,,,1.252899,,,,stress,69,20260812,,9.908,1.9770149070276215
sobolC.idx69.case3_edf_overload.stress.of1.252899.fi0.5568.s20260811,edf_unsalvageable_overload,unsalvageable_overload,sobol_pilot_v1,20260811,0.5568,sobol_family_c_deadline_admission,,,,17,13,,,1.252899,,,,stress,69,20260812,,9.482,1.8920120456636966
sobolC.idx69.case3_edf_overload.stress.of1.252899.fi0.5568.s20260812,edf_unsalvageable_overload,unsalvageable_overload,sobol_pilot_v1,20260812,0.5568,sobol_family_c_deadline_admission,,,,17,13,,,1.252899,,,,stress,69,20260812,,9.615,1.9185504976857672
sobolC.idx70.case3_edf_overload.stress.of1.332664.fi0.020836.s20260809,edf_unsalvageable_overload,unsalvageable_overload,sobol_pilot_v1,20260809,0.020836,sobol_family_c_deadline_admission,,,,1,29,,,1.332664,,,,stress,70,20260812,,4.976,0.9334686012378214
sobolC.idx70.case3_edf_overload.stress.of1.332664.fi0.020836.s20260810,edf_unsalvageable_overload,unsalvageable_overload,sobol_pilot_v1,20260810,0.020836,sobol_family_c_deadline_admission,,,,1,29,,,1.332664,,,,stress,70,20260812,,4.985,0.9351569487882917
sobolC.idx70.case3_edf_overload.stress.of1.332664.fi0.020836.s20260811,edf_unsalvageable_overload,unsalvageable_overload,sobol_pilot_v1,20260811,0.020836,sobol_family_c_deadline_admission,,,,1,29,,,1.332664,,,,stress,70,20260812,,4.729,0.8871328406860244
sobolC.idx70.case3_edf_overload.stress.of1.332664.fi0.020836.s20260812,edf_unsalvageable_overload,unsalvageable_overload,sobol_pilot_v1,20260812,0.020836,sobol_family_c_deadline_admission,,,,1,29,,,1.332664,,,,stress,70,20260812,,4.76,0.8929482600265333
sobolC.idx71.case3_edf_overload.stress.of1.023364.fi0.770507.s20260809,edf_unsalvageable_overload,unsalvageable_overload,sobol_pilot_v1,20260809,0.770507,sobol_family_c_deadline_admission,,,,23,7,,,1.023364,,,,stress,71,20260812,,11.805,2.883871232523325
sobolC.idx71.case3_edf_overload.stress.of1.023364.fi0.770507.s20260810,edf_unsalvageable_overload,unsalvageable_overload,sobol_pilot_v1,20260810,0.770507,sobol_family_c_deadline_admission,,,,23,7,,,1.023364,,,,stress,71,20260812,,11.804,2.8836269401698713
sobolC.idx71.case3_edf_overload.stress.of1.023364.fi0.770507.s20260811,edf_unsalvageable_overload,unsalvageable_overload,sobol_pilot_v1,20260811,0.770507,sobol_family_c_deadline_admission,,,,23,7,,,1.023364,,,,stress,71,20260812,,11.314,2.763923686977459
sobolC.idx71.case3_edf_overload.stress.of1.023364.fi0.770507.s20260812,edf_unsalvageable_overload,unsalvageable_overload,sobol_pilot_v1,20260812,0.770507,sobol_family_c_deadline_admission,,,,23,7,,,1.023364,,,,stress,71,20260812,,11.441,2.7949488158661047
sobolC.idx72.case3_edf_overload.stress.of1.013568.fi0.357176.s20260809,edf_unsalvageable_overload,unsalvageable_overload,sobol_pilot_v1,20260809,0.357176,sobol_family_c_deadline_admission,,,,11,19,,,1.013568,,,,stress,72,20260812,,8.028,1.9801335480204585
sobolC.idx72.case3_edf_overload.stress.of1.013568.fi0.357176.s20260810,edf_unsalvageable_overload,unsalvageable_overload,sobol_pilot_v1,20260810,0.357176,sobol_family_c_deadline_admission,,,,11,19,,,1.013568,,,,stress,72,20260812,,7.987,1.9700207583506977
sobolC.idx72.case3_edf_overload.stress.of1.013568.fi0.357176.s20260811,edf_unsalvageable_overload,unsalvageable_overload,sobol_pilot_v1,20260811,0.357176,sobol_family_c_deadline_admission,,,,11,19,,,1.013568,,,,stress,72,20260812,,7.759,1.9137837816505652
sobolC.idx72.case3_edf_overload.stress.of1.013568.fi0.357176.s20260812,edf_unsalvageable_overload,unsalvageable_overload,sobol_pilot_v1,20260812,0.357176,sobol_family_c_deadline_admission,,,,11,19,,,1.013568,,,,stress,72,20260812,,7.699,1.8989845772557934
sobolC.idx73.case3_edf_overload.stress.of1.391909.fi0.407603.s20260809,edf_unsalvageable_overload,unsalvageable_overload,sobol_pilot_v1,20260809,0.407603,sobol_family_c_deadline_admission,,,,12,18,,,1.391909,,,,stress,73,20260812,,8.335,1.4970447062272032
sobolC.idx73.case3_edf_overload.stress.of1.391909.fi0.407603.s20260810,edf_unsalvageable_overload,unsalvageable_overload,sobol_pilot_v1,20260810,0.407603,sobol_family_c_deadline_admission,,,,12,18,,,1.391909,,,,stress,73,20260812,,8.329,1.495967049570051
sobolC.idx73.case3_edf_overload.stress.of1.391909.fi0.407603.s20260811,edf_unsalvageable_overload,unsalvageable_overload,sobol_pilot_v1,20260811,0.407603,sobol_family_c_deadline_admission,,,,12,18,,,1.391909,,,,stress,73,20260812,,8.040000000000001,1.4440599205838889
sobolC.idx73.case3_edf_overload.stress.of1.391909.fi0.407603.s20260812,edf_unsalvageable_overload,unsalvageable_overload,sobol_pilot_v1,20260812,0.407603,sobol_family_c_deadline_admission,,,,12,18,,,1.391909,,,,stress,73,20260812,,8.034,1.4429822639267367
sobolC.idx74.case3_edf_overload.stress.of1.208962.fi0.171596.s20260809,edf_unsalvageable_overload,unsalvageable_overload,sobol_pilot_v1,20260809,0.171596,sobol_family_c_deadline_admission,,,,5,25,,,1.208962,,,,stress,74,20260812,,6.202,1.2825051573167725
sobolC.idx74.case3_edf_overload.stress.of1.208962.fi0.171596.s20260810,edf_unsalvageable_overload,unsalvageable_overload,sobol_pilot_v1,20260810,0.171596,sobol_family_c_deadline_admission,,,,5,25,,,1.208962,,,,stress,74,20260812,,6.2170000000000005,1.2856069917830337
sobolC.idx74.case3_edf_overload.stress.of1.208962.fi0.171596.s20260811,edf_unsalvageable_overload,unsalvageable_overload,sobol_pilot_v1,20260811,0.171596,sobol_family_c_deadline_admission,,,,5,25,,,1.208962,,,,stress,74,20260812,,6.011,1.2430084651130473
sobolC.idx74.case3_edf_overload.stress.of1.208962.fi0.171596.s20260812,edf_unsalvageable_overload,unsalvageable_overload,sobol_pilot_v1,20260812,0.171596,sobol_family_c_deadline_admission,,,,5,25,,,1.208962,,,,stress,74,20260812,,5.944,1.2291536044970808
sobolC.idx75.case3_edf_overload.stress.of0.899526.fi0.621242.s20260809,edf_unsalvageable_overload,unsalvageable_overload,sobol_pilot_v1,20260809,0.621242,sobol_family_c_deadline_admission,,,,19,11,,,0.899526,,,,stress,75,20260812,,10.558,2.934323187990119
sobolC.idx75.case3_edf_overload.stress.of0.899526.fi0.621242.s20260810,edf_unsalvageable_overload,unsalvageable_overload,sobol_pilot_v1,20260810,0.621242,sobol_family_c_deadline_admission,,,,19,11,,,0.899526,,,,stress,75,20260812,,10.545,2.9307101740249863
sobolC.idx75.case3_edf_overload.stress.of0.899526.fi0.621242.s20260811,edf_unsalvageable_overload,unsalvageable_overload,sobol_pilot_v1,20260811,0.621242,sobol_family_c_deadline_admission,,,,19,11,,,0.899526,,,,stress,75,20260812,,10.065,2.7973065814662386
sobolC.idx75.case3_edf_overload.stress.of0.899526.fi0.621242.s20260812,edf_unsalvageable_overload,unsalvageable_overload,sobol_pilot_v1,20260812,0.621242,sobol_family_c_deadline_admission,,,,19,11,,,0.899526,,,,stress,75,20260812,,10.259,2.851223866792066
sobolC.idx76.case3_edf_overload.stress.of0.94876.fi0.077792.s20260809,edf_unsalvageable_overload,unsalvageable_overload,sobol_pilot_v1,20260809,0.077792,sobol_family_c_deadline_admission,,,,2,28,,,0.94876,,,,stress,76,20260812,,5.264,1.387073654032632
sobolC.idx76.case3_edf_overload.stress.of0.94876.fi0.077792.s20260810,edf_unsalvageable_overload,unsalvageable_overload,sobol_pilot_v1,20260810,0.077792,sobol_family_c_deadline_admission,,,,2,28,,,0.94876,,,,stress,76,20260812,,5.298,1.396032716387706
sobolC.idx76.case3_edf_overload.stress.of0.94876.fi0.077792.s20260811,edf_unsalvageable_overload,unsalvageable_overload,sobol_pilot_v1,20260811,0.077792,sobol_family_c_deadline_admission,,,,2,28,,,0.94876,,,,stress,76,20260812,,5.0280000000000005,1.3248872212150598
sobolC.idx76.case3_edf_overload.stress.of0.94876.fi0.077792.s20260812,edf_unsalvageable_overload,unsalvageable_overload,sobol_pilot_v1,20260812,0.077792,sobol_family_c_deadline_admission,,,,2,28,,,0.94876,,,,stress,76,20260812,,5.037,1.3272587377208145
sobolC.idx77.case3_edf_overload.stress.of1.189304.fi0.727366.s20260809,edf_unsalvageable_overload,unsalvageable_overload,sobol_pilot_v1,20260809,0.727366,sobol_family_c_deadline_admission,,,,22,8,,,1.189304,,,,stress,77,20260812,,11.472,2.4114944538990875
sobolC.idx77.case3_edf_overload.stress.of1.189304.fi0.727366.s20260810,edf_unsalvageable_overload,unsalvageable_overload,sobol_pilot_v1,20260810,0.727366,sobol_family_c_deadline_admission,,,,22,8,,,1.189304,,,,stress,77,20260812,,11.5,2.4173802492886596
sobolC.idx77.case3_edf_overload.stress.of1.189304.fi0.727366.s20260811,edf_unsalvageable_overload,unsalvageable_overload,sobol_pilot_v1,20260811,0.727366,sobol_family_c_deadline_admission,,,,22,8,,,1.189304,,,,stress,77,20260812,,11.001,2.312486967167352
sobolC.idx77.case3_edf_overload.stress.of1.189304.fi0.727366.s20260812,edf_unsalvageable_overload,unsalvageable_overload,sobol_pilot_v1,20260812,0.727366,sobol_family_c_deadline_admission,,,,22,8,,,1.189304,,,,stress,77,20260812,,11.162,2.3463302906573933
sobolC.idx78.case3_edf_overload.stress.of1.277013.fi0.288357.s20260809,edf_unsalvageable_overload,unsalvageable_overload,sobol_pilot_v1,20260809,0.288357,sobol_family_c_deadline_admission,,,,9,21,,,1.277013,,,,stress,78,20260812,,7.386,1.4459523904611777
sobolC.idx78.case3_edf_overload.stress.of1.277013.fi0.288357.s20260810,edf_unsalvageable_overload,unsalvageable_overload,sobol_pilot_v1,20260810,0.288357,sobol_family_c_deadline_admission,,,,9,21,,,1.277013,,,,stress,78,20260812,,7.36,1.4408623874619915
sobolC.idx78.case3_edf_overload.stress.of1.277013.fi0.288357.s20260811,edf_unsalvageable_overload,unsalvageable_overload,sobol_pilot_v1,20260811,0.288357,sobol_family_c_deadline_admission,,,,9,21,,,1.277013,,,,stress,78,20260812,,7.236,1.4165869885427949
sobolC.idx78.case3_edf_overload.stress.of1.277013.fi0.288357.s20260812,edf_unsalvageable_overload,unsalvageable_overload,sobol_pilot_v1,20260812,0.288357,sobol_family_c_deadline_admission,,,,9,21,,,1.277013,,,,stress,78,20260812,,7.097,1.38937504943176
sobolC.idx79.case3_edf_overload.stress.of1.105334.fi0.538711.s20260809,edf_unsalvageable_overload,unsalvageable_overload,sobol_pilot_v1,20260809,0.538711,sobol_family_c_deadline_admission,,,,16,14,,,1.105334,,,,stress,79,20260812,,9.555,2.1611114830449436
sobolC.idx79.case3_edf_overload.stress.of1.105334.fi0.538711.s20260810,edf_unsalvageable_overload,unsalvageable_overload,sobol_pilot_v1,20260810,0.538711,sobol_family_c_deadline_admission,,,,16,14,,,1.105334,,,,stress,79,20260812,,9.597,2.170610874179207
sobolC.idx79.case3_edf_overload.stress.of1.105334.fi0.538711.s20260811,edf_unsalvageable_overload,unsalvageable_overload,sobol_pilot_v1,20260811,0.538711,sobol_family_c_deadline_admission,,,,16,14,,,1.105334,,,,stress,79,20260812,,9.197000000000001,2.080140482424317
sobolC.idx79.case3_edf_overload.stress.of1.105334.fi0.538711.s20260812,edf_unsalvageable_overload,unsalvageable_overload,sobol_pilot_v1,20260812,0.538711,sobol_family_c_deadline_admission,,,,16,14,,,1.105334,,,,stress,79,20260812,,9.314,2.1066030720126223
sobolC.idx80.case3_edf_overload.stress.of1.124596.fi0.251091.s20260809,edf_unsalvageable_overload,unsalvageable_overload,sobol_pilot_v1,20260809,0.251091,sobol_family_c_deadline_admission,,,,8,22,,,1.124596,,,,stress,80,20260812,,7.1160000000000005,1.5819014117069599
sobolC.idx80.case3_edf_overload.stress.of1.124596.fi0.251091.s20260810,edf_unsalvageable_overload,unsalvageable_overload,sobol_pilot_v1,20260810,0.251091,sobol_family_c_deadline_admission,,,,8,22,,,1.124596,,,,stress,80,20260812,,7.059,1.5692301946654623
sobolC.idx80.case3_edf_overload.stress.of1.124596.fi0.251091.s20260811,edf_unsalvageable_overload,unsalvageable_overload,sobol_pilot_v1,20260811,0.251091,sobol_family_c_deadline_admission,,,,8,22,,,1.124596,,,,stress,80,20260812,,6.9110000000000005,1.5363294907682405
sobolC.idx80.case3_edf_overload.stress.of1.124596.fi0.251091.s20260812,edf_unsalvageable_overload,unsalvageable_overload,sobol_pilot_v1,20260812,0.251091,sobol_family_c_deadline_admission,,,,8,22,,,1.124596,,,,stress,80,20260812,,6.8260000000000005,1.517433816232674
sobolC.idx81.case3_edf_overload.stress.of1.296524.fi0.501517.s20260809,edf_unsalvageable_overload,unsalvageable_overload,sobol_pilot_v1,20260809,0.501517,sobol_family_c_deadline_admission,,,,15,15,,,1.296524,,,,stress,81,20260812,,9.27,1.7874717321083142
sobolC.idx81.case3_edf_overload.stress.of1.296524.fi0.501517.s20260810,edf_unsalvageable_overload,unsalvageable_overload,sobol_pilot_v1,20260810,0.501517,sobol_family_c_deadline_admission,,,,15,15,,,1.296524,,,,stress,81,20260812,,9.34,1.8009693611533608
sobolC.idx81.case3_edf_overload.stress.of1.296524.fi0.501517.s20260811,edf_unsalvageable_overload,unsalvageable_overload,sobol_pilot_v1,20260811,0.501517,sobol_family_c_deadline_admission,,,,15,15,,,1.296524,,,,stress,81,20260812,,8.928,1.721526173059658
sobolC.idx81.case3_edf_overload.stress.of1.296524.fi0.501517.s20260812,edf_unsalvageable_overload,unsalvageable_overload,sobol_pilot_v1,20260812,0.501517,sobol_family_c_deadline_admission,,,,15,15,,,1.296524,,,,stress,81,20260812,,9.033,1.7417726166272278
sobolC.idx82.case3_edf_overload.stress.of1.170062.fi0.065572.s20260809,edf_unsalvageable_overload,unsalvageable_overload,sobol_pilot_v1,20260809,0.065572,sobol_family_c_deadline_admission,,,,2,28,,,1.170062,,,,stress,82,20260812,,5.264,1.124726723883008
sobolC.idx82.case3_edf_overload.stress.of1.170062.fi0.065572.s20260810,edf_unsalvageable_overload,unsalvageable_overload,sobol_pilot_v1,20260810,0.065572,sobol_family_c_deadline_admission,,,,2,28,,,1.170062,,,,stress,82,20260812,,5.298,1.1319912961877234
sobolC.idx82.case3_edf_overload.stress.of1.170062.fi0.065572.s20260811,edf_unsalvageable_overload,unsalvageable_overload,sobol_pilot_v1,20260811,0.065572,sobol_family_c_deadline_admission,,,,2,28,,,1.170062,,,,stress,82,20260812,,5.0280000000000005,1.07430204553263
sobolC.idx82.case3_edf_overload.stress.of1.170062.fi0.065572.s20260812,edf_unsalvageable_overload,unsalvageable_overload,sobol_pilot_v1,20260812,0.065572,sobol_family_c_deadline_admission,,,,2,28,,,1.170062,,,,stress,82,20260812,,5.037,1.0762250205544663
sobolC.idx83.case3_edf_overload.stress.of0.929229.fi0.715218.s20260809,edf_unsalvageable_overload,unsalvageable_overload,sobol_pilot_v1,20260809,0.715218,sobol_family_c_deadline_admission,,,,21,9,,,0.929229,,,,stress,83,20260812,,11.212,3.0164792532303664
sobolC.idx83.case3_edf_overload.stress.of0.929229.fi0.715218.s20260810,edf_unsalvageable_overload,unsalvageable_overload,sobol_pilot_v1,20260810,0.715218,sobol_family_c_deadline_admission,,,,21,9,,,0.929229,,,,stress,83,20260812,,11.198,3.0127126897675387
sobolC.idx83.case3_edf_overload.stress.of0.929229.fi0.715218.s20260811,edf_unsalvageable_overload,unsalvageable_overload,sobol_pilot_v1,20260811,0.715218,sobol_family_c_deadline_admission,,,,21,9,,,0.929229,,,,stress,83,20260812,,10.742,2.890030336978291
sobolC.idx83.case3_edf_overload.stress.of0.929229.fi0.715218.s20260812,edf_unsalvageable_overload,unsalvageable_overload,sobol_pilot_v1,20260812,0.715218,sobol_family_c_deadline_admission,,,,21,9,,,0.929229,,,,stress,83,20260812,,10.861,2.922046126412327
sobolC.idx84.case3_edf_overload.stress.of0.914672.fi0.184256.s20260809,edf_unsalvageable_overload,unsalvageable_overload,sobol_pilot_v1,20260809,0.184256,sobol_family_c_deadline_admission,,,,6,24,,,0.914672,,,,stress,84,20260812,,6.5040000000000004,1.777686427484388
sobolC.idx84.case3_edf_overload.stress.of0.914672.fi0.184256.s20260810,edf_unsalvageable_overload,unsalvageable_overload,sobol_pilot_v1,20260810,0.184256,sobol_family_c_deadline_admission,,,,6,24,,,0.914672,,,,stress,84,20260812,,6.48,1.7711266989696854
sobolC.idx84.case3_edf_overload.stress.of0.914672.fi0.184256.s20260811,edf_unsalvageable_overload,unsalvageable_overload,sobol_pilot_v1,20260811,0.184256,sobol_family_c_deadline_admission,,,,6,24,,,0.914672,,,,stress,84,20260812,,6.314,1.7257552434096595
sobolC.idx84.case3_edf_overload.stress.of0.914672.fi0.184256.s20260812,edf_unsalvageable_overload,unsalvageable_overload,sobol_pilot_v1,20260812,0.184256,sobol_family_c_deadline_admission,,,,6,24,,,0.914672,,,,stress,84,20260812,,6.2490000000000006,1.7079893120156735
sobolC.idx85.case3_edf_overload.stress.of1.223861.fi0.633829.s20260809,edf_unsalvageable_overload,unsalvageable_overload,sobol_pilot_v1,20260809,0.633829,sobol_family_c_deadline_admission,,,,19,11,,,1.223861,,,,stress,85,20260812,,10.558,2.156699167634233
sobolC.idx85.case3_edf_overload.stress.of1.223861.fi0.633829.s20260810,edf_unsalvageable_overload,unsalvageable_overload,sobol_pilot_v1,20260810,0.633829,sobol_family_c_deadline_admission,,,,19,11,,,1.223861,,,,stress,85,20260812,,10.545,2.1540436373084852
sobolC.idx85.case3_edf_overload.stress.of1.223861.fi0.633829.s20260811,edf_unsalvageable_overload,unsalvageable_overload,sobol_pilot_v1,20260811,0.633829,sobol_family_c_deadline_admission,,,,19,11,,,1.223861,,,,stress,85,20260812,,10.065,2.0559932868193362
sobolC.idx85.case3_edf_overload.stress.of1.223861.fi0.633829.s20260812,edf_unsalvageable_overload,unsalvageable_overload,sobol_pilot_v1,20260812,0.633829,sobol_family_c_deadline_admission,,,,19,11,,,1.223861,,,,stress,85,20260812,,10.259,2.095621970142034
sobolC.idx86.case3_edf_overload.stress.of1.376742.fi0.394784.s20260809,edf_unsalvageable_overload,unsalvageable_overload,sobol_pilot_v1,20260809,0.394784,sobol_family_c_deadline_admission,,,,12,18,,,1.376742,,,,stress,86,20260812,,8.335,1.5135370316297465
sobolC.idx86.case3_edf_overload.stress.of1.376742.fi0.394784.s20260810,edf_unsalvageable_overload,unsalvageable_overload,sobol_pilot_v1,20260810,0.394784,sobol_family_c_deadline_admission,,,,12,18,,,1.376742,,,,stress,86,20260812,,8.329,1.5124475028727244
sobolC.idx86.case3_edf_overload.stress.of1.376742.fi0.394784.s20260811,edf_unsalvageable_overload,unsalvageable_overload,sobol_pilot_v1,20260811,0.394784,sobol_family_c_deadline_admission,,,,12,18,,,1.376742,,,,stress,86,20260812,,8.040000000000001,1.4599685344094975
sobolC.idx86.case3_edf_overload.stress.of1.376742.fi0.394784.s20260812,edf_unsalvageable_overload,unsalvageable_overload,sobol_pilot_v1,20260812,0.394784,sobol_family_c_deadline_admission,,,,12,18,,,1.376742,,,,stress,86,20260812,,8.034,1.4588790056524754
sobolC.idx87.case3_edf_overload.stress.of0.998691.fi0.445138.s20260809,edf_unsalvageable_overload,unsalvageable_overload,sobol_pilot_v1,20260809,0.445138,sobol_family_c_deadline_admission,,,,13,17,,,0.998691,,,,stress,87,20260812,,8.639,2.162580818291143
sobolC.idx87.case3_edf_overload.stress.of0.998691.fi0.445138.s20260810,edf_unsalvageable_overload,unsalvageable_overload,sobol_pilot_v1,20260810,0.445138,sobol_family_c_deadline_admission,,,,13,17,,,0.998691,,,,stress,87,20260812,,8.668000000000001,2.169840320980163
sobolC.idx87.case3_edf_overload.stress.of0.998691.fi0.445138.s20260811,edf_unsalvageable_overload,unsalvageable_overload,sobol_pilot_v1,20260811,0.445138,sobol_family_c_deadline_admission,,,,13,17,,,0.998691,,,,stress,87,20260812,,8.32,2.082726288711924
sobolC.idx87.case3_edf_overload.stress.of0.998691.fi0.445138.s20260812,edf_unsalvageable_overload,unsalvageable_overload,sobol_pilot_v1,20260812,0.445138,sobol_family_c_deadline_admission,,,,13,17,,,0.998691,,,,stress,87,20260812,,8.374,2.096243983374237
sobolC.idx88.case3_edf_overload.stress.of1.042604.fi0.033466.s20260809,edf_unsalvageable_overload,unsalvageable_overload,sobol_pilot_v1,20260809,0.033466,sobol_family_c_deadline_admission,,,,1,29,,,1.042604,,,,stress,88,20260812,,4.976,1.1931663411995348
sobolC.idx88.case3_edf_overload.stress.of1.042604.fi0.033466.s20260810,edf_unsalvageable_overload,unsalvageable_overload,sobol_pilot_v1,20260810,0.033466,sobol_family_c_deadline_admission,,,,1,29,,,1.042604,,,,stress,88,20260812,,4.985,1.1953243992925406
sobolC.idx88.case3_edf_overload.stress.of1.042604.fi0.033466.s20260811,edf_unsalvageable_overload,unsalvageable_overload,sobol_pilot_v1,20260811,0.033466,sobol_family_c_deadline_admission,,,,1,29,,,1.042604,,,,stress,88,20260812,,4.729,1.1339396357581593
sobolC.idx88.case3_edf_overload.stress.of1.042604.fi0.033466.s20260812,edf_unsalvageable_overload,unsalvageable_overload,sobol_pilot_v1,20260812,0.033466,sobol_family_c_deadline_admission,,,,1,29,,,1.042604,,,,stress,88,20260812,,4.76,1.1413729469674008
sobolC.idx89.case3_edf_overload.stress.of1.352197.fi0.783014.s20260809,edf_unsalvageable_overload,unsalvageable_overload,sobol_pilot_v1,20260809,0.783014,sobol_family_c_deadline_admission,,,,23,7,,,1.352197,,,,stress,89,20260812,,11.805,2.1825591981050096
sobolC.idx89.case3_edf_overload.stress.of1.352197.fi0.783014.s20260810,edf_unsalvageable_overload,unsalvageable_overload,sobol_pilot_v1,20260810,0.783014,sobol_family_c_deadline_admission,,,,23,7,,,1.352197,,,,stress,89,20260812,,11.804,2.182374313801909
sobolC.idx89.case3_edf_overload.stress.of1.352197.fi0.783014.s20260811,edf_unsalvageable_overload,unsalvageable_overload,sobol_pilot_v1,20260811,0.783014,sobol_family_c_deadline_admission,,,,23,7,,,1.352197,,,,stress,89,20260812,,11.314,2.091781005282514
sobolC.idx89.case3_edf_overload.stress.of1.352197.fi0.783014.s20260812,edf_unsalvageable_overload,unsalvageable_overload,sobol_pilot_v1,20260812,0.783014,sobol_family_c_deadline_admission,,,,23,7,,,1.352197,,,,stress,89,20260812,,11.441,2.1152613117763166
sobolC.idx90.case3_edf_overload.stress.of1.233635.fi0.244037.s20260809,edf_unsalvageable_overload,unsalvageable_overload,sobol_pilot_v1,20260809,0.244037,sobol_family_c_deadline_admission,,,,7,23,,,1.233635,,,,stress,90,20260812,,6.839,1.385944789179944
sobolC.idx90.case3_edf_overload.stress.of1.233635.fi0.244037.s20260810,edf_unsalvageable_overload,unsalvageable_overload,sobol_pilot_v1,20260810,0.244037,sobol_family_c_deadline_admission,,,,7,23,,,1.233635,,,,stress,90,20260812,,6.744,1.366692741370016
sobolC.idx90.case3_edf_overload.stress.of1.233635.fi0.244037.s20260811,edf_unsalvageable_overload,unsalvageable_overload,sobol_pilot_v1,20260811,0.244037,sobol_family_c_deadline_admission,,,,7,23,,,1.233635,,,,stress,90,20260812,,6.574,1.332241708446988
sobolC.idx90.case3_edf_overload.stress.of1.233635.fi0.244037.s20260812,edf_unsalvageable_overload,unsalvageable_overload,sobol_pilot_v1,20260812,0.244037,sobol_family_c_deadline_admission,,,,7,23,,,1.233635,,,,stress,90,20260812,,6.535,1.3243382361881755
sobolC.idx91.case3_edf_overload.stress.of0.855451.fi0.594366.s20260809,edf_unsalvageable_overload,unsalvageable_overload,sobol_pilot_v1,20260809,0.594366,sobol_family_c_deadline_admission,,,,18,12,,,0.855451,,,,stress,91,20260812,,10.214,2.9849751768365462
sobolC.idx91.case3_edf_overload.stress.of0.855451.fi0.594366.s20260810,edf_unsalvageable_overload,unsalvageable_overload,sobol_pilot_v1,20260810,0.594366,sobol_family_c_deadline_admission,,,,18,12,,,0.855451,,,,stress,91,20260812,,10.247,2.9946192125557163
sobolC.idx91.case3_edf_overload.stress.of0.855451.fi0.594366.s20260811,edf_unsalvageable_overload,unsalvageable_overload,sobol_pilot_v1,20260811,0.594366,sobol_family_c_deadline_admission,,,,18,12,,,0.855451,,,,stress,91,20260812,,9.75,2.849374189754878
sobolC.idx91.case3_edf_overload.stress.of0.855451.fi0.594366.s20260812,edf_unsalvageable_overload,unsalvageable_overload,sobol_pilot_v1,20260812,0.594366,sobol_family_c_deadline_admission,,,,18,12,,,0.855451,,,,stress,91,20260812,,9.946,2.906653917056617
sobolC.idx92.case3_edf_overload.stress.of0.971284.fi0.300325.s20260809,edf_unsalvageable_overload,unsalvageable_overload,sobol_pilot_v1,20260809,0.300325,sobol_family_c_deadline_admission,,,,9,21,,,0.971284,,,,stress,92,20260812,,7.386,1.9010917507134886
sobolC.idx92.case3_edf_overload.stress.of0.971284.fi0.300325.s20260810,edf_unsalvageable_overload,unsalvageable_overload,sobol_pilot_v1,20260810,0.300325,sobol_family_c_deadline_admission,,,,9,21,,,0.971284,,,,stress,92,20260812,,7.36,1.8943995782901808
sobolC.idx92.case3_edf_overload.stress.of0.971284.fi0.300325.s20260811,edf_unsalvageable_overload,unsalvageable_overload,sobol_pilot_v1,20260811,0.300325,sobol_family_c_deadline_admission,,,,9,21,,,0.971284,,,,stress,92,20260812,,7.236,1.862483063655944
sobolC.idx92.case3_edf_overload.stress.of0.971284.fi0.300325.s20260812,edf_unsalvageable_overload,unsalvageable_overload,sobol_pilot_v1,20260812,0.300325,sobol_family_c_deadline_admission,,,,9,21,,,0.971284,,,,stress,92,20260812,,7.097,1.826705680315953
sobolC.idx93.case3_edf_overload.stress.of1.143079.fi0.450776.s20260809,edf_unsalvageable_overload,unsalvageable_overload,sobol_pilot_v1,20260809,0.450776,sobol_family_c_deadline_admission,,,,14,16,,,1.143079,,,,stress,93,20260812,,8.97,1.9618066642812966
sobolC.idx93.case3_edf_overload.stress.of1.143079.fi0.450776.s20260810,edf_unsalvageable_overload,unsalvageable_overload,sobol_pilot_v1,20260810,0.450776,sobol_family_c_deadline_admission,,,,14,16,,,1.143079,,,,stress,93,20260812,,8.996,1.967493060409648
sobolC.idx93.case3_edf_overload.stress.of1.143079.fi0.450776.s20260811,edf_unsalvageable_overload,unsalvageable_overload,sobol_pilot_v1,20260811,0.450776,sobol_family_c_deadline_admission,,,,14,16,,,1.143079,,,,stress,93,20260812,,8.585,1.8776042600730136
sobolC.idx93.case3_edf_overload.stress.of1.143079.fi0.450776.s20260812,edf_unsalvageable_overload,unsalvageable_overload,sobol_pilot_v1,20260812,0.450776,sobol_family_c_deadline_admission,,,,14,16,,,1.143079,,,,stress,93,20260812,,8.689,1.9003498445864198
sobolC.idx94.case3_edf_overload.stress.of1.303902.fi0.114751.s20260809,edf_unsalvageable_overload,unsalvageable_overload,sobol_pilot_v1,20260809,0.114751,sobol_family_c_deadline_admission,,,,3,27,,,1.303902,,,,stress,94,20260812,,5.587,1.0712078054945848
sobolC.idx94.case3_edf_overload.stress.of1.303902.fi0.114751.s20260810,edf_unsalvageable_overload,unsalvageable_overload,sobol_pilot_v1,20260810,0.114751,sobol_family_c_deadline_admission,,,,3,27,,,1.303902,,,,stress,94,20260812,,5.601,1.073892056304845
sobolC.idx94.case3_edf_overload.stress.of1.303902.fi0.114751.s20260811,edf_unsalvageable_overload,unsalvageable_overload,sobol_pilot_v1,20260811,0.114751,sobol_family_c_deadline_admission,,,,3,27,,,1.303902,,,,stress,94,20260812,,5.3660000000000005,1.028834989132619
sobolC.idx94.case3_edf_overload.stress.of1.303902.fi0.114751.s20260812,edf_unsalvageable_overload,unsalvageable_overload,sobol_pilot_v1,20260812,0.114751,sobol_family_c_deadline_admission,,,,3,27,,,1.303902,,,,stress,94,20260812,,5.324,1.020782236701838
sobolC.idx95.case3_edf_overload.stress.of1.063474.fi0.664422.s20260809,edf_unsalvageable_overload,unsalvageable_overload,sobol_pilot_v1,20260809,0.664422,sobol_family_c_deadline_admission,,,,20,10,,,1.063474,,,,stress,95,20260812,,10.875,2.556479989167577
sobolC.idx95.case3_edf_overload.stress.of1.063474.fi0.664422.s20260810,edf_unsalvageable_overload,unsalvageable_overload,sobol_pilot_v1,20260810,0.664422,sobol_family_c_deadline_admission,,,,20,10,,,1.063474,,,,stress,95,20260812,,10.865,2.5541292029706413
sobolC.idx95.case3_edf_overload.stress.of1.063474.fi0.664422.s20260811,edf_unsalvageable_overload,unsalvageable_overload,sobol_pilot_v1,20260811,0.664422,sobol_family_c_deadline_admission,,,,20,10,,,1.063474,,,,stress,95,20260812,,10.398,2.444347487573744
sobolC.idx95.case3_edf_overload.stress.of1.063474.fi0.664422.s20260812,edf_unsalvageable_overload,unsalvageable_overload,sobol_pilot_v1,20260812,0.664422,sobol_family_c_deadline_admission,,,,20,10,,,1.063474,,,,stress,95,20260812,,10.598,2.4913632115124584
sobolC.idx96.case3_edf_overload.stress.of1.067866.fi0.326922.s20260809,edf_unsalvageable_overload,unsalvageable_overload,sobol_pilot_v1,20260809,0.326922,sobol_family_c_deadline_admission,,,,10,20,,,1.067866,,,,stress,96,20260812,,7.7250000000000005,1.8085134277147135
sobolC.idx96.case3_edf_overload.stress.of1.067866.fi0.326922.s20260810,edf_unsalvageable_overload,unsalvageable_overload,sobol_pilot_v1,20260810,0.326922,sobol_family_c_deadline_admission,,,,10,20,,,1.067866,,,,stress,96,20260812,,7.697,1.8019582981385305
sobolC.idx96.case3_edf_overload.stress.of1.067866.fi0.326922.s20260811,edf_unsalvageable_overload,unsalvageable_overload,sobol_pilot_v1,20260811,0.326922,sobol_family_c_deadline_admission,,,,10,20,,,1.067866,,,,stress,96,20260812,,7.498,1.7553700557935172
sobolC.idx96.case3_edf_overload.stress.of1.067866.fi0.326922.s20260812,edf_unsalvageable_overload,unsalvageable_overload,sobol_pilot_v1,20260812,0.326922,sobol_family_c_deadline_admission,,,,10,20,,,1.067866,,,,stress,96,20260812,,7.432,1.7399186789353722
sobolC.idx97.case3_edf_overload.stress.of1.308573.fi0.477252.s20260809,edf_unsalvageable_overload,unsalvageable_overload,sobol_pilot_v1,20260809,0.477252,sobol_family_c_deadline_admission,,,,14,16,,,1.308573,,,,stress,97,20260812,,8.97,1.7136988154271868
sobolC.idx97.case3_edf_overload.stress.of1.308573.fi0.477252.s20260810,edf_unsalvageable_overload,unsalvageable_overload,sobol_pilot_v1,20260810,0.477252,sobol_family_c_deadline_admission,,,,14,16,,,1.308573,,,,stress,97,20260812,,8.996,1.718666058370454
sobolC.idx97.case3_edf_overload.stress.of1.308573.fi0.477252.s20260811,edf_unsalvageable_overload,unsalvageable_overload,sobol_pilot_v1,20260811,0.477252,sobol_family_c_deadline_admission,,,,14,16,,,1.308573,,,,stress,97,20260812,,8.585,1.6401454103057302
sobolC.idx97.case3_edf_overload.stress.of1.308573.fi0.477252.s20260812,edf_unsalvageable_overload,unsalvageable_overload,sobol_pilot_v1,20260812,0.477252,sobol_family_c_deadline_admission,,,,14,16,,,1.308573,,,,stress,97,20260812,,8.689,1.660014382078799
sobolC.idx98.case3_edf_overload.stress.of1.155872.fi0.138275.s20260809,edf_unsalvageable_overload,unsalvageable_overload,sobol_pilot_v1,20260809,0.138275,sobol_family_c_deadline_admission,,,,4,26,,,1.155872,,,,stress,98,20260812,,5.918,1.2799860192132
sobolC.idx98.case3_edf_overload.stress.of1.155872.fi0.138275.s20260810,edf_unsalvageable_overload,unsalvageable_overload,sobol_pilot_v1,20260810,0.138275,sobol_family_c_deadline_admission,,,,4,26,,,1.155872,,,,stress,98,20260812,,5.908,1.2778231499681627
sobolC.idx98.case3_edf_overload.stress.of1.155872.fi0.138275.s20260811,edf_unsalvageable_overload,unsalvageable_overload,sobol_pilot_v1,20260811,0.138275,sobol_family_c_deadline_admission,,,,4,26,,,1.155872,,,,stress,98,20260812,,5.6770000000000005,1.227860870407796
sobolC.idx98.case3_edf_overload.stress.of1.155872.fi0.138275.s20260812,edf_unsalvageable_overload,unsalvageable_overload,sobol_pilot_v1,20260812,0.138275,sobol_family_c_deadline_admission,,,,4,26,,,1.155872,,,,stress,98,20260812,,5.623,1.2161813764845935
sobolC.idx99.case3_edf_overload.stress.of0.983802.fi0.687824.s20260809,edf_unsalvageable_overload,unsalvageable_overload,sobol_pilot_v1,20260809,0.687824,sobol_family_c_deadline_admission,,,,21,9,,,0.983802,,,,stress,99,20260812,,11.212,2.8491505404542785
sobolC.idx99.case3_edf_overload.stress.of0.983802.fi0.687824.s20260810,edf_unsalvageable_overload,unsalvageable_overload,sobol_pilot_v1,20260810,0.687824,sobol_family_c_deadline_admission,,,,21,9,,,0.983802,,,,stress,99,20260812,,11.198,2.8455929140213176
sobolC.idx99.case3_edf_overload.stress.of0.983802.fi0.687824.s20260811,edf_unsalvageable_overload,unsalvageable_overload,sobol_pilot_v1,20260811,0.687824,sobol_family_c_deadline_admission,,,,21,9,,,0.983802,,,,stress,99,20260812,,10.742,2.729715938776299
sobolC.idx99.case3_edf_overload.stress.of0.983802.fi0.687824.s20260812,edf_unsalvageable_overload,unsalvageable_overload,sobol_pilot_v1,20260812,0.687824,sobol_family_c_deadline_admission,,,,21,9,,,0.983802,,,,stress,99,20260812,,10.861,2.759955763456468
sobolC.idx100.case3_edf_overload.stress.of0.860187.fi0.006865.s20260809,edf_unsalvageable_overload,unsalvageable_overload,sobol_pilot_v1,20260809,0.006865,sobol_family_c_deadline_admission,,,,0,30,,,0.860187,,,,stress,100,20260812,,4.652,1.352031593130331
sobolC.idx100.case3_edf_overload.stress.of0.860187.fi0.006865.s20260810,edf_unsalvageable_overload,unsalvageable_overload,sobol_pilot_v1,20260810,0.006865,sobol_family_c_deadline_admission,,,,0,30,,,0.860187,,,,stress,100,20260812,,4.6450000000000005,1.3499971517821125
sobolC.idx100.case3_edf_overload.stress.of0.860187.fi0.006865.s20260811,edf_unsalvageable_overload,unsalvageable_overload,sobol_pilot_v1,20260811,0.006865,sobol_family_c_deadline_admission,,,,0,30,,,0.860187,,,,stress,100,20260812,,4.473,1.3000080215116014
sobolC.idx100.case3_edf_overload.stress.of0.860187.fi0.006865.s20260812,edf_unsalvageable_overload,unsalvageable_overload,sobol_pilot_v1,20260812,0.006865,sobol_family_c_deadline_admission,,,,0,30,,,0.860187,,,,stress,100,20260812,,4.5,1.3078551524261584
sobolC.idx101.case3_edf_overload.stress.of1.238097.fi0.756536.s20260809,edf_unsalvageable_overload,unsalvageable_overload,sobol_pilot_v1,20260809,0.756536,sobol_family_c_deadline_admission,,,,23,7,,,1.238097,,,,stress,101,20260812,,11.805,2.3836985308905523
sobolC.idx101.case3_edf_overload.stress.of1.238097.fi0.756536.s20260810,edf_unsalvageable_overload,unsalvageable_overload,sobol_pilot_v1,20260810,0.756536,sobol_family_c_deadline_admission,,,,23,7,,,1.238097,,,,stress,101,20260812,,11.804,2.3834966081009807
sobolC.idx101.case3_edf_overload.stress.of1.238097.fi0.756536.s20260811,edf_unsalvageable_overload,unsalvageable_overload,sobol_pilot_v1,20260811,0.756536,sobol_family_c_deadline_admission,,,,23,7,,,1.238097,,,,stress,101,20260812,,11.314,2.2845544412109877
sobolC.idx101.case3_edf_overload.stress.of1.238097.fi0.756536.s20260812,edf_unsalvageable_overload,unsalvageable_overload,sobol_pilot_v1,20260812,0.756536,sobol_family_c_deadline_admission,,,,23,7,,,1.238097,,,,stress,101,20260812,,11.441,2.3101986354865574
sobolC.idx102.case3_edf_overload.stress.of1.364646.fi0.220515.s20260809,edf_unsalvageable_overload,unsalvageable_overload,sobol_pilot_v1,20260809,0.220515,sobol_family_c_deadline_admission,,,,7,23,,,1.364646,,,,stress,102,20260812,,6.839,1.252889027630609
sobolC.idx102.case3_edf_overload.stress.of1.364646.fi0.220515.s20260810,edf_unsalvageable_overload,unsalvageable_overload,sobol_pilot_v1,20260810,0.220515,sobol_family_c_deadline_admission,,,,7,23,,,1.364646,,,,stress,102,20260812,,6.744,1.235485246723326
sobolC.idx102.case3_edf_overload.stress.of1.364646.fi0.220515.s20260811,edf_unsalvageable_overload,unsalvageable_overload,sobol_pilot_v1,20260811,0.220515,sobol_family_c_deadline_admission,,,,7,23,,,1.364646,,,,stress,102,20260812,,6.574,1.2043416387839776
sobolC.idx102.case3_edf_overload.stress.of1.364646.fi0.220515.s20260812,edf_unsalvageable_overload,unsalvageable_overload,sobol_pilot_v1,20260812,0.220515,sobol_family_c_deadline_admission,,,,7,23,,,1.364646,,,,stress,102,20260812,,6.535,1.1971969287273037
sobolC.idx103.case3_edf_overload.stress.of1.055332.fi0.570967.s20260809,edf_unsalvageable_overload,unsalvageable_overload,sobol_pilot_v1,20260809,0.570967,sobol_family_c_deadline_admission,,,,17,13,,,1.055332,,,,stress,103,20260812,,9.877,2.339785015521182
sobolC.idx103.case3_edf_overload.stress.of1.055332.fi0.570967.s20260810,edf_unsalvageable_overload,unsalvageable_overload,sobol_pilot_v1,20260810,0.570967,sobol_family_c_deadline_admission,,,,17,13,,,1.055332,,,,stress,103,20260812,,9.908,2.3471286760943477
sobolC.idx103.case3_edf_overload.stress.of1.055332.fi0.570967.s20260811,edf_unsalvageable_overload,unsalvageable_overload,sobol_pilot_v1,20260811,0.570967,sobol_family_c_deadline_admission,,,,17,13,,,1.055332,,,,stress,103,20260812,,9.482,2.246212566282459
sobolC.idx103.case3_edf_overload.stress.of1.055332.fi0.570967.s20260812,edf_unsalvageable_overload,unsalvageable_overload,sobol_pilot_v1,20260812,0.570967,sobol_family_c_deadline_admission,,,,17,13,,,1.055332,,,,stress,103,20260812,,9.615,2.2777192390641052
sobolC.idx104.case3_edf_overload.stress.of0.993961.fi0.157637.s20260809,edf_unsalvageable_overload,unsalvageable_overload,sobol_pilot_v1,20260809,0.157637,sobol_family_c_deadline_admission,,,,5,25,,,0.993961,,,,stress,104,20260812,,6.202,1.5599203590482926
sobolC.idx104.case3_edf_overload.stress.of0.993961.fi0.157637.s20260810,edf_unsalvageable_overload,unsalvageable_overload,sobol_pilot_v1,20260810,0.157637,sobol_family_c_deadline_admission,,,,5,25,,,0.993961,,,,stress,104,20260812,,6.2170000000000005,1.5636931428899123
sobolC.idx104.case3_edf_overload.stress.of0.993961.fi0.157637.s20260811,edf_unsalvageable_overload,unsalvageable_overload,sobol_pilot_v1,20260811,0.157637,sobol_family_c_deadline_admission,,,,5,25,,,0.993961,,,,stress,104,20260812,,6.011,1.5118802447983373
sobolC.idx104.case3_edf_overload.stress.of0.993961.fi0.157637.s20260812,edf_unsalvageable_overload,unsalvageable_overload,sobol_pilot_v1,20260812,0.157637,sobol_family_c_deadline_admission,,,,5,25,,,0.993961,,,,stress,104,20260812,,5.944,1.4950284769724365
sobolC.idx105.case3_edf_overload.stress.of1.372274.fi0.607284.s20260809,edf_unsalvageable_overload,unsalvageable_overload,sobol_pilot_v1,20260809,0.607284,sobol_family_c_deadline_admission,,,,18,12,,,1.372274,,,,stress,105,20260812,,10.214,1.8607799900019968
sobolC.idx105.case3_edf_overload.stress.of1.372274.fi0.607284.s20260810,edf_unsalvageable_overload,unsalvageable_overload,sobol_pilot_v1,20260810,0.607284,sobol_family_c_deadline_admission,,,,18,12,,,1.372274,,,,stress,105,20260812,,10.247,1.86679190890449
sobolC.idx105.case3_edf_overload.stress.of1.372274.fi0.607284.s20260811,edf_unsalvageable_overload,unsalvageable_overload,sobol_pilot_v1,20260811,0.607284,sobol_family_c_deadline_admission,,,,18,12,,,1.372274,,,,stress,105,20260812,,9.75,1.7762487666457283
sobolC.idx105.case3_edf_overload.stress.of1.372274.fi0.607284.s20260812,edf_unsalvageable_overload,unsalvageable_overload,sobol_pilot_v1,20260812,0.607284,sobol_family_c_deadline_admission,,,,18,12,,,1.372274,,,,stress,105,20260812,,9.946,1.8119559213393244
sobolC.idx106.case3_edf_overload.stress.of1.211401.fi0.37133.s20260809,edf_unsalvageable_overload,unsalvageable_overload,sobol_pilot_v1,20260809,0.37133,sobol_family_c_deadline_admission,,,,11,19,,,1.211401,,,,stress,106,20260812,,8.028,1.6567594050194776
sobolC.idx106.case3_edf_overload.stress.of1.211401.fi0.37133.s20260810,edf_unsalvageable_overload,unsalvageable_overload,sobol_pilot_v1,20260810,0.37133,sobol_family_c_deadline_admission,,,,11,19,,,1.211401,,,,stress,106,20260812,,7.987,1.648298127539931
sobolC.idx106.case3_edf_overload.stress.of1.211401.fi0.37133.s20260811,edf_unsalvageable_overload,unsalvageable_overload,sobol_pilot_v1,20260811,0.37133,sobol_family_c_deadline_admission,,,,11,19,,,1.211401,,,,stress,106,20260812,,7.759,1.601245169848795
sobolC.idx106.case3_edf_overload.stress.of1.211401.fi0.37133.s20260812,edf_unsalvageable_overload,unsalvageable_overload,sobol_pilot_v1,20260812,0.37133,sobol_family_c_deadline_admission,,,,11,19,,,1.211401,,,,stress,106,20260812,,7.699,1.588862812561654
sobolC.idx107.case3_edf_overload.stress.of0.901954.fi0.421757.s20260809,edf_unsalvageable_overload,unsalvageable_overload,sobol_pilot_v1,20260809,0.421757,sobol_family_c_deadline_admission,,,,13,17,,,0.901954,,,,stress,107,20260812,,8.639,2.3945234457633093
sobolC.idx107.case3_edf_overload.stress.of0.901954.fi0.421757.s20260810,edf_unsalvageable_overload,unsalvageable_overload,sobol_pilot_v1,20260810,0.421757,sobol_family_c_deadline_admission,,,,13,17,,,0.901954,,,,stress,107,20260812,,8.668000000000001,2.4025615497020913
sobolC.idx107.case3_edf_overload.stress.of0.901954.fi0.421757.s20260811,edf_unsalvageable_overload,unsalvageable_overload,sobol_pilot_v1,20260811,0.421757,sobol_family_c_deadline_admission,,,,13,17,,,0.901954,,,,stress,107,20260812,,8.32,2.30610430243671
sobolC.idx107.case3_edf_overload.stress.of0.901954.fi0.421757.s20260812,edf_unsalvageable_overload,unsalvageable_overload,sobol_pilot_v1,20260812,0.421757,sobol_family_c_deadline_admission,,,,13,17,,,0.901954,,,,stress,107,20260812,,8.374,2.3210718063227174
sobolC.idx108.case3_edf_overload.stress.of0.924827.fi0.277719.s20260809,edf_unsalvageable_overload,unsalvageable_overload,sobol_pilot_v1,20260809,0.277719,sobol_family_c_deadline_admission,,,,8,22,,,0.924827,,,,stress,108,20260812,,7.1160000000000005,1.923603008995196
sobolC.idx108.case3_edf_overload.stress.of0.924827.fi0.277719.s20260810,edf_unsalvageable_overload,unsalvageable_overload,sobol_pilot_v1,20260810,0.277719,sobol_family_c_deadline_admission,,,,8,22,,,0.924827,,,,stress,108,20260812,,7.059,1.9081947218236492
sobolC.idx108.case3_edf_overload.stress.of0.924827.fi0.277719.s20260811,edf_unsalvageable_overload,unsalvageable_overload,sobol_pilot_v1,20260811,0.277719,sobol_family_c_deadline_admission,,,,8,22,,,0.924827,,,,stress,108,20260812,,6.9110000000000005,1.8681872393431422
sobolC.idx108.case3_edf_overload.stress.of0.924827.fi0.277719.s20260812,edf_unsalvageable_overload,unsalvageable_overload,sobol_pilot_v1,20260812,0.277719,sobol_family_c_deadline_admission,,,,8,22,,,0.924827,,,,stress,108,20260812,,6.8260000000000005,1.8452099689996078
sobolC.idx109.case3_edf_overload.stress.of1.165401.fi0.528073.s20260809,edf_unsalvageable_overload,unsalvageable_overload,sobol_pilot_v1,20260809,0.528073,sobol_family_c_deadline_admission,,,,16,14,,,1.165401,,,,stress,109,20260812,,9.555,2.04972365735056
sobolC.idx109.case3_edf_overload.stress.of1.165401.fi0.528073.s20260810,edf_unsalvageable_overload,unsalvageable_overload,sobol_pilot_v1,20260810,0.528073,sobol_family_c_deadline_admission,,,,16,14,,,1.165401,,,,stress,109,20260812,,9.597,2.0587334316685846
sobolC.idx109.case3_edf_overload.stress.of1.165401.fi0.528073.s20260811,edf_unsalvageable_overload,unsalvageable_overload,sobol_pilot_v1,20260811,0.528073,sobol_family_c_deadline_admission,,,,16,14,,,1.165401,,,,stress,109,20260812,,9.197000000000001,1.9729260572112093
sobolC.idx109.case3_edf_overload.stress.of1.165401.fi0.528073.s20260812,edf_unsalvageable_overload,unsalvageable_overload,sobol_pilot_v1,20260812,0.528073,sobol_family_c_deadline_admission,,,,16,14,,,1.165401,,,,stress,109,20260812,,9.314,1.9980247142399914
sobolC.idx110.case3_edf_overload.stress.of1.283737.fi0.089017.s20260809,edf_unsalvageable_overload,unsalvageable_overload,sobol_pilot_v1,20260809,0.089017,sobol_family_c_deadline_admission,,,,3,27,,,1.283737,,,,stress,110,20260812,,5.587,1.08803438710577
sobolC.idx110.case3_edf_overload.stress.of1.283737.fi0.089017.s20260810,edf_unsalvageable_overload,unsalvageable_overload,sobol_pilot_v1,20260810,0.089017,sobol_family_c_deadline_admission,,,,3,27,,,1.283737,,,,stress,110,20260812,,5.601,1.0907608022515516
sobolC.idx110.case3_edf_overload.stress.of1.283737.fi0.089017.s20260811,edf_unsalvageable_overload,unsalvageable_overload,sobol_pilot_v1,20260811,0.089017,sobol_family_c_deadline_admission,,,,3,27,,,1.283737,,,,stress,110,20260812,,5.3660000000000005,1.0449959765902208
sobolC.idx110.case3_edf_overload.stress.of1.283737.fi0.089017.s20260812,edf_unsalvageable_overload,unsalvageable_overload,sobol_pilot_v1,20260812,0.089017,sobol_family_c_deadline_admission,,,,3,27,,,1.283737,,,,stress,110,20260812,,5.324,1.0368167311528764
sobolC.idx111.case3_edf_overload.stress.of1.112071.fi0.73859.s20260809,edf_unsalvageable_overload,unsalvageable_overload,sobol_pilot_v1,20260809,0.73859,sobol_family_c_deadline_admission,,,,22,8,,,1.112071,,,,stress,111,20260812,,11.472,2.5789720260666806
sobolC.idx111.case3_edf_overload.stress.of1.112071.fi0.73859.s20260810,edf_unsalvageable_overload,unsalvageable_overload,sobol_pilot_v1,20260810,0.73859,sobol_family_c_deadline_admission,,,,22,8,,,1.112071,,,,stress,111,20260812,,11.5,2.5852665881944588
sobolC.idx111.case3_edf_overload.stress.of1.112071.fi0.73859.s20260811,edf_unsalvageable_overload,unsalvageable_overload,sobol_pilot_v1,20260811,0.73859,sobol_family_c_deadline_admission,,,,22,8,,,1.112071,,,,stress,111,20260812,,11.001,2.473088498845847
sobolC.idx111.case3_edf_overload.stress.of1.112071.fi0.73859.s20260812,edf_unsalvageable_overload,unsalvageable_overload,sobol_pilot_v1,20260812,0.73859,sobol_family_c_deadline_admission,,,,22,8,,,1.112071,,,,stress,111,20260812,,11.162,2.5092822310805696
sobolC.idx112.case3_edf_overload.stress.of1.092606.fi0.05121.s20260809,edf_unsalvageable_overload,unsalvageable_overload,sobol_pilot_v1,20260809,0.05121,sobol_family_c_deadline_admission,,,,2,28,,,1.092606,,,,stress,112,20260812,,5.264,1.204459796120468
sobolC.idx112.case3_edf_overload.stress.of1.092606.fi0.05121.s20260810,edf_unsalvageable_overload,unsalvageable_overload,sobol_pilot_v1,20260810,0.05121,sobol_family_c_deadline_admission,,,,2,28,,,1.092606,,,,stress,112,20260812,,5.298,1.212239361672918
sobolC.idx112.case3_edf_overload.stress.of1.092606.fi0.05121.s20260811,edf_unsalvageable_overload,unsalvageable_overload,sobol_pilot_v1,20260811,0.05121,sobol_family_c_deadline_admission,,,,2,28,,,1.092606,,,,stress,112,20260812,,5.0280000000000005,1.1504604587564045
sobolC.idx112.case3_edf_overload.stress.of1.092606.fi0.05121.s20260812,edf_unsalvageable_overload,unsalvageable_overload,sobol_pilot_v1,20260812,0.05121,sobol_family_c_deadline_admission,,,,2,28,,,1.092606,,,,stress,112,20260812,,5.037,1.1525197555202882
sobolC.idx113.case3_edf_overload.stress.of1.264564.fi0.700857.s20260809,edf_unsalvageable_overload,unsalvageable_overload,sobol_pilot_v1,20260809,0.700857,sobol_family_c_deadline_admission,,,,21,9,,,1.264564,,,,stress,113,20260812,,11.212,2.2165742500972665
sobolC.idx113.case3_edf_overload.stress.of1.264564.fi0.700857.s20260810,edf_unsalvageable_overload,unsalvageable_overload,sobol_pilot_v1,20260810,0.700857,sobol_family_c_deadline_admission,,,,21,9,,,1.264564,,,,stress,113,20260812,,11.198,2.2138064977336063
sobolC.idx113.case3_edf_overload.stress.of1.264564.fi0.700857.s20260811,edf_unsalvageable_overload,unsalvageable_overload,sobol_pilot_v1,20260811,0.700857,sobol_family_c_deadline_admission,,,,21,9,,,1.264564,,,,stress,113,20260812,,10.742,2.123656849317235
sobolC.idx113.case3_edf_overload.stress.of1.264564.fi0.700857.s20260812,edf_unsalvageable_overload,unsalvageable_overload,sobol_pilot_v1,20260812,0.700857,sobol_family_c_deadline_admission,,,,21,9,,,1.264564,,,,stress,113,20260812,,10.861,2.1471827444083496
sobolC.idx114.case3_edf_overload.stress.of1.184842.fi0.264866.s20260809,edf_unsalvageable_overload,unsalvageable_overload,sobol_pilot_v1,20260809,0.264866,sobol_family_c_deadline_admission,,,,8,22,,,1.184842,,,,stress,114,20260812,,7.1160000000000005,1.5014660182539108
sobolC.idx114.case3_edf_overload.stress.of1.184842.fi0.264866.s20260810,edf_unsalvageable_overload,unsalvageable_overload,sobol_pilot_v1,20260810,0.264866,sobol_family_c_deadline_admission,,,,8,22,,,1.184842,,,,stress,114,20260812,,7.059,1.4894390982088752
sobolC.idx114.case3_edf_overload.stress.of1.184842.fi0.264866.s20260811,edf_unsalvageable_overload,unsalvageable_overload,sobol_pilot_v1,20260811,0.264866,sobol_family_c_deadline_admission,,,,8,22,,,1.184842,,,,stress,114,20260812,,6.9110000000000005,1.4582113058112391
sobolC.idx114.case3_edf_overload.stress.of1.184842.fi0.264866.s20260812,edf_unsalvageable_overload,unsalvageable_overload,sobol_pilot_v1,20260812,0.264866,sobol_family_c_deadline_admission,,,,8,22,,,1.184842,,,,stress,114,20260812,,6.8260000000000005,1.4402764250423266
sobolC.idx115.case3_edf_overload.stress.of0.944023.fi0.515293.s20260809,edf_unsalvageable_overload,unsalvageable_overload,sobol_pilot_v1,20260809,0.515293,sobol_family_c_deadline_admission,,,,15,15,,,0.944023,,,,stress,115,20260812,,9.27,2.4549190009141726
sobolC.idx115.case3_edf_overload.stress.of0.944023.fi0.515293.s20260810,edf_unsalvageable_overload,unsalvageable_overload,sobol_pilot_v1,20260810,0.515293,sobol_family_c_deadline_admission,,,,15,15,,,0.944023,,,,stress,115,20260812,,9.34,2.473456684847721
sobolC.idx115.case3_edf_overload.stress.of0.944023.fi0.515293.s20260811,edf_unsalvageable_overload,unsalvageable_overload,sobol_pilot_v1,20260811,0.515293,sobol_family_c_deadline_admission,,,,15,15,,,0.944023,,,,stress,115,20260812,,8.928,2.36434917369598
sobolC.idx115.case3_edf_overload.stress.of0.944023.fi0.515293.s20260812,edf_unsalvageable_overload,unsalvageable_overload,sobol_pilot_v1,20260812,0.515293,sobol_family_c_deadline_admission,,,,15,15,,,0.944023,,,,stress,115,20260812,,9.033,2.392155699596302
sobolC.idx116.case3_edf_overload.stress.of0.887008.fi0.383743.s20260809,edf_unsalvageable_overload,unsalvageable_overload,sobol_pilot_v1,20260809,0.383743,sobol_family_c_deadline_admission,,,,12,18,,,0.887008,,,,stress,116,20260812,,8.335,2.3491896352682278
sobolC.idx116.case3_edf_overload.stress.of0.887008.fi0.383743.s20260810,edf_unsalvageable_overload,unsalvageable_overload,sobol_pilot_v1,20260810,0.383743,sobol_family_c_deadline_admission,,,,12,18,,,0.887008,,,,stress,116,20260812,,8.329,2.347498556946499
sobolC.idx116.case3_edf_overload.stress.of0.887008.fi0.383743.s20260811,edf_unsalvageable_overload,unsalvageable_overload,sobol_pilot_v1,20260811,0.383743,sobol_family_c_deadline_admission,,,,12,18,,,0.887008,,,,stress,116,20260812,,8.040000000000001,2.266044951116563
sobolC.idx116.case3_edf_overload.stress.of0.887008.fi0.383743.s20260812,edf_unsalvageable_overload,unsalvageable_overload,sobol_pilot_v1,20260812,0.383743,sobol_family_c_deadline_admission,,,,12,18,,,0.887008,,,,stress,116,20260812,,8.034,2.264353872794834
sobolC.idx117.case3_edf_overload.stress.of1.196169.fi0.434097.s20260809,edf_unsalvageable_overload,unsalvageable_overload,sobol_pilot_v1,20260809,0.434097,sobol_family_c_deadline_admission,,,,13,17,,,1.196169,,,,stress,117,20260812,,8.639,1.8055559038898348
sobolC.idx117.case3_edf_overload.stress.of1.196169.fi0.434097.s20260810,edf_unsalvageable_overload,unsalvageable_overload,sobol_pilot_v1,20260810,0.434097,sobol_family_c_deadline_admission,,,,13,17,,,1.196169,,,,stress,117,20260812,,8.668000000000001,1.8116169203515557
sobolC.idx117.case3_edf_overload.stress.of1.196169.fi0.434097.s20260811,edf_unsalvageable_overload,unsalvageable_overload,sobol_pilot_v1,20260811,0.434097,sobol_family_c_deadline_admission,,,,13,17,,,1.196169,,,,stress,117,20260812,,8.32,1.7388847228109072
sobolC.idx117.case3_edf_overload.stress.of1.196169.fi0.434097.s20260812,edf_unsalvageable_overload,unsalvageable_overload,sobol_pilot_v1,20260812,0.434097,sobol_family_c_deadline_admission,,,,13,17,,,1.196169,,,,stress,117,20260812,,8.374,1.7501707534637665
sobolC.idx118.case3_edf_overload.stress.of1.387238.fi0.195102.s20260809,edf_unsalvageable_overload,unsalvageable_overload,sobol_pilot_v1,20260809,0.195102,sobol_family_c_deadline_admission,,,,6,24,,,1.387238,,,,stress,118,20260812,,6.5040000000000004,1.1721132206586038
sobolC.idx118.case3_edf_overload.stress.of1.387238.fi0.195102.s20260810,edf_unsalvageable_overload,unsalvageable_overload,sobol_pilot_v1,20260810,0.195102,sobol_family_c_deadline_admission,,,,6,24,,,1.387238,,,,stress,118,20260812,,6.48,1.1677880796229632
sobolC.idx118.case3_edf_overload.stress.of1.387238.fi0.195102.s20260811,edf_unsalvageable_overload,unsalvageable_overload,sobol_pilot_v1,20260811,0.195102,sobol_family_c_deadline_admission,,,,6,24,,,1.387238,,,,stress,118,20260812,,6.314,1.1378725207931155
sobolC.idx118.case3_edf_overload.stress.of1.387238.fi0.195102.s20260812,edf_unsalvageable_overload,unsalvageable_overload,sobol_pilot_v1,20260812,0.195102,sobol_family_c_deadline_admission,,,,6,24,,,1.387238,,,,stress,118,20260812,,6.2490000000000006,1.1261585971549224
sobolC.idx119.case3_edf_overload.stress.of1.009175.fi0.644675.s20260809,edf_unsalvageable_overload,unsalvageable_overload,sobol_pilot_v1,20260809,0.644675,sobol_family_c_deadline_admission,,,,19,11,,,1.009175,,,,stress,119,20260812,,10.558,2.615502762157208
sobolC.idx119.case3_edf_overload.stress.of1.009175.fi0.644675.s20260810,edf_unsalvageable_overload,unsalvageable_overload,sobol_pilot_v1,20260810,0.644675,sobol_family_c_deadline_admission,,,,19,11,,,1.009175,,,,stress,119,20260812,,10.545,2.612282309807516
sobolC.idx119.case3_edf_overload.stress.of1.009175.fi0.644675.s20260811,edf_unsalvageable_overload,unsalvageable_overload,sobol_pilot_v1,20260811,0.644675,sobol_family_c_deadline_admission,,,,19,11,,,1.009175,,,,stress,119,20260812,,10.065,2.4933732999727503
sobolC.idx119.case3_edf_overload.stress.of1.009175.fi0.644675.s20260812,edf_unsalvageable_overload,unsalvageable_overload,sobol_pilot_v1,20260812,0.644675,sobol_family_c_deadline_admission,,,,19,11,,,1.009175,,,,stress,119,20260812,,10.259,2.5414323581143017
sobolC.idx120.case3_edf_overload.stress.of1.035889.fi0.233008.s20260809,edf_unsalvageable_overload,unsalvageable_overload,sobol_pilot_v1,20260809,0.233008,sobol_family_c_deadline_admission,,,,7,23,,,1.035889,,,,stress,120,20260812,,6.839,1.6505146786962697
sobolC.idx120.case3_edf_overload.stress.of1.035889.fi0.233008.s20260810,edf_unsalvageable_overload,unsalvageable_overload,sobol_pilot_v1,20260810,0.233008,sobol_family_c_deadline_admission,,,,7,23,,,1.035889,,,,stress,120,20260812,,6.744,1.6275875117893903
sobolC.idx120.case3_edf_overload.stress.of1.035889.fi0.233008.s20260811,edf_unsalvageable_overload,unsalvageable_overload,sobol_pilot_v1,20260811,0.233008,sobol_family_c_deadline_admission,,,,7,23,,,1.035889,,,,stress,120,20260812,,6.574,1.586559949956028
sobolC.idx120.case3_edf_overload.stress.of1.035889.fi0.233008.s20260812,edf_unsalvageable_overload,unsalvageable_overload,sobol_pilot_v1,20260812,0.233008,sobol_family_c_deadline_admission,,,,7,23,,,1.035889,,,,stress,120,20260812,,6.535,1.5771477445942568
sobolC.idx121.case3_edf_overload.stress.of1.345451.fi0.583337.s20260809,edf_unsalvageable_overload,unsalvageable_overload,sobol_pilot_v1,20260809,0.583337,sobol_family_c_deadline_admission,,,,18,12,,,1.345451,,,,stress,121,20260812,,10.214,1.8978766227829926
sobolC.idx121.case3_edf_overload.stress.of1.345451.fi0.583337.s20260810,edf_unsalvageable_overload,unsalvageable_overload,sobol_pilot_v1,20260810,0.583337,sobol_family_c_deadline_admission,,,,18,12,,,1.345451,,,,stress,121,20260812,,10.247,1.9040083956977996
sobolC.idx121.case3_edf_overload.stress.of1.345451.fi0.583337.s20260811,edf_unsalvageable_overload,unsalvageable_overload,sobol_pilot_v1,20260811,0.583337,sobol_family_c_deadline_admission,,,,18,12,,,1.345451,,,,stress,121,20260812,,9.75,1.811660179374797
sobolC.idx121.case3_edf_overload.stress.of1.345451.fi0.583337.s20260812,edf_unsalvageable_overload,unsalvageable_overload,sobol_pilot_v1,20260812,0.583337,sobol_family_c_deadline_admission,,,,18,12,,,1.345451,,,,stress,121,20260812,,9.946,1.8480791942627417
sobolC.idx122.case3_edf_overload.stress.of1.25756.fi0.0443.s20260809,edf_unsalvageable_overload,unsalvageable_overload,sobol_pilot_v1,20260809,0.0443,sobol_family_c_deadline_admission,,,,1,29,,,1.25756,,,,stress,122,20260812,,4.976,0.9892172142879863
sobolC.idx122.case3_edf_overload.stress.of1.25756.fi0.0443.s20260810,edf_unsalvageable_overload,unsalvageable_overload,sobol_pilot_v1,20260810,0.0443,sobol_family_c_deadline_admission,,,,1,29,,,1.25756,,,,stress,122,20260812,,4.985,0.9910063933331213
sobolC.idx122.case3_edf_overload.stress.of1.25756.fi0.0443.s20260811,edf_unsalvageable_overload,unsalvageable_overload,sobol_pilot_v1,20260811,0.0443,sobol_family_c_deadline_admission,,,,1,29,,,1.25756,,,,stress,122,20260812,,4.729,0.9401141893826139
sobolC.idx122.case3_edf_overload.stress.of1.25756.fi0.0443.s20260812,edf_unsalvageable_overload,unsalvageable_overload,sobol_pilot_v1,20260812,0.0443,sobol_family_c_deadline_admission,,,,1,29,,,1.25756,,,,stress,122,20260812,,4.76,0.9462769172047456
sobolC.idx123.case3_edf_overload.stress.of0.879362.fi0.793848.s20260809,edf_unsalvageable_overload,unsalvageable_overload,sobol_pilot_v1,20260809,0.793848,sobol_family_c_deadline_admission,,,,24,6,,,0.879362,,,,stress,123,20260812,,12.141,3.4516501736486225
sobolC.idx123.case3_edf_overload.stress.of0.879362.fi0.793848.s20260810,edf_unsalvageable_overload,unsalvageable_overload,sobol_pilot_v1,20260810,0.793848,sobol_family_c_deadline_admission,,,,24,6,,,0.879362,,,,stress,123,20260812,,12.079,3.4340237581337383
sobolC.idx123.case3_edf_overload.stress.of0.879362.fi0.793848.s20260811,edf_unsalvageable_overload,unsalvageable_overload,sobol_pilot_v1,20260811,0.793848,sobol_family_c_deadline_admission,,,,24,6,,,0.879362,,,,stress,123,20260812,,11.636000000000001,3.3080801763096432
sobolC.idx123.case3_edf_overload.stress.of0.879362.fi0.793848.s20260812,edf_unsalvageable_overload,unsalvageable_overload,sobol_pilot_v1,20260812,0.793848,sobol_family_c_deadline_admission,,,,24,6,,,0.879362,,,,stress,123,20260812,,11.747,3.339637146021775
sobolC.idx124.case3_edf_overload.stress.of0.968836.fi0.100402.s20260809,edf_unsalvageable_overload,unsalvageable_overload,sobol_pilot_v1,20260809,0.100402,sobol_family_c_deadline_admission,,,,3,27,,,0.968836,,,,stress,124,20260812,,5.587,1.4416784677695709
sobolC.idx124.case3_edf_overload.stress.of0.968836.fi0.100402.s20260810,edf_unsalvageable_overload,unsalvageable_overload,sobol_pilot_v1,20260810,0.100402,sobol_family_c_deadline_admission,,,,3,27,,,0.968836,,,,stress,124,20260812,,5.601,1.4452910502912772
sobolC.idx124.case3_edf_overload.stress.of0.968836.fi0.100402.s20260811,edf_unsalvageable_overload,unsalvageable_overload,sobol_pilot_v1,20260811,0.100402,sobol_family_c_deadline_admission,,,,3,27,,,0.968836,,,,stress,124,20260812,,5.3660000000000005,1.3846512722483475
sobolC.idx124.case3_edf_overload.stress.of0.968836.fi0.100402.s20260812,edf_unsalvageable_overload,unsalvageable_overload,sobol_pilot_v1,20260812,0.100402,sobol_family_c_deadline_admission,,,,3,27,,,0.968836,,,,stress,124,20260812,,5.324,1.373813524683228
sobolC.idx125.case3_edf_overload.stress.of1.140659.fi0.650072.s20260809,edf_unsalvageable_overload,unsalvageable_overload,sobol_pilot_v1,20260809,0.650072,sobol_family_c_deadline_admission,,,,20,10,,,1.140659,,,,stress,125,20260812,,10.875,2.383490596225515
sobolC.idx125.case3_edf_overload.stress.of1.140659.fi0.650072.s20260810,edf_unsalvageable_overload,unsalvageable_overload,sobol_pilot_v1,20260810,0.650072,sobol_family_c_deadline_admission,,,,20,10,,,1.140659,,,,stress,125,20260812,,10.865,2.381298880734733
sobolC.idx125.case3_edf_overload.stress.of1.140659.fi0.650072.s20260811,edf_unsalvageable_overload,unsalvageable_overload,sobol_pilot_v1,20260811,0.650072,sobol_family_c_deadline_admission,,,,20,10,,,1.140659,,,,stress,125,20260812,,10.398,2.27894576731521
sobolC.idx125.case3_edf_overload.stress.of1.140659.fi0.650072.s20260812,edf_unsalvageable_overload,unsalvageable_overload,sobol_pilot_v1,20260812,0.650072,sobol_family_c_deadline_admission,,,,20,10,,,1.140659,,,,stress,125,20260812,,10.598,2.3227800771308513
sobolC.idx126.case3_edf_overload.stress.of1.323517.fi0.314088.s20260809,edf_unsalvageable_overload,unsalvageable_overload,sobol_pilot_v1,20260809,0.314088,sobol_family_c_deadline_admission,,,,9,21,,,1.323517,,,,stress,126,20260812,,7.386,1.3951464167063967
sobolC.idx126.case3_edf_overload.stress.of1.323517.fi0.314088.s20260810,edf_unsalvageable_overload,unsalvageable_overload,sobol_pilot_v1,20260810,0.314088,sobol_family_c_deadline_admission,,,,9,21,,,1.323517,,,,stress,126,20260812,,7.36,1.390235259539545
sobolC.idx126.case3_edf_overload.stress.of1.323517.fi0.314088.s20260811,edf_unsalvageable_overload,unsalvageable_overload,sobol_pilot_v1,20260811,0.314088,sobol_family_c_deadline_admission,,,,9,21,,,1.323517,,,,stress,126,20260812,,7.236,1.366812817666868
sobolC.idx126.case3_edf_overload.stress.of1.323517.fi0.314088.s20260812,edf_unsalvageable_overload,unsalvageable_overload,sobol_pilot_v1,20260812,0.314088,sobol_family_c_deadline_admission,,,,9,21,,,1.323517,,,,stress,126,20260812,,7.097,1.340557015890238
sobolC.idx127.case3_edf_overload.stress.of1.083101.fi0.464539.s20260809,edf_unsalvageable_overload,unsalvageable_overload,sobol_pilot_v1,20260809,0.464539,sobol_family_c_deadline_admission,,,,14,16,,,1.083101,,,,stress,127,20260812,,8.97,2.0704440306121037
sobolC.idx127.case3_edf_overload.stress.of1.083101.fi0.464539.s20260810,edf_unsalvageable_overload,unsalvageable_overload,sobol_pilot_v1,20260810,0.464539,sobol_family_c_deadline_admission,,,,14,16,,,1.083101,,,,stress,127,20260812,,8.996,2.076445317657356
sobolC.idx127.case3_edf_overload.stress.of1.083101.fi0.464539.s20260811,edf_unsalvageable_overload,unsalvageable_overload,sobol_pilot_v1,20260811,0.464539,sobol_family_c_deadline_admission,,,,14,16,,,1.083101,,,,stress,127,20260812,,8.585,1.9815788185958652
sobolC.idx127.case3_edf_overload.stress.of1.083101.fi0.464539.s20260812,edf_unsalvageable_overload,unsalvageable_overload,sobol_pilot_v1,20260812,0.464539,sobol_family_c_deadline_admission,,,,14,16,,,1.083101,,,,stress,127,20260812,,8.689,2.0055839667768747
case1_fcfs_convoy.stress.ratio32.nshort16.offset0.0.s20260809,fcfs_convoy,convoy_long_first,three_case_v1,20260809,,,,,1,,,16,0.0,,,,32,stress,,,,,
case1_fcfs_convoy.control.ratio32.nshort16.offset0.0.s20260809,fcfs_convoy,convoy_short_first_control,three_case_v1,20260809,,,,,1,,,16,0.0,,,,32,control,,,,,
case1_fcfs_convoy.stress.ratio32.nshort16.offset0.0.s20260810,fcfs_convoy,convoy_long_first,three_case_v1,20260810,,,,,1,,,16,0.0,,,,32,stress,,,,,
case1_fcfs_convoy.control.ratio32.nshort16.offset0.0.s20260810,fcfs_convoy,convoy_short_first_control,three_case_v1,20260810,,,,,1,,,16,0.0,,,,32,control,,,,,
case1_fcfs_convoy.stress.ratio32.nshort16.offset0.0.s20260811,fcfs_convoy,convoy_long_first,three_case_v1,20260811,,,,,1,,,16,0.0,,,,32,stress,,,,,
case1_fcfs_convoy.control.ratio32.nshort16.offset0.0.s20260811,fcfs_convoy,convoy_short_first_control,three_case_v1,20260811,,,,,1,,,16,0.0,,,,32,control,,,,,
case1_fcfs_convoy.stress.ratio32.nshort16.offset0.0.s20260812,fcfs_convoy,convoy_long_first,three_case_v1,20260812,,,,,1,,,16,0.0,,,,32,stress,,,,,
case1_fcfs_convoy.control.ratio32.nshort16.offset0.0.s20260812,fcfs_convoy,convoy_short_first_control,three_case_v1,20260812,,,,,1,,,16,0.0,,,,32,control,,,,,
case1_fcfs_convoy.stress.ratio32.nshort16.offset0.0.s20260813,fcfs_convoy,convoy_long_first,three_case_v1,20260813,,,,,1,,,16,0.0,,,,32,stress,,,,,
case1_fcfs_convoy.control.ratio32.nshort16.offset0.0.s20260813,fcfs_convoy,convoy_short_first_control,three_case_v1,20260813,,,,,1,,,16,0.0,,,,32,control,,,,,
case1_fcfs_convoy.stress.ratio32.nshort32.offset0.0.s20260809,fcfs_convoy,convoy_long_first,three_case_v1,20260809,,,,,1,,,32,0.0,,,,32,stress,,,,,
case1_fcfs_convoy.control.ratio32.nshort32.offset0.0.s20260809,fcfs_convoy,convoy_short_first_control,three_case_v1,20260809,,,,,1,,,32,0.0,,,,32,control,,,,,
case1_fcfs_convoy.stress.ratio32.nshort32.offset0.0.s20260810,fcfs_convoy,convoy_long_first,three_case_v1,20260810,,,,,1,,,32,0.0,,,,32,stress,,,,,
case1_fcfs_convoy.control.ratio32.nshort32.offset0.0.s20260810,fcfs_convoy,convoy_short_first_control,three_case_v1,20260810,,,,,1,,,32,0.0,,,,32,control,,,,,
case1_fcfs_convoy.stress.ratio32.nshort32.offset0.0.s20260811,fcfs_convoy,convoy_long_first,three_case_v1,20260811,,,,,1,,,32,0.0,,,,32,stress,,,,,
case1_fcfs_convoy.control.ratio32.nshort32.offset0.0.s20260811,fcfs_convoy,convoy_short_first_control,three_case_v1,20260811,,,,,1,,,32,0.0,,,,32,control,,,,,
case1_fcfs_convoy.stress.ratio32.nshort32.offset0.0.s20260812,fcfs_convoy,convoy_long_first,three_case_v1,20260812,,,,,1,,,32,0.0,,,,32,stress,,,,,
case1_fcfs_convoy.control.ratio32.nshort32.offset0.0.s20260812,fcfs_convoy,convoy_short_first_control,three_case_v1,20260812,,,,,1,,,32,0.0,,,,32,control,,,,,
case1_fcfs_convoy.stress.ratio32.nshort32.offset0.0.s20260813,fcfs_convoy,convoy_long_first,three_case_v1,20260813,,,,,1,,,32,0.0,,,,32,stress,,,,,
case1_fcfs_convoy.control.ratio32.nshort32.offset0.0.s20260813,fcfs_convoy,convoy_short_first_control,three_case_v1,20260813,,,,,1,,,32,0.0,,,,32,control,,,,,
case1_fcfs_convoy.stress.ratio32.nshort64.offset0.0.s20260809,fcfs_convoy,convoy_long_first,three_case_v1,20260809,,,,,1,,,64,0.0,,,,32,stress,,,,,
case1_fcfs_convoy.control.ratio32.nshort64.offset0.0.s20260809,fcfs_convoy,convoy_short_first_control,three_case_v1,20260809,,,,,1,,,64,0.0,,,,32,control,,,,,
case1_fcfs_convoy.stress.ratio32.nshort64.offset0.0.s20260810,fcfs_convoy,convoy_long_first,three_case_v1,20260810,,,,,1,,,64,0.0,,,,32,stress,,,,,
case1_fcfs_convoy.control.ratio32.nshort64.offset0.0.s20260810,fcfs_convoy,convoy_short_first_control,three_case_v1,20260810,,,,,1,,,64,0.0,,,,32,control,,,,,
case1_fcfs_convoy.stress.ratio32.nshort64.offset0.0.s20260811,fcfs_convoy,convoy_long_first,three_case_v1,20260811,,,,,1,,,64,0.0,,,,32,stress,,,,,
case1_fcfs_convoy.control.ratio32.nshort64.offset0.0.s20260811,fcfs_convoy,convoy_short_first_control,three_case_v1,20260811,,,,,1,,,64,0.0,,,,32,control,,,,,
case1_fcfs_convoy.stress.ratio32.nshort64.offset0.0.s20260812,fcfs_convoy,convoy_long_first,three_case_v1,20260812,,,,,1,,,64,0.0,,,,32,stress,,,,,
case1_fcfs_convoy.control.ratio32.nshort64.offset0.0.s20260812,fcfs_convoy,convoy_short_first_control,three_case_v1,20260812,,,,,1,,,64,0.0,,,,32,control,,,,,
case1_fcfs_convoy.stress.ratio32.nshort64.offset0.0.s20260813,fcfs_convoy,convoy_long_first,three_case_v1,20260813,,,,,1,,,64,0.0,,,,32,stress,,,,,
case1_fcfs_convoy.control.ratio32.nshort64.offset0.0.s20260813,fcfs_convoy,convoy_short_first_control,three_case_v1,20260813,,,,,1,,,64,0.0,,,,32,control,,,,,
case1_fcfs_convoy.stress.ratio128.nshort16.offset0.0.s20260809,fcfs_convoy,convoy_long_first,three_case_v1,20260809,,,,,1,,,16,0.0,,,,128,stress,,,,,
case1_fcfs_convoy.control.ratio128.nshort16.offset0.0.s20260809,fcfs_convoy,convoy_short_first_control,three_case_v1,20260809,,,,,1,,,16,0.0,,,,128,control,,,,,
case1_fcfs_convoy.stress.ratio128.nshort16.offset0.0.s20260810,fcfs_convoy,convoy_long_first,three_case_v1,20260810,,,,,1,,,16,0.0,,,,128,stress,,,,,
case1_fcfs_convoy.control.ratio128.nshort16.offset0.0.s20260810,fcfs_convoy,convoy_short_first_control,three_case_v1,20260810,,,,,1,,,16,0.0,,,,128,control,,,,,
case1_fcfs_convoy.stress.ratio128.nshort16.offset0.0.s20260811,fcfs_convoy,convoy_long_first,three_case_v1,20260811,,,,,1,,,16,0.0,,,,128,stress,,,,,
case1_fcfs_convoy.control.ratio128.nshort16.offset0.0.s20260811,fcfs_convoy,convoy_short_first_control,three_case_v1,20260811,,,,,1,,,16,0.0,,,,128,control,,,,,
case1_fcfs_convoy.stress.ratio128.nshort16.offset0.0.s20260812,fcfs_convoy,convoy_long_first,three_case_v1,20260812,,,,,1,,,16,0.0,,,,128,stress,,,,,
case1_fcfs_convoy.control.ratio128.nshort16.offset0.0.s20260812,fcfs_convoy,convoy_short_first_control,three_case_v1,20260812,,,,,1,,,16,0.0,,,,128,control,,,,,
case1_fcfs_convoy.stress.ratio128.nshort16.offset0.0.s20260813,fcfs_convoy,convoy_long_first,three_case_v1,20260813,,,,,1,,,16,0.0,,,,128,stress,,,,,
case1_fcfs_convoy.control.ratio128.nshort16.offset0.0.s20260813,fcfs_convoy,convoy_short_first_control,three_case_v1,20260813,,,,,1,,,16,0.0,,,,128,control,,,,,
case1_fcfs_convoy.stress.ratio128.nshort32.offset0.0.s20260809,fcfs_convoy,convoy_long_first,three_case_v1,20260809,,,,,1,,,32,0.0,,,,128,stress,,,,,
case1_fcfs_convoy.control.ratio128.nshort32.offset0.0.s20260809,fcfs_convoy,convoy_short_first_control,three_case_v1,20260809,,,,,1,,,32,0.0,,,,128,control,,,,,
case1_fcfs_convoy.stress.ratio128.nshort32.offset0.0.s20260810,fcfs_convoy,convoy_long_first,three_case_v1,20260810,,,,,1,,,32,0.0,,,,128,stress,,,,,
case1_fcfs_convoy.control.ratio128.nshort32.offset0.0.s20260810,fcfs_convoy,convoy_short_first_control,three_case_v1,20260810,,,,,1,,,32,0.0,,,,128,control,,,,,
case1_fcfs_convoy.stress.ratio128.nshort32.offset0.0.s20260811,fcfs_convoy,convoy_long_first,three_case_v1,20260811,,,,,1,,,32,0.0,,,,128,stress,,,,,
case1_fcfs_convoy.control.ratio128.nshort32.offset0.0.s20260811,fcfs_convoy,convoy_short_first_control,three_case_v1,20260811,,,,,1,,,32,0.0,,,,128,control,,,,,
case1_fcfs_convoy.stress.ratio128.nshort32.offset0.0.s20260812,fcfs_convoy,convoy_long_first,three_case_v1,20260812,,,,,1,,,32,0.0,,,,128,stress,,,,,
case1_fcfs_convoy.control.ratio128.nshort32.offset0.0.s20260812,fcfs_convoy,convoy_short_first_control,three_case_v1,20260812,,,,,1,,,32,0.0,,,,128,control,,,,,
case1_fcfs_convoy.stress.ratio128.nshort32.offset0.0.s20260813,fcfs_convoy,convoy_long_first,three_case_v1,20260813,,,,,1,,,32,0.0,,,,128,stress,,,,,
case1_fcfs_convoy.control.ratio128.nshort32.offset0.0.s20260813,fcfs_convoy,convoy_short_first_control,three_case_v1,20260813,,,,,1,,,32,0.0,,,,128,control,,,,,
case1_fcfs_convoy.stress.ratio128.nshort64.offset0.0.s20260809,fcfs_convoy,convoy_long_first,three_case_v1,20260809,,,,,1,,,64,0.0,,,,128,stress,,,,,
case1_fcfs_convoy.control.ratio128.nshort64.offset0.0.s20260809,fcfs_convoy,convoy_short_first_control,three_case_v1,20260809,,,,,1,,,64,0.0,,,,128,control,,,,,
case1_fcfs_convoy.stress.ratio128.nshort64.offset0.0.s20260810,fcfs_convoy,convoy_long_first,three_case_v1,20260810,,,,,1,,,64,0.0,,,,128,stress,,,,,
case1_fcfs_convoy.control.ratio128.nshort64.offset0.0.s20260810,fcfs_convoy,convoy_short_first_control,three_case_v1,20260810,,,,,1,,,64,0.0,,,,128,control,,,,,
case1_fcfs_convoy.stress.ratio128.nshort64.offset0.0.s20260811,fcfs_convoy,convoy_long_first,three_case_v1,20260811,,,,,1,,,64,0.0,,,,128,stress,,,,,
case1_fcfs_convoy.control.ratio128.nshort64.offset0.0.s20260811,fcfs_convoy,convoy_short_first_control,three_case_v1,20260811,,,,,1,,,64,0.0,,,,128,control,,,,,
case1_fcfs_convoy.stress.ratio128.nshort64.offset0.0.s20260812,fcfs_convoy,convoy_long_first,three_case_v1,20260812,,,,,1,,,64,0.0,,,,128,stress,,,,,
case1_fcfs_convoy.control.ratio128.nshort64.offset0.0.s20260812,fcfs_convoy,convoy_short_first_control,three_case_v1,20260812,,,,,1,,,64,0.0,,,,128,control,,,,,
case1_fcfs_convoy.stress.ratio128.nshort64.offset0.0.s20260813,fcfs_convoy,convoy_long_first,three_case_v1,20260813,,,,,1,,,64,0.0,,,,128,stress,,,,,
case1_fcfs_convoy.control.ratio128.nshort64.offset0.0.s20260813,fcfs_convoy,convoy_short_first_control,three_case_v1,20260813,,,,,1,,,64,0.0,,,,128,control,,,,,
case1_fcfs_convoy.stress.ratio32.nshort32.offset0.001.mas4.s20260809,fcfs_convoy,convoy_long_first,three_case_v1,20260809,,,,,4,,,32,0.001,,,,32,stress,,,,,
case1_fcfs_convoy.control.ratio32.nshort32.offset0.001.mas4.s20260809,fcfs_convoy,convoy_short_first_control,three_case_v1,20260809,,,,,4,,,32,0.001,,,,32,control,,,,,
case1_fcfs_convoy.stress.ratio32.nshort32.offset0.001.mas4.s20260810,fcfs_convoy,convoy_long_first,three_case_v1,20260810,,,,,4,,,32,0.001,,,,32,stress,,,,,
case1_fcfs_convoy.control.ratio32.nshort32.offset0.001.mas4.s20260810,fcfs_convoy,convoy_short_first_control,three_case_v1,20260810,,,,,4,,,32,0.001,,,,32,control,,,,,
case1_fcfs_convoy.stress.ratio32.nshort32.offset0.001.mas4.s20260811,fcfs_convoy,convoy_long_first,three_case_v1,20260811,,,,,4,,,32,0.001,,,,32,stress,,,,,
case1_fcfs_convoy.control.ratio32.nshort32.offset0.001.mas4.s20260811,fcfs_convoy,convoy_short_first_control,three_case_v1,20260811,,,,,4,,,32,0.001,,,,32,control,,,,,
case1_fcfs_convoy.stress.ratio32.nshort32.offset0.001.mas4.s20260812,fcfs_convoy,convoy_long_first,three_case_v1,20260812,,,,,4,,,32,0.001,,,,32,stress,,,,,
case1_fcfs_convoy.control.ratio32.nshort32.offset0.001.mas4.s20260812,fcfs_convoy,convoy_short_first_control,three_case_v1,20260812,,,,,4,,,32,0.001,,,,32,control,,,,,
case1_fcfs_convoy.stress.ratio32.nshort32.offset0.001.mas4.s20260813,fcfs_convoy,convoy_long_first,three_case_v1,20260813,,,,,4,,,32,0.001,,,,32,stress,,,,,
case1_fcfs_convoy.control.ratio32.nshort32.offset0.001.mas4.s20260813,fcfs_convoy,convoy_short_first_control,three_case_v1,20260813,,,,,4,,,32,0.001,,,,32,control,,,,,
case1_fcfs_convoy.stress.ratio32.nshort32.offset0.01.mas4.s20260809,fcfs_convoy,convoy_long_first,three_case_v1,20260809,,,,,4,,,32,0.01,,,,32,stress,,,,,
case1_fcfs_convoy.control.ratio32.nshort32.offset0.01.mas4.s20260809,fcfs_convoy,convoy_short_first_control,three_case_v1,20260809,,,,,4,,,32,0.01,,,,32,control,,,,,
case1_fcfs_convoy.stress.ratio32.nshort32.offset0.01.mas4.s20260810,fcfs_convoy,convoy_long_first,three_case_v1,20260810,,,,,4,,,32,0.01,,,,32,stress,,,,,
case1_fcfs_convoy.control.ratio32.nshort32.offset0.01.mas4.s20260810,fcfs_convoy,convoy_short_first_control,three_case_v1,20260810,,,,,4,,,32,0.01,,,,32,control,,,,,
case1_fcfs_convoy.stress.ratio32.nshort32.offset0.01.mas4.s20260811,fcfs_convoy,convoy_long_first,three_case_v1,20260811,,,,,4,,,32,0.01,,,,32,stress,,,,,
case1_fcfs_convoy.control.ratio32.nshort32.offset0.01.mas4.s20260811,fcfs_convoy,convoy_short_first_control,three_case_v1,20260811,,,,,4,,,32,0.01,,,,32,control,,,,,
case1_fcfs_convoy.stress.ratio32.nshort32.offset0.01.mas4.s20260812,fcfs_convoy,convoy_long_first,three_case_v1,20260812,,,,,4,,,32,0.01,,,,32,stress,,,,,
case1_fcfs_convoy.control.ratio32.nshort32.offset0.01.mas4.s20260812,fcfs_convoy,convoy_short_first_control,three_case_v1,20260812,,,,,4,,,32,0.01,,,,32,control,,,,,
case1_fcfs_convoy.stress.ratio32.nshort32.offset0.01.mas4.s20260813,fcfs_convoy,convoy_long_first,three_case_v1,20260813,,,,,4,,,32,0.01,,,,32,stress,,,,,
case1_fcfs_convoy.control.ratio32.nshort32.offset0.01.mas4.s20260813,fcfs_convoy,convoy_short_first_control,three_case_v1,20260813,,,,,4,,,32,0.01,,,,32,control,,,,,
