active_pressure,axis,branch_id,branch_type,candidate_canonical_action,candidate_canonical_action_id,candidate_hash_roundtrip_match,completion_fraction,condition_id,continuation_policy,decision_step,decision_time,extra_steps,extra_wall_clock_s,first_step_warning_count,first_step_warnings,forced_once,is_sbs_reference_branch,kv_pressure,live_fingerprint_unchanged,mean_latency,n_policies_generating_action,num_completed,num_dropped,num_total,p95_latency,policies_generating_action,policy_forever_switch,q_sbs_anwg,queue_pressure_proxy,regime_stage,resource_binding,sbs_canonical_action_id,schema_version,sim_duration,slo_violation_rate,source_dataset,state_id,validity_class,weighted_completion_fraction,window_index
0.001953125,kv_capacity,phase_d_v1::azure_2023_code::w000::kv_capacity::kv_16000::step196495::sbs_reference,SBS_REFERENCE,"{""admit"":{},""hold_decode"":{},""migrate"":{},""preempt"":{},""prefill_chunk_override"":{},""swap"":{}}",952bd353c79bef75dea529eeb46f1ee1ac61a4efb946ed96403fe542a094c856,,1.0,kv_16000,kv_constrained_online,196495,196.495,2605,0.016066,0,,True,1,0.3729375,True,0.033503,,200,0,200,0.099675,,False,1.0,0.005,onset+sustained+high_valid_pressure,0,952bd353c79bef75dea529eeb46f1ee1ac61a4efb946ed96403fe542a094c856,industry_realism_causal_headroom_phase_d_v1.results.0.0,199.1,0.0,azure_2023_code,phase_d_v1::azure_2023_code::w000::kv_capacity::kv_16000::step196495,VALID_STRONGLY_CONSTRAINED,1.0,0
0.001953125,kv_capacity,phase_d_v1::azure_2023_code::w000::kv_capacity::kv_16000::step196495::alt00::14b1775fb1ee31d4,COUNTERFACTUAL,"{""admit"":{""0"":[130]},""hold_decode"":{},""migrate"":{},""preempt"":{},""prefill_chunk_override"":{},""swap"":{}}",14b1775fb1ee31d44660e72fe4dbaa567181f50c2c66b3e19fca21889195bfd3,True,1.0,kv_16000,kv_constrained_online,196495,196.495,2605,0.01596,0,,True,0,0.3729375,True,0.031903,5,200,0,200,0.097202,"full_prefill,chunked_prefill_small,estimated_service_time_first,weighted_fair_share,least_laxity_first",False,1.0,0.005,onset+sustained+high_valid_pressure,0,952bd353c79bef75dea529eeb46f1ee1ac61a4efb946ed96403fe542a094c856,industry_realism_causal_headroom_phase_d_v1.results.0.0,199.1,0.0,azure_2023_code,phase_d_v1::azure_2023_code::w000::kv_capacity::kv_16000::step196495,VALID_STRONGLY_CONSTRAINED,1.0,0
0.001953125,kv_capacity,phase_d_v1::azure_2023_code::w000::kv_capacity::kv_16000::step196554::sbs_reference,SBS_REFERENCE,"{""admit"":{},""hold_decode"":{},""migrate"":{},""preempt"":{},""prefill_chunk_override"":{},""swap"":{}}",952bd353c79bef75dea529eeb46f1ee1ac61a4efb946ed96403fe542a094c856,,1.0,kv_16000,kv_constrained_online,196554,196.554,2546,0.015453,0,,True,1,0.376625,True,0.033503,,200,0,200,0.099675,,False,1.0,0.005,onset+sustained+high_valid_pressure,0,952bd353c79bef75dea529eeb46f1ee1ac61a4efb946ed96403fe542a094c856,industry_realism_causal_headroom_phase_d_v1.results.0.0,199.1,0.0,azure_2023_code,phase_d_v1::azure_2023_code::w000::kv_capacity::kv_16000::step196554,VALID_STRONGLY_CONSTRAINED,1.0,0
0.001953125,kv_capacity,phase_d_v1::azure_2023_code::w000::kv_capacity::kv_16000::step196554::alt00::14b1775fb1ee31d4,COUNTERFACTUAL,"{""admit"":{""0"":[130]},""hold_decode"":{},""migrate"":{},""preempt"":{},""prefill_chunk_override"":{},""swap"":{}}",14b1775fb1ee31d44660e72fe4dbaa567181f50c2c66b3e19fca21889195bfd3,True,1.0,kv_16000,kv_constrained_online,196554,196.554,2546,0.014155,0,,True,0,0.376625,True,0.032298,5,200,0,200,0.097202,"full_prefill,chunked_prefill_small,estimated_service_time_first,weighted_fair_share,least_laxity_first",False,1.0,0.005,onset+sustained+high_valid_pressure,0,952bd353c79bef75dea529eeb46f1ee1ac61a4efb946ed96403fe542a094c856,industry_realism_causal_headroom_phase_d_v1.results.0.0,199.1,0.0,azure_2023_code,phase_d_v1::azure_2023_code::w000::kv_capacity::kv_16000::step196554,VALID_STRONGLY_CONSTRAINED,1.0,0
0.00390625,kv_capacity,phase_d_v1::azure_2023_code::w000::kv_capacity::kv_16000::step196585::sbs_reference,SBS_REFERENCE,"{""admit"":{},""hold_decode"":{},""migrate"":{},""preempt"":{},""prefill_chunk_override"":{},""swap"":{}}",952bd353c79bef75dea529eeb46f1ee1ac61a4efb946ed96403fe542a094c856,,1.0,kv_16000,kv_constrained_online,196585,196.585,2515,0.015116,0,,True,1,0.389625,True,0.033503,,200,0,200,0.099675,,False,1.0,0.005,onset+sustained+high_valid_pressure,0,952bd353c79bef75dea529eeb46f1ee1ac61a4efb946ed96403fe542a094c856,industry_realism_causal_headroom_phase_d_v1.results.0.0,199.1,0.0,azure_2023_code,phase_d_v1::azure_2023_code::w000::kv_capacity::kv_16000::step196585,VALID_STRONGLY_CONSTRAINED,1.0,0
0.00390625,kv_capacity,phase_d_v1::azure_2023_code::w000::kv_capacity::kv_16000::step196585::alt00::14b1775fb1ee31d4,COUNTERFACTUAL,"{""admit"":{""0"":[130]},""hold_decode"":{},""migrate"":{},""preempt"":{},""prefill_chunk_override"":{},""swap"":{}}",14b1775fb1ee31d44660e72fe4dbaa567181f50c2c66b3e19fca21889195bfd3,True,1.0,kv_16000,kv_constrained_online,196585,196.585,2515,0.013584,0,,True,0,0.389625,True,0.032423,5,200,0,200,0.097202,"full_prefill,chunked_prefill_small,estimated_service_time_first,weighted_fair_share,least_laxity_first",False,1.0,0.005,onset+sustained+high_valid_pressure,0,952bd353c79bef75dea529eeb46f1ee1ac61a4efb946ed96403fe542a094c856,industry_realism_causal_headroom_phase_d_v1.results.0.0,199.1,0.0,azure_2023_code,phase_d_v1::azure_2023_code::w000::kv_capacity::kv_16000::step196585,VALID_STRONGLY_CONSTRAINED,1.0,0
0.001953125,kv_capacity,phase_d_v1::azure_2023_code::w000::kv_capacity::kv_16000::step196755::sbs_reference,SBS_REFERENCE,"{""admit"":{""0"":[142]},""hold_decode"":{},""migrate"":{},""preempt"":{},""prefill_chunk_override"":{},""swap"":{}}",20e745c13834ef9a5d62ba36fef04b10b7189f067f9e86a3486bacb494bf0c09,,1.0,kv_16000,kv_constrained_online,196755,196.755,2345,0.011986,0,,True,1,0.3891875,True,0.033503,,200,0,200,0.099675,,False,1.0,0.01,onset+sustained+high_valid_pressure,0,20e745c13834ef9a5d62ba36fef04b10b7189f067f9e86a3486bacb494bf0c09,industry_realism_causal_headroom_phase_d_v1.results.0.0,199.1,0.0,azure_2023_code,phase_d_v1::azure_2023_code::w000::kv_capacity::kv_16000::step196755,VALID_STRONGLY_CONSTRAINED,1.0,0
0.001953125,kv_capacity,phase_d_v1::azure_2023_code::w000::kv_capacity::kv_16000::step196755::alt00::3d44d6b5b7c743a3,COUNTERFACTUAL,"{""admit"":{""0"":[130,142]},""hold_decode"":{},""migrate"":{},""preempt"":{},""prefill_chunk_override"":{},""swap"":{}}",3d44d6b5b7c743a3450c854d78798e7d16caa4ea715b6d68342169e7feef5b05,True,1.0,kv_16000,kv_constrained_online,196755,196.755,2345,0.011829,0,,True,0,0.3891875,True,0.033408,5,200,0,200,0.097775,"full_prefill,chunked_prefill_small,estimated_service_time_first,weighted_fair_share,least_laxity_first",False,1.0,0.01,onset+sustained+high_valid_pressure,0,20e745c13834ef9a5d62ba36fef04b10b7189f067f9e86a3486bacb494bf0c09,industry_realism_causal_headroom_phase_d_v1.results.0.0,199.1,0.0,azure_2023_code,phase_d_v1::azure_2023_code::w000::kv_capacity::kv_16000::step196755,VALID_STRONGLY_CONSTRAINED,1.0,0
0.005859375,kv_capacity,phase_d_v1::azure_2023_code::w002::kv_capacity::kv_16000::step7968::sbs_reference,SBS_REFERENCE,"{""admit"":{},""hold_decode"":{},""migrate"":{},""preempt"":{},""prefill_chunk_override"":{},""swap"":{}}",952bd353c79bef75dea529eeb46f1ee1ac61a4efb946ed96403fe542a094c856,,1.0,kv_16000,kv_constrained_online,7968,7.968,28545,0.028036,0,,True,1,0.481125,True,0.039609,,200,0,200,0.09337,,False,1.0,0.005,onset+sustained+high_valid_pressure,0,952bd353c79bef75dea529eeb46f1ee1ac61a4efb946ed96403fe542a094c856,industry_realism_causal_headroom_phase_d_v1.results.0.0,36.513,0.0,azure_2023_code,phase_d_v1::azure_2023_code::w002::kv_capacity::kv_16000::step7968,VALID_STRONGLY_CONSTRAINED,1.0,2
0.005859375,kv_capacity,phase_d_v1::azure_2023_code::w002::kv_capacity::kv_16000::step7968::alt00::92dd0c56aedc50c3,COUNTERFACTUAL,"{""admit"":{""0"":[110]},""hold_decode"":{},""migrate"":{},""preempt"":{},""prefill_chunk_override"":{},""swap"":{}}",92dd0c56aedc50c33a560dc192c471052bbadeb37593c12d40bbfb77ebe874a0,True,1.0,kv_16000,kv_constrained_online,7968,7.968,28545,0.027902,0,,True,0,0.481125,True,0.039449,5,200,0,200,0.09337,"full_prefill,chunked_prefill_small,estimated_service_time_first,weighted_fair_share,least_laxity_first",False,1.0,0.005,onset+sustained+high_valid_pressure,0,952bd353c79bef75dea529eeb46f1ee1ac61a4efb946ed96403fe542a094c856,industry_realism_causal_headroom_phase_d_v1.results.0.0,36.513,0.0,azure_2023_code,phase_d_v1::azure_2023_code::w002::kv_capacity::kv_16000::step7968,VALID_STRONGLY_CONSTRAINED,1.0,2
0.009765625,kv_capacity,phase_d_v1::azure_2023_code::w002::kv_capacity::kv_16000::step7976::sbs_reference,SBS_REFERENCE,"{""admit"":{},""hold_decode"":{},""migrate"":{},""preempt"":{},""prefill_chunk_override"":{},""swap"":{}}",952bd353c79bef75dea529eeb46f1ee1ac61a4efb946ed96403fe542a094c856,,1.0,kv_16000,kv_constrained_online,7976,7.976,28537,0.026999,0,,True,1,0.5564375,True,0.039609,,200,0,200,0.09337,,False,1.0,0.01,onset+sustained+high_valid_pressure,1,952bd353c79bef75dea529eeb46f1ee1ac61a4efb946ed96403fe542a094c856,industry_realism_causal_headroom_phase_d_v1.results.0.0,36.513,0.0,azure_2023_code,phase_d_v1::azure_2023_code::w002::kv_capacity::kv_16000::step7976,VALID_STRONGLY_CONSTRAINED,1.0,2
0.009765625,kv_capacity,phase_d_v1::azure_2023_code::w002::kv_capacity::kv_16000::step7976::alt00::92dd0c56aedc50c3,COUNTERFACTUAL,"{""admit"":{""0"":[110]},""hold_decode"":{},""migrate"":{},""preempt"":{},""prefill_chunk_override"":{},""swap"":{}}",92dd0c56aedc50c33a560dc192c471052bbadeb37593c12d40bbfb77ebe874a0,True,1.0,kv_16000,kv_constrained_online,7976,7.976,28537,0.027136,0,,True,0,0.5564375,True,0.039539,4,200,0,200,0.09337,"full_prefill,chunked_prefill_small,estimated_service_time_first,weighted_fair_share",False,1.0,0.01,onset+sustained+high_valid_pressure,1,952bd353c79bef75dea529eeb46f1ee1ac61a4efb946ed96403fe542a094c856,industry_realism_causal_headroom_phase_d_v1.results.0.0,36.513,0.0,azure_2023_code,phase_d_v1::azure_2023_code::w002::kv_capacity::kv_16000::step7976,VALID_STRONGLY_CONSTRAINED,1.0,2
0.009765625,kv_capacity,phase_d_v1::azure_2023_code::w002::kv_capacity::kv_16000::step7976::alt01::f170ea774a67650e,COUNTERFACTUAL,"{""admit"":{""0"":[112]},""hold_decode"":{},""migrate"":{},""preempt"":{},""prefill_chunk_override"":{},""swap"":{}}",f170ea774a67650ee8daadb34346399569cb6c63e931634ccd0219842293ce15,True,1.0,kv_16000,kv_constrained_online,7976,7.976,28537,0.027189,0,,True,0,0.5564375,True,0.039574,1,200,0,200,0.09337,least_laxity_first,False,1.0,0.01,onset+sustained+high_valid_pressure,1,952bd353c79bef75dea529eeb46f1ee1ac61a4efb946ed96403fe542a094c856,industry_realism_causal_headroom_phase_d_v1.results.0.0,36.513,0.0,azure_2023_code,phase_d_v1::azure_2023_code::w002::kv_capacity::kv_16000::step7976,VALID_STRONGLY_CONSTRAINED,1.0,2
0.009765625,kv_capacity,phase_d_v1::azure_2023_conv::w000::kv_capacity::kv_8000::step42830::sbs_reference,SBS_REFERENCE,"{""admit"":{},""hold_decode"":{},""migrate"":{},""preempt"":{},""prefill_chunk_override"":{},""swap"":{}}",952bd353c79bef75dea529eeb46f1ee1ac61a4efb946ed96403fe542a094c856,,1.0,kv_8000,kv_constrained_online,42830,42.83,18845,0.221768,0,,True,1,0.727125,True,0.243216,,200,0,200,0.449544,,False,1.0,0.005,sustained+high_valid_pressure,0,952bd353c79bef75dea529eeb46f1ee1ac61a4efb946ed96403fe542a094c856,industry_realism_causal_headroom_phase_d_v1.results.0.0,61.675,0.0,azure_2023_conv,phase_d_v1::azure_2023_conv::w000::kv_capacity::kv_8000::step42830,VALID_STRONGLY_CONSTRAINED,1.0,0
0.009765625,kv_capacity,phase_d_v1::azure_2023_conv::w000::kv_capacity::kv_8000::step42830::alt00::7e7b176986d97024,COUNTERFACTUAL,"{""admit"":{""0"":[102]},""hold_decode"":{},""migrate"":{},""preempt"":{},""prefill_chunk_override"":{},""swap"":{}}",7e7b176986d97024d2cc132048da0f6d49fcf5a8c6c3f42fff168b64696f538a,True,1.0,kv_8000,kv_constrained_online,42830,42.83,18845,0.181159,0,,True,0,0.727125,True,0.242641,5,200,0,200,0.446699,"full_prefill,chunked_prefill_small,estimated_service_time_first,weighted_fair_share,least_laxity_first",False,1.0,0.005,sustained+high_valid_pressure,0,952bd353c79bef75dea529eeb46f1ee1ac61a4efb946ed96403fe542a094c856,industry_realism_causal_headroom_phase_d_v1.results.0.0,61.675,0.0,azure_2023_conv,phase_d_v1::azure_2023_conv::w000::kv_capacity::kv_8000::step42830,VALID_STRONGLY_CONSTRAINED,1.0,0
0.009765625,kv_capacity,phase_d_v1::azure_2023_conv::w000::kv_capacity::kv_8000::step42903::sbs_reference,SBS_REFERENCE,"{""admit"":{},""hold_decode"":{},""migrate"":{},""preempt"":{},""prefill_chunk_override"":{},""swap"":{}}",952bd353c79bef75dea529eeb46f1ee1ac61a4efb946ed96403fe542a094c856,,1.0,kv_8000,kv_constrained_online,42903,42.903,18772,0.250597,0,,True,1,0.77275,True,0.243216,,200,0,200,0.449544,,False,1.0,0.005,sustained+high_valid_pressure,0,952bd353c79bef75dea529eeb46f1ee1ac61a4efb946ed96403fe542a094c856,industry_realism_causal_headroom_phase_d_v1.results.0.0,61.675,0.0,azure_2023_conv,phase_d_v1::azure_2023_conv::w000::kv_capacity::kv_8000::step42903,VALID_STRONGLY_CONSTRAINED,1.0,0
0.009765625,kv_capacity,phase_d_v1::azure_2023_conv::w000::kv_capacity::kv_8000::step42903::alt00::7e7b176986d97024,COUNTERFACTUAL,"{""admit"":{""0"":[102]},""hold_decode"":{},""migrate"":{},""preempt"":{},""prefill_chunk_override"":{},""swap"":{}}",7e7b176986d97024d2cc132048da0f6d49fcf5a8c6c3f42fff168b64696f538a,True,1.0,kv_8000,kv_constrained_online,42903,42.903,18772,0.189938,0,,True,0,0.77275,True,0.243006,5,200,0,200,0.449544,"full_prefill,chunked_prefill_small,estimated_service_time_first,weighted_fair_share,least_laxity_first",False,1.0,0.005,sustained+high_valid_pressure,0,952bd353c79bef75dea529eeb46f1ee1ac61a4efb946ed96403fe542a094c856,industry_realism_causal_headroom_phase_d_v1.results.0.0,61.675,0.0,azure_2023_conv,phase_d_v1::azure_2023_conv::w000::kv_capacity::kv_8000::step42903,VALID_STRONGLY_CONSTRAINED,1.0,0
0.005859375,kv_capacity,phase_d_v1::azure_2023_conv::w000::kv_capacity::kv_8000::step48228::sbs_reference,SBS_REFERENCE,"{""admit"":{},""hold_decode"":{},""migrate"":{},""preempt"":{},""prefill_chunk_override"":{},""swap"":{}}",952bd353c79bef75dea529eeb46f1ee1ac61a4efb946ed96403fe542a094c856,,1.0,kv_8000,kv_constrained_online,48228,48.228,13447,0.126907,0,,True,1,0.4855,True,0.243216,,200,0,200,0.449544,,False,1.0,0.005,sustained+high_valid_pressure,0,952bd353c79bef75dea529eeb46f1ee1ac61a4efb946ed96403fe542a094c856,industry_realism_causal_headroom_phase_d_v1.results.0.0,61.675,0.0,azure_2023_conv,phase_d_v1::azure_2023_conv::w000::kv_capacity::kv_8000::step48228,VALID_STRONGLY_CONSTRAINED,1.0,0
0.005859375,kv_capacity,phase_d_v1::azure_2023_conv::w000::kv_capacity::kv_8000::step48228::alt00::7eb3e030d7baa0dc,COUNTERFACTUAL,"{""admit"":{""0"":[133]},""hold_decode"":{},""migrate"":{},""preempt"":{},""prefill_chunk_override"":{},""swap"":{}}",7eb3e030d7baa0dcb2da0c7dab240115b476b773bac34e6458644123cc9ae60b,True,1.0,kv_8000,kv_constrained_online,48228,48.228,13447,0.127529,0,,True,0,0.4855,True,0.242151,5,200,0,200,0.446699,"full_prefill,chunked_prefill_small,estimated_service_time_first,weighted_fair_share,least_laxity_first",False,1.0,0.005,sustained+high_valid_pressure,0,952bd353c79bef75dea529eeb46f1ee1ac61a4efb946ed96403fe542a094c856,industry_realism_causal_headroom_phase_d_v1.results.0.0,61.675,0.0,azure_2023_conv,phase_d_v1::azure_2023_conv::w000::kv_capacity::kv_8000::step48228,VALID_STRONGLY_CONSTRAINED,1.0,0
0.009765625,kv_capacity,phase_d_v1::azure_2023_conv::w000::kv_capacity::kv_8000::step49844::sbs_reference,SBS_REFERENCE,"{""admit"":{},""hold_decode"":{},""migrate"":{},""preempt"":{},""prefill_chunk_override"":{},""swap"":{}}",952bd353c79bef75dea529eeb46f1ee1ac61a4efb946ed96403fe542a094c856,,1.0,kv_8000,kv_constrained_online,49844,49.844,11831,0.111369,0,,True,1,0.72725,True,0.243216,,200,0,200,0.449544,,False,1.0,0.005,sustained+high_valid_pressure,0,952bd353c79bef75dea529eeb46f1ee1ac61a4efb946ed96403fe542a094c856,industry_realism_causal_headroom_phase_d_v1.results.0.0,61.675,0.0,azure_2023_conv,phase_d_v1::azure_2023_conv::w000::kv_capacity::kv_8000::step49844,VALID_STRONGLY_CONSTRAINED,1.0,0
0.009765625,kv_capacity,phase_d_v1::azure_2023_conv::w000::kv_capacity::kv_8000::step49844::alt00::270c884d08d14618,COUNTERFACTUAL,"{""admit"":{""0"":[145]},""hold_decode"":{},""migrate"":{},""preempt"":{},""prefill_chunk_override"":{},""swap"":{}}",270c884d08d146186230f9add072e95ae8327bbd943187e7874c2be6c194b6de,True,1.0,kv_8000,kv_constrained_online,49844,49.844,11831,0.113732,0,,True,0,0.72725,True,0.242541,5,200,0,200,0.449544,"full_prefill,chunked_prefill_small,estimated_service_time_first,weighted_fair_share,least_laxity_first",False,1.0,0.005,sustained+high_valid_pressure,0,952bd353c79bef75dea529eeb46f1ee1ac61a4efb946ed96403fe542a094c856,industry_realism_causal_headroom_phase_d_v1.results.0.0,61.675,0.0,azure_2023_conv,phase_d_v1::azure_2023_conv::w000::kv_capacity::kv_8000::step49844,VALID_STRONGLY_CONSTRAINED,1.0,0
0.009765625,kv_capacity,phase_d_v1::azure_2023_conv::w000::kv_capacity::kv_8000::step49907::sbs_reference,SBS_REFERENCE,"{""admit"":{},""hold_decode"":{},""migrate"":{},""preempt"":{},""prefill_chunk_override"":{},""swap"":{}}",952bd353c79bef75dea529eeb46f1ee1ac61a4efb946ed96403fe542a094c856,,1.0,kv_8000,kv_constrained_online,49907,49.907000000000004,11768,0.107978,0,,True,1,0.766625,True,0.243216,,200,0,200,0.449544,,False,1.0,0.01,sustained+high_valid_pressure,1,952bd353c79bef75dea529eeb46f1ee1ac61a4efb946ed96403fe542a094c856,industry_realism_causal_headroom_phase_d_v1.results.0.0,61.675,0.0,azure_2023_conv,phase_d_v1::azure_2023_conv::w000::kv_capacity::kv_8000::step49907,VALID_STRONGLY_CONSTRAINED,1.0,0
0.009765625,kv_capacity,phase_d_v1::azure_2023_conv::w000::kv_capacity::kv_8000::step49907::alt00::270c884d08d14618,COUNTERFACTUAL,"{""admit"":{""0"":[145]},""hold_decode"":{},""migrate"":{},""preempt"":{},""prefill_chunk_override"":{},""swap"":{}}",270c884d08d146186230f9add072e95ae8327bbd943187e7874c2be6c194b6de,True,1.0,kv_8000,kv_constrained_online,49907,49.907000000000004,11768,0.10848,0,,True,0,0.766625,True,0.242856,4,200,0,200,0.449544,"full_prefill,chunked_prefill_small,estimated_service_time_first,weighted_fair_share",False,1.0,0.01,sustained+high_valid_pressure,1,952bd353c79bef75dea529eeb46f1ee1ac61a4efb946ed96403fe542a094c856,industry_realism_causal_headroom_phase_d_v1.results.0.0,61.675,0.0,azure_2023_conv,phase_d_v1::azure_2023_conv::w000::kv_capacity::kv_8000::step49907,VALID_STRONGLY_CONSTRAINED,1.0,0
0.009765625,kv_capacity,phase_d_v1::azure_2023_conv::w000::kv_capacity::kv_8000::step49907::alt01::f4a811b76c4c3f33,COUNTERFACTUAL,"{""admit"":{""0"":[146]},""hold_decode"":{},""migrate"":{},""preempt"":{},""prefill_chunk_override"":{},""swap"":{}}",f4a811b76c4c3f33c897b33ec648dbc6bd81ac1df655ccf4940f826ac0fef104,True,1.0,kv_8000,kv_constrained_online,49907,49.907000000000004,11768,0.112218,0,,True,0,0.766625,True,0.242861,1,200,0,200,0.449544,least_laxity_first,False,1.0,0.01,sustained+high_valid_pressure,1,952bd353c79bef75dea529eeb46f1ee1ac61a4efb946ed96403fe542a094c856,industry_realism_causal_headroom_phase_d_v1.results.0.0,61.675,0.0,azure_2023_conv,phase_d_v1::azure_2023_conv::w000::kv_capacity::kv_8000::step49907,VALID_STRONGLY_CONSTRAINED,1.0,0
0.009765625,kv_capacity,phase_d_v1::azure_2023_conv::w000::kv_capacity::kv_8000::step49942::sbs_reference,SBS_REFERENCE,"{""admit"":{},""hold_decode"":{},""migrate"":{},""preempt"":{},""prefill_chunk_override"":{},""swap"":{}}",952bd353c79bef75dea529eeb46f1ee1ac61a4efb946ed96403fe542a094c856,,1.0,kv_8000,kv_constrained_online,49942,49.942,11733,0.108075,0,,True,1,0.7885,True,0.243216,,200,0,200,0.449544,,False,1.0,0.01,sustained+high_valid_pressure,1,952bd353c79bef75dea529eeb46f1ee1ac61a4efb946ed96403fe542a094c856,industry_realism_causal_headroom_phase_d_v1.results.0.0,61.675,0.0,azure_2023_conv,phase_d_v1::azure_2023_conv::w000::kv_capacity::kv_8000::step49942,VALID_STRONGLY_CONSTRAINED,1.0,0
0.009765625,kv_capacity,phase_d_v1::azure_2023_conv::w000::kv_capacity::kv_8000::step49942::alt00::270c884d08d14618,COUNTERFACTUAL,"{""admit"":{""0"":[145]},""hold_decode"":{},""migrate"":{},""preempt"":{},""prefill_chunk_override"":{},""swap"":{}}",270c884d08d146186230f9add072e95ae8327bbd943187e7874c2be6c194b6de,True,1.0,kv_8000,kv_constrained_online,49942,49.942,11733,0.108821,0,,True,0,0.7885,True,0.243031,4,200,0,200,0.449544,"full_prefill,chunked_prefill_small,estimated_service_time_first,weighted_fair_share",False,1.0,0.01,sustained+high_valid_pressure,1,952bd353c79bef75dea529eeb46f1ee1ac61a4efb946ed96403fe542a094c856,industry_realism_causal_headroom_phase_d_v1.results.0.0,61.675,0.0,azure_2023_conv,phase_d_v1::azure_2023_conv::w000::kv_capacity::kv_8000::step49942,VALID_STRONGLY_CONSTRAINED,1.0,0
0.009765625,kv_capacity,phase_d_v1::azure_2023_conv::w000::kv_capacity::kv_8000::step49942::alt01::f4a811b76c4c3f33,COUNTERFACTUAL,"{""admit"":{""0"":[146]},""hold_decode"":{},""migrate"":{},""preempt"":{},""prefill_chunk_override"":{},""swap"":{}}",f4a811b76c4c3f33c897b33ec648dbc6bd81ac1df655ccf4940f826ac0fef104,True,1.0,kv_8000,kv_constrained_online,49942,49.942,11733,0.108845,0,,True,0,0.7885,True,0.243036,1,200,0,200,0.449544,least_laxity_first,False,1.0,0.01,sustained+high_valid_pressure,1,952bd353c79bef75dea529eeb46f1ee1ac61a4efb946ed96403fe542a094c856,industry_realism_causal_headroom_phase_d_v1.results.0.0,61.675,0.0,azure_2023_conv,phase_d_v1::azure_2023_conv::w000::kv_capacity::kv_8000::step49942,VALID_STRONGLY_CONSTRAINED,1.0,0
0.009765625,kv_capacity,phase_d_v1::azure_2023_conv::w000::kv_capacity::kv_8000::step49955::sbs_reference,SBS_REFERENCE,"{""admit"":{},""hold_decode"":{},""migrate"":{},""preempt"":{},""prefill_chunk_override"":{},""swap"":{}}",952bd353c79bef75dea529eeb46f1ee1ac61a4efb946ed96403fe542a094c856,,1.0,kv_8000,kv_constrained_online,49955,49.955,11720,0.109287,0,,True,1,0.796625,True,0.243216,,200,0,200,0.449544,,False,1.0,0.01,sustained+high_valid_pressure,1,952bd353c79bef75dea529eeb46f1ee1ac61a4efb946ed96403fe542a094c856,industry_realism_causal_headroom_phase_d_v1.results.0.0,61.675,0.0,azure_2023_conv,phase_d_v1::azure_2023_conv::w000::kv_capacity::kv_8000::step49955,VALID_STRONGLY_CONSTRAINED,1.0,0
0.009765625,kv_capacity,phase_d_v1::azure_2023_conv::w000::kv_capacity::kv_8000::step49955::alt00::270c884d08d14618,COUNTERFACTUAL,"{""admit"":{""0"":[145]},""hold_decode"":{},""migrate"":{},""preempt"":{},""prefill_chunk_override"":{},""swap"":{}}",270c884d08d146186230f9add072e95ae8327bbd943187e7874c2be6c194b6de,True,1.0,kv_8000,kv_constrained_online,49955,49.955,11720,0.111708,0,,True,0,0.796625,True,0.243096,4,200,0,200,0.449544,"full_prefill,chunked_prefill_small,estimated_service_time_first,weighted_fair_share",False,1.0,0.01,sustained+high_valid_pressure,1,952bd353c79bef75dea529eeb46f1ee1ac61a4efb946ed96403fe542a094c856,industry_realism_causal_headroom_phase_d_v1.results.0.0,61.675,0.0,azure_2023_conv,phase_d_v1::azure_2023_conv::w000::kv_capacity::kv_8000::step49955,VALID_STRONGLY_CONSTRAINED,1.0,0
0.009765625,kv_capacity,phase_d_v1::azure_2023_conv::w000::kv_capacity::kv_8000::step49955::alt01::f4a811b76c4c3f33,COUNTERFACTUAL,"{""admit"":{""0"":[146]},""hold_decode"":{},""migrate"":{},""preempt"":{},""prefill_chunk_override"":{},""swap"":{}}",f4a811b76c4c3f33c897b33ec648dbc6bd81ac1df655ccf4940f826ac0fef104,True,1.0,kv_8000,kv_constrained_online,49955,49.955,11720,0.118136,0,,True,0,0.796625,True,0.243101,1,200,0,200,0.449544,least_laxity_first,False,1.0,0.01,sustained+high_valid_pressure,1,952bd353c79bef75dea529eeb46f1ee1ac61a4efb946ed96403fe542a094c856,industry_realism_causal_headroom_phase_d_v1.results.0.0,61.675,0.0,azure_2023_conv,phase_d_v1::azure_2023_conv::w000::kv_capacity::kv_8000::step49955,VALID_STRONGLY_CONSTRAINED,1.0,0
0.009765625,kv_capacity,phase_d_v1::azure_2023_conv::w000::kv_capacity::kv_8000::step49966::sbs_reference,SBS_REFERENCE,"{""admit"":{},""hold_decode"":{},""migrate"":{},""preempt"":{},""prefill_chunk_override"":{},""swap"":{}}",952bd353c79bef75dea529eeb46f1ee1ac61a4efb946ed96403fe542a094c856,,1.0,kv_8000,kv_constrained_online,49966,49.966,11709,0.107705,0,,True,1,0.8035,True,0.243216,,200,0,200,0.449544,,False,1.0,0.01,sustained+high_valid_pressure,1,952bd353c79bef75dea529eeb46f1ee1ac61a4efb946ed96403fe542a094c856,industry_realism_causal_headroom_phase_d_v1.results.0.0,61.675,0.0,azure_2023_conv,phase_d_v1::azure_2023_conv::w000::kv_capacity::kv_8000::step49966,VALID_STRONGLY_CONSTRAINED,1.0,0
0.009765625,kv_capacity,phase_d_v1::azure_2023_conv::w000::kv_capacity::kv_8000::step49966::alt00::270c884d08d14618,COUNTERFACTUAL,"{""admit"":{""0"":[145]},""hold_decode"":{},""migrate"":{},""preempt"":{},""prefill_chunk_override"":{},""swap"":{}}",270c884d08d146186230f9add072e95ae8327bbd943187e7874c2be6c194b6de,True,1.0,kv_8000,kv_constrained_online,49966,49.966,11709,0.105701,0,,True,0,0.8035,True,0.243151,4,200,0,200,0.449544,"full_prefill,chunked_prefill_small,estimated_service_time_first,weighted_fair_share",False,1.0,0.01,sustained+high_valid_pressure,1,952bd353c79bef75dea529eeb46f1ee1ac61a4efb946ed96403fe542a094c856,industry_realism_causal_headroom_phase_d_v1.results.0.0,61.675,0.0,azure_2023_conv,phase_d_v1::azure_2023_conv::w000::kv_capacity::kv_8000::step49966,VALID_STRONGLY_CONSTRAINED,1.0,0
0.009765625,kv_capacity,phase_d_v1::azure_2023_conv::w000::kv_capacity::kv_8000::step49966::alt01::f4a811b76c4c3f33,COUNTERFACTUAL,"{""admit"":{""0"":[146]},""hold_decode"":{},""migrate"":{},""preempt"":{},""prefill_chunk_override"":{},""swap"":{}}",f4a811b76c4c3f33c897b33ec648dbc6bd81ac1df655ccf4940f826ac0fef104,True,1.0,kv_8000,kv_constrained_online,49966,49.966,11709,0.188728,0,,True,0,0.8035,True,0.243156,1,200,0,200,0.449544,least_laxity_first,False,1.0,0.01,sustained+high_valid_pressure,1,952bd353c79bef75dea529eeb46f1ee1ac61a4efb946ed96403fe542a094c856,industry_realism_causal_headroom_phase_d_v1.results.0.0,61.675,0.0,azure_2023_conv,phase_d_v1::azure_2023_conv::w000::kv_capacity::kv_8000::step49966,VALID_STRONGLY_CONSTRAINED,1.0,0
0.009765625,kv_capacity,phase_d_v1::azure_2023_conv::w000::kv_capacity::kv_8000::step49975::sbs_reference,SBS_REFERENCE,"{""admit"":{},""hold_decode"":{},""migrate"":{},""preempt"":{},""prefill_chunk_override"":{},""swap"":{}}",952bd353c79bef75dea529eeb46f1ee1ac61a4efb946ed96403fe542a094c856,,1.0,kv_8000,kv_constrained_online,49975,49.975,11700,0.166308,0,,True,1,0.809125,True,0.243216,,200,0,200,0.449544,,False,1.0,0.01,sustained+high_valid_pressure,1,952bd353c79bef75dea529eeb46f1ee1ac61a4efb946ed96403fe542a094c856,industry_realism_causal_headroom_phase_d_v1.results.0.0,61.675,0.0,azure_2023_conv,phase_d_v1::azure_2023_conv::w000::kv_capacity::kv_8000::step49975,VALID_STRONGLY_CONSTRAINED,1.0,0
0.009765625,kv_capacity,phase_d_v1::azure_2023_conv::w000::kv_capacity::kv_8000::step49975::alt00::270c884d08d14618,COUNTERFACTUAL,"{""admit"":{""0"":[145]},""hold_decode"":{},""migrate"":{},""preempt"":{},""prefill_chunk_override"":{},""swap"":{}}",270c884d08d146186230f9add072e95ae8327bbd943187e7874c2be6c194b6de,True,1.0,kv_8000,kv_constrained_online,49975,49.975,11700,0.104289,0,,True,0,0.809125,True,0.243196,4,200,0,200,0.449544,"full_prefill,chunked_prefill_small,estimated_service_time_first,weighted_fair_share",False,1.0,0.01,sustained+high_valid_pressure,1,952bd353c79bef75dea529eeb46f1ee1ac61a4efb946ed96403fe542a094c856,industry_realism_causal_headroom_phase_d_v1.results.0.0,61.675,0.0,azure_2023_conv,phase_d_v1::azure_2023_conv::w000::kv_capacity::kv_8000::step49975,VALID_STRONGLY_CONSTRAINED,1.0,0
0.009765625,kv_capacity,phase_d_v1::azure_2023_conv::w000::kv_capacity::kv_8000::step49975::alt01::f4a811b76c4c3f33,COUNTERFACTUAL,"{""admit"":{""0"":[146]},""hold_decode"":{},""migrate"":{},""preempt"":{},""prefill_chunk_override"":{},""swap"":{}}",f4a811b76c4c3f33c897b33ec648dbc6bd81ac1df655ccf4940f826ac0fef104,True,1.0,kv_8000,kv_constrained_online,49975,49.975,11700,0.127738,0,,True,0,0.809125,True,0.243201,1,200,0,200,0.449544,least_laxity_first,False,1.0,0.01,sustained+high_valid_pressure,1,952bd353c79bef75dea529eeb46f1ee1ac61a4efb946ed96403fe542a094c856,industry_realism_causal_headroom_phase_d_v1.results.0.0,61.675,0.0,azure_2023_conv,phase_d_v1::azure_2023_conv::w000::kv_capacity::kv_8000::step49975,VALID_STRONGLY_CONSTRAINED,1.0,0
0.009765625,kv_capacity,phase_d_v1::azure_2023_conv::w000::kv_capacity::kv_8000::step49994::sbs_reference,SBS_REFERENCE,"{""admit"":{},""hold_decode"":{},""migrate"":{},""preempt"":{},""prefill_chunk_override"":{},""swap"":{}}",952bd353c79bef75dea529eeb46f1ee1ac61a4efb946ed96403fe542a094c856,,1.0,kv_8000,kv_constrained_online,49994,49.994,11681,0.106704,0,,True,1,0.75225,True,0.243216,,200,0,200,0.449544,,False,1.0,0.005,sustained+high_valid_pressure,0,952bd353c79bef75dea529eeb46f1ee1ac61a4efb946ed96403fe542a094c856,industry_realism_causal_headroom_phase_d_v1.results.0.0,61.675,0.0,azure_2023_conv,phase_d_v1::azure_2023_conv::w000::kv_capacity::kv_8000::step49994,VALID_STRONGLY_CONSTRAINED,1.0,0
0.009765625,kv_capacity,phase_d_v1::azure_2023_conv::w000::kv_capacity::kv_8000::step49994::alt00::f4a811b76c4c3f33,COUNTERFACTUAL,"{""admit"":{""0"":[146]},""hold_decode"":{},""migrate"":{},""preempt"":{},""prefill_chunk_override"":{},""swap"":{}}",f4a811b76c4c3f33c897b33ec648dbc6bd81ac1df655ccf4940f826ac0fef104,True,1.0,kv_8000,kv_constrained_online,49994,49.994,11681,0.108822,0,,True,0,0.75225,True,0.242781,5,200,0,200,0.449544,"full_prefill,chunked_prefill_small,estimated_service_time_first,weighted_fair_share,least_laxity_first",False,1.0,0.005,sustained+high_valid_pressure,0,952bd353c79bef75dea529eeb46f1ee1ac61a4efb946ed96403fe542a094c856,industry_realism_causal_headroom_phase_d_v1.results.0.0,61.675,0.0,azure_2023_conv,phase_d_v1::azure_2023_conv::w000::kv_capacity::kv_8000::step49994,VALID_STRONGLY_CONSTRAINED,1.0,0
0.00390625,kv_capacity,phase_d_v1::azure_2023_conv::w000::kv_capacity::kv_8000::step57794::sbs_reference,SBS_REFERENCE,"{""admit"":{},""hold_decode"":{},""migrate"":{},""preempt"":{},""prefill_chunk_override"":{},""swap"":{}}",952bd353c79bef75dea529eeb46f1ee1ac61a4efb946ed96403fe542a094c856,,1.0,kv_8000,kv_constrained_online,57794,57.794000000000004,3881,0.025126,0,,True,1,0.321125,True,0.243216,,200,0,200,0.449544,,False,1.0,0.005,sustained+high_valid_pressure,0,952bd353c79bef75dea529eeb46f1ee1ac61a4efb946ed96403fe542a094c856,industry_realism_causal_headroom_phase_d_v1.results.0.0,61.675,0.0,azure_2023_conv,phase_d_v1::azure_2023_conv::w000::kv_capacity::kv_8000::step57794,VALID_STRONGLY_CONSTRAINED,1.0,0
0.00390625,kv_capacity,phase_d_v1::azure_2023_conv::w000::kv_capacity::kv_8000::step57794::alt00::a0704cedd8bbde97,COUNTERFACTUAL,"{""admit"":{""0"":[187]},""hold_decode"":{},""migrate"":{},""preempt"":{},""prefill_chunk_override"":{},""swap"":{}}",a0704cedd8bbde973b304aa8a3c545a1a23f677f5a31f49fd1a5b3a2bd1e1e5a,True,1.0,kv_8000,kv_constrained_online,57794,57.794000000000004,3881,0.024595,0,,True,0,0.321125,True,0.242771,5,200,0,200,0.449544,"full_prefill,chunked_prefill_small,estimated_service_time_first,weighted_fair_share,least_laxity_first",False,1.0,0.005,sustained+high_valid_pressure,0,952bd353c79bef75dea529eeb46f1ee1ac61a4efb946ed96403fe542a094c856,industry_realism_causal_headroom_phase_d_v1.results.0.0,61.675,0.0,azure_2023_conv,phase_d_v1::azure_2023_conv::w000::kv_capacity::kv_8000::step57794,VALID_STRONGLY_CONSTRAINED,1.0,0
0.00390625,kv_capacity,phase_d_v1::azure_2023_conv::w004::kv_capacity::kv_8000::step3226::sbs_reference,SBS_REFERENCE,"{""admit"":{},""hold_decode"":{},""migrate"":{},""preempt"":{},""prefill_chunk_override"":{},""swap"":{}}",952bd353c79bef75dea529eeb46f1ee1ac61a4efb946ed96403fe542a094c856,,1.0,kv_8000,kv_constrained_online,3226,3.226,30893,0.255005,0,,True,1,0.334,True,0.210974,,200,0,200,0.434516,,False,1.0,0.005,sustained+high_valid_pressure,0,952bd353c79bef75dea529eeb46f1ee1ac61a4efb946ed96403fe542a094c856,industry_realism_causal_headroom_phase_d_v1.results.0.0,34.119,0.0,azure_2023_conv,phase_d_v1::azure_2023_conv::w004::kv_capacity::kv_8000::step3226,VALID_STRONGLY_CONSTRAINED,1.0,4
0.00390625,kv_capacity,phase_d_v1::azure_2023_conv::w004::kv_capacity::kv_8000::step3226::alt00::9f0b896f3edebfbf,COUNTERFACTUAL,"{""admit"":{""0"":[20]},""hold_decode"":{},""migrate"":{},""preempt"":{},""prefill_chunk_override"":{},""swap"":{}}",9f0b896f3edebfbfbc0b6b36cb8f86d3686a90d043083864eeca462da0505481,True,1.0,kv_8000,kv_constrained_online,3226,3.226,30893,0.264565,0,,True,0,0.334,True,0.210674,5,200,0,200,0.434516,"full_prefill,chunked_prefill_small,estimated_service_time_first,weighted_fair_share,least_laxity_first",False,1.0,0.005,sustained+high_valid_pressure,0,952bd353c79bef75dea529eeb46f1ee1ac61a4efb946ed96403fe542a094c856,industry_realism_causal_headroom_phase_d_v1.results.0.0,34.119,0.0,azure_2023_conv,phase_d_v1::azure_2023_conv::w004::kv_capacity::kv_8000::step3226,VALID_STRONGLY_CONSTRAINED,1.0,4
0.00390625,kv_capacity,phase_d_v1::azure_2023_conv::w004::kv_capacity::kv_8000::step4124::sbs_reference,SBS_REFERENCE,"{""admit"":{},""hold_decode"":{},""migrate"":{},""preempt"":{},""prefill_chunk_override"":{},""swap"":{}}",952bd353c79bef75dea529eeb46f1ee1ac61a4efb946ed96403fe542a094c856,,1.0,kv_8000,kv_constrained_online,4124,4.124,29995,0.437558,0,,True,1,0.34775,True,0.210974,,200,0,200,0.434516,,False,1.0,0.005,sustained+high_valid_pressure,0,952bd353c79bef75dea529eeb46f1ee1ac61a4efb946ed96403fe542a094c856,industry_realism_causal_headroom_phase_d_v1.results.0.0,34.119,0.0,azure_2023_conv,phase_d_v1::azure_2023_conv::w004::kv_capacity::kv_8000::step4124,VALID_STRONGLY_CONSTRAINED,1.0,4
0.00390625,kv_capacity,phase_d_v1::azure_2023_conv::w004::kv_capacity::kv_8000::step4124::alt00::bd022e84eb45ac05,COUNTERFACTUAL,"{""admit"":{""0"":[28]},""hold_decode"":{},""migrate"":{},""preempt"":{},""prefill_chunk_override"":{},""swap"":{}}",bd022e84eb45ac05a64278cd1150e5c7b9d8ced81317231eea26e29e85b93a87,True,1.0,kv_8000,kv_constrained_online,4124,4.124,29995,0.448969,0,,True,0,0.34775,True,0.210144,5,200,0,200,0.434516,"full_prefill,chunked_prefill_small,estimated_service_time_first,weighted_fair_share,least_laxity_first",False,1.0,0.005,sustained+high_valid_pressure,0,952bd353c79bef75dea529eeb46f1ee1ac61a4efb946ed96403fe542a094c856,industry_realism_causal_headroom_phase_d_v1.results.0.0,34.119,0.0,azure_2023_conv,phase_d_v1::azure_2023_conv::w004::kv_capacity::kv_8000::step4124,VALID_STRONGLY_CONSTRAINED,1.0,4
0.00390625,kv_capacity,phase_d_v1::azure_2023_conv::w004::kv_capacity::kv_8000::step4180::sbs_reference,SBS_REFERENCE,"{""admit"":{},""hold_decode"":{},""migrate"":{},""preempt"":{},""prefill_chunk_override"":{},""swap"":{}}",952bd353c79bef75dea529eeb46f1ee1ac61a4efb946ed96403fe542a094c856,,1.0,kv_8000,kv_constrained_online,4180,4.18,29939,0.265698,0,,True,1,0.36175,True,0.210974,,200,0,200,0.434516,,False,1.0,0.005,sustained+high_valid_pressure,0,952bd353c79bef75dea529eeb46f1ee1ac61a4efb946ed96403fe542a094c856,industry_realism_causal_headroom_phase_d_v1.results.0.0,34.119,0.0,azure_2023_conv,phase_d_v1::azure_2023_conv::w004::kv_capacity::kv_8000::step4180,VALID_STRONGLY_CONSTRAINED,1.0,4
0.00390625,kv_capacity,phase_d_v1::azure_2023_conv::w004::kv_capacity::kv_8000::step4180::alt00::bd022e84eb45ac05,COUNTERFACTUAL,"{""admit"":{""0"":[28]},""hold_decode"":{},""migrate"":{},""preempt"":{},""prefill_chunk_override"":{},""swap"":{}}",bd022e84eb45ac05a64278cd1150e5c7b9d8ced81317231eea26e29e85b93a87,True,1.0,kv_8000,kv_constrained_online,4180,4.18,29939,0.279429,0,,True,0,0.36175,True,0.210424,5,200,0,200,0.434516,"full_prefill,chunked_prefill_small,estimated_service_time_first,weighted_fair_share,least_laxity_first",False,1.0,0.005,sustained+high_valid_pressure,0,952bd353c79bef75dea529eeb46f1ee1ac61a4efb946ed96403fe542a094c856,industry_realism_causal_headroom_phase_d_v1.results.0.0,34.119,0.0,azure_2023_conv,phase_d_v1::azure_2023_conv::w004::kv_capacity::kv_8000::step4180,VALID_STRONGLY_CONSTRAINED,1.0,4
0.00390625,kv_capacity,phase_d_v1::azure_2023_conv::w004::kv_capacity::kv_8000::step4262::sbs_reference,SBS_REFERENCE,"{""admit"":{},""hold_decode"":{},""migrate"":{},""preempt"":{},""prefill_chunk_override"":{},""swap"":{}}",952bd353c79bef75dea529eeb46f1ee1ac61a4efb946ed96403fe542a094c856,,1.0,kv_8000,kv_constrained_online,4262,4.2620000000000005,29857,0.252124,0,,True,1,0.38225,True,0.210974,,200,0,200,0.434516,,False,1.0,0.005,sustained+high_valid_pressure,0,952bd353c79bef75dea529eeb46f1ee1ac61a4efb946ed96403fe542a094c856,industry_realism_causal_headroom_phase_d_v1.results.0.0,34.119,0.0,azure_2023_conv,phase_d_v1::azure_2023_conv::w004::kv_capacity::kv_8000::step4262,VALID_STRONGLY_CONSTRAINED,1.0,4
0.00390625,kv_capacity,phase_d_v1::azure_2023_conv::w004::kv_capacity::kv_8000::step4262::alt00::bd022e84eb45ac05,COUNTERFACTUAL,"{""admit"":{""0"":[28]},""hold_decode"":{},""migrate"":{},""preempt"":{},""prefill_chunk_override"":{},""swap"":{}}",bd022e84eb45ac05a64278cd1150e5c7b9d8ced81317231eea26e29e85b93a87,True,1.0,kv_8000,kv_constrained_online,4262,4.2620000000000005,29857,0.249145,0,,True,0,0.38225,True,0.210834,5,200,0,200,0.434516,"full_prefill,chunked_prefill_small,estimated_service_time_first,weighted_fair_share,least_laxity_first",False,1.0,0.005,sustained+high_valid_pressure,0,952bd353c79bef75dea529eeb46f1ee1ac61a4efb946ed96403fe542a094c856,industry_realism_causal_headroom_phase_d_v1.results.0.0,34.119,0.0,azure_2023_conv,phase_d_v1::azure_2023_conv::w004::kv_capacity::kv_8000::step4262,VALID_STRONGLY_CONSTRAINED,1.0,4
0.00390625,kv_capacity,phase_d_v1::azure_2023_conv::w004::kv_capacity::kv_8000::step5407::sbs_reference,SBS_REFERENCE,"{""admit"":{},""hold_decode"":{},""migrate"":{},""preempt"":{},""prefill_chunk_override"":{},""swap"":{}}",952bd353c79bef75dea529eeb46f1ee1ac61a4efb946ed96403fe542a094c856,,1.0,kv_8000,kv_constrained_online,5407,5.407,28712,0.269592,0,,True,1,0.33,True,0.210974,,200,0,200,0.434516,,False,1.0,0.005,sustained+high_valid_pressure,0,952bd353c79bef75dea529eeb46f1ee1ac61a4efb946ed96403fe542a094c856,industry_realism_causal_headroom_phase_d_v1.results.0.0,34.119,0.0,azure_2023_conv,phase_d_v1::azure_2023_conv::w004::kv_capacity::kv_8000::step5407,VALID_STRONGLY_CONSTRAINED,1.0,4
0.00390625,kv_capacity,phase_d_v1::azure_2023_conv::w004::kv_capacity::kv_8000::step5407::alt00::cb19b6d7fd9cb631,COUNTERFACTUAL,"{""admit"":{""0"":[38]},""hold_decode"":{},""migrate"":{},""preempt"":{},""prefill_chunk_override"":{},""swap"":{}}",cb19b6d7fd9cb631d8c63a0ac016f8c64b5dd0c64d1d9cdd30e0977815384a9b,True,1.0,kv_8000,kv_constrained_online,5407,5.407,28712,0.235326,0,,True,0,0.33,True,0.210964,5,200,0,200,0.434516,"full_prefill,chunked_prefill_small,estimated_service_time_first,weighted_fair_share,least_laxity_first",False,1.0,0.005,sustained+high_valid_pressure,0,952bd353c79bef75dea529eeb46f1ee1ac61a4efb946ed96403fe542a094c856,industry_realism_causal_headroom_phase_d_v1.results.0.0,34.119,0.0,azure_2023_conv,phase_d_v1::azure_2023_conv::w004::kv_capacity::kv_8000::step5407,VALID_STRONGLY_CONSTRAINED,1.0,4
0.00390625,kv_capacity,phase_d_v1::azure_2023_conv::w004::kv_capacity::kv_8000::step7061::sbs_reference,SBS_REFERENCE,"{""admit"":{},""hold_decode"":{},""migrate"":{},""preempt"":{},""prefill_chunk_override"":{},""swap"":{}}",952bd353c79bef75dea529eeb46f1ee1ac61a4efb946ed96403fe542a094c856,,1.0,kv_8000,kv_constrained_online,7061,7.061,27058,0.216817,0,,True,1,0.342875,True,0.210974,,200,0,200,0.434516,,False,1.0,0.005,sustained+high_valid_pressure,0,952bd353c79bef75dea529eeb46f1ee1ac61a4efb946ed96403fe542a094c856,industry_realism_causal_headroom_phase_d_v1.results.0.0,34.119,0.0,azure_2023_conv,phase_d_v1::azure_2023_conv::w004::kv_capacity::kv_8000::step7061,VALID_STRONGLY_CONSTRAINED,1.0,4
0.00390625,kv_capacity,phase_d_v1::azure_2023_conv::w004::kv_capacity::kv_8000::step7061::alt00::a82007f6fec8355f,COUNTERFACTUAL,"{""admit"":{""0"":[52]},""hold_decode"":{},""migrate"":{},""preempt"":{},""prefill_chunk_override"":{},""swap"":{}}",a82007f6fec8355f021c1c65715f0e48d38e8399df4c66640851c068278f023b,True,1.0,kv_8000,kv_constrained_online,7061,7.061,27058,0.218495,0,,True,0,0.342875,True,0.210704,5,200,0,200,0.434516,"full_prefill,chunked_prefill_small,estimated_service_time_first,weighted_fair_share,least_laxity_first",False,1.0,0.005,sustained+high_valid_pressure,0,952bd353c79bef75dea529eeb46f1ee1ac61a4efb946ed96403fe542a094c856,industry_realism_causal_headroom_phase_d_v1.results.0.0,34.119,0.0,azure_2023_conv,phase_d_v1::azure_2023_conv::w004::kv_capacity::kv_8000::step7061,VALID_STRONGLY_CONSTRAINED,1.0,4
0.00390625,kv_capacity,phase_d_v1::azure_2023_conv::w004::kv_capacity::kv_8000::step13697::sbs_reference,SBS_REFERENCE,"{""admit"":{},""hold_decode"":{},""migrate"":{},""preempt"":{},""prefill_chunk_override"":{},""swap"":{}}",952bd353c79bef75dea529eeb46f1ee1ac61a4efb946ed96403fe542a094c856,,1.0,kv_8000,kv_constrained_online,13697,13.697000000000001,20422,0.197421,0,,True,1,0.327375,True,0.210974,,200,0,200,0.434516,,False,1.0,0.005,sustained+high_valid_pressure,0,952bd353c79bef75dea529eeb46f1ee1ac61a4efb946ed96403fe542a094c856,industry_realism_causal_headroom_phase_d_v1.results.0.0,34.119,0.0,azure_2023_conv,phase_d_v1::azure_2023_conv::w004::kv_capacity::kv_8000::step13697,VALID_STRONGLY_CONSTRAINED,1.0,4
0.00390625,kv_capacity,phase_d_v1::azure_2023_conv::w004::kv_capacity::kv_8000::step13697::alt00::c2cc8101924352a2,COUNTERFACTUAL,"{""admit"":{""0"":[82]},""hold_decode"":{},""migrate"":{},""preempt"":{},""prefill_chunk_override"":{},""swap"":{}}",c2cc8101924352a22d2f65d37d465c41c64fbd94dbd69d132a6127bae7b393ba,True,1.0,kv_8000,kv_constrained_online,13697,13.697000000000001,20422,0.168655,0,,True,0,0.327375,True,0.210259,5,200,0,200,0.434516,"full_prefill,chunked_prefill_small,estimated_service_time_first,weighted_fair_share,least_laxity_first",False,1.0,0.005,sustained+high_valid_pressure,0,952bd353c79bef75dea529eeb46f1ee1ac61a4efb946ed96403fe542a094c856,industry_realism_causal_headroom_phase_d_v1.results.0.0,34.119,0.0,azure_2023_conv,phase_d_v1::azure_2023_conv::w004::kv_capacity::kv_8000::step13697,VALID_STRONGLY_CONSTRAINED,1.0,4
0.00390625,kv_capacity,phase_d_v1::azure_2023_conv::w004::kv_capacity::kv_8000::step13701::sbs_reference,SBS_REFERENCE,"{""admit"":{},""hold_decode"":{},""migrate"":{},""preempt"":{},""prefill_chunk_override"":{},""swap"":{}}",952bd353c79bef75dea529eeb46f1ee1ac61a4efb946ed96403fe542a094c856,,1.0,kv_8000,kv_constrained_online,13701,13.701,20418,0.172084,0,,True,1,0.328375,True,0.210974,,200,0,200,0.434516,,False,1.0,0.005,sustained+high_valid_pressure,0,952bd353c79bef75dea529eeb46f1ee1ac61a4efb946ed96403fe542a094c856,industry_realism_causal_headroom_phase_d_v1.results.0.0,34.119,0.0,azure_2023_conv,phase_d_v1::azure_2023_conv::w004::kv_capacity::kv_8000::step13701,VALID_STRONGLY_CONSTRAINED,1.0,4
0.00390625,kv_capacity,phase_d_v1::azure_2023_conv::w004::kv_capacity::kv_8000::step13701::alt00::c2cc8101924352a2,COUNTERFACTUAL,"{""admit"":{""0"":[82]},""hold_decode"":{},""migrate"":{},""preempt"":{},""prefill_chunk_override"":{},""swap"":{}}",c2cc8101924352a22d2f65d37d465c41c64fbd94dbd69d132a6127bae7b393ba,True,1.0,kv_8000,kv_constrained_online,13701,13.701,20418,0.192938,0,,True,0,0.328375,True,0.210279,5,200,0,200,0.434516,"full_prefill,chunked_prefill_small,estimated_service_time_first,weighted_fair_share,least_laxity_first",False,1.0,0.005,sustained+high_valid_pressure,0,952bd353c79bef75dea529eeb46f1ee1ac61a4efb946ed96403fe542a094c856,industry_realism_causal_headroom_phase_d_v1.results.0.0,34.119,0.0,azure_2023_conv,phase_d_v1::azure_2023_conv::w004::kv_capacity::kv_8000::step13701,VALID_STRONGLY_CONSTRAINED,1.0,4
0.005859375,kv_capacity,phase_d_v1::azure_2023_conv::w004::kv_capacity::kv_8000::step32145::sbs_reference,SBS_REFERENCE,"{""admit"":{},""hold_decode"":{},""migrate"":{},""preempt"":{},""prefill_chunk_override"":{},""swap"":{}}",952bd353c79bef75dea529eeb46f1ee1ac61a4efb946ed96403fe542a094c856,,1.0,kv_8000,kv_constrained_online,32145,32.145,1974,0.00948,0,,True,1,0.4065,True,0.210974,,200,0,200,0.434516,,False,1.0,0.01,sustained+high_valid_pressure,1,952bd353c79bef75dea529eeb46f1ee1ac61a4efb946ed96403fe542a094c856,industry_realism_causal_headroom_phase_d_v1.results.0.0,34.119,0.0,azure_2023_conv,phase_d_v1::azure_2023_conv::w004::kv_capacity::kv_8000::step32145,VALID_STRONGLY_CONSTRAINED,1.0,4
0.005859375,kv_capacity,phase_d_v1::azure_2023_conv::w004::kv_capacity::kv_8000::step32145::alt00::b19658d0194088b3,COUNTERFACTUAL,"{""admit"":{""0"":[190]},""hold_decode"":{},""migrate"":{},""preempt"":{},""prefill_chunk_override"":{},""swap"":{}}",b19658d0194088b34d1c60dacdb745f7ee4483b7a003b489d7741ba4b7e12741,True,1.0,kv_8000,kv_constrained_online,32145,32.145,1974,0.009416,0,,True,0,0.4065,True,0.211129,4,200,0,200,0.434516,"full_prefill,chunked_prefill_small,estimated_service_time_first,weighted_fair_share",False,1.0,0.01,sustained+high_valid_pressure,1,952bd353c79bef75dea529eeb46f1ee1ac61a4efb946ed96403fe542a094c856,industry_realism_causal_headroom_phase_d_v1.results.0.0,34.119,0.0,azure_2023_conv,phase_d_v1::azure_2023_conv::w004::kv_capacity::kv_8000::step32145,VALID_STRONGLY_CONSTRAINED,1.0,4
0.005859375,kv_capacity,phase_d_v1::azure_2023_conv::w004::kv_capacity::kv_8000::step32145::alt01::78b6ffce86b8ef99,COUNTERFACTUAL,"{""admit"":{""0"":[191]},""hold_decode"":{},""migrate"":{},""preempt"":{},""prefill_chunk_override"":{},""swap"":{}}",78b6ffce86b8ef997f3be28cf6f1bc6e41d607b0adf8a82a1848cc0b33467fee,True,1.0,kv_8000,kv_constrained_online,32145,32.145,1974,0.009709,0,,True,0,0.4065,True,0.211129,1,200,0,200,0.434516,least_laxity_first,False,1.0,0.01,sustained+high_valid_pressure,1,952bd353c79bef75dea529eeb46f1ee1ac61a4efb946ed96403fe542a094c856,industry_realism_causal_headroom_phase_d_v1.results.0.0,34.119,0.0,azure_2023_conv,phase_d_v1::azure_2023_conv::w004::kv_capacity::kv_8000::step32145,VALID_STRONGLY_CONSTRAINED,1.0,4
0.005859375,kv_capacity,phase_d_v1::azure_2023_conv::w008::kv_capacity::kv_8000::step2965::sbs_reference,SBS_REFERENCE,"{""admit"":{},""hold_decode"":{},""migrate"":{},""preempt"":{},""prefill_chunk_override"":{},""swap"":{}}",952bd353c79bef75dea529eeb46f1ee1ac61a4efb946ed96403fe542a094c856,,1.0,kv_8000,kv_constrained_online,2965,2.965,42743,0.417364,0,,True,1,0.517,True,0.281227,,200,0,200,0.483552,,False,1.0,0.005,sustained+high_valid_pressure,0,952bd353c79bef75dea529eeb46f1ee1ac61a4efb946ed96403fe542a094c856,industry_realism_causal_headroom_phase_d_v1.results.0.0,45.708,0.0,azure_2023_conv,phase_d_v1::azure_2023_conv::w008::kv_capacity::kv_8000::step2965,VALID_STRONGLY_CONSTRAINED,1.0,8
0.005859375,kv_capacity,phase_d_v1::azure_2023_conv::w008::kv_capacity::kv_8000::step2965::alt00::0066d038b8695f2e,COUNTERFACTUAL,"{""admit"":{""0"":[13]},""hold_decode"":{},""migrate"":{},""preempt"":{},""prefill_chunk_override"":{},""swap"":{}}",0066d038b8695f2e5c8473c15052ee69d50c5f86a617b6a9ca05ee76a957ef5d,True,1.0,kv_8000,kv_constrained_online,2965,2.965,42743,0.42329,0,,True,0,0.517,True,0.280927,5,200,0,200,0.483552,"full_prefill,chunked_prefill_small,estimated_service_time_first,weighted_fair_share,least_laxity_first",False,1.0,0.005,sustained+high_valid_pressure,0,952bd353c79bef75dea529eeb46f1ee1ac61a4efb946ed96403fe542a094c856,industry_realism_causal_headroom_phase_d_v1.results.0.0,45.708,0.0,azure_2023_conv,phase_d_v1::azure_2023_conv::w008::kv_capacity::kv_8000::step2965,VALID_STRONGLY_CONSTRAINED,1.0,8
0.005859375,kv_capacity,phase_d_v1::azure_2023_conv::w008::kv_capacity::kv_8000::step2974::sbs_reference,SBS_REFERENCE,"{""admit"":{},""hold_decode"":{},""migrate"":{},""preempt"":{},""prefill_chunk_override"":{},""swap"":{}}",952bd353c79bef75dea529eeb46f1ee1ac61a4efb946ed96403fe542a094c856,,1.0,kv_8000,kv_constrained_online,2974,2.974,42734,0.370246,0,,True,1,0.520375,True,0.281227,,200,0,200,0.483552,,False,1.0,0.005,sustained+high_valid_pressure,0,952bd353c79bef75dea529eeb46f1ee1ac61a4efb946ed96403fe542a094c856,industry_realism_causal_headroom_phase_d_v1.results.0.0,45.708,0.0,azure_2023_conv,phase_d_v1::azure_2023_conv::w008::kv_capacity::kv_8000::step2974,VALID_STRONGLY_CONSTRAINED,1.0,8
0.005859375,kv_capacity,phase_d_v1::azure_2023_conv::w008::kv_capacity::kv_8000::step2974::alt00::0066d038b8695f2e,COUNTERFACTUAL,"{""admit"":{""0"":[13]},""hold_decode"":{},""migrate"":{},""preempt"":{},""prefill_chunk_override"":{},""swap"":{}}",0066d038b8695f2e5c8473c15052ee69d50c5f86a617b6a9ca05ee76a957ef5d,True,1.0,kv_8000,kv_constrained_online,2974,2.974,42734,0.430813,0,,True,0,0.520375,True,0.281027,5,200,0,200,0.483552,"full_prefill,chunked_prefill_small,estimated_service_time_first,weighted_fair_share,least_laxity_first",False,1.0,0.005,sustained+high_valid_pressure,0,952bd353c79bef75dea529eeb46f1ee1ac61a4efb946ed96403fe542a094c856,industry_realism_causal_headroom_phase_d_v1.results.0.0,45.708,0.0,azure_2023_conv,phase_d_v1::azure_2023_conv::w008::kv_capacity::kv_8000::step2974,VALID_STRONGLY_CONSTRAINED,1.0,8
0.0078125,kv_capacity,phase_d_v1::azure_2023_conv::w008::kv_capacity::kv_8000::step3128::sbs_reference,SBS_REFERENCE,"{""admit"":{},""hold_decode"":{},""migrate"":{},""preempt"":{},""prefill_chunk_override"":{},""swap"":{}}",952bd353c79bef75dea529eeb46f1ee1ac61a4efb946ed96403fe542a094c856,,1.0,kv_8000,kv_constrained_online,3128,3.128,42580,0.401524,0,,True,1,0.77975,True,0.281227,,200,0,200,0.483552,,False,1.0,0.005,sustained+high_valid_pressure,0,952bd353c79bef75dea529eeb46f1ee1ac61a4efb946ed96403fe542a094c856,industry_realism_causal_headroom_phase_d_v1.results.0.0,45.708,0.0,azure_2023_conv,phase_d_v1::azure_2023_conv::w008::kv_capacity::kv_8000::step3128,VALID_STRONGLY_CONSTRAINED,1.0,8
0.0078125,kv_capacity,phase_d_v1::azure_2023_conv::w008::kv_capacity::kv_8000::step3128::alt00::80ab67f8134da5ae,COUNTERFACTUAL,"{""admit"":{""0"":[14]},""hold_decode"":{},""migrate"":{},""preempt"":{},""prefill_chunk_override"":{},""swap"":{}}",80ab67f8134da5aeb5c735436fc3b2a73592eddc87d581b55662421f346a511b,True,1.0,kv_8000,kv_constrained_online,3128,3.128,42580,0.390712,0,,True,0,0.77975,True,0.281192,5,200,0,200,0.483552,"full_prefill,chunked_prefill_small,estimated_service_time_first,weighted_fair_share,least_laxity_first",False,1.0,0.005,sustained+high_valid_pressure,0,952bd353c79bef75dea529eeb46f1ee1ac61a4efb946ed96403fe542a094c856,industry_realism_causal_headroom_phase_d_v1.results.0.0,45.708,0.0,azure_2023_conv,phase_d_v1::azure_2023_conv::w008::kv_capacity::kv_8000::step3128,VALID_STRONGLY_CONSTRAINED,1.0,8
0.005859375,kv_capacity,phase_d_v1::azure_2023_conv::w008::kv_capacity::kv_8000::step21714::sbs_reference,SBS_REFERENCE,"{""admit"":{},""hold_decode"":{},""migrate"":{},""preempt"":{},""prefill_chunk_override"":{},""swap"":{}}",952bd353c79bef75dea529eeb46f1ee1ac61a4efb946ed96403fe542a094c856,,1.0,kv_8000,kv_constrained_online,21714,21.714000000000002,23994,0.199706,0,,True,1,0.483375,True,0.281227,,200,0,200,0.483552,,False,1.0,0.005,sustained+high_valid_pressure,0,952bd353c79bef75dea529eeb46f1ee1ac61a4efb946ed96403fe542a094c856,industry_realism_causal_headroom_phase_d_v1.results.0.0,45.708,0.0,azure_2023_conv,phase_d_v1::azure_2023_conv::w008::kv_capacity::kv_8000::step21714,VALID_STRONGLY_CONSTRAINED,1.0,8
0.005859375,kv_capacity,phase_d_v1::azure_2023_conv::w008::kv_capacity::kv_8000::step21714::alt00::6a67fcec82f09a82,COUNTERFACTUAL,"{""admit"":{""0"":[99]},""hold_decode"":{},""migrate"":{},""preempt"":{},""prefill_chunk_override"":{},""swap"":{}}",6a67fcec82f09a827957d25ff083768cd80894d4fe1da305098c7ace3d7f00ec,True,1.0,kv_8000,kv_constrained_online,21714,21.714000000000002,23994,0.201422,0,,True,0,0.483375,True,0.281117,5,200,0,200,0.483552,"full_prefill,chunked_prefill_small,estimated_service_time_first,weighted_fair_share,least_laxity_first",False,1.0,0.005,sustained+high_valid_pressure,0,952bd353c79bef75dea529eeb46f1ee1ac61a4efb946ed96403fe542a094c856,industry_realism_causal_headroom_phase_d_v1.results.0.0,45.708,0.0,azure_2023_conv,phase_d_v1::azure_2023_conv::w008::kv_capacity::kv_8000::step21714,VALID_STRONGLY_CONSTRAINED,1.0,8
0.00390625,kv_capacity,phase_d_v1::azure_2023_conv::w008::kv_capacity::kv_8000::step28288::sbs_reference,SBS_REFERENCE,"{""admit"":{},""hold_decode"":{},""migrate"":{},""preempt"":{},""prefill_chunk_override"":{},""swap"":{}}",952bd353c79bef75dea529eeb46f1ee1ac61a4efb946ed96403fe542a094c856,,1.0,kv_8000,kv_constrained_online,28288,28.288,17420,0.210947,0,,True,1,0.318875,True,0.281227,,200,0,200,0.483552,,False,1.0,0.005,sustained+high_valid_pressure,0,952bd353c79bef75dea529eeb46f1ee1ac61a4efb946ed96403fe542a094c856,industry_realism_causal_headroom_phase_d_v1.results.0.0,45.708,0.0,azure_2023_conv,phase_d_v1::azure_2023_conv::w008::kv_capacity::kv_8000::step28288,VALID_STRONGLY_CONSTRAINED,1.0,8
0.00390625,kv_capacity,phase_d_v1::azure_2023_conv::w008::kv_capacity::kv_8000::step28288::alt00::b8ddbdc3b2e90533,COUNTERFACTUAL,"{""admit"":{""0"":[131]},""hold_decode"":{},""migrate"":{},""preempt"":{},""prefill_chunk_override"":{},""swap"":{}}",b8ddbdc3b2e9053338d8ab6bda6501d653f818e43bdac5737692cfdb8547059b,True,1.0,kv_8000,kv_constrained_online,28288,28.288,17420,0.134096,0,,True,0,0.318875,True,0.280482,5,200,0,200,0.483552,"full_prefill,chunked_prefill_small,estimated_service_time_first,weighted_fair_share,least_laxity_first",False,1.0,0.005,sustained+high_valid_pressure,0,952bd353c79bef75dea529eeb46f1ee1ac61a4efb946ed96403fe542a094c856,industry_realism_causal_headroom_phase_d_v1.results.0.0,45.708,0.0,azure_2023_conv,phase_d_v1::azure_2023_conv::w008::kv_capacity::kv_8000::step28288,VALID_STRONGLY_CONSTRAINED,1.0,8
0.00390625,kv_capacity,phase_d_v1::azure_2023_conv::w008::kv_capacity::kv_8000::step28369::sbs_reference,SBS_REFERENCE,"{""admit"":{},""hold_decode"":{},""migrate"":{},""preempt"":{},""prefill_chunk_override"":{},""swap"":{}}",952bd353c79bef75dea529eeb46f1ee1ac61a4efb946ed96403fe542a094c856,,1.0,kv_8000,kv_constrained_online,28369,28.369,17339,0.135816,0,,True,1,0.339125,True,0.281227,,200,0,200,0.483552,,False,1.0,0.005,sustained+high_valid_pressure,0,952bd353c79bef75dea529eeb46f1ee1ac61a4efb946ed96403fe542a094c856,industry_realism_causal_headroom_phase_d_v1.results.0.0,45.708,0.0,azure_2023_conv,phase_d_v1::azure_2023_conv::w008::kv_capacity::kv_8000::step28369,VALID_STRONGLY_CONSTRAINED,1.0,8
0.00390625,kv_capacity,phase_d_v1::azure_2023_conv::w008::kv_capacity::kv_8000::step28369::alt00::b8ddbdc3b2e90533,COUNTERFACTUAL,"{""admit"":{""0"":[131]},""hold_decode"":{},""migrate"":{},""preempt"":{},""prefill_chunk_override"":{},""swap"":{}}",b8ddbdc3b2e9053338d8ab6bda6501d653f818e43bdac5737692cfdb8547059b,True,1.0,kv_8000,kv_constrained_online,28369,28.369,17339,0.174635,0,,True,0,0.339125,True,0.280887,5,200,0,200,0.483552,"full_prefill,chunked_prefill_small,estimated_service_time_first,weighted_fair_share,least_laxity_first",False,1.0,0.005,sustained+high_valid_pressure,0,952bd353c79bef75dea529eeb46f1ee1ac61a4efb946ed96403fe542a094c856,industry_realism_causal_headroom_phase_d_v1.results.0.0,45.708,0.0,azure_2023_conv,phase_d_v1::azure_2023_conv::w008::kv_capacity::kv_8000::step28369,VALID_STRONGLY_CONSTRAINED,1.0,8
0.001953125,kv_capacity,phase_d_v1::azure_2023_conv::w008::kv_capacity::kv_8000::step43643::sbs_reference,SBS_REFERENCE,"{""admit"":{""0"":[189]},""hold_decode"":{},""migrate"":{},""preempt"":{},""prefill_chunk_override"":{},""swap"":{}}",a6586e1266c0720fd8fd8ce31bbfe2e4764192f5bf98b385198ef4f9e300ebb3,,1.0,kv_8000,kv_constrained_online,43643,43.643,2065,0.025263,0,,True,1,0.1625,True,0.281227,,200,0,200,0.483552,,False,1.0,0.01,sustained+high_valid_pressure,1,a6586e1266c0720fd8fd8ce31bbfe2e4764192f5bf98b385198ef4f9e300ebb3,industry_realism_causal_headroom_phase_d_v1.results.0.0,45.708,0.0,azure_2023_conv,phase_d_v1::azure_2023_conv::w008::kv_capacity::kv_8000::step43643,VALID_STRONGLY_CONSTRAINED,1.0,8
0.001953125,kv_capacity,phase_d_v1::azure_2023_conv::w008::kv_capacity::kv_8000::step43643::alt00::1f536539229e95a7,COUNTERFACTUAL,"{""admit"":{""0"":[186]},""hold_decode"":{},""migrate"":{},""preempt"":{},""prefill_chunk_override"":{},""swap"":{}}",1f536539229e95a7f86894f888fb03fb2fde7d55b9a8ffc7e71faccc65af0f87,True,1.0,kv_8000,kv_constrained_online,43643,43.643,2065,0.02322,0,,True,0,0.1625,True,0.277917,3,200,0,200,0.483552,"full_prefill,chunked_prefill_small,least_laxity_first",False,1.0,0.01,sustained+high_valid_pressure,1,a6586e1266c0720fd8fd8ce31bbfe2e4764192f5bf98b385198ef4f9e300ebb3,industry_realism_causal_headroom_phase_d_v1.results.0.0,45.708,0.0,azure_2023_conv,phase_d_v1::azure_2023_conv::w008::kv_capacity::kv_8000::step43643,VALID_STRONGLY_CONSTRAINED,1.0,8
0.001953125,kv_capacity,phase_d_v1::azure_2023_conv::w008::kv_capacity::kv_8000::step44149::sbs_reference,SBS_REFERENCE,"{""admit"":{},""hold_decode"":{},""migrate"":{},""preempt"":{},""prefill_chunk_override"":{},""swap"":{}}",952bd353c79bef75dea529eeb46f1ee1ac61a4efb946ed96403fe542a094c856,,1.0,kv_8000,kv_constrained_online,44149,44.149,1559,0.014429,0,,True,1,0.179125,True,0.281227,,200,0,200,0.483552,,False,1.0,0.005,sustained+high_valid_pressure,0,952bd353c79bef75dea529eeb46f1ee1ac61a4efb946ed96403fe542a094c856,industry_realism_causal_headroom_phase_d_v1.results.0.0,45.708,0.0,azure_2023_conv,phase_d_v1::azure_2023_conv::w008::kv_capacity::kv_8000::step44149,VALID_STRONGLY_CONSTRAINED,1.0,8
0.001953125,kv_capacity,phase_d_v1::azure_2023_conv::w008::kv_capacity::kv_8000::step44149::alt00::1f536539229e95a7,COUNTERFACTUAL,"{""admit"":{""0"":[186]},""hold_decode"":{},""migrate"":{},""preempt"":{},""prefill_chunk_override"":{},""swap"":{}}",1f536539229e95a7f86894f888fb03fb2fde7d55b9a8ffc7e71faccc65af0f87,True,1.0,kv_8000,kv_constrained_online,44149,44.149,1559,0.013629,0,,True,0,0.179125,True,0.280247,5,200,0,200,0.483552,"full_prefill,chunked_prefill_small,estimated_service_time_first,weighted_fair_share,least_laxity_first",False,1.0,0.005,sustained+high_valid_pressure,0,952bd353c79bef75dea529eeb46f1ee1ac61a4efb946ed96403fe542a094c856,industry_realism_causal_headroom_phase_d_v1.results.0.0,45.708,0.0,azure_2023_conv,phase_d_v1::azure_2023_conv::w008::kv_capacity::kv_8000::step44149,VALID_STRONGLY_CONSTRAINED,1.0,8
0.001953125,kv_capacity,phase_d_v1::azure_2023_conv::w008::kv_capacity::kv_8000::step44321::sbs_reference,SBS_REFERENCE,"{""admit"":{},""hold_decode"":{},""migrate"":{},""preempt"":{},""prefill_chunk_override"":{},""swap"":{}}",952bd353c79bef75dea529eeb46f1ee1ac61a4efb946ed96403fe542a094c856,,1.0,kv_8000,kv_constrained_online,44321,44.321,1387,0.011845,0,,True,1,0.806,True,0.281227,,200,0,200,0.483552,,False,1.0,0.005,sustained+high_valid_pressure,0,952bd353c79bef75dea529eeb46f1ee1ac61a4efb946ed96403fe542a094c856,industry_realism_causal_headroom_phase_d_v1.results.0.0,45.708,0.0,azure_2023_conv,phase_d_v1::azure_2023_conv::w008::kv_capacity::kv_8000::step44321,VALID_STRONGLY_CONSTRAINED,1.0,8
0.001953125,kv_capacity,phase_d_v1::azure_2023_conv::w008::kv_capacity::kv_8000::step44321::alt00::e8dd01caf7470d63,COUNTERFACTUAL,"{""admit"":{""0"":[192]},""hold_decode"":{},""migrate"":{},""preempt"":{},""prefill_chunk_override"":{},""swap"":{}}",e8dd01caf7470d63e0ba2bba343c85a92b22f1d9c2597a2b99d3f1bde8896992,True,1.0,kv_8000,kv_constrained_online,44321,44.321,1387,0.011584,0,,True,0,0.806,True,0.280987,5,200,0,200,0.483552,"full_prefill,chunked_prefill_small,estimated_service_time_first,weighted_fair_share,least_laxity_first",False,1.0,0.005,sustained+high_valid_pressure,0,952bd353c79bef75dea529eeb46f1ee1ac61a4efb946ed96403fe542a094c856,industry_realism_causal_headroom_phase_d_v1.results.0.0,45.708,0.0,azure_2023_conv,phase_d_v1::azure_2023_conv::w008::kv_capacity::kv_8000::step44321,VALID_STRONGLY_CONSTRAINED,1.0,8
0.001953125,kv_capacity,phase_d_v1::azure_2023_conv::w008::kv_capacity::kv_8000::step44341::sbs_reference,SBS_REFERENCE,"{""admit"":{},""hold_decode"":{},""migrate"":{},""preempt"":{},""prefill_chunk_override"":{},""swap"":{}}",952bd353c79bef75dea529eeb46f1ee1ac61a4efb946ed96403fe542a094c856,,1.0,kv_8000,kv_constrained_online,44341,44.341,1367,0.011545,0,,True,1,0.8085,True,0.281227,,200,0,200,0.483552,,False,1.0,0.005,sustained+high_valid_pressure,0,952bd353c79bef75dea529eeb46f1ee1ac61a4efb946ed96403fe542a094c856,industry_realism_causal_headroom_phase_d_v1.results.0.0,45.708,0.0,azure_2023_conv,phase_d_v1::azure_2023_conv::w008::kv_capacity::kv_8000::step44341,VALID_STRONGLY_CONSTRAINED,1.0,8
0.001953125,kv_capacity,phase_d_v1::azure_2023_conv::w008::kv_capacity::kv_8000::step44341::alt00::e8dd01caf7470d63,COUNTERFACTUAL,"{""admit"":{""0"":[192]},""hold_decode"":{},""migrate"":{},""preempt"":{},""prefill_chunk_override"":{},""swap"":{}}",e8dd01caf7470d63e0ba2bba343c85a92b22f1d9c2597a2b99d3f1bde8896992,True,1.0,kv_8000,kv_constrained_online,44341,44.341,1367,0.011391,0,,True,0,0.8085,True,0.281087,5,200,0,200,0.483552,"full_prefill,chunked_prefill_small,estimated_service_time_first,weighted_fair_share,least_laxity_first",False,1.0,0.005,sustained+high_valid_pressure,0,952bd353c79bef75dea529eeb46f1ee1ac61a4efb946ed96403fe542a094c856,industry_realism_causal_headroom_phase_d_v1.results.0.0,45.708,0.0,azure_2023_conv,phase_d_v1::azure_2023_conv::w008::kv_capacity::kv_8000::step44341,VALID_STRONGLY_CONSTRAINED,1.0,8
0.005859375,kv_capacity,phase_d_v1::azure_2023_conv::w012::kv_capacity::kv_8000::step8029::sbs_reference,SBS_REFERENCE,"{""admit"":{},""hold_decode"":{},""migrate"":{},""preempt"":{},""prefill_chunk_override"":{},""swap"":{}}",952bd353c79bef75dea529eeb46f1ee1ac61a4efb946ed96403fe542a094c856,,1.0,kv_8000,kv_constrained_online,8029,8.029,31597,0.288934,0,,True,1,0.616375,True,0.242158,,200,0,200,0.470901,,False,1.0,0.005,sustained+high_valid_pressure,0,952bd353c79bef75dea529eeb46f1ee1ac61a4efb946ed96403fe542a094c856,industry_realism_causal_headroom_phase_d_v1.results.0.0,39.626,0.0,azure_2023_conv,phase_d_v1::azure_2023_conv::w012::kv_capacity::kv_8000::step8029,VALID_STRONGLY_CONSTRAINED,1.0,12
0.005859375,kv_capacity,phase_d_v1::azure_2023_conv::w012::kv_capacity::kv_8000::step8029::alt00::cb19b6d7fd9cb631,COUNTERFACTUAL,"{""admit"":{""0"":[38]},""hold_decode"":{},""migrate"":{},""preempt"":{},""prefill_chunk_override"":{},""swap"":{}}",cb19b6d7fd9cb631d8c63a0ac016f8c64b5dd0c64d1d9cdd30e0977815384a9b,True,1.0,kv_8000,kv_constrained_online,8029,8.029,31597,0.279709,0,,True,0,0.616375,True,0.242133,5,200,0,200,0.470901,"full_prefill,chunked_prefill_small,estimated_service_time_first,weighted_fair_share,least_laxity_first",False,1.0,0.005,sustained+high_valid_pressure,0,952bd353c79bef75dea529eeb46f1ee1ac61a4efb946ed96403fe542a094c856,industry_realism_causal_headroom_phase_d_v1.results.0.0,39.626,0.0,azure_2023_conv,phase_d_v1::azure_2023_conv::w012::kv_capacity::kv_8000::step8029,VALID_STRONGLY_CONSTRAINED,1.0,12
0.005859375,kv_capacity,phase_d_v1::azure_2023_conv::w012::kv_capacity::kv_8000::step26687::sbs_reference,SBS_REFERENCE,"{""admit"":{},""hold_decode"":{},""migrate"":{},""preempt"":{},""prefill_chunk_override"":{},""swap"":{}}",952bd353c79bef75dea529eeb46f1ee1ac61a4efb946ed96403fe542a094c856,,1.0,kv_8000,kv_constrained_online,26687,26.687,12939,0.111468,0,,True,1,0.46475,True,0.242158,,200,0,200,0.470901,,False,1.0,0.005,sustained+high_valid_pressure,0,952bd353c79bef75dea529eeb46f1ee1ac61a4efb946ed96403fe542a094c856,industry_realism_causal_headroom_phase_d_v1.results.0.0,39.626,0.0,azure_2023_conv,phase_d_v1::azure_2023_conv::w012::kv_capacity::kv_8000::step26687,VALID_STRONGLY_CONSTRAINED,1.0,12
0.005859375,kv_capacity,phase_d_v1::azure_2023_conv::w012::kv_capacity::kv_8000::step26687::alt00::2ed10658a69233e7,COUNTERFACTUAL,"{""admit"":{""0"":[137]},""hold_decode"":{},""migrate"":{},""preempt"":{},""prefill_chunk_override"":{},""swap"":{}}",2ed10658a69233e73ef3f9ac27a401aac98632f382fdc716df5432a05f9f5b03,True,1.0,kv_8000,kv_constrained_online,26687,26.687,12939,0.107617,0,,True,0,0.46475,True,0.241103,5,200,0,200,0.470901,"full_prefill,chunked_prefill_small,estimated_service_time_first,weighted_fair_share,least_laxity_first",False,1.0,0.005,sustained+high_valid_pressure,0,952bd353c79bef75dea529eeb46f1ee1ac61a4efb946ed96403fe542a094c856,industry_realism_causal_headroom_phase_d_v1.results.0.0,39.626,0.0,azure_2023_conv,phase_d_v1::azure_2023_conv::w012::kv_capacity::kv_8000::step26687,VALID_STRONGLY_CONSTRAINED,1.0,12
0.005859375,kv_capacity,phase_d_v1::azure_2023_conv::w012::kv_capacity::kv_8000::step26749::sbs_reference,SBS_REFERENCE,"{""admit"":{},""hold_decode"":{},""migrate"":{},""preempt"":{},""prefill_chunk_override"":{},""swap"":{}}",952bd353c79bef75dea529eeb46f1ee1ac61a4efb946ed96403fe542a094c856,,1.0,kv_8000,kv_constrained_online,26749,26.749000000000002,12877,0.111969,0,,True,1,0.488,True,0.242158,,200,0,200,0.470901,,False,1.0,0.005,sustained+high_valid_pressure,0,952bd353c79bef75dea529eeb46f1ee1ac61a4efb946ed96403fe542a094c856,industry_realism_causal_headroom_phase_d_v1.results.0.0,39.626,0.0,azure_2023_conv,phase_d_v1::azure_2023_conv::w012::kv_capacity::kv_8000::step26749,VALID_STRONGLY_CONSTRAINED,1.0,12
0.005859375,kv_capacity,phase_d_v1::azure_2023_conv::w012::kv_capacity::kv_8000::step26749::alt00::2ed10658a69233e7,COUNTERFACTUAL,"{""admit"":{""0"":[137]},""hold_decode"":{},""migrate"":{},""preempt"":{},""prefill_chunk_override"":{},""swap"":{}}",2ed10658a69233e73ef3f9ac27a401aac98632f382fdc716df5432a05f9f5b03,True,1.0,kv_8000,kv_constrained_online,26749,26.749000000000002,12877,0.107542,0,,True,0,0.488,True,0.241413,5,200,0,200,0.470901,"full_prefill,chunked_prefill_small,estimated_service_time_first,weighted_fair_share,least_laxity_first",False,1.0,0.005,sustained+high_valid_pressure,0,952bd353c79bef75dea529eeb46f1ee1ac61a4efb946ed96403fe542a094c856,industry_realism_causal_headroom_phase_d_v1.results.0.0,39.626,0.0,azure_2023_conv,phase_d_v1::azure_2023_conv::w012::kv_capacity::kv_8000::step26749,VALID_STRONGLY_CONSTRAINED,1.0,12
0.00390625,kv_capacity,phase_d_v1::azure_2023_conv::w012::kv_capacity::kv_8000::step26890::sbs_reference,SBS_REFERENCE,"{""admit"":{},""hold_decode"":{},""migrate"":{},""preempt"":{},""prefill_chunk_override"":{},""swap"":{}}",952bd353c79bef75dea529eeb46f1ee1ac61a4efb946ed96403fe542a094c856,,1.0,kv_8000,kv_constrained_online,26890,26.89,12736,0.104863,0,,True,1,0.36275,True,0.242158,,200,0,200,0.470901,,False,1.0,0.005,sustained+high_valid_pressure,0,952bd353c79bef75dea529eeb46f1ee1ac61a4efb946ed96403fe542a094c856,industry_realism_causal_headroom_phase_d_v1.results.0.0,39.626,0.0,azure_2023_conv,phase_d_v1::azure_2023_conv::w012::kv_capacity::kv_8000::step26890,VALID_STRONGLY_CONSTRAINED,1.0,12
0.00390625,kv_capacity,phase_d_v1::azure_2023_conv::w012::kv_capacity::kv_8000::step26890::alt00::2ed10658a69233e7,COUNTERFACTUAL,"{""admit"":{""0"":[137]},""hold_decode"":{},""migrate"":{},""preempt"":{},""prefill_chunk_override"":{},""swap"":{}}",2ed10658a69233e73ef3f9ac27a401aac98632f382fdc716df5432a05f9f5b03,True,1.0,kv_8000,kv_constrained_online,26890,26.89,12736,0.105577,0,,True,0,0.36275,True,0.242118,5,200,0,200,0.470901,"full_prefill,chunked_prefill_small,estimated_service_time_first,weighted_fair_share,least_laxity_first",False,1.0,0.005,sustained+high_valid_pressure,0,952bd353c79bef75dea529eeb46f1ee1ac61a4efb946ed96403fe542a094c856,industry_realism_causal_headroom_phase_d_v1.results.0.0,39.626,0.0,azure_2023_conv,phase_d_v1::azure_2023_conv::w012::kv_capacity::kv_8000::step26890,VALID_STRONGLY_CONSTRAINED,1.0,12
0.005859375,kv_capacity,phase_d_v1::azure_2023_conv::w012::kv_capacity::kv_8000::step27453::sbs_reference,SBS_REFERENCE,"{""admit"":{},""hold_decode"":{},""migrate"":{},""preempt"":{},""prefill_chunk_override"":{},""swap"":{}}",952bd353c79bef75dea529eeb46f1ee1ac61a4efb946ed96403fe542a094c856,,1.0,kv_8000,kv_constrained_online,27453,27.453,12173,0.097889,0,,True,1,0.5525,True,0.242158,,200,0,200,0.470901,,False,1.0,0.005,sustained+high_valid_pressure,0,952bd353c79bef75dea529eeb46f1ee1ac61a4efb946ed96403fe542a094c856,industry_realism_causal_headroom_phase_d_v1.results.0.0,39.626,0.0,azure_2023_conv,phase_d_v1::azure_2023_conv::w012::kv_capacity::kv_8000::step27453,VALID_STRONGLY_CONSTRAINED,1.0,12
0.005859375,kv_capacity,phase_d_v1::azure_2023_conv::w012::kv_capacity::kv_8000::step27453::alt00::20e745c13834ef9a,COUNTERFACTUAL,"{""admit"":{""0"":[142]},""hold_decode"":{},""migrate"":{},""preempt"":{},""prefill_chunk_override"":{},""swap"":{}}",20e745c13834ef9a5d62ba36fef04b10b7189f067f9e86a3486bacb494bf0c09,True,1.0,kv_8000,kv_constrained_online,27453,27.453,12173,0.145196,0,,True,0,0.5525,True,0.241963,5,200,0,200,0.470901,"full_prefill,chunked_prefill_small,estimated_service_time_first,weighted_fair_share,least_laxity_first",False,1.0,0.005,sustained+high_valid_pressure,0,952bd353c79bef75dea529eeb46f1ee1ac61a4efb946ed96403fe542a094c856,industry_realism_causal_headroom_phase_d_v1.results.0.0,39.626,0.0,azure_2023_conv,phase_d_v1::azure_2023_conv::w012::kv_capacity::kv_8000::step27453,VALID_STRONGLY_CONSTRAINED,1.0,12
0.005859375,kv_capacity,phase_d_v1::azure_2023_conv::w012::kv_capacity::kv_8000::step30795::sbs_reference,SBS_REFERENCE,"{""admit"":{},""hold_decode"":{},""migrate"":{},""preempt"":{},""prefill_chunk_override"":{},""swap"":{}}",952bd353c79bef75dea529eeb46f1ee1ac61a4efb946ed96403fe542a094c856,,1.0,kv_8000,kv_constrained_online,30795,30.795,8831,0.06573,0,,True,1,0.43575,True,0.242158,,200,0,200,0.470901,,False,1.0,0.005,sustained+high_valid_pressure,0,952bd353c79bef75dea529eeb46f1ee1ac61a4efb946ed96403fe542a094c856,industry_realism_causal_headroom_phase_d_v1.results.0.0,39.626,0.0,azure_2023_conv,phase_d_v1::azure_2023_conv::w012::kv_capacity::kv_8000::step30795,VALID_STRONGLY_CONSTRAINED,1.0,12
0.005859375,kv_capacity,phase_d_v1::azure_2023_conv::w012::kv_capacity::kv_8000::step30795::alt00::17c60a48e419f257,COUNTERFACTUAL,"{""admit"":{""0"":[163]},""hold_decode"":{},""migrate"":{},""preempt"":{},""prefill_chunk_override"":{},""swap"":{}}",17c60a48e419f2573c2945b7c029c7f4491737bcf529660e14c63ef5fa92f574,True,1.0,kv_8000,kv_constrained_online,30795,30.795,8831,0.061737,0,,True,0,0.43575,True,0.241778,5,200,0,200,0.470901,"full_prefill,chunked_prefill_small,estimated_service_time_first,weighted_fair_share,least_laxity_first",False,1.0,0.005,sustained+high_valid_pressure,0,952bd353c79bef75dea529eeb46f1ee1ac61a4efb946ed96403fe542a094c856,industry_realism_causal_headroom_phase_d_v1.results.0.0,39.626,0.0,azure_2023_conv,phase_d_v1::azure_2023_conv::w012::kv_capacity::kv_8000::step30795,VALID_STRONGLY_CONSTRAINED,1.0,12
0.00390625,kv_capacity,phase_d_v1::azure_2023_conv::w012::kv_capacity::kv_8000::step30893::sbs_reference,SBS_REFERENCE,"{""admit"":{},""hold_decode"":{},""migrate"":{},""preempt"":{},""prefill_chunk_override"":{},""swap"":{}}",952bd353c79bef75dea529eeb46f1ee1ac61a4efb946ed96403fe542a094c856,,1.0,kv_8000,kv_constrained_online,30893,30.893,8733,0.061287,0,,True,1,0.44175,True,0.242158,,200,0,200,0.470901,,False,1.0,0.005,sustained+high_valid_pressure,0,952bd353c79bef75dea529eeb46f1ee1ac61a4efb946ed96403fe542a094c856,industry_realism_causal_headroom_phase_d_v1.results.0.0,39.626,0.0,azure_2023_conv,phase_d_v1::azure_2023_conv::w012::kv_capacity::kv_8000::step30893,VALID_STRONGLY_CONSTRAINED,1.0,12
0.00390625,kv_capacity,phase_d_v1::azure_2023_conv::w012::kv_capacity::kv_8000::step30893::alt00::17c60a48e419f257,COUNTERFACTUAL,"{""admit"":{""0"":[163]},""hold_decode"":{},""migrate"":{},""preempt"":{},""prefill_chunk_override"":{},""swap"":{}}",17c60a48e419f2573c2945b7c029c7f4491737bcf529660e14c63ef5fa92f574,True,1.0,kv_8000,kv_constrained_online,30893,30.893,8733,0.059988,0,,True,0,0.44175,True,0.242103,5,200,0,200,0.470901,"full_prefill,chunked_prefill_small,estimated_service_time_first,weighted_fair_share,least_laxity_first",False,1.0,0.005,sustained+high_valid_pressure,0,952bd353c79bef75dea529eeb46f1ee1ac61a4efb946ed96403fe542a094c856,industry_realism_causal_headroom_phase_d_v1.results.0.0,39.626,0.0,azure_2023_conv,phase_d_v1::azure_2023_conv::w012::kv_capacity::kv_8000::step30893,VALID_STRONGLY_CONSTRAINED,1.0,12
0.005859375,kv_capacity,phase_d_v1::azure_2023_conv::w012::kv_capacity::kv_8000::step35866::sbs_reference,SBS_REFERENCE,"{""admit"":{},""hold_decode"":{},""migrate"":{},""preempt"":{},""prefill_chunk_override"":{},""swap"":{}}",952bd353c79bef75dea529eeb46f1ee1ac61a4efb946ed96403fe542a094c856,,1.0,kv_8000,kv_constrained_online,35866,35.866,3760,0.025067,0,,True,1,0.442125,True,0.242158,,200,0,200,0.470901,,False,1.0,0.005,sustained+high_valid_pressure,0,952bd353c79bef75dea529eeb46f1ee1ac61a4efb946ed96403fe542a094c856,industry_realism_causal_headroom_phase_d_v1.results.0.0,39.626,0.0,azure_2023_conv,phase_d_v1::azure_2023_conv::w012::kv_capacity::kv_8000::step35866,VALID_STRONGLY_CONSTRAINED,1.0,12
0.005859375,kv_capacity,phase_d_v1::azure_2023_conv::w012::kv_capacity::kv_8000::step35866::alt00::a0704cedd8bbde97,COUNTERFACTUAL,"{""admit"":{""0"":[187]},""hold_decode"":{},""migrate"":{},""preempt"":{},""prefill_chunk_override"":{},""swap"":{}}",a0704cedd8bbde973b304aa8a3c545a1a23f677f5a31f49fd1a5b3a2bd1e1e5a,True,1.0,kv_8000,kv_constrained_online,35866,35.866,3760,0.024478,0,,True,0,0.442125,True,0.240638,5,200,0,200,0.470901,"full_prefill,chunked_prefill_small,estimated_service_time_first,weighted_fair_share,least_laxity_first",False,1.0,0.005,sustained+high_valid_pressure,0,952bd353c79bef75dea529eeb46f1ee1ac61a4efb946ed96403fe542a094c856,industry_realism_causal_headroom_phase_d_v1.results.0.0,39.626,0.0,azure_2023_conv,phase_d_v1::azure_2023_conv::w012::kv_capacity::kv_8000::step35866,VALID_STRONGLY_CONSTRAINED,1.0,12
0.005859375,kv_capacity,phase_d_v1::azure_2023_conv::w012::kv_capacity::kv_8000::step35871::sbs_reference,SBS_REFERENCE,"{""admit"":{},""hold_decode"":{},""migrate"":{},""preempt"":{},""prefill_chunk_override"":{},""swap"":{}}",952bd353c79bef75dea529eeb46f1ee1ac61a4efb946ed96403fe542a094c856,,1.0,kv_8000,kv_constrained_online,35871,35.871,3755,0.025159,0,,True,1,0.444,True,0.242158,,200,0,200,0.470901,,False,1.0,0.005,sustained+high_valid_pressure,0,952bd353c79bef75dea529eeb46f1ee1ac61a4efb946ed96403fe542a094c856,industry_realism_causal_headroom_phase_d_v1.results.0.0,39.626,0.0,azure_2023_conv,phase_d_v1::azure_2023_conv::w012::kv_capacity::kv_8000::step35871,VALID_STRONGLY_CONSTRAINED,1.0,12
0.005859375,kv_capacity,phase_d_v1::azure_2023_conv::w012::kv_capacity::kv_8000::step35871::alt00::a0704cedd8bbde97,COUNTERFACTUAL,"{""admit"":{""0"":[187]},""hold_decode"":{},""migrate"":{},""preempt"":{},""prefill_chunk_override"":{},""swap"":{}}",a0704cedd8bbde973b304aa8a3c545a1a23f677f5a31f49fd1a5b3a2bd1e1e5a,True,1.0,kv_8000,kv_constrained_online,35871,35.871,3755,0.02421,0,,True,0,0.444,True,0.240423,5,200,0,200,0.470901,"full_prefill,chunked_prefill_small,estimated_service_time_first,weighted_fair_share,least_laxity_first",False,1.0,0.005,sustained+high_valid_pressure,0,952bd353c79bef75dea529eeb46f1ee1ac61a4efb946ed96403fe542a094c856,industry_realism_causal_headroom_phase_d_v1.results.0.0,39.626,0.0,azure_2023_conv,phase_d_v1::azure_2023_conv::w012::kv_capacity::kv_8000::step35871,VALID_STRONGLY_CONSTRAINED,1.0,12
0.005859375,kv_capacity,phase_d_v1::azure_2023_conv::w012::kv_capacity::kv_8000::step35875::sbs_reference,SBS_REFERENCE,"{""admit"":{},""hold_decode"":{},""migrate"":{},""preempt"":{},""prefill_chunk_override"":{},""swap"":{}}",952bd353c79bef75dea529eeb46f1ee1ac61a4efb946ed96403fe542a094c856,,1.0,kv_8000,kv_constrained_online,35875,35.875,3751,0.025345,0,,True,1,0.4455,True,0.242158,,200,0,200,0.470901,,False,1.0,0.005,sustained+high_valid_pressure,0,952bd353c79bef75dea529eeb46f1ee1ac61a4efb946ed96403fe542a094c856,industry_realism_causal_headroom_phase_d_v1.results.0.0,39.626,0.0,azure_2023_conv,phase_d_v1::azure_2023_conv::w012::kv_capacity::kv_8000::step35875,VALID_STRONGLY_CONSTRAINED,1.0,12
0.005859375,kv_capacity,phase_d_v1::azure_2023_conv::w012::kv_capacity::kv_8000::step35875::alt00::a0704cedd8bbde97,COUNTERFACTUAL,"{""admit"":{""0"":[187]},""hold_decode"":{},""migrate"":{},""preempt"":{},""prefill_chunk_override"":{},""swap"":{}}",a0704cedd8bbde973b304aa8a3c545a1a23f677f5a31f49fd1a5b3a2bd1e1e5a,True,1.0,kv_8000,kv_constrained_online,35875,35.875,3751,0.024053,0,,True,0,0.4455,True,0.240463,5,200,0,200,0.470901,"full_prefill,chunked_prefill_small,estimated_service_time_first,weighted_fair_share,least_laxity_first",False,1.0,0.005,sustained+high_valid_pressure,0,952bd353c79bef75dea529eeb46f1ee1ac61a4efb946ed96403fe542a094c856,industry_realism_causal_headroom_phase_d_v1.results.0.0,39.626,0.0,azure_2023_conv,phase_d_v1::azure_2023_conv::w012::kv_capacity::kv_8000::step35875,VALID_STRONGLY_CONSTRAINED,1.0,12
0.005859375,kv_capacity,phase_d_v1::azure_2023_conv::w012::kv_capacity::kv_8000::step35966::sbs_reference,SBS_REFERENCE,"{""admit"":{},""hold_decode"":{},""migrate"":{},""preempt"":{},""prefill_chunk_override"":{},""swap"":{}}",952bd353c79bef75dea529eeb46f1ee1ac61a4efb946ed96403fe542a094c856,,1.0,kv_8000,kv_constrained_online,35966,35.966,3660,0.047497,0,,True,1,0.479625,True,0.242158,,200,0,200,0.470901,,False,1.0,0.005,sustained+high_valid_pressure,0,952bd353c79bef75dea529eeb46f1ee1ac61a4efb946ed96403fe542a094c856,industry_realism_causal_headroom_phase_d_v1.results.0.0,39.626,0.0,azure_2023_conv,phase_d_v1::azure_2023_conv::w012::kv_capacity::kv_8000::step35966,VALID_STRONGLY_CONSTRAINED,1.0,12
0.005859375,kv_capacity,phase_d_v1::azure_2023_conv::w012::kv_capacity::kv_8000::step35966::alt00::a0704cedd8bbde97,COUNTERFACTUAL,"{""admit"":{""0"":[187]},""hold_decode"":{},""migrate"":{},""preempt"":{},""prefill_chunk_override"":{},""swap"":{}}",a0704cedd8bbde973b304aa8a3c545a1a23f677f5a31f49fd1a5b3a2bd1e1e5a,True,1.0,kv_8000,kv_constrained_online,35966,35.966,3660,0.026102,0,,True,0,0.479625,True,0.240883,5,200,0,200,0.470901,"full_prefill,chunked_prefill_small,estimated_service_time_first,weighted_fair_share,least_laxity_first",False,1.0,0.005,sustained+high_valid_pressure,0,952bd353c79bef75dea529eeb46f1ee1ac61a4efb946ed96403fe542a094c856,industry_realism_causal_headroom_phase_d_v1.results.0.0,39.626,0.0,azure_2023_conv,phase_d_v1::azure_2023_conv::w012::kv_capacity::kv_8000::step35966,VALID_STRONGLY_CONSTRAINED,1.0,12
0.00390625,kv_capacity,phase_d_v1::azure_2023_conv::w016::kv_capacity::kv_8000::step19731::sbs_reference,SBS_REFERENCE,"{""admit"":{},""hold_decode"":{},""migrate"":{},""preempt"":{},""prefill_chunk_override"":{},""swap"":{}}",952bd353c79bef75dea529eeb46f1ee1ac61a4efb946ed96403fe542a094c856,,1.0,kv_8000,kv_constrained_online,19731,19.731,21135,0.200205,0,,True,1,0.331,True,0.243972,,200,0,200,0.484422,,False,1.0,0.005,sustained+high_valid_pressure,0,952bd353c79bef75dea529eeb46f1ee1ac61a4efb946ed96403fe542a094c856,industry_realism_causal_headroom_phase_d_v1.results.0.0,40.866,0.0,azure_2023_conv,phase_d_v1::azure_2023_conv::w016::kv_capacity::kv_8000::step19731,VALID_STRONGLY_CONSTRAINED,1.0,16
0.00390625,kv_capacity,phase_d_v1::azure_2023_conv::w016::kv_capacity::kv_8000::step19731::alt00::6acc6060e5229a07,COUNTERFACTUAL,"{""admit"":{""0"":[90]},""hold_decode"":{},""migrate"":{},""preempt"":{},""prefill_chunk_override"":{},""swap"":{}}",6acc6060e5229a07d7f1dbdf4d7cb81c6adce4ab4c1453975730beff6724b92f,True,1.0,kv_8000,kv_constrained_online,19731,19.731,21135,0.201807,0,,True,0,0.331,True,0.243237,5,200,0,200,0.484422,"full_prefill,chunked_prefill_small,estimated_service_time_first,weighted_fair_share,least_laxity_first",False,1.0,0.005,sustained+high_valid_pressure,0,952bd353c79bef75dea529eeb46f1ee1ac61a4efb946ed96403fe542a094c856,industry_realism_causal_headroom_phase_d_v1.results.0.0,40.866,0.0,azure_2023_conv,phase_d_v1::azure_2023_conv::w016::kv_capacity::kv_8000::step19731,VALID_STRONGLY_CONSTRAINED,1.0,16
0.00390625,kv_capacity,phase_d_v1::azure_2023_conv::w016::kv_capacity::kv_8000::step19781::sbs_reference,SBS_REFERENCE,"{""admit"":{},""hold_decode"":{},""migrate"":{},""preempt"":{},""prefill_chunk_override"":{},""swap"":{}}",952bd353c79bef75dea529eeb46f1ee1ac61a4efb946ed96403fe542a094c856,,1.0,kv_8000,kv_constrained_online,19781,19.781,21085,0.199035,0,,True,1,0.3435,True,0.243972,,200,0,200,0.484422,,False,1.0,0.005,sustained+high_valid_pressure,0,952bd353c79bef75dea529eeb46f1ee1ac61a4efb946ed96403fe542a094c856,industry_realism_causal_headroom_phase_d_v1.results.0.0,40.866,0.0,azure_2023_conv,phase_d_v1::azure_2023_conv::w016::kv_capacity::kv_8000::step19781,VALID_STRONGLY_CONSTRAINED,1.0,16
0.00390625,kv_capacity,phase_d_v1::azure_2023_conv::w016::kv_capacity::kv_8000::step19781::alt00::6acc6060e5229a07,COUNTERFACTUAL,"{""admit"":{""0"":[90]},""hold_decode"":{},""migrate"":{},""preempt"":{},""prefill_chunk_override"":{},""swap"":{}}",6acc6060e5229a07d7f1dbdf4d7cb81c6adce4ab4c1453975730beff6724b92f,True,1.0,kv_8000,kv_constrained_online,19781,19.781,21085,0.229356,0,,True,0,0.3435,True,0.243487,5,200,0,200,0.484422,"full_prefill,chunked_prefill_small,estimated_service_time_first,weighted_fair_share,least_laxity_first",False,1.0,0.005,sustained+high_valid_pressure,0,952bd353c79bef75dea529eeb46f1ee1ac61a4efb946ed96403fe542a094c856,industry_realism_causal_headroom_phase_d_v1.results.0.0,40.866,0.0,azure_2023_conv,phase_d_v1::azure_2023_conv::w016::kv_capacity::kv_8000::step19781,VALID_STRONGLY_CONSTRAINED,1.0,16
0.00390625,kv_capacity,phase_d_v1::azure_2023_conv::w016::kv_capacity::kv_8000::step30287::sbs_reference,SBS_REFERENCE,"{""admit"":{},""hold_decode"":{},""migrate"":{},""preempt"":{},""prefill_chunk_override"":{},""swap"":{}}",952bd353c79bef75dea529eeb46f1ee1ac61a4efb946ed96403fe542a094c856,,1.0,kv_8000,kv_constrained_online,30287,30.287,10579,0.101926,0,,True,1,0.35475,True,0.243972,,200,0,200,0.484422,,False,1.0,0.005,sustained+high_valid_pressure,0,952bd353c79bef75dea529eeb46f1ee1ac61a4efb946ed96403fe542a094c856,industry_realism_causal_headroom_phase_d_v1.results.0.0,40.866,0.0,azure_2023_conv,phase_d_v1::azure_2023_conv::w016::kv_capacity::kv_8000::step30287,VALID_STRONGLY_CONSTRAINED,1.0,16
0.00390625,kv_capacity,phase_d_v1::azure_2023_conv::w016::kv_capacity::kv_8000::step30287::alt00::581e6d544099e6a0,COUNTERFACTUAL,"{""admit"":{""0"":[140]},""hold_decode"":{},""migrate"":{},""preempt"":{},""prefill_chunk_override"":{},""swap"":{}}",581e6d544099e6a092cd8027f8216e13ae3dc0681f454470f9f42111d14aac09,True,1.0,kv_8000,kv_constrained_online,30287,30.287,10579,0.116893,0,,True,0,0.35475,True,0.243817,5,200,0,200,0.484422,"full_prefill,chunked_prefill_small,estimated_service_time_first,weighted_fair_share,least_laxity_first",False,1.0,0.005,sustained+high_valid_pressure,0,952bd353c79bef75dea529eeb46f1ee1ac61a4efb946ed96403fe542a094c856,industry_realism_causal_headroom_phase_d_v1.results.0.0,40.866,0.0,azure_2023_conv,phase_d_v1::azure_2023_conv::w016::kv_capacity::kv_8000::step30287,VALID_STRONGLY_CONSTRAINED,1.0,16
0.005859375,kv_capacity,phase_d_v1::azure_2023_conv::w016::kv_capacity::kv_8000::step33431::sbs_reference,SBS_REFERENCE,"{""admit"":{},""hold_decode"":{},""migrate"":{},""preempt"":{},""prefill_chunk_override"":{},""swap"":{}}",952bd353c79bef75dea529eeb46f1ee1ac61a4efb946ed96403fe542a094c856,,1.0,kv_8000,kv_constrained_online,33431,33.431,7435,0.067199,0,,True,1,0.37225,True,0.243972,,200,0,200,0.484422,,False,1.0,0.005,sustained+high_valid_pressure,0,952bd353c79bef75dea529eeb46f1ee1ac61a4efb946ed96403fe542a094c856,industry_realism_causal_headroom_phase_d_v1.results.0.0,40.866,0.0,azure_2023_conv,phase_d_v1::azure_2023_conv::w016::kv_capacity::kv_8000::step33431,VALID_STRONGLY_CONSTRAINED,1.0,16
0.005859375,kv_capacity,phase_d_v1::azure_2023_conv::w016::kv_capacity::kv_8000::step33431::alt00::2ab1a09b0ddf2615,COUNTERFACTUAL,"{""admit"":{""0"":[160]},""hold_decode"":{},""migrate"":{},""preempt"":{},""prefill_chunk_override"":{},""swap"":{}}",2ab1a09b0ddf26152bafdf9cffad6cd893e5258da78d531e33b661e1763163eb,True,1.0,kv_8000,kv_constrained_online,33431,33.431,7435,0.066309,0,,True,0,0.37225,True,0.243957,5,200,0,200,0.474922,"full_prefill,chunked_prefill_small,estimated_service_time_first,weighted_fair_share,least_laxity_first",False,1.0,0.005,sustained+high_valid_pressure,0,952bd353c79bef75dea529eeb46f1ee1ac61a4efb946ed96403fe542a094c856,industry_realism_causal_headroom_phase_d_v1.results.0.0,40.866,0.0,azure_2023_conv,phase_d_v1::azure_2023_conv::w016::kv_capacity::kv_8000::step33431,VALID_STRONGLY_CONSTRAINED,1.0,16
0.005859375,kv_capacity,phase_d_v1::azure_2023_conv::w016::kv_capacity::kv_8000::step33437::sbs_reference,SBS_REFERENCE,"{""admit"":{},""hold_decode"":{},""migrate"":{},""preempt"":{},""prefill_chunk_override"":{},""swap"":{}}",952bd353c79bef75dea529eeb46f1ee1ac61a4efb946ed96403fe542a094c856,,1.0,kv_8000,kv_constrained_online,33437,33.437,7429,0.105217,0,,True,1,0.3745,True,0.243972,,200,0,200,0.484422,,False,1.0,0.005,sustained+high_valid_pressure,0,952bd353c79bef75dea529eeb46f1ee1ac61a4efb946ed96403fe542a094c856,industry_realism_causal_headroom_phase_d_v1.results.0.0,40.866,0.0,azure_2023_conv,phase_d_v1::azure_2023_conv::w016::kv_capacity::kv_8000::step33437,VALID_STRONGLY_CONSTRAINED,1.0,16
0.005859375,kv_capacity,phase_d_v1::azure_2023_conv::w016::kv_capacity::kv_8000::step33437::alt00::2ab1a09b0ddf2615,COUNTERFACTUAL,"{""admit"":{""0"":[160]},""hold_decode"":{},""migrate"":{},""preempt"":{},""prefill_chunk_override"":{},""swap"":{}}",2ab1a09b0ddf26152bafdf9cffad6cd893e5258da78d531e33b661e1763163eb,True,1.0,kv_8000,kv_constrained_online,33437,33.437,7429,0.065577,0,,True,0,0.3745,True,0.243987,5,200,0,200,0.480622,"full_prefill,chunked_prefill_small,estimated_service_time_first,weighted_fair_share,least_laxity_first",False,1.0,0.005,sustained+high_valid_pressure,0,952bd353c79bef75dea529eeb46f1ee1ac61a4efb946ed96403fe542a094c856,industry_realism_causal_headroom_phase_d_v1.results.0.0,40.866,0.0,azure_2023_conv,phase_d_v1::azure_2023_conv::w016::kv_capacity::kv_8000::step33437,VALID_STRONGLY_CONSTRAINED,1.0,16
0.0078125,kv_capacity,phase_d_v1::azure_2023_conv::w020::kv_capacity::kv_8000::step14512::sbs_reference,SBS_REFERENCE,"{""admit"":{},""hold_decode"":{},""migrate"":{},""preempt"":{},""prefill_chunk_override"":{},""swap"":{}}",952bd353c79bef75dea529eeb46f1ee1ac61a4efb946ed96403fe542a094c856,,1.0,kv_8000,kv_constrained_online,14512,14.512,21904,0.222065,0,,True,1,0.845625,True,0.230424,,200,0,200,0.468097,,False,1.0,0.005,sustained+high_valid_pressure,0,952bd353c79bef75dea529eeb46f1ee1ac61a4efb946ed96403fe542a094c856,industry_realism_causal_headroom_phase_d_v1.results.0.0,36.416,0.0,azure_2023_conv,phase_d_v1::azure_2023_conv::w020::kv_capacity::kv_8000::step14512,VALID_STRONGLY_CONSTRAINED,1.0,20
0.0078125,kv_capacity,phase_d_v1::azure_2023_conv::w020::kv_capacity::kv_8000::step14512::alt00::98fe8068a7a56b78,COUNTERFACTUAL,"{""admit"":{""0"":[81]},""hold_decode"":{},""migrate"":{},""preempt"":{},""prefill_chunk_override"":{},""swap"":{}}",98fe8068a7a56b7842a929a12c5b6411494b44314314b3ebc8e4943124d37ecc,True,1.0,kv_8000,kv_constrained_online,14512,14.512,21904,0.268074,0,,True,0,0.845625,True,0.230289,5,200,0,200,0.468097,"full_prefill,chunked_prefill_small,estimated_service_time_first,weighted_fair_share,least_laxity_first",False,1.0,0.005,sustained+high_valid_pressure,0,952bd353c79bef75dea529eeb46f1ee1ac61a4efb946ed96403fe542a094c856,industry_realism_causal_headroom_phase_d_v1.results.0.0,36.416,0.0,azure_2023_conv,phase_d_v1::azure_2023_conv::w020::kv_capacity::kv_8000::step14512,VALID_STRONGLY_CONSTRAINED,1.0,20
0.0078125,kv_capacity,phase_d_v1::azure_2023_conv::w020::kv_capacity::kv_8000::step14529::sbs_reference,SBS_REFERENCE,"{""admit"":{},""hold_decode"":{},""migrate"":{},""preempt"":{},""prefill_chunk_override"":{},""swap"":{}}",952bd353c79bef75dea529eeb46f1ee1ac61a4efb946ed96403fe542a094c856,,1.0,kv_8000,kv_constrained_online,14529,14.529,21887,0.212532,0,,True,1,0.854125,True,0.230424,,200,0,200,0.468097,,False,1.0,0.005,sustained+high_valid_pressure,0,952bd353c79bef75dea529eeb46f1ee1ac61a4efb946ed96403fe542a094c856,industry_realism_causal_headroom_phase_d_v1.results.0.0,36.416,0.0,azure_2023_conv,phase_d_v1::azure_2023_conv::w020::kv_capacity::kv_8000::step14529,VALID_STRONGLY_CONSTRAINED,1.0,20
0.0078125,kv_capacity,phase_d_v1::azure_2023_conv::w020::kv_capacity::kv_8000::step14529::alt00::98fe8068a7a56b78,COUNTERFACTUAL,"{""admit"":{""0"":[81]},""hold_decode"":{},""migrate"":{},""preempt"":{},""prefill_chunk_override"":{},""swap"":{}}",98fe8068a7a56b7842a929a12c5b6411494b44314314b3ebc8e4943124d37ecc,True,1.0,kv_8000,kv_constrained_online,14529,14.529,21887,0.246942,0,,True,0,0.854125,True,0.230374,5,200,0,200,0.468097,"full_prefill,chunked_prefill_small,estimated_service_time_first,weighted_fair_share,least_laxity_first",False,1.0,0.005,sustained+high_valid_pressure,0,952bd353c79bef75dea529eeb46f1ee1ac61a4efb946ed96403fe542a094c856,industry_realism_causal_headroom_phase_d_v1.results.0.0,36.416,0.0,azure_2023_conv,phase_d_v1::azure_2023_conv::w020::kv_capacity::kv_8000::step14529,VALID_STRONGLY_CONSTRAINED,1.0,20
0.00390625,kv_capacity,phase_d_v1::azure_2023_conv::w020::kv_capacity::kv_8000::step14722::sbs_reference,SBS_REFERENCE,"{""admit"":{},""hold_decode"":{},""migrate"":{},""preempt"":{},""prefill_chunk_override"":{},""swap"":{}}",952bd353c79bef75dea529eeb46f1ee1ac61a4efb946ed96403fe542a094c856,,1.0,kv_8000,kv_constrained_online,14722,14.722,21694,0.236638,0,,True,1,0.34,True,0.230424,,200,0,200,0.468097,,False,1.0,0.005,sustained+high_valid_pressure,0,952bd353c79bef75dea529eeb46f1ee1ac61a4efb946ed96403fe542a094c856,industry_realism_causal_headroom_phase_d_v1.results.0.0,36.416,0.0,azure_2023_conv,phase_d_v1::azure_2023_conv::w020::kv_capacity::kv_8000::step14722,VALID_STRONGLY_CONSTRAINED,1.0,20
0.00390625,kv_capacity,phase_d_v1::azure_2023_conv::w020::kv_capacity::kv_8000::step14722::alt00::c2cc8101924352a2,COUNTERFACTUAL,"{""admit"":{""0"":[82]},""hold_decode"":{},""migrate"":{},""preempt"":{},""prefill_chunk_override"":{},""swap"":{}}",c2cc8101924352a22d2f65d37d465c41c64fbd94dbd69d132a6127bae7b393ba,True,1.0,kv_8000,kv_constrained_online,14722,14.722,21694,0.246107,0,,True,0,0.34,True,0.229674,5,200,0,200,0.468097,"full_prefill,chunked_prefill_small,estimated_service_time_first,weighted_fair_share,least_laxity_first",False,1.0,0.005,sustained+high_valid_pressure,0,952bd353c79bef75dea529eeb46f1ee1ac61a4efb946ed96403fe542a094c856,industry_realism_causal_headroom_phase_d_v1.results.0.0,36.416,0.0,azure_2023_conv,phase_d_v1::azure_2023_conv::w020::kv_capacity::kv_8000::step14722,VALID_STRONGLY_CONSTRAINED,1.0,20
0.00390625,kv_capacity,phase_d_v1::azure_2023_conv::w020::kv_capacity::kv_8000::step14733::sbs_reference,SBS_REFERENCE,"{""admit"":{},""hold_decode"":{},""migrate"":{},""preempt"":{},""prefill_chunk_override"":{},""swap"":{}}",952bd353c79bef75dea529eeb46f1ee1ac61a4efb946ed96403fe542a094c856,,1.0,kv_8000,kv_constrained_online,14733,14.733,21683,0.21035,0,,True,1,0.34275,True,0.230424,,200,0,200,0.468097,,False,1.0,0.005,sustained+high_valid_pressure,0,952bd353c79bef75dea529eeb46f1ee1ac61a4efb946ed96403fe542a094c856,industry_realism_causal_headroom_phase_d_v1.results.0.0,36.416,0.0,azure_2023_conv,phase_d_v1::azure_2023_conv::w020::kv_capacity::kv_8000::step14733,VALID_STRONGLY_CONSTRAINED,1.0,20
0.00390625,kv_capacity,phase_d_v1::azure_2023_conv::w020::kv_capacity::kv_8000::step14733::alt00::c2cc8101924352a2,COUNTERFACTUAL,"{""admit"":{""0"":[82]},""hold_decode"":{},""migrate"":{},""preempt"":{},""prefill_chunk_override"":{},""swap"":{}}",c2cc8101924352a22d2f65d37d465c41c64fbd94dbd69d132a6127bae7b393ba,True,1.0,kv_8000,kv_constrained_online,14733,14.733,21683,0.24282,0,,True,0,0.34275,True,0.229729,5,200,0,200,0.468097,"full_prefill,chunked_prefill_small,estimated_service_time_first,weighted_fair_share,least_laxity_first",False,1.0,0.005,sustained+high_valid_pressure,0,952bd353c79bef75dea529eeb46f1ee1ac61a4efb946ed96403fe542a094c856,industry_realism_causal_headroom_phase_d_v1.results.0.0,36.416,0.0,azure_2023_conv,phase_d_v1::azure_2023_conv::w020::kv_capacity::kv_8000::step14733,VALID_STRONGLY_CONSTRAINED,1.0,20
0.00390625,kv_capacity,phase_d_v1::azure_2023_conv::w020::kv_capacity::kv_8000::step14791::sbs_reference,SBS_REFERENCE,"{""admit"":{},""hold_decode"":{},""migrate"":{},""preempt"":{},""prefill_chunk_override"":{},""swap"":{}}",952bd353c79bef75dea529eeb46f1ee1ac61a4efb946ed96403fe542a094c856,,1.0,kv_8000,kv_constrained_online,14791,14.791,21625,0.210029,0,,True,1,0.35725,True,0.230424,,200,0,200,0.468097,,False,1.0,0.005,sustained+high_valid_pressure,0,952bd353c79bef75dea529eeb46f1ee1ac61a4efb946ed96403fe542a094c856,industry_realism_causal_headroom_phase_d_v1.results.0.0,36.416,0.0,azure_2023_conv,phase_d_v1::azure_2023_conv::w020::kv_capacity::kv_8000::step14791,VALID_STRONGLY_CONSTRAINED,1.0,20
0.00390625,kv_capacity,phase_d_v1::azure_2023_conv::w020::kv_capacity::kv_8000::step14791::alt00::c2cc8101924352a2,COUNTERFACTUAL,"{""admit"":{""0"":[82]},""hold_decode"":{},""migrate"":{},""preempt"":{},""prefill_chunk_override"":{},""swap"":{}}",c2cc8101924352a22d2f65d37d465c41c64fbd94dbd69d132a6127bae7b393ba,True,1.0,kv_8000,kv_constrained_online,14791,14.791,21625,0.242634,0,,True,0,0.35725,True,0.230019,5,200,0,200,0.468097,"full_prefill,chunked_prefill_small,estimated_service_time_first,weighted_fair_share,least_laxity_first",False,1.0,0.005,sustained+high_valid_pressure,0,952bd353c79bef75dea529eeb46f1ee1ac61a4efb946ed96403fe542a094c856,industry_realism_causal_headroom_phase_d_v1.results.0.0,36.416,0.0,azure_2023_conv,phase_d_v1::azure_2023_conv::w020::kv_capacity::kv_8000::step14791,VALID_STRONGLY_CONSTRAINED,1.0,20
0.00390625,kv_capacity,phase_d_v1::azure_2023_conv::w020::kv_capacity::kv_8000::step14810::sbs_reference,SBS_REFERENCE,"{""admit"":{},""hold_decode"":{},""migrate"":{},""preempt"":{},""prefill_chunk_override"":{},""swap"":{}}",952bd353c79bef75dea529eeb46f1ee1ac61a4efb946ed96403fe542a094c856,,1.0,kv_8000,kv_constrained_online,14810,14.81,21606,0.210637,0,,True,1,0.362,True,0.230424,,200,0,200,0.468097,,False,1.0,0.005,sustained+high_valid_pressure,0,952bd353c79bef75dea529eeb46f1ee1ac61a4efb946ed96403fe542a094c856,industry_realism_causal_headroom_phase_d_v1.results.0.0,36.416,0.0,azure_2023_conv,phase_d_v1::azure_2023_conv::w020::kv_capacity::kv_8000::step14810,VALID_STRONGLY_CONSTRAINED,1.0,20
0.00390625,kv_capacity,phase_d_v1::azure_2023_conv::w020::kv_capacity::kv_8000::step14810::alt00::c2cc8101924352a2,COUNTERFACTUAL,"{""admit"":{""0"":[82]},""hold_decode"":{},""migrate"":{},""preempt"":{},""prefill_chunk_override"":{},""swap"":{}}",c2cc8101924352a22d2f65d37d465c41c64fbd94dbd69d132a6127bae7b393ba,True,1.0,kv_8000,kv_constrained_online,14810,14.81,21606,0.208534,0,,True,0,0.362,True,0.230114,5,200,0,200,0.468097,"full_prefill,chunked_prefill_small,estimated_service_time_first,weighted_fair_share,least_laxity_first",False,1.0,0.005,sustained+high_valid_pressure,0,952bd353c79bef75dea529eeb46f1ee1ac61a4efb946ed96403fe542a094c856,industry_realism_causal_headroom_phase_d_v1.results.0.0,36.416,0.0,azure_2023_conv,phase_d_v1::azure_2023_conv::w020::kv_capacity::kv_8000::step14810,VALID_STRONGLY_CONSTRAINED,1.0,20
0.00390625,kv_capacity,phase_d_v1::azure_2023_conv::w020::kv_capacity::kv_8000::step14831::sbs_reference,SBS_REFERENCE,"{""admit"":{},""hold_decode"":{},""migrate"":{},""preempt"":{},""prefill_chunk_override"":{},""swap"":{}}",952bd353c79bef75dea529eeb46f1ee1ac61a4efb946ed96403fe542a094c856,,1.0,kv_8000,kv_constrained_online,14831,14.831,21585,0.231472,0,,True,1,0.36725,True,0.230424,,200,0,200,0.468097,,False,1.0,0.005,sustained+high_valid_pressure,0,952bd353c79bef75dea529eeb46f1ee1ac61a4efb946ed96403fe542a094c856,industry_realism_causal_headroom_phase_d_v1.results.0.0,36.416,0.0,azure_2023_conv,phase_d_v1::azure_2023_conv::w020::kv_capacity::kv_8000::step14831,VALID_STRONGLY_CONSTRAINED,1.0,20
0.00390625,kv_capacity,phase_d_v1::azure_2023_conv::w020::kv_capacity::kv_8000::step14831::alt00::c2cc8101924352a2,COUNTERFACTUAL,"{""admit"":{""0"":[82]},""hold_decode"":{},""migrate"":{},""preempt"":{},""prefill_chunk_override"":{},""swap"":{}}",c2cc8101924352a22d2f65d37d465c41c64fbd94dbd69d132a6127bae7b393ba,True,1.0,kv_8000,kv_constrained_online,14831,14.831,21585,0.249644,0,,True,0,0.36725,True,0.230219,5,200,0,200,0.468097,"full_prefill,chunked_prefill_small,estimated_service_time_first,weighted_fair_share,least_laxity_first",False,1.0,0.005,sustained+high_valid_pressure,0,952bd353c79bef75dea529eeb46f1ee1ac61a4efb946ed96403fe542a094c856,industry_realism_causal_headroom_phase_d_v1.results.0.0,36.416,0.0,azure_2023_conv,phase_d_v1::azure_2023_conv::w020::kv_capacity::kv_8000::step14831,VALID_STRONGLY_CONSTRAINED,1.0,20
0.00390625,kv_capacity,phase_d_v1::azure_2023_conv::w020::kv_capacity::kv_8000::step14845::sbs_reference,SBS_REFERENCE,"{""admit"":{},""hold_decode"":{},""migrate"":{},""preempt"":{},""prefill_chunk_override"":{},""swap"":{}}",952bd353c79bef75dea529eeb46f1ee1ac61a4efb946ed96403fe542a094c856,,1.0,kv_8000,kv_constrained_online,14845,14.845,21571,0.224258,0,,True,1,0.37075,True,0.230424,,200,0,200,0.468097,,False,1.0,0.005,sustained+high_valid_pressure,0,952bd353c79bef75dea529eeb46f1ee1ac61a4efb946ed96403fe542a094c856,industry_realism_causal_headroom_phase_d_v1.results.0.0,36.416,0.0,azure_2023_conv,phase_d_v1::azure_2023_conv::w020::kv_capacity::kv_8000::step14845,VALID_STRONGLY_CONSTRAINED,1.0,20
0.00390625,kv_capacity,phase_d_v1::azure_2023_conv::w020::kv_capacity::kv_8000::step14845::alt00::c2cc8101924352a2,COUNTERFACTUAL,"{""admit"":{""0"":[82]},""hold_decode"":{},""migrate"":{},""preempt"":{},""prefill_chunk_override"":{},""swap"":{}}",c2cc8101924352a22d2f65d37d465c41c64fbd94dbd69d132a6127bae7b393ba,True,1.0,kv_8000,kv_constrained_online,14845,14.845,21571,0.211525,0,,True,0,0.37075,True,0.230289,5,200,0,200,0.468097,"full_prefill,chunked_prefill_small,estimated_service_time_first,weighted_fair_share,least_laxity_first",False,1.0,0.005,sustained+high_valid_pressure,0,952bd353c79bef75dea529eeb46f1ee1ac61a4efb946ed96403fe542a094c856,industry_realism_causal_headroom_phase_d_v1.results.0.0,36.416,0.0,azure_2023_conv,phase_d_v1::azure_2023_conv::w020::kv_capacity::kv_8000::step14845,VALID_STRONGLY_CONSTRAINED,1.0,20
0.00390625,kv_capacity,phase_d_v1::azure_2023_conv::w020::kv_capacity::kv_8000::step32663::sbs_reference,SBS_REFERENCE,"{""admit"":{},""hold_decode"":{},""migrate"":{},""preempt"":{},""prefill_chunk_override"":{},""swap"":{}}",952bd353c79bef75dea529eeb46f1ee1ac61a4efb946ed96403fe542a094c856,,1.0,kv_8000,kv_constrained_online,32663,32.663000000000004,3753,0.041217,0,,True,1,0.321375,True,0.230424,,200,0,200,0.468097,,False,1.0,0.005,sustained+high_valid_pressure,0,952bd353c79bef75dea529eeb46f1ee1ac61a4efb946ed96403fe542a094c856,industry_realism_causal_headroom_phase_d_v1.results.0.0,36.416,0.0,azure_2023_conv,phase_d_v1::azure_2023_conv::w020::kv_capacity::kv_8000::step32663,VALID_STRONGLY_CONSTRAINED,1.0,20
0.00390625,kv_capacity,phase_d_v1::azure_2023_conv::w020::kv_capacity::kv_8000::step32663::alt00::a5b2c8094f206f62,COUNTERFACTUAL,"{""admit"":{""0"":[176]},""hold_decode"":{},""migrate"":{},""preempt"":{},""prefill_chunk_override"":{},""swap"":{}}",a5b2c8094f206f62df4b957001187b263657f88dd0f476ca824a95749b30cef2,True,1.0,kv_8000,kv_constrained_online,32663,32.663000000000004,3753,0.041951,0,,True,0,0.321375,True,0.230239,5,200,0,200,0.468097,"full_prefill,chunked_prefill_small,estimated_service_time_first,weighted_fair_share,least_laxity_first",False,1.0,0.005,sustained+high_valid_pressure,0,952bd353c79bef75dea529eeb46f1ee1ac61a4efb946ed96403fe542a094c856,industry_realism_causal_headroom_phase_d_v1.results.0.0,36.416,0.0,azure_2023_conv,phase_d_v1::azure_2023_conv::w020::kv_capacity::kv_8000::step32663,VALID_STRONGLY_CONSTRAINED,1.0,20
0.0078125,kv_capacity,phase_d_v1::azure_2023_conv::w024::kv_capacity::kv_8000::step5301::sbs_reference,SBS_REFERENCE,"{""admit"":{},""hold_decode"":{},""migrate"":{},""preempt"":{},""prefill_chunk_override"":{},""swap"":{}}",952bd353c79bef75dea529eeb46f1ee1ac61a4efb946ed96403fe542a094c856,,1.0,kv_8000,kv_constrained_online,5301,5.301,35873,0.402092,0,,True,1,0.67,True,0.279763,,200,0,200,0.53964,,False,1.0,0.005,sustained+high_valid_pressure,0,952bd353c79bef75dea529eeb46f1ee1ac61a4efb946ed96403fe542a094c856,industry_realism_causal_headroom_phase_d_v1.results.0.0,41.174,0.0,azure_2023_conv,phase_d_v1::azure_2023_conv::w024::kv_capacity::kv_8000::step5301,VALID_STRONGLY_CONSTRAINED,1.0,24
0.0078125,kv_capacity,phase_d_v1::azure_2023_conv::w024::kv_capacity::kv_8000::step5301::alt00::f914228f9ae45349,COUNTERFACTUAL,"{""admit"":{""0"":[21]},""hold_decode"":{},""migrate"":{},""preempt"":{},""prefill_chunk_override"":{},""swap"":{}}",f914228f9ae453490d74df0c1c11b7945658248e3b6704031db02b7d07f69fe0,True,1.0,kv_8000,kv_constrained_online,5301,5.301,35873,0.379681,0,,True,0,0.67,True,0.279623,5,200,0,200,0.53964,"full_prefill,chunked_prefill_small,estimated_service_time_first,weighted_fair_share,least_laxity_first",False,1.0,0.005,sustained+high_valid_pressure,0,952bd353c79bef75dea529eeb46f1ee1ac61a4efb946ed96403fe542a094c856,industry_realism_causal_headroom_phase_d_v1.results.0.0,41.174,0.0,azure_2023_conv,phase_d_v1::azure_2023_conv::w024::kv_capacity::kv_8000::step5301,VALID_STRONGLY_CONSTRAINED,1.0,24
0.00390625,kv_capacity,phase_d_v1::azure_2023_conv::w024::kv_capacity::kv_8000::step35910::sbs_reference,SBS_REFERENCE,"{""admit"":{},""hold_decode"":{},""migrate"":{},""preempt"":{},""prefill_chunk_override"":{},""swap"":{}}",952bd353c79bef75dea529eeb46f1ee1ac61a4efb946ed96403fe542a094c856,,1.0,kv_8000,kv_constrained_online,35910,35.910000000000004,5264,0.091602,0,,True,1,0.37875,True,0.279763,,200,0,200,0.53964,,False,1.0,0.005,sustained+high_valid_pressure,0,952bd353c79bef75dea529eeb46f1ee1ac61a4efb946ed96403fe542a094c856,industry_realism_causal_headroom_phase_d_v1.results.0.0,41.174,0.0,azure_2023_conv,phase_d_v1::azure_2023_conv::w024::kv_capacity::kv_8000::step35910,VALID_STRONGLY_CONSTRAINED,1.0,24
0.00390625,kv_capacity,phase_d_v1::azure_2023_conv::w024::kv_capacity::kv_8000::step35910::alt00::b9ea4c69560c4716,COUNTERFACTUAL,"{""admit"":{""0"":[174]},""hold_decode"":{},""migrate"":{},""preempt"":{},""prefill_chunk_override"":{},""swap"":{}}",b9ea4c69560c4716ece998abc9b7350c3934f0475295e64dd0313df863ea355b,True,1.0,kv_8000,kv_constrained_online,35910,35.910000000000004,5264,0.048029,0,,True,0,0.37875,True,0.279638,5,200,0,200,0.53964,"full_prefill,chunked_prefill_small,estimated_service_time_first,weighted_fair_share,least_laxity_first",False,1.0,0.005,sustained+high_valid_pressure,0,952bd353c79bef75dea529eeb46f1ee1ac61a4efb946ed96403fe542a094c856,industry_realism_causal_headroom_phase_d_v1.results.0.0,41.174,0.0,azure_2023_conv,phase_d_v1::azure_2023_conv::w024::kv_capacity::kv_8000::step35910,VALID_STRONGLY_CONSTRAINED,1.0,24
0.005859375,kv_capacity,phase_d_v1::azure_2023_conv::w028::kv_capacity::kv_8000::step3939::sbs_reference,SBS_REFERENCE,"{""admit"":{},""hold_decode"":{},""migrate"":{},""preempt"":{},""prefill_chunk_override"":{},""swap"":{}}",952bd353c79bef75dea529eeb46f1ee1ac61a4efb946ed96403fe542a094c856,,1.0,kv_8000,kv_constrained_online,3939,3.939,27375,0.316436,0,,True,1,0.831125,True,0.216227,,200,0,200,0.441839,,False,1.0,0.01,sustained+high_valid_pressure,1,952bd353c79bef75dea529eeb46f1ee1ac61a4efb946ed96403fe542a094c856,industry_realism_causal_headroom_phase_d_v1.results.0.0,31.314,0.0,azure_2023_conv,phase_d_v1::azure_2023_conv::w028::kv_capacity::kv_8000::step3939,VALID_STRONGLY_CONSTRAINED,1.0,28
0.005859375,kv_capacity,phase_d_v1::azure_2023_conv::w028::kv_capacity::kv_8000::step3939::alt00::91190b9b8363c67b,COUNTERFACTUAL,"{""admit"":{""0"":[31]},""hold_decode"":{},""migrate"":{},""preempt"":{},""prefill_chunk_override"":{},""swap"":{}}",91190b9b8363c67b376eae47716f6e344da73d3be1379232ca721689136467d9,True,1.0,kv_8000,kv_constrained_online,3939,3.939,27375,0.273489,0,,True,0,0.831125,True,0.215852,3,200,0,200,0.4382,"full_prefill,chunked_prefill_small,least_laxity_first",False,1.0,0.01,sustained+high_valid_pressure,1,952bd353c79bef75dea529eeb46f1ee1ac61a4efb946ed96403fe542a094c856,industry_realism_causal_headroom_phase_d_v1.results.0.0,31.314,0.0,azure_2023_conv,phase_d_v1::azure_2023_conv::w028::kv_capacity::kv_8000::step3939,VALID_STRONGLY_CONSTRAINED,1.0,28
0.005859375,kv_capacity,phase_d_v1::azure_2023_conv::w028::kv_capacity::kv_8000::step3939::alt01::0def93c0112572cb,COUNTERFACTUAL,"{""admit"":{""0"":[32]},""hold_decode"":{},""migrate"":{},""preempt"":{},""prefill_chunk_override"":{},""swap"":{}}",0def93c0112572cb1c25d28680aae3edcd094e18adfe35163e8d02ce31d9fac2,True,1.0,kv_8000,kv_constrained_online,3939,3.939,27375,0.255444,0,,True,0,0.831125,True,0.215862,2,200,0,200,0.441839,"estimated_service_time_first,weighted_fair_share",False,1.0,0.01,sustained+high_valid_pressure,1,952bd353c79bef75dea529eeb46f1ee1ac61a4efb946ed96403fe542a094c856,industry_realism_causal_headroom_phase_d_v1.results.0.0,31.314,0.0,azure_2023_conv,phase_d_v1::azure_2023_conv::w028::kv_capacity::kv_8000::step3939,VALID_STRONGLY_CONSTRAINED,1.0,28
0.005859375,kv_capacity,phase_d_v1::azure_2023_conv::w028::kv_capacity::kv_8000::step3994::sbs_reference,SBS_REFERENCE,"{""admit"":{},""hold_decode"":{},""migrate"":{},""preempt"":{},""prefill_chunk_override"":{},""swap"":{}}",952bd353c79bef75dea529eeb46f1ee1ac61a4efb946ed96403fe542a094c856,,1.0,kv_8000,kv_constrained_online,3994,3.994,27320,0.288955,0,,True,1,0.85175,True,0.216227,,200,0,200,0.441839,,False,1.0,0.01,sustained+high_valid_pressure,1,952bd353c79bef75dea529eeb46f1ee1ac61a4efb946ed96403fe542a094c856,industry_realism_causal_headroom_phase_d_v1.results.0.0,31.314,0.0,azure_2023_conv,phase_d_v1::azure_2023_conv::w028::kv_capacity::kv_8000::step3994,VALID_STRONGLY_CONSTRAINED,1.0,28
0.005859375,kv_capacity,phase_d_v1::azure_2023_conv::w028::kv_capacity::kv_8000::step3994::alt00::91190b9b8363c67b,COUNTERFACTUAL,"{""admit"":{""0"":[31]},""hold_decode"":{},""migrate"":{},""preempt"":{},""prefill_chunk_override"":{},""swap"":{}}",91190b9b8363c67b376eae47716f6e344da73d3be1379232ca721689136467d9,True,1.0,kv_8000,kv_constrained_online,3994,3.994,27320,0.271157,0,,True,0,0.85175,True,0.216127,3,200,0,200,0.441839,"full_prefill,chunked_prefill_small,least_laxity_first",False,1.0,0.01,sustained+high_valid_pressure,1,952bd353c79bef75dea529eeb46f1ee1ac61a4efb946ed96403fe542a094c856,industry_realism_causal_headroom_phase_d_v1.results.0.0,31.314,0.0,azure_2023_conv,phase_d_v1::azure_2023_conv::w028::kv_capacity::kv_8000::step3994,VALID_STRONGLY_CONSTRAINED,1.0,28
0.005859375,kv_capacity,phase_d_v1::azure_2023_conv::w028::kv_capacity::kv_8000::step3994::alt01::0def93c0112572cb,COUNTERFACTUAL,"{""admit"":{""0"":[32]},""hold_decode"":{},""migrate"":{},""preempt"":{},""prefill_chunk_override"":{},""swap"":{}}",0def93c0112572cb1c25d28680aae3edcd094e18adfe35163e8d02ce31d9fac2,True,1.0,kv_8000,kv_constrained_online,3994,3.994,27320,0.256086,0,,True,0,0.85175,True,0.216137,2,200,0,200,0.441839,"estimated_service_time_first,weighted_fair_share",False,1.0,0.01,sustained+high_valid_pressure,1,952bd353c79bef75dea529eeb46f1ee1ac61a4efb946ed96403fe542a094c856,industry_realism_causal_headroom_phase_d_v1.results.0.0,31.314,0.0,azure_2023_conv,phase_d_v1::azure_2023_conv::w028::kv_capacity::kv_8000::step3994,VALID_STRONGLY_CONSTRAINED,1.0,28
0.005859375,kv_capacity,phase_d_v1::azure_2023_conv::w028::kv_capacity::kv_8000::step5551::sbs_reference,SBS_REFERENCE,"{""admit"":{},""hold_decode"":{},""migrate"":{},""preempt"":{},""prefill_chunk_override"":{},""swap"":{}}",952bd353c79bef75dea529eeb46f1ee1ac61a4efb946ed96403fe542a094c856,,1.0,kv_8000,kv_constrained_online,5551,5.551,25763,0.315107,0,,True,1,0.36525,True,0.216227,,200,0,200,0.441839,,False,1.0,0.005,sustained+high_valid_pressure,0,952bd353c79bef75dea529eeb46f1ee1ac61a4efb946ed96403fe542a094c856,industry_realism_causal_headroom_phase_d_v1.results.0.0,31.314,0.0,azure_2023_conv,phase_d_v1::azure_2023_conv::w028::kv_capacity::kv_8000::step5551,VALID_STRONGLY_CONSTRAINED,1.0,28
0.005859375,kv_capacity,phase_d_v1::azure_2023_conv::w028::kv_capacity::kv_8000::step5551::alt00::c1dbaa66b562c2f4,COUNTERFACTUAL,"{""admit"":{""0"":[43]},""hold_decode"":{},""migrate"":{},""preempt"":{},""prefill_chunk_override"":{},""swap"":{}}",c1dbaa66b562c2f418c89aff73a30064fa1ea4bbc64f898964fb6225a9f2b5e5,True,1.0,kv_8000,kv_constrained_online,5551,5.551,25763,0.231199,0,,True,0,0.36525,True,0.215942,5,200,0,200,0.441839,"full_prefill,chunked_prefill_small,estimated_service_time_first,weighted_fair_share,least_laxity_first",False,1.0,0.005,sustained+high_valid_pressure,0,952bd353c79bef75dea529eeb46f1ee1ac61a4efb946ed96403fe542a094c856,industry_realism_causal_headroom_phase_d_v1.results.0.0,31.314,0.0,azure_2023_conv,phase_d_v1::azure_2023_conv::w028::kv_capacity::kv_8000::step5551,VALID_STRONGLY_CONSTRAINED,1.0,28
0.00390625,kv_capacity,phase_d_v1::azure_2023_conv::w032::kv_capacity::kv_8000::step1929::sbs_reference,SBS_REFERENCE,"{""admit"":{},""hold_decode"":{},""migrate"":{},""preempt"":{},""prefill_chunk_override"":{},""swap"":{}}",952bd353c79bef75dea529eeb46f1ee1ac61a4efb946ed96403fe542a094c856,,1.0,kv_8000,kv_constrained_online,1929,1.929,30855,0.440806,0,,True,1,0.338,True,0.235419,,200,0,200,0.44023,,False,1.0,0.005,sustained+high_valid_pressure,0,952bd353c79bef75dea529eeb46f1ee1ac61a4efb946ed96403fe542a094c856,industry_realism_causal_headroom_phase_d_v1.results.0.0,32.784,0.0,azure_2023_conv,phase_d_v1::azure_2023_conv::w032::kv_capacity::kv_8000::step1929,VALID_STRONGLY_CONSTRAINED,1.0,32
0.00390625,kv_capacity,phase_d_v1::azure_2023_conv::w032::kv_capacity::kv_8000::step1929::alt00::9363520e510af277,COUNTERFACTUAL,"{""admit"":{""0"":[10]},""hold_decode"":{},""migrate"":{},""preempt"":{},""prefill_chunk_override"":{},""swap"":{}}",9363520e510af277a37957f2aa738ac9923771e6b215a35e62bc7d322c529885,True,1.0,kv_8000,kv_constrained_online,1929,1.929,30855,0.399783,0,,True,0,0.338,True,0.234964,5,200,0,200,0.44023,"full_prefill,chunked_prefill_small,estimated_service_time_first,weighted_fair_share,least_laxity_first",False,1.0,0.005,sustained+high_valid_pressure,0,952bd353c79bef75dea529eeb46f1ee1ac61a4efb946ed96403fe542a094c856,industry_realism_causal_headroom_phase_d_v1.results.0.0,32.784,0.0,azure_2023_conv,phase_d_v1::azure_2023_conv::w032::kv_capacity::kv_8000::step1929,VALID_STRONGLY_CONSTRAINED,1.0,32
0.00390625,kv_capacity,phase_d_v1::azure_2023_conv::w032::kv_capacity::kv_8000::step14175::sbs_reference,SBS_REFERENCE,"{""admit"":{},""hold_decode"":{},""migrate"":{},""preempt"":{},""prefill_chunk_override"":{},""swap"":{}}",952bd353c79bef75dea529eeb46f1ee1ac61a4efb946ed96403fe542a094c856,,1.0,kv_8000,kv_constrained_online,14175,14.175,18609,0.240125,0,,True,1,0.319875,True,0.235419,,200,0,200,0.44023,,False,1.0,0.005,sustained+high_valid_pressure,0,952bd353c79bef75dea529eeb46f1ee1ac61a4efb946ed96403fe542a094c856,industry_realism_causal_headroom_phase_d_v1.results.0.0,32.784,0.0,azure_2023_conv,phase_d_v1::azure_2023_conv::w032::kv_capacity::kv_8000::step14175,VALID_STRONGLY_CONSTRAINED,1.0,32
0.00390625,kv_capacity,phase_d_v1::azure_2023_conv::w032::kv_capacity::kv_8000::step14175::alt00::25662c201af5427c,COUNTERFACTUAL,"{""admit"":{""0"":[71]},""hold_decode"":{},""migrate"":{},""preempt"":{},""prefill_chunk_override"":{},""swap"":{}}",25662c201af5427c65bf7b56d80163ddbdb1c96337e9ec84697faa26abef10ff,True,1.0,kv_8000,kv_constrained_online,14175,14.175,18609,0.202844,0,,True,0,0.319875,True,0.235344,5,200,0,200,0.44023,"full_prefill,chunked_prefill_small,estimated_service_time_first,weighted_fair_share,least_laxity_first",False,1.0,0.005,sustained+high_valid_pressure,0,952bd353c79bef75dea529eeb46f1ee1ac61a4efb946ed96403fe542a094c856,industry_realism_causal_headroom_phase_d_v1.results.0.0,32.784,0.0,azure_2023_conv,phase_d_v1::azure_2023_conv::w032::kv_capacity::kv_8000::step14175,VALID_STRONGLY_CONSTRAINED,1.0,32
0.005859375,kv_capacity,phase_d_v1::azure_2023_conv::w032::kv_capacity::kv_8000::step23851::sbs_reference,SBS_REFERENCE,"{""admit"":{},""hold_decode"":{},""migrate"":{},""preempt"":{},""prefill_chunk_override"":{},""swap"":{}}",952bd353c79bef75dea529eeb46f1ee1ac61a4efb946ed96403fe542a094c856,,1.0,kv_8000,kv_constrained_online,23851,23.851,8933,0.123812,0,,True,1,0.515125,True,0.235419,,200,0,200,0.44023,,False,1.0,0.005,sustained+high_valid_pressure,0,952bd353c79bef75dea529eeb46f1ee1ac61a4efb946ed96403fe542a094c856,industry_realism_causal_headroom_phase_d_v1.results.0.0,32.784,0.0,azure_2023_conv,phase_d_v1::azure_2023_conv::w032::kv_capacity::kv_8000::step23851,VALID_STRONGLY_CONSTRAINED,1.0,32
0.005859375,kv_capacity,phase_d_v1::azure_2023_conv::w032::kv_capacity::kv_8000::step23851::alt00::7eb3e030d7baa0dc,COUNTERFACTUAL,"{""admit"":{""0"":[133]},""hold_decode"":{},""migrate"":{},""preempt"":{},""prefill_chunk_override"":{},""swap"":{}}",7eb3e030d7baa0dcb2da0c7dab240115b476b773bac34e6458644123cc9ae60b,True,1.0,kv_8000,kv_constrained_online,23851,23.851,8933,0.104703,0,,True,0,0.515125,True,0.235374,5,200,0,200,0.44023,"full_prefill,chunked_prefill_small,estimated_service_time_first,weighted_fair_share,least_laxity_first",False,1.0,0.005,sustained+high_valid_pressure,0,952bd353c79bef75dea529eeb46f1ee1ac61a4efb946ed96403fe542a094c856,industry_realism_causal_headroom_phase_d_v1.results.0.0,32.784,0.0,azure_2023_conv,phase_d_v1::azure_2023_conv::w032::kv_capacity::kv_8000::step23851,VALID_STRONGLY_CONSTRAINED,1.0,32
0.0078125,kv_capacity,phase_d_v1::azure_2023_conv::w032::kv_capacity::kv_8000::step23860::sbs_reference,SBS_REFERENCE,"{""admit"":{},""hold_decode"":{},""migrate"":{},""preempt"":{},""prefill_chunk_override"":{},""swap"":{}}",952bd353c79bef75dea529eeb46f1ee1ac61a4efb946ed96403fe542a094c856,,1.0,kv_8000,kv_constrained_online,23860,23.86,8924,0.162284,0,,True,1,0.669,True,0.235419,,200,0,200,0.44023,,False,1.0,0.005,sustained+high_valid_pressure,0,952bd353c79bef75dea529eeb46f1ee1ac61a4efb946ed96403fe542a094c856,industry_realism_causal_headroom_phase_d_v1.results.0.0,32.784,0.0,azure_2023_conv,phase_d_v1::azure_2023_conv::w032::kv_capacity::kv_8000::step23860,VALID_STRONGLY_CONSTRAINED,1.0,32
0.0078125,kv_capacity,phase_d_v1::azure_2023_conv::w032::kv_capacity::kv_8000::step23860::alt00::7eb3e030d7baa0dc,COUNTERFACTUAL,"{""admit"":{""0"":[133]},""hold_decode"":{},""migrate"":{},""preempt"":{},""prefill_chunk_override"":{},""swap"":{}}",7eb3e030d7baa0dcb2da0c7dab240115b476b773bac34e6458644123cc9ae60b,True,1.0,kv_8000,kv_constrained_online,23860,23.86,8924,0.115434,0,,True,0,0.669,True,0.235334,5,200,0,200,0.44023,"full_prefill,chunked_prefill_small,estimated_service_time_first,weighted_fair_share,least_laxity_first",False,1.0,0.005,sustained+high_valid_pressure,0,952bd353c79bef75dea529eeb46f1ee1ac61a4efb946ed96403fe542a094c856,industry_realism_causal_headroom_phase_d_v1.results.0.0,32.784,0.0,azure_2023_conv,phase_d_v1::azure_2023_conv::w032::kv_capacity::kv_8000::step23860,VALID_STRONGLY_CONSTRAINED,1.0,32
0.00390625,kv_capacity,phase_d_v1::azure_2023_conv::w032::kv_capacity::kv_8000::step26296::sbs_reference,SBS_REFERENCE,"{""admit"":{},""hold_decode"":{},""migrate"":{},""preempt"":{},""prefill_chunk_override"":{},""swap"":{}}",952bd353c79bef75dea529eeb46f1ee1ac61a4efb946ed96403fe542a094c856,,1.0,kv_8000,kv_constrained_online,26296,26.296,6488,0.073679,0,,True,1,0.365125,True,0.235419,,200,0,200,0.44023,,False,1.0,0.01,sustained+high_valid_pressure,1,952bd353c79bef75dea529eeb46f1ee1ac61a4efb946ed96403fe542a094c856,industry_realism_causal_headroom_phase_d_v1.results.0.0,32.784,0.0,azure_2023_conv,phase_d_v1::azure_2023_conv::w032::kv_capacity::kv_8000::step26296,VALID_STRONGLY_CONSTRAINED,1.0,32
0.00390625,kv_capacity,phase_d_v1::azure_2023_conv::w032::kv_capacity::kv_8000::step26296::alt00::1ae0bf0774faf6a1,COUNTERFACTUAL,"{""admit"":{""0"":[152]},""hold_decode"":{},""migrate"":{},""preempt"":{},""prefill_chunk_override"":{},""swap"":{}}",1ae0bf0774faf6a1c83297d80146a43ea4bc9de552bb5c72d0d4c7d5bb4e4d4c,True,1.0,kv_8000,kv_constrained_online,26296,26.296,6488,0.071889,0,,True,0,0.365125,True,0.235359,4,200,0,200,0.44023,"full_prefill,chunked_prefill_small,estimated_service_time_first,weighted_fair_share",False,1.0,0.01,sustained+high_valid_pressure,1,952bd353c79bef75dea529eeb46f1ee1ac61a4efb946ed96403fe542a094c856,industry_realism_causal_headroom_phase_d_v1.results.0.0,32.784,0.0,azure_2023_conv,phase_d_v1::azure_2023_conv::w032::kv_capacity::kv_8000::step26296,VALID_STRONGLY_CONSTRAINED,1.0,32
0.00390625,kv_capacity,phase_d_v1::azure_2023_conv::w032::kv_capacity::kv_8000::step26296::alt01::d6595f28619b645c,COUNTERFACTUAL,"{""admit"":{""0"":[155]},""hold_decode"":{},""migrate"":{},""preempt"":{},""prefill_chunk_override"":{},""swap"":{}}",d6595f28619b645c0b2067a0689055c70a3712438cd7fb45747afffb670e14cb,True,1.0,kv_8000,kv_constrained_online,26296,26.296,6488,0.070911,0,,True,0,0.365125,True,0.235379,1,200,0,200,0.44023,least_laxity_first,False,1.0,0.01,sustained+high_valid_pressure,1,952bd353c79bef75dea529eeb46f1ee1ac61a4efb946ed96403fe542a094c856,industry_realism_causal_headroom_phase_d_v1.results.0.0,32.784,0.0,azure_2023_conv,phase_d_v1::azure_2023_conv::w032::kv_capacity::kv_8000::step26296,VALID_STRONGLY_CONSTRAINED,1.0,32
0.00390625,kv_capacity,phase_d_v1::azure_2023_conv::w032::kv_capacity::kv_8000::step26312::sbs_reference,SBS_REFERENCE,"{""admit"":{},""hold_decode"":{},""migrate"":{},""preempt"":{},""prefill_chunk_override"":{},""swap"":{}}",952bd353c79bef75dea529eeb46f1ee1ac61a4efb946ed96403fe542a094c856,,1.0,kv_8000,kv_constrained_online,26312,26.312,6472,0.070707,0,,True,1,0.369125,True,0.235419,,200,0,200,0.44023,,False,1.0,0.01,sustained+high_valid_pressure,1,952bd353c79bef75dea529eeb46f1ee1ac61a4efb946ed96403fe542a094c856,industry_realism_causal_headroom_phase_d_v1.results.0.0,32.784,0.0,azure_2023_conv,phase_d_v1::azure_2023_conv::w032::kv_capacity::kv_8000::step26312,VALID_STRONGLY_CONSTRAINED,1.0,32
0.00390625,kv_capacity,phase_d_v1::azure_2023_conv::w032::kv_capacity::kv_8000::step26312::alt00::1ae0bf0774faf6a1,COUNTERFACTUAL,"{""admit"":{""0"":[152]},""hold_decode"":{},""migrate"":{},""preempt"":{},""prefill_chunk_override"":{},""swap"":{}}",1ae0bf0774faf6a1c83297d80146a43ea4bc9de552bb5c72d0d4c7d5bb4e4d4c,True,1.0,kv_8000,kv_constrained_online,26312,26.312,6472,0.100209,0,,True,0,0.369125,True,0.235519,4,200,0,200,0.44023,"full_prefill,chunked_prefill_small,estimated_service_time_first,weighted_fair_share",False,1.0,0.01,sustained+high_valid_pressure,1,952bd353c79bef75dea529eeb46f1ee1ac61a4efb946ed96403fe542a094c856,industry_realism_causal_headroom_phase_d_v1.results.0.0,32.784,0.0,azure_2023_conv,phase_d_v1::azure_2023_conv::w032::kv_capacity::kv_8000::step26312,VALID_STRONGLY_CONSTRAINED,1.0,32
0.00390625,kv_capacity,phase_d_v1::azure_2023_conv::w032::kv_capacity::kv_8000::step26312::alt01::d6595f28619b645c,COUNTERFACTUAL,"{""admit"":{""0"":[155]},""hold_decode"":{},""migrate"":{},""preempt"":{},""prefill_chunk_override"":{},""swap"":{}}",d6595f28619b645c0b2067a0689055c70a3712438cd7fb45747afffb670e14cb,True,1.0,kv_8000,kv_constrained_online,26312,26.312,6472,0.071624,0,,True,0,0.369125,True,0.235539,1,200,0,200,0.44023,least_laxity_first,False,1.0,0.01,sustained+high_valid_pressure,1,952bd353c79bef75dea529eeb46f1ee1ac61a4efb946ed96403fe542a094c856,industry_realism_causal_headroom_phase_d_v1.results.0.0,32.784,0.0,azure_2023_conv,phase_d_v1::azure_2023_conv::w032::kv_capacity::kv_8000::step26312,VALID_STRONGLY_CONSTRAINED,1.0,32
0.00390625,kv_capacity,phase_d_v1::azure_2023_conv::w032::kv_capacity::kv_8000::step26318::sbs_reference,SBS_REFERENCE,"{""admit"":{},""hold_decode"":{},""migrate"":{},""preempt"":{},""prefill_chunk_override"":{},""swap"":{}}",952bd353c79bef75dea529eeb46f1ee1ac61a4efb946ed96403fe542a094c856,,1.0,kv_8000,kv_constrained_online,26318,26.318,6466,0.072799,0,,True,1,0.370625,True,0.235419,,200,0,200,0.44023,,False,1.0,0.01,sustained+high_valid_pressure,1,952bd353c79bef75dea529eeb46f1ee1ac61a4efb946ed96403fe542a094c856,industry_realism_causal_headroom_phase_d_v1.results.0.0,32.784,0.0,azure_2023_conv,phase_d_v1::azure_2023_conv::w032::kv_capacity::kv_8000::step26318,VALID_STRONGLY_CONSTRAINED,1.0,32
0.00390625,kv_capacity,phase_d_v1::azure_2023_conv::w032::kv_capacity::kv_8000::step26318::alt00::1ae0bf0774faf6a1,COUNTERFACTUAL,"{""admit"":{""0"":[152]},""hold_decode"":{},""migrate"":{},""preempt"":{},""prefill_chunk_override"":{},""swap"":{}}",1ae0bf0774faf6a1c83297d80146a43ea4bc9de552bb5c72d0d4c7d5bb4e4d4c,True,1.0,kv_8000,kv_constrained_online,26318,26.318,6466,0.070242,0,,True,0,0.370625,True,0.235579,4,200,0,200,0.44023,"full_prefill,chunked_prefill_small,estimated_service_time_first,weighted_fair_share",False,1.0,0.01,sustained+high_valid_pressure,1,952bd353c79bef75dea529eeb46f1ee1ac61a4efb946ed96403fe542a094c856,industry_realism_causal_headroom_phase_d_v1.results.0.0,32.784,0.0,azure_2023_conv,phase_d_v1::azure_2023_conv::w032::kv_capacity::kv_8000::step26318,VALID_STRONGLY_CONSTRAINED,1.0,32
0.00390625,kv_capacity,phase_d_v1::azure_2023_conv::w032::kv_capacity::kv_8000::step26318::alt01::d6595f28619b645c,COUNTERFACTUAL,"{""admit"":{""0"":[155]},""hold_decode"":{},""migrate"":{},""preempt"":{},""prefill_chunk_override"":{},""swap"":{}}",d6595f28619b645c0b2067a0689055c70a3712438cd7fb45747afffb670e14cb,True,1.0,kv_8000,kv_constrained_online,26318,26.318,6466,0.075451,0,,True,0,0.370625,True,0.235599,1,200,0,200,0.44023,least_laxity_first,False,1.0,0.01,sustained+high_valid_pressure,1,952bd353c79bef75dea529eeb46f1ee1ac61a4efb946ed96403fe542a094c856,industry_realism_causal_headroom_phase_d_v1.results.0.0,32.784,0.0,azure_2023_conv,phase_d_v1::azure_2023_conv::w032::kv_capacity::kv_8000::step26318,VALID_STRONGLY_CONSTRAINED,1.0,32
0.0078125,kv_capacity,phase_d_v1::azure_2023_conv::w032::kv_capacity::kv_8000::step28314::sbs_reference,SBS_REFERENCE,"{""admit"":{},""hold_decode"":{},""migrate"":{},""preempt"":{},""prefill_chunk_override"":{},""swap"":{}}",952bd353c79bef75dea529eeb46f1ee1ac61a4efb946ed96403fe542a094c856,,1.0,kv_8000,kv_constrained_online,28314,28.314,4470,0.046018,0,,True,1,0.65725,True,0.235419,,200,0,200,0.44023,,False,1.0,0.005,sustained+high_valid_pressure,0,952bd353c79bef75dea529eeb46f1ee1ac61a4efb946ed96403fe542a094c856,industry_realism_causal_headroom_phase_d_v1.results.0.0,32.784,0.0,azure_2023_conv,phase_d_v1::azure_2023_conv::w032::kv_capacity::kv_8000::step28314,VALID_STRONGLY_CONSTRAINED,1.0,32
0.0078125,kv_capacity,phase_d_v1::azure_2023_conv::w032::kv_capacity::kv_8000::step28314::alt00::674bc1516320f548,COUNTERFACTUAL,"{""admit"":{""0"":[171]},""hold_decode"":{},""migrate"":{},""preempt"":{},""prefill_chunk_override"":{},""swap"":{}}",674bc1516320f5482574e6b9323bbc5633f82f07539d354c0f428e4533bb5e12,True,1.0,kv_8000,kv_constrained_online,28314,28.314,4470,0.049463,0,,True,0,0.65725,True,0.235169,5,200,0,200,0.44023,"full_prefill,chunked_prefill_small,estimated_service_time_first,weighted_fair_share,least_laxity_first",False,1.0,0.005,sustained+high_valid_pressure,0,952bd353c79bef75dea529eeb46f1ee1ac61a4efb946ed96403fe542a094c856,industry_realism_causal_headroom_phase_d_v1.results.0.0,32.784,0.0,azure_2023_conv,phase_d_v1::azure_2023_conv::w032::kv_capacity::kv_8000::step28314,VALID_STRONGLY_CONSTRAINED,1.0,32
0.00390625,kv_capacity,phase_d_v1::azure_2023_conv::w036::kv_capacity::kv_8000::step2401::sbs_reference,SBS_REFERENCE,"{""admit"":{},""hold_decode"":{},""migrate"":{},""preempt"":{},""prefill_chunk_override"":{},""swap"":{}}",952bd353c79bef75dea529eeb46f1ee1ac61a4efb946ed96403fe542a094c856,,1.0,kv_8000,kv_constrained_online,2401,2.4010000000000002,26715,0.238333,0,,True,1,0.327375,True,0.174125,,200,0,200,0.438005,,False,1.0,0.005,sustained+high_valid_pressure,0,952bd353c79bef75dea529eeb46f1ee1ac61a4efb946ed96403fe542a094c856,industry_realism_causal_headroom_phase_d_v1.results.0.0,29.116,0.0,azure_2023_conv,phase_d_v1::azure_2023_conv::w036::kv_capacity::kv_8000::step2401,VALID_STRONGLY_CONSTRAINED,1.0,36
0.00390625,kv_capacity,phase_d_v1::azure_2023_conv::w036::kv_capacity::kv_8000::step2401::alt00::0ed16eb1598a87e6,COUNTERFACTUAL,"{""admit"":{""0"":[18]},""hold_decode"":{},""migrate"":{},""preempt"":{},""prefill_chunk_override"":{},""swap"":{}}",0ed16eb1598a87e6a56577c4617a26a3165a4643f8558e8dd38332c0066aae8b,True,1.0,kv_8000,kv_constrained_online,2401,2.4010000000000002,26715,0.324417,0,,True,0,0.327375,True,0.17411,5,200,0,200,0.438005,"full_prefill,chunked_prefill_small,estimated_service_time_first,weighted_fair_share,least_laxity_first",False,1.0,0.005,sustained+high_valid_pressure,0,952bd353c79bef75dea529eeb46f1ee1ac61a4efb946ed96403fe542a094c856,industry_realism_causal_headroom_phase_d_v1.results.0.0,29.116,0.0,azure_2023_conv,phase_d_v1::azure_2023_conv::w036::kv_capacity::kv_8000::step2401,VALID_STRONGLY_CONSTRAINED,1.0,36
0.001953125,kv_capacity,phase_d_v1::azure_2023_conv::w036::kv_capacity::kv_8000::step25925::sbs_reference,SBS_REFERENCE,"{""admit"":{},""hold_decode"":{},""migrate"":{},""preempt"":{},""prefill_chunk_override"":{},""swap"":{}}",952bd353c79bef75dea529eeb46f1ee1ac61a4efb946ed96403fe542a094c856,,1.0,kv_8000,kv_constrained_online,25925,25.925,3191,0.032784,0,,True,1,0.526375,True,0.174125,,200,0,200,0.438005,,False,1.0,0.005,sustained+high_valid_pressure,0,952bd353c79bef75dea529eeb46f1ee1ac61a4efb946ed96403fe542a094c856,industry_realism_causal_headroom_phase_d_v1.results.0.0,29.116,0.0,azure_2023_conv,phase_d_v1::azure_2023_conv::w036::kv_capacity::kv_8000::step25925,VALID_STRONGLY_CONSTRAINED,1.0,36
0.001953125,kv_capacity,phase_d_v1::azure_2023_conv::w036::kv_capacity::kv_8000::step25925::alt00::0ea8a18ee3b4770e,COUNTERFACTUAL,"{""admit"":{""0"":[172]},""hold_decode"":{},""migrate"":{},""preempt"":{},""prefill_chunk_override"":{},""swap"":{}}",0ea8a18ee3b4770e624fa9ec83bb928a333af224143d5a9cb5c3eed91f05df22,True,1.0,kv_8000,kv_constrained_online,25925,25.925,3191,0.032494,0,,True,0,0.526375,True,0.17408,5,200,0,200,0.438005,"full_prefill,chunked_prefill_small,estimated_service_time_first,weighted_fair_share,least_laxity_first",False,1.0,0.005,sustained+high_valid_pressure,0,952bd353c79bef75dea529eeb46f1ee1ac61a4efb946ed96403fe542a094c856,industry_realism_causal_headroom_phase_d_v1.results.0.0,29.116,0.0,azure_2023_conv,phase_d_v1::azure_2023_conv::w036::kv_capacity::kv_8000::step25925,VALID_STRONGLY_CONSTRAINED,1.0,36
0.005859375,kv_capacity,phase_d_v1::azure_2023_conv::w040::kv_capacity::kv_8000::step21321::sbs_reference,SBS_REFERENCE,"{""admit"":{},""hold_decode"":{},""migrate"":{},""preempt"":{},""prefill_chunk_override"":{},""swap"":{}}",952bd353c79bef75dea529eeb46f1ee1ac61a4efb946ed96403fe542a094c856,,1.0,kv_8000,kv_constrained_online,21321,21.321,11066,0.147512,0,,True,1,0.34625,True,0.184959,,200,0,200,0.47384,,False,1.0,0.005,sustained+high_valid_pressure,0,952bd353c79bef75dea529eeb46f1ee1ac61a4efb946ed96403fe542a094c856,industry_realism_causal_headroom_phase_d_v1.results.0.0,32.387,0.0,azure_2023_conv,phase_d_v1::azure_2023_conv::w040::kv_capacity::kv_8000::step21321,VALID_STRONGLY_CONSTRAINED,1.0,40
0.005859375,kv_capacity,phase_d_v1::azure_2023_conv::w040::kv_capacity::kv_8000::step21321::alt00::905d9b48036364b1,COUNTERFACTUAL,"{""admit"":{""0"":[147]},""hold_decode"":{},""migrate"":{},""preempt"":{},""prefill_chunk_override"":{},""swap"":{}}",905d9b48036364b1b86ebf79faca83e2f34d9d771f4602d1b83238439144905e,True,1.0,kv_8000,kv_constrained_online,21321,21.321,11066,0.086385,0,,True,0,0.34625,True,0.184519,5,200,0,200,0.47384,"full_prefill,chunked_prefill_small,estimated_service_time_first,weighted_fair_share,least_laxity_first",False,1.0,0.005,sustained+high_valid_pressure,0,952bd353c79bef75dea529eeb46f1ee1ac61a4efb946ed96403fe542a094c856,industry_realism_causal_headroom_phase_d_v1.results.0.0,32.387,0.0,azure_2023_conv,phase_d_v1::azure_2023_conv::w040::kv_capacity::kv_8000::step21321,VALID_STRONGLY_CONSTRAINED,1.0,40
0.005859375,kv_capacity,phase_d_v1::azure_2023_conv::w040::kv_capacity::kv_8000::step21331::sbs_reference,SBS_REFERENCE,"{""admit"":{},""hold_decode"":{},""migrate"":{},""preempt"":{},""prefill_chunk_override"":{},""swap"":{}}",952bd353c79bef75dea529eeb46f1ee1ac61a4efb946ed96403fe542a094c856,,1.0,kv_8000,kv_constrained_online,21331,21.331,11056,0.085838,0,,True,1,0.35,True,0.184959,,200,0,200,0.47384,,False,1.0,0.005,sustained+high_valid_pressure,0,952bd353c79bef75dea529eeb46f1ee1ac61a4efb946ed96403fe542a094c856,industry_realism_causal_headroom_phase_d_v1.results.0.0,32.387,0.0,azure_2023_conv,phase_d_v1::azure_2023_conv::w040::kv_capacity::kv_8000::step21331,VALID_STRONGLY_CONSTRAINED,1.0,40
0.005859375,kv_capacity,phase_d_v1::azure_2023_conv::w040::kv_capacity::kv_8000::step21331::alt00::905d9b48036364b1,COUNTERFACTUAL,"{""admit"":{""0"":[147]},""hold_decode"":{},""migrate"":{},""preempt"":{},""prefill_chunk_override"":{},""swap"":{}}",905d9b48036364b1b86ebf79faca83e2f34d9d771f4602d1b83238439144905e,True,1.0,kv_8000,kv_constrained_online,21331,21.331,11056,0.085595,0,,True,0,0.35,True,0.184569,5,200,0,200,0.47384,"full_prefill,chunked_prefill_small,estimated_service_time_first,weighted_fair_share,least_laxity_first",False,1.0,0.005,sustained+high_valid_pressure,0,952bd353c79bef75dea529eeb46f1ee1ac61a4efb946ed96403fe542a094c856,industry_realism_causal_headroom_phase_d_v1.results.0.0,32.387,0.0,azure_2023_conv,phase_d_v1::azure_2023_conv::w040::kv_capacity::kv_8000::step21331,VALID_STRONGLY_CONSTRAINED,1.0,40
0.005859375,kv_capacity,phase_d_v1::azure_2023_conv::w040::kv_capacity::kv_8000::step21373::sbs_reference,SBS_REFERENCE,"{""admit"":{},""hold_decode"":{},""migrate"":{},""preempt"":{},""prefill_chunk_override"":{},""swap"":{}}",952bd353c79bef75dea529eeb46f1ee1ac61a4efb946ed96403fe542a094c856,,1.0,kv_8000,kv_constrained_online,21373,21.373,11014,0.154813,0,,True,1,0.36575,True,0.184959,,200,0,200,0.47384,,False,1.0,0.005,sustained+high_valid_pressure,0,952bd353c79bef75dea529eeb46f1ee1ac61a4efb946ed96403fe542a094c856,industry_realism_causal_headroom_phase_d_v1.results.0.0,32.387,0.0,azure_2023_conv,phase_d_v1::azure_2023_conv::w040::kv_capacity::kv_8000::step21373,VALID_STRONGLY_CONSTRAINED,1.0,40
0.005859375,kv_capacity,phase_d_v1::azure_2023_conv::w040::kv_capacity::kv_8000::step21373::alt00::905d9b48036364b1,COUNTERFACTUAL,"{""admit"":{""0"":[147]},""hold_decode"":{},""migrate"":{},""preempt"":{},""prefill_chunk_override"":{},""swap"":{}}",905d9b48036364b1b86ebf79faca83e2f34d9d771f4602d1b83238439144905e,True,1.0,kv_8000,kv_constrained_online,21373,21.373,11014,0.11584,0,,True,0,0.36575,True,0.184779,5,200,0,200,0.47384,"full_prefill,chunked_prefill_small,estimated_service_time_first,weighted_fair_share,least_laxity_first",False,1.0,0.005,sustained+high_valid_pressure,0,952bd353c79bef75dea529eeb46f1ee1ac61a4efb946ed96403fe542a094c856,industry_realism_causal_headroom_phase_d_v1.results.0.0,32.387,0.0,azure_2023_conv,phase_d_v1::azure_2023_conv::w040::kv_capacity::kv_8000::step21373,VALID_STRONGLY_CONSTRAINED,1.0,40
0.005859375,kv_capacity,phase_d_v1::azure_2023_conv::w040::kv_capacity::kv_8000::step21381::sbs_reference,SBS_REFERENCE,"{""admit"":{},""hold_decode"":{},""migrate"":{},""preempt"":{},""prefill_chunk_override"":{},""swap"":{}}",952bd353c79bef75dea529eeb46f1ee1ac61a4efb946ed96403fe542a094c856,,1.0,kv_8000,kv_constrained_online,21381,21.381,11006,0.088973,0,,True,1,0.36875,True,0.184959,,200,0,200,0.47384,,False,1.0,0.005,sustained+high_valid_pressure,0,952bd353c79bef75dea529eeb46f1ee1ac61a4efb946ed96403fe542a094c856,industry_realism_causal_headroom_phase_d_v1.results.0.0,32.387,0.0,azure_2023_conv,phase_d_v1::azure_2023_conv::w040::kv_capacity::kv_8000::step21381,VALID_STRONGLY_CONSTRAINED,1.0,40
0.005859375,kv_capacity,phase_d_v1::azure_2023_conv::w040::kv_capacity::kv_8000::step21381::alt00::905d9b48036364b1,COUNTERFACTUAL,"{""admit"":{""0"":[147]},""hold_decode"":{},""migrate"":{},""preempt"":{},""prefill_chunk_override"":{},""swap"":{}}",905d9b48036364b1b86ebf79faca83e2f34d9d771f4602d1b83238439144905e,True,1.0,kv_8000,kv_constrained_online,21381,21.381,11006,0.089602,0,,True,0,0.36875,True,0.184819,5,200,0,200,0.47384,"full_prefill,chunked_prefill_small,estimated_service_time_first,weighted_fair_share,least_laxity_first",False,1.0,0.005,sustained+high_valid_pressure,0,952bd353c79bef75dea529eeb46f1ee1ac61a4efb946ed96403fe542a094c856,industry_realism_causal_headroom_phase_d_v1.results.0.0,32.387,0.0,azure_2023_conv,phase_d_v1::azure_2023_conv::w040::kv_capacity::kv_8000::step21381,VALID_STRONGLY_CONSTRAINED,1.0,40
0.005859375,kv_capacity,phase_d_v1::azure_2023_conv::w040::kv_capacity::kv_8000::step21401::sbs_reference,SBS_REFERENCE,"{""admit"":{},""hold_decode"":{},""migrate"":{},""preempt"":{},""prefill_chunk_override"":{},""swap"":{}}",952bd353c79bef75dea529eeb46f1ee1ac61a4efb946ed96403fe542a094c856,,1.0,kv_8000,kv_constrained_online,21401,21.401,10986,0.086193,0,,True,1,0.37625,True,0.184959,,200,0,200,0.47384,,False,1.0,0.005,sustained+high_valid_pressure,0,952bd353c79bef75dea529eeb46f1ee1ac61a4efb946ed96403fe542a094c856,industry_realism_causal_headroom_phase_d_v1.results.0.0,32.387,0.0,azure_2023_conv,phase_d_v1::azure_2023_conv::w040::kv_capacity::kv_8000::step21401,VALID_STRONGLY_CONSTRAINED,1.0,40
0.005859375,kv_capacity,phase_d_v1::azure_2023_conv::w040::kv_capacity::kv_8000::step21401::alt00::905d9b48036364b1,COUNTERFACTUAL,"{""admit"":{""0"":[147]},""hold_decode"":{},""migrate"":{},""preempt"":{},""prefill_chunk_override"":{},""swap"":{}}",905d9b48036364b1b86ebf79faca83e2f34d9d771f4602d1b83238439144905e,True,1.0,kv_8000,kv_constrained_online,21401,21.401,10986,0.086666,0,,True,0,0.37625,True,0.184919,5,200,0,200,0.47384,"full_prefill,chunked_prefill_small,estimated_service_time_first,weighted_fair_share,least_laxity_first",False,1.0,0.005,sustained+high_valid_pressure,0,952bd353c79bef75dea529eeb46f1ee1ac61a4efb946ed96403fe542a094c856,industry_realism_causal_headroom_phase_d_v1.results.0.0,32.387,0.0,azure_2023_conv,phase_d_v1::azure_2023_conv::w040::kv_capacity::kv_8000::step21401,VALID_STRONGLY_CONSTRAINED,1.0,40
0.005859375,kv_capacity,phase_d_v1::azure_2023_conv::w040::kv_capacity::kv_8000::step22504::sbs_reference,SBS_REFERENCE,"{""admit"":{},""hold_decode"":{},""migrate"":{},""preempt"":{},""prefill_chunk_override"":{},""swap"":{}}",952bd353c79bef75dea529eeb46f1ee1ac61a4efb946ed96403fe542a094c856,,1.0,kv_8000,kv_constrained_online,22504,22.504,9883,0.072093,0,,True,1,0.4815,True,0.184959,,200,0,200,0.47384,,False,1.0,0.005,sustained+high_valid_pressure,0,952bd353c79bef75dea529eeb46f1ee1ac61a4efb946ed96403fe542a094c856,industry_realism_causal_headroom_phase_d_v1.results.0.0,32.387,0.0,azure_2023_conv,phase_d_v1::azure_2023_conv::w040::kv_capacity::kv_8000::step22504,VALID_STRONGLY_CONSTRAINED,1.0,40
0.005859375,kv_capacity,phase_d_v1::azure_2023_conv::w040::kv_capacity::kv_8000::step22504::alt00::d6595f28619b645c,COUNTERFACTUAL,"{""admit"":{""0"":[155]},""hold_decode"":{},""migrate"":{},""preempt"":{},""prefill_chunk_override"":{},""swap"":{}}",d6595f28619b645c0b2067a0689055c70a3712438cd7fb45747afffb670e14cb,True,1.0,kv_8000,kv_constrained_online,22504,22.504,9883,0.07123,0,,True,0,0.4815,True,0.183489,5,200,0,200,0.47349,"full_prefill,chunked_prefill_small,estimated_service_time_first,weighted_fair_share,least_laxity_first",False,1.0,0.005,sustained+high_valid_pressure,0,952bd353c79bef75dea529eeb46f1ee1ac61a4efb946ed96403fe542a094c856,industry_realism_causal_headroom_phase_d_v1.results.0.0,32.387,0.0,azure_2023_conv,phase_d_v1::azure_2023_conv::w040::kv_capacity::kv_8000::step22504,VALID_STRONGLY_CONSTRAINED,1.0,40
0.0078125,kv_capacity,phase_d_v1::azure_2023_conv::w040::kv_capacity::kv_8000::step22592::sbs_reference,SBS_REFERENCE,"{""admit"":{},""hold_decode"":{},""migrate"":{},""preempt"":{},""prefill_chunk_override"":{},""swap"":{}}",952bd353c79bef75dea529eeb46f1ee1ac61a4efb946ed96403fe542a094c856,,1.0,kv_8000,kv_constrained_online,22592,22.592,9795,0.083947,0,,True,1,0.76925,True,0.184959,,200,0,200,0.47384,,False,1.0,0.01,sustained+high_valid_pressure,1,952bd353c79bef75dea529eeb46f1ee1ac61a4efb946ed96403fe542a094c856,industry_realism_causal_headroom_phase_d_v1.results.0.0,32.387,0.0,azure_2023_conv,phase_d_v1::azure_2023_conv::w040::kv_capacity::kv_8000::step22592,VALID_STRONGLY_CONSTRAINED,1.0,40
0.0078125,kv_capacity,phase_d_v1::azure_2023_conv::w040::kv_capacity::kv_8000::step22592::alt00::303c0bcb5b49f5c9,COUNTERFACTUAL,"{""admit"":{""0"":[157]},""hold_decode"":{},""migrate"":{},""preempt"":{},""prefill_chunk_override"":{},""swap"":{}}",303c0bcb5b49f5c95df4c847c5117d0d735284656f1ec9c1ee14f86744c6f748,True,1.0,kv_8000,kv_constrained_online,22592,22.592,9795,0.070371,0,,True,0,0.76925,True,0.184719,5,200,0,200,0.469681,"full_prefill,chunked_prefill_small,estimated_service_time_first,weighted_fair_share,least_laxity_first",False,1.0,0.01,sustained+high_valid_pressure,1,952bd353c79bef75dea529eeb46f1ee1ac61a4efb946ed96403fe542a094c856,industry_realism_causal_headroom_phase_d_v1.results.0.0,32.387,0.0,azure_2023_conv,phase_d_v1::azure_2023_conv::w040::kv_capacity::kv_8000::step22592,VALID_STRONGLY_CONSTRAINED,1.0,40
0.005859375,kv_capacity,phase_d_v1::azure_2023_conv::w040::kv_capacity::kv_8000::step22795::sbs_reference,SBS_REFERENCE,"{""admit"":{},""hold_decode"":{},""migrate"":{},""preempt"":{},""prefill_chunk_override"":{},""swap"":{}}",952bd353c79bef75dea529eeb46f1ee1ac61a4efb946ed96403fe542a094c856,,1.0,kv_8000,kv_constrained_online,22795,22.795,9592,0.0656,0,,True,1,0.35925,True,0.184959,,200,0,200,0.47384,,False,1.0,0.005,sustained+high_valid_pressure,0,952bd353c79bef75dea529eeb46f1ee1ac61a4efb946ed96403fe542a094c856,industry_realism_causal_headroom_phase_d_v1.results.0.0,32.387,0.0,azure_2023_conv,phase_d_v1::azure_2023_conv::w040::kv_capacity::kv_8000::step22795,VALID_STRONGLY_CONSTRAINED,1.0,40
0.005859375,kv_capacity,phase_d_v1::azure_2023_conv::w040::kv_capacity::kv_8000::step22795::alt00::d6595f28619b645c,COUNTERFACTUAL,"{""admit"":{""0"":[155]},""hold_decode"":{},""migrate"":{},""preempt"":{},""prefill_chunk_override"":{},""swap"":{}}",d6595f28619b645c0b2067a0689055c70a3712438cd7fb45747afffb670e14cb,True,1.0,kv_8000,kv_constrained_online,22795,22.795,9592,0.067575,0,,True,0,0.35925,True,0.184869,5,200,0,200,0.47384,"full_prefill,chunked_prefill_small,estimated_service_time_first,weighted_fair_share,least_laxity_first",False,1.0,0.005,sustained+high_valid_pressure,0,952bd353c79bef75dea529eeb46f1ee1ac61a4efb946ed96403fe542a094c856,industry_realism_causal_headroom_phase_d_v1.results.0.0,32.387,0.0,azure_2023_conv,phase_d_v1::azure_2023_conv::w040::kv_capacity::kv_8000::step22795,VALID_STRONGLY_CONSTRAINED,1.0,40
0.00390625,kv_capacity,phase_d_v1::azure_2023_conv::w040::kv_capacity::kv_8000::step31608::sbs_reference,SBS_REFERENCE,"{""admit"":{},""hold_decode"":{},""migrate"":{},""preempt"":{},""prefill_chunk_override"":{},""swap"":{}}",952bd353c79bef75dea529eeb46f1ee1ac61a4efb946ed96403fe542a094c856,,1.0,kv_8000,kv_constrained_online,31608,31.608,779,0.008353,0,,True,1,0.357375,True,0.184959,,200,0,200,0.47384,,False,1.0,0.005,sustained+high_valid_pressure,0,952bd353c79bef75dea529eeb46f1ee1ac61a4efb946ed96403fe542a094c856,industry_realism_causal_headroom_phase_d_v1.results.0.0,32.387,0.0,azure_2023_conv,phase_d_v1::azure_2023_conv::w040::kv_capacity::kv_8000::step31608,VALID_STRONGLY_CONSTRAINED,1.0,40
0.00390625,kv_capacity,phase_d_v1::azure_2023_conv::w040::kv_capacity::kv_8000::step31608::alt00::f3cafdad2f7c51fd,COUNTERFACTUAL,"{""admit"":{""0"":[196]},""hold_decode"":{},""migrate"":{},""preempt"":{},""prefill_chunk_override"":{},""swap"":{}}",f3cafdad2f7c51fd1c8e7c2f9e0d2f882e0bffb76ab32d61cefa301896374b11,True,1.0,kv_8000,kv_constrained_online,31608,31.608,779,0.007898,0,,True,0,0.357375,True,0.184519,5,200,0,200,0.47384,"full_prefill,chunked_prefill_small,estimated_service_time_first,weighted_fair_share,least_laxity_first",False,1.0,0.005,sustained+high_valid_pressure,0,952bd353c79bef75dea529eeb46f1ee1ac61a4efb946ed96403fe542a094c856,industry_realism_causal_headroom_phase_d_v1.results.0.0,32.387,0.0,azure_2023_conv,phase_d_v1::azure_2023_conv::w040::kv_capacity::kv_8000::step31608,VALID_STRONGLY_CONSTRAINED,1.0,40
0.001953125,kv_capacity,phase_d_v1::azure_2023_conv::w044::kv_capacity::kv_8000::step5109::sbs_reference,SBS_REFERENCE,"{""admit"":{},""hold_decode"":{},""migrate"":{},""preempt"":{},""prefill_chunk_override"":{},""swap"":{}}",952bd353c79bef75dea529eeb46f1ee1ac61a4efb946ed96403fe542a094c856,,1.0,kv_8000,kv_constrained_online,5109,5.109,19129,0.217229,0,,True,1,0.528625,True,0.141587,,200,0,200,0.411511,,False,1.0,0.005,sustained+high_valid_pressure,0,952bd353c79bef75dea529eeb46f1ee1ac61a4efb946ed96403fe542a094c856,industry_realism_causal_headroom_phase_d_v1.results.0.0,24.238,0.0,azure_2023_conv,phase_d_v1::azure_2023_conv::w044::kv_capacity::kv_8000::step5109,VALID_STRONGLY_CONSTRAINED,1.0,44
0.001953125,kv_capacity,phase_d_v1::azure_2023_conv::w044::kv_capacity::kv_8000::step5109::alt00::f45d6307cb6cd010,COUNTERFACTUAL,"{""admit"":{""0"":[40]},""hold_decode"":{},""migrate"":{},""preempt"":{},""prefill_chunk_override"":{},""swap"":{}}",f45d6307cb6cd010213b08aa2d60eb61645cb664b0fb70a20b881a5b1e94ab54,True,1.0,kv_8000,kv_constrained_online,5109,5.109,19129,0.180881,0,,True,0,0.528625,True,0.140867,5,200,0,200,0.411511,"full_prefill,chunked_prefill_small,estimated_service_time_first,weighted_fair_share,least_laxity_first",False,1.0,0.005,sustained+high_valid_pressure,0,952bd353c79bef75dea529eeb46f1ee1ac61a4efb946ed96403fe542a094c856,industry_realism_causal_headroom_phase_d_v1.results.0.0,24.238,0.0,azure_2023_conv,phase_d_v1::azure_2023_conv::w044::kv_capacity::kv_8000::step5109,VALID_STRONGLY_CONSTRAINED,1.0,44
0.001953125,kv_capacity,phase_d_v1::azure_2023_conv::w044::kv_capacity::kv_8000::step5284::sbs_reference,SBS_REFERENCE,"{""admit"":{},""hold_decode"":{},""migrate"":{},""preempt"":{},""prefill_chunk_override"":{},""swap"":{}}",952bd353c79bef75dea529eeb46f1ee1ac61a4efb946ed96403fe542a094c856,,1.0,kv_8000,kv_constrained_online,5284,5.284,18954,0.177146,0,,True,1,0.478,True,0.141587,,200,0,200,0.411511,,False,1.0,0.005,sustained+high_valid_pressure,0,952bd353c79bef75dea529eeb46f1ee1ac61a4efb946ed96403fe542a094c856,industry_realism_causal_headroom_phase_d_v1.results.0.0,24.238,0.0,azure_2023_conv,phase_d_v1::azure_2023_conv::w044::kv_capacity::kv_8000::step5284,VALID_STRONGLY_CONSTRAINED,1.0,44
0.001953125,kv_capacity,phase_d_v1::azure_2023_conv::w044::kv_capacity::kv_8000::step5284::alt00::258d67582f79997d,COUNTERFACTUAL,"{""admit"":{""0"":[41]},""hold_decode"":{},""migrate"":{},""preempt"":{},""prefill_chunk_override"":{},""swap"":{}}",258d67582f79997d5eee0078b9f05f87f05dbcaddd93695eb9f8243fbff36d71,True,1.0,kv_8000,kv_constrained_online,5284,5.284,18954,0.192372,0,,True,0,0.478,True,0.141377,5,200,0,200,0.411511,"full_prefill,chunked_prefill_small,estimated_service_time_first,weighted_fair_share,least_laxity_first",False,1.0,0.005,sustained+high_valid_pressure,0,952bd353c79bef75dea529eeb46f1ee1ac61a4efb946ed96403fe542a094c856,industry_realism_causal_headroom_phase_d_v1.results.0.0,24.238,0.0,azure_2023_conv,phase_d_v1::azure_2023_conv::w044::kv_capacity::kv_8000::step5284,VALID_STRONGLY_CONSTRAINED,1.0,44
0.00390625,kv_capacity,phase_d_v1::azure_2023_conv::w048::kv_capacity::kv_8000::step7491::sbs_reference,SBS_REFERENCE,"{""admit"":{},""hold_decode"":{},""migrate"":{},""preempt"":{},""prefill_chunk_override"":{},""swap"":{}}",952bd353c79bef75dea529eeb46f1ee1ac61a4efb946ed96403fe542a094c856,,1.0,kv_8000,kv_constrained_online,7491,7.4910000000000005,18962,0.177508,0,,True,1,0.7005,True,0.129402,,200,0,200,0.413042,,False,1.0,0.005,sustained+high_valid_pressure,0,952bd353c79bef75dea529eeb46f1ee1ac61a4efb946ed96403fe542a094c856,industry_realism_causal_headroom_phase_d_v1.results.0.0,26.453,0.0,azure_2023_conv,phase_d_v1::azure_2023_conv::w048::kv_capacity::kv_8000::step7491,VALID_STRONGLY_CONSTRAINED,1.0,48
0.00390625,kv_capacity,phase_d_v1::azure_2023_conv::w048::kv_capacity::kv_8000::step7491::alt00::de9d4d31c29db46c,COUNTERFACTUAL,"{""admit"":{""0"":[60]},""hold_decode"":{},""migrate"":{},""preempt"":{},""prefill_chunk_override"":{},""swap"":{}}",de9d4d31c29db46c9f805bc907bf54257c720b910fe89f051daf851172c55f6f,True,1.0,kv_8000,kv_constrained_online,7491,7.4910000000000005,18962,0.143757,0,,True,0,0.7005,True,0.129342,5,200,0,200,0.413042,"full_prefill,chunked_prefill_small,estimated_service_time_first,weighted_fair_share,least_laxity_first",False,1.0,0.005,sustained+high_valid_pressure,0,952bd353c79bef75dea529eeb46f1ee1ac61a4efb946ed96403fe542a094c856,industry_realism_causal_headroom_phase_d_v1.results.0.0,26.453,0.0,azure_2023_conv,phase_d_v1::azure_2023_conv::w048::kv_capacity::kv_8000::step7491,VALID_STRONGLY_CONSTRAINED,1.0,48
0.00390625,kv_capacity,phase_d_v1::azure_2023_conv::w048::kv_capacity::kv_8000::step7496::sbs_reference,SBS_REFERENCE,"{""admit"":{},""hold_decode"":{},""migrate"":{},""preempt"":{},""prefill_chunk_override"":{},""swap"":{}}",952bd353c79bef75dea529eeb46f1ee1ac61a4efb946ed96403fe542a094c856,,1.0,kv_8000,kv_constrained_online,7496,7.496,18957,0.143538,0,,True,1,0.70175,True,0.129402,,200,0,200,0.413042,,False,1.0,0.01,sustained+high_valid_pressure,1,952bd353c79bef75dea529eeb46f1ee1ac61a4efb946ed96403fe542a094c856,industry_realism_causal_headroom_phase_d_v1.results.0.0,26.453,0.0,azure_2023_conv,phase_d_v1::azure_2023_conv::w048::kv_capacity::kv_8000::step7496,VALID_STRONGLY_CONSTRAINED,1.0,48
0.00390625,kv_capacity,phase_d_v1::azure_2023_conv::w048::kv_capacity::kv_8000::step7496::alt00::de9d4d31c29db46c,COUNTERFACTUAL,"{""admit"":{""0"":[60]},""hold_decode"":{},""migrate"":{},""preempt"":{},""prefill_chunk_override"":{},""swap"":{}}",de9d4d31c29db46c9f805bc907bf54257c720b910fe89f051daf851172c55f6f,True,1.0,kv_8000,kv_constrained_online,7496,7.496,18957,0.221279,0,,True,0,0.70175,True,0.129367,5,200,0,200,0.413042,"full_prefill,chunked_prefill_small,estimated_service_time_first,weighted_fair_share,least_laxity_first",False,1.0,0.01,sustained+high_valid_pressure,1,952bd353c79bef75dea529eeb46f1ee1ac61a4efb946ed96403fe542a094c856,industry_realism_causal_headroom_phase_d_v1.results.0.0,26.453,0.0,azure_2023_conv,phase_d_v1::azure_2023_conv::w048::kv_capacity::kv_8000::step7496,VALID_STRONGLY_CONSTRAINED,1.0,48
0.00390625,kv_capacity,phase_d_v1::azure_2023_conv::w052::kv_capacity::kv_8000::step6600::sbs_reference,SBS_REFERENCE,"{""admit"":{},""hold_decode"":{},""migrate"":{},""preempt"":{},""prefill_chunk_override"":{},""swap"":{}}",952bd353c79bef75dea529eeb46f1ee1ac61a4efb946ed96403fe542a094c856,,1.0,kv_8000,kv_constrained_online,6600,6.6000000000000005,18188,0.159518,0,,True,1,0.328625,True,0.136164,,200,0,200,0.428987,,False,1.0,0.005,sustained+high_valid_pressure,0,952bd353c79bef75dea529eeb46f1ee1ac61a4efb946ed96403fe542a094c856,industry_realism_causal_headroom_phase_d_v1.results.0.0,24.788,0.0,azure_2023_conv,phase_d_v1::azure_2023_conv::w052::kv_capacity::kv_8000::step6600,VALID_STRONGLY_CONSTRAINED,1.0,52
0.00390625,kv_capacity,phase_d_v1::azure_2023_conv::w052::kv_capacity::kv_8000::step6600::alt00::de9d4d31c29db46c,COUNTERFACTUAL,"{""admit"":{""0"":[60]},""hold_decode"":{},""migrate"":{},""preempt"":{},""prefill_chunk_override"":{},""swap"":{}}",de9d4d31c29db46c9f805bc907bf54257c720b910fe89f051daf851172c55f6f,True,1.0,kv_8000,kv_constrained_online,6600,6.6000000000000005,18188,0.187948,0,,True,0,0.328625,True,0.135744,5,200,0,200,0.428987,"full_prefill,chunked_prefill_small,estimated_service_time_first,weighted_fair_share,least_laxity_first",False,1.0,0.005,sustained+high_valid_pressure,0,952bd353c79bef75dea529eeb46f1ee1ac61a4efb946ed96403fe542a094c856,industry_realism_causal_headroom_phase_d_v1.results.0.0,24.788,0.0,azure_2023_conv,phase_d_v1::azure_2023_conv::w052::kv_capacity::kv_8000::step6600,VALID_STRONGLY_CONSTRAINED,1.0,52
0.00390625,kv_capacity,phase_d_v1::azure_2023_conv::w052::kv_capacity::kv_8000::step6637::sbs_reference,SBS_REFERENCE,"{""admit"":{},""hold_decode"":{},""migrate"":{},""preempt"":{},""prefill_chunk_override"":{},""swap"":{}}",952bd353c79bef75dea529eeb46f1ee1ac61a4efb946ed96403fe542a094c856,,1.0,kv_8000,kv_constrained_online,6637,6.6370000000000005,18151,0.159167,0,,True,1,0.337875,True,0.136164,,200,0,200,0.428987,,False,1.0,0.005,sustained+high_valid_pressure,0,952bd353c79bef75dea529eeb46f1ee1ac61a4efb946ed96403fe542a094c856,industry_realism_causal_headroom_phase_d_v1.results.0.0,24.788,0.0,azure_2023_conv,phase_d_v1::azure_2023_conv::w052::kv_capacity::kv_8000::step6637,VALID_STRONGLY_CONSTRAINED,1.0,52
0.00390625,kv_capacity,phase_d_v1::azure_2023_conv::w052::kv_capacity::kv_8000::step6637::alt00::de9d4d31c29db46c,COUNTERFACTUAL,"{""admit"":{""0"":[60]},""hold_decode"":{},""migrate"":{},""preempt"":{},""prefill_chunk_override"":{},""swap"":{}}",de9d4d31c29db46c9f805bc907bf54257c720b910fe89f051daf851172c55f6f,True,1.0,kv_8000,kv_constrained_online,6637,6.6370000000000005,18151,0.173772,0,,True,0,0.337875,True,0.135929,5,200,0,200,0.428987,"full_prefill,chunked_prefill_small,estimated_service_time_first,weighted_fair_share,least_laxity_first",False,1.0,0.005,sustained+high_valid_pressure,0,952bd353c79bef75dea529eeb46f1ee1ac61a4efb946ed96403fe542a094c856,industry_realism_causal_headroom_phase_d_v1.results.0.0,24.788,0.0,azure_2023_conv,phase_d_v1::azure_2023_conv::w052::kv_capacity::kv_8000::step6637,VALID_STRONGLY_CONSTRAINED,1.0,52
0.00390625,kv_capacity,phase_d_v1::azure_2023_conv::w052::kv_capacity::kv_8000::step6654::sbs_reference,SBS_REFERENCE,"{""admit"":{},""hold_decode"":{},""migrate"":{},""preempt"":{},""prefill_chunk_override"":{},""swap"":{}}",952bd353c79bef75dea529eeb46f1ee1ac61a4efb946ed96403fe542a094c856,,1.0,kv_8000,kv_constrained_online,6654,6.654,18134,0.163061,0,,True,1,0.342125,True,0.136164,,200,0,200,0.428987,,False,1.0,0.005,sustained+high_valid_pressure,0,952bd353c79bef75dea529eeb46f1ee1ac61a4efb946ed96403fe542a094c856,industry_realism_causal_headroom_phase_d_v1.results.0.0,24.788,0.0,azure_2023_conv,phase_d_v1::azure_2023_conv::w052::kv_capacity::kv_8000::step6654,VALID_STRONGLY_CONSTRAINED,1.0,52
0.00390625,kv_capacity,phase_d_v1::azure_2023_conv::w052::kv_capacity::kv_8000::step6654::alt00::de9d4d31c29db46c,COUNTERFACTUAL,"{""admit"":{""0"":[60]},""hold_decode"":{},""migrate"":{},""preempt"":{},""prefill_chunk_override"":{},""swap"":{}}",de9d4d31c29db46c9f805bc907bf54257c720b910fe89f051daf851172c55f6f,True,1.0,kv_8000,kv_constrained_online,6654,6.654,18134,0.157045,0,,True,0,0.342125,True,0.136014,5,200,0,200,0.428987,"full_prefill,chunked_prefill_small,estimated_service_time_first,weighted_fair_share,least_laxity_first",False,1.0,0.005,sustained+high_valid_pressure,0,952bd353c79bef75dea529eeb46f1ee1ac61a4efb946ed96403fe542a094c856,industry_realism_causal_headroom_phase_d_v1.results.0.0,24.788,0.0,azure_2023_conv,phase_d_v1::azure_2023_conv::w052::kv_capacity::kv_8000::step6654,VALID_STRONGLY_CONSTRAINED,1.0,52
0.00390625,kv_capacity,phase_d_v1::azure_2023_conv::w052::kv_capacity::kv_8000::step24336::sbs_reference,SBS_REFERENCE,"{""admit"":{},""hold_decode"":{},""migrate"":{},""preempt"":{},""prefill_chunk_override"":{},""swap"":{}}",952bd353c79bef75dea529eeb46f1ee1ac61a4efb946ed96403fe542a094c856,,1.0,kv_8000,kv_constrained_online,24336,24.336000000000002,452,0.017085,0,,True,1,0.710125,True,0.136164,,200,0,200,0.428987,,False,1.0,0.01,sustained+high_valid_pressure,0,952bd353c79bef75dea529eeb46f1ee1ac61a4efb946ed96403fe542a094c856,industry_realism_causal_headroom_phase_d_v1.results.0.0,24.788,0.0,azure_2023_conv,phase_d_v1::azure_2023_conv::w052::kv_capacity::kv_8000::step24336,VALID_STRONGLY_CONSTRAINED,1.0,52
0.00390625,kv_capacity,phase_d_v1::azure_2023_conv::w052::kv_capacity::kv_8000::step24336::alt00::4619080299f2d454,COUNTERFACTUAL,"{""admit"":{""0"":[193,194]},""hold_decode"":{},""migrate"":{},""preempt"":{},""prefill_chunk_override"":{},""swap"":{}}",4619080299f2d45401d1b9b05c99beb722cd0dbf6fefe79628ea47f4cc2d5f8b,True,1.0,kv_8000,kv_constrained_online,24336,24.336000000000002,451,0.007802,0,,True,0,0.710125,True,0.136149,5,200,0,200,0.427987,"full_prefill,chunked_prefill_small,estimated_service_time_first,weighted_fair_share,least_laxity_first",False,1.0,0.01,sustained+high_valid_pressure,0,952bd353c79bef75dea529eeb46f1ee1ac61a4efb946ed96403fe542a094c856,industry_realism_causal_headroom_phase_d_v1.results.0.0,24.787,0.0,azure_2023_conv,phase_d_v1::azure_2023_conv::w052::kv_capacity::kv_8000::step24336,VALID_STRONGLY_CONSTRAINED,1.0,52
0.0078125,kv_capacity,phase_d_v1::azure_2023_conv::w052::kv_capacity::kv_8000::step24399::sbs_reference,SBS_REFERENCE,"{""admit"":{},""hold_decode"":{},""migrate"":{},""preempt"":{},""prefill_chunk_override"":{},""swap"":{}}",952bd353c79bef75dea529eeb46f1ee1ac61a4efb946ed96403fe542a094c856,,1.0,kv_8000,kv_constrained_online,24399,24.399,389,0.007324,0,,True,1,0.383125,True,0.136164,,200,0,200,0.428987,,False,1.0,0.005,sustained+high_valid_pressure,0,952bd353c79bef75dea529eeb46f1ee1ac61a4efb946ed96403fe542a094c856,industry_realism_causal_headroom_phase_d_v1.results.0.0,24.788,0.0,azure_2023_conv,phase_d_v1::azure_2023_conv::w052::kv_capacity::kv_8000::step24399,VALID_STRONGLY_CONSTRAINED,1.0,52
0.0078125,kv_capacity,phase_d_v1::azure_2023_conv::w052::kv_capacity::kv_8000::step24399::alt00::066126f938a45645,COUNTERFACTUAL,"{""admit"":{""0"":[195]},""hold_decode"":{},""migrate"":{},""preempt"":{},""prefill_chunk_override"":{},""swap"":{}}",066126f938a456457b9da6c30ea504a851061287d9ecf354e9da9001bbbcf98f,True,1.0,kv_8000,kv_constrained_online,24399,24.399,364,0.00545,0,,True,0,0.383125,True,0.134614,5,200,0,200,0.42699,"full_prefill,chunked_prefill_small,estimated_service_time_first,weighted_fair_share,least_laxity_first",False,1.0,0.005,sustained+high_valid_pressure,0,952bd353c79bef75dea529eeb46f1ee1ac61a4efb946ed96403fe542a094c856,industry_realism_causal_headroom_phase_d_v1.results.0.0,24.763,0.0,azure_2023_conv,phase_d_v1::azure_2023_conv::w052::kv_capacity::kv_8000::step24399,VALID_STRONGLY_CONSTRAINED,1.0,52
0.009765625,kv_capacity,phase_d_v1::azure_2023_conv::w052::kv_capacity::kv_8000::step24475::sbs_reference,SBS_REFERENCE,"{""admit"":{},""hold_decode"":{},""migrate"":{},""preempt"":{},""prefill_chunk_override"":{},""swap"":{}}",952bd353c79bef75dea529eeb46f1ee1ac61a4efb946ed96403fe542a094c856,,1.0,kv_8000,kv_constrained_online,24475,24.475,313,0.010201,0,,True,1,0.473,True,0.136164,,200,0,200,0.428987,,False,1.0,0.005,sustained+high_valid_pressure,0,952bd353c79bef75dea529eeb46f1ee1ac61a4efb946ed96403fe542a094c856,industry_realism_causal_headroom_phase_d_v1.results.0.0,24.788,0.0,azure_2023_conv,phase_d_v1::azure_2023_conv::w052::kv_capacity::kv_8000::step24475,VALID_STRONGLY_CONSTRAINED,1.0,52
0.009765625,kv_capacity,phase_d_v1::azure_2023_conv::w052::kv_capacity::kv_8000::step24475::alt00::066126f938a45645,COUNTERFACTUAL,"{""admit"":{""0"":[195]},""hold_decode"":{},""migrate"":{},""preempt"":{},""prefill_chunk_override"":{},""swap"":{}}",066126f938a456457b9da6c30ea504a851061287d9ecf354e9da9001bbbcf98f,True,1.0,kv_8000,kv_constrained_online,24475,24.475,288,0.004594,0,,True,0,0.473,True,0.135309,5,200,0,200,0.42699,"full_prefill,chunked_prefill_small,estimated_service_time_first,weighted_fair_share,least_laxity_first",False,1.0,0.005,sustained+high_valid_pressure,0,952bd353c79bef75dea529eeb46f1ee1ac61a4efb946ed96403fe542a094c856,industry_realism_causal_headroom_phase_d_v1.results.0.0,24.763,0.0,azure_2023_conv,phase_d_v1::azure_2023_conv::w052::kv_capacity::kv_8000::step24475,VALID_STRONGLY_CONSTRAINED,1.0,52
0.00390625,kv_capacity,phase_d_v1::azure_2023_conv::w052::kv_capacity::kv_8000::step24702::sbs_reference,SBS_REFERENCE,"{""admit"":{},""hold_decode"":{},""migrate"":{},""preempt"":{},""prefill_chunk_override"":{},""swap"":{}}",952bd353c79bef75dea529eeb46f1ee1ac61a4efb946ed96403fe542a094c856,,1.0,kv_8000,kv_constrained_online,24702,24.702,86,0.00127,0,,True,1,0.35675,True,0.136164,,200,0,200,0.428987,,False,1.0,0.005,sustained+high_valid_pressure,0,952bd353c79bef75dea529eeb46f1ee1ac61a4efb946ed96403fe542a094c856,industry_realism_causal_headroom_phase_d_v1.results.0.0,24.788,0.0,azure_2023_conv,phase_d_v1::azure_2023_conv::w052::kv_capacity::kv_8000::step24702,VALID_STRONGLY_CONSTRAINED,1.0,52
0.00390625,kv_capacity,phase_d_v1::azure_2023_conv::w052::kv_capacity::kv_8000::step24702::alt00::066126f938a45645,COUNTERFACTUAL,"{""admit"":{""0"":[195]},""hold_decode"":{},""migrate"":{},""preempt"":{},""prefill_chunk_override"":{},""swap"":{}}",066126f938a456457b9da6c30ea504a851061287d9ecf354e9da9001bbbcf98f,True,1.0,kv_8000,kv_constrained_online,24702,24.702,61,0.000961,0,,True,0,0.35675,True,0.136039,5,200,0,200,0.42699,"full_prefill,chunked_prefill_small,estimated_service_time_first,weighted_fair_share,least_laxity_first",False,1.0,0.005,sustained+high_valid_pressure,0,952bd353c79bef75dea529eeb46f1ee1ac61a4efb946ed96403fe542a094c856,industry_realism_causal_headroom_phase_d_v1.results.0.0,24.763,0.0,azure_2023_conv,phase_d_v1::azure_2023_conv::w052::kv_capacity::kv_8000::step24702,VALID_STRONGLY_CONSTRAINED,1.0,52
0.00390625,kv_capacity,phase_d_v1::azure_2023_conv::w052::kv_capacity::kv_8000::step24713::sbs_reference,SBS_REFERENCE,"{""admit"":{},""hold_decode"":{},""migrate"":{},""preempt"":{},""prefill_chunk_override"":{},""swap"":{}}",952bd353c79bef75dea529eeb46f1ee1ac61a4efb946ed96403fe542a094c856,,1.0,kv_8000,kv_constrained_online,24713,24.713,75,0.001075,0,,True,1,0.3595,True,0.136164,,200,0,200,0.428987,,False,1.0,0.005,sustained+high_valid_pressure,0,952bd353c79bef75dea529eeb46f1ee1ac61a4efb946ed96403fe542a094c856,industry_realism_causal_headroom_phase_d_v1.results.0.0,24.788,0.0,azure_2023_conv,phase_d_v1::azure_2023_conv::w052::kv_capacity::kv_8000::step24713,VALID_STRONGLY_CONSTRAINED,1.0,52
0.00390625,kv_capacity,phase_d_v1::azure_2023_conv::w052::kv_capacity::kv_8000::step24713::alt00::066126f938a45645,COUNTERFACTUAL,"{""admit"":{""0"":[195]},""hold_decode"":{},""migrate"":{},""preempt"":{},""prefill_chunk_override"":{},""swap"":{}}",066126f938a456457b9da6c30ea504a851061287d9ecf354e9da9001bbbcf98f,True,1.0,kv_8000,kv_constrained_online,24713,24.713,61,0.000873,0,,True,0,0.3595,True,0.136094,5,200,0,200,0.42699,"full_prefill,chunked_prefill_small,estimated_service_time_first,weighted_fair_share,least_laxity_first",False,1.0,0.005,sustained+high_valid_pressure,0,952bd353c79bef75dea529eeb46f1ee1ac61a4efb946ed96403fe542a094c856,industry_realism_causal_headroom_phase_d_v1.results.0.0,24.774,0.0,azure_2023_conv,phase_d_v1::azure_2023_conv::w052::kv_capacity::kv_8000::step24713,VALID_STRONGLY_CONSTRAINED,1.0,52
0.001953125,kv_capacity,phase_d_v1::azure_2023_conv::w056::kv_capacity::kv_8000::step12143::sbs_reference,SBS_REFERENCE,"{""admit"":{},""hold_decode"":{},""migrate"":{},""preempt"":{},""prefill_chunk_override"":{},""swap"":{}}",952bd353c79bef75dea529eeb46f1ee1ac61a4efb946ed96403fe542a094c856,,1.0,kv_8000,kv_constrained_online,12143,12.143,14868,0.124475,0,,True,1,0.318375,True,0.135726,,200,0,200,0.430292,,False,1.0,0.01,sustained+high_valid_pressure,1,952bd353c79bef75dea529eeb46f1ee1ac61a4efb946ed96403fe542a094c856,industry_realism_causal_headroom_phase_d_v1.results.0.0,27.011,0.0,azure_2023_conv,phase_d_v1::azure_2023_conv::w056::kv_capacity::kv_8000::step12143,VALID_STRONGLY_CONSTRAINED,1.0,56
0.001953125,kv_capacity,phase_d_v1::azure_2023_conv::w056::kv_capacity::kv_8000::step12143::alt00::8394d8e237b3dbdf,COUNTERFACTUAL,"{""admit"":{""0"":[98]},""hold_decode"":{},""migrate"":{},""preempt"":{},""prefill_chunk_override"":{},""swap"":{}}",8394d8e237b3dbdface9fb554297708cee528811a4ef1f5b9e774c6d44d40e29,True,1.0,kv_8000,kv_constrained_online,12143,12.143,14868,0.123875,0,,True,0,0.318375,True,0.135796,4,200,0,200,0.430292,"full_prefill,chunked_prefill_small,estimated_service_time_first,weighted_fair_share",False,1.0,0.01,sustained+high_valid_pressure,1,952bd353c79bef75dea529eeb46f1ee1ac61a4efb946ed96403fe542a094c856,industry_realism_causal_headroom_phase_d_v1.results.0.0,27.011,0.0,azure_2023_conv,phase_d_v1::azure_2023_conv::w056::kv_capacity::kv_8000::step12143,VALID_STRONGLY_CONSTRAINED,1.0,56
0.001953125,kv_capacity,phase_d_v1::azure_2023_conv::w056::kv_capacity::kv_8000::step12143::alt01::6a67fcec82f09a82,COUNTERFACTUAL,"{""admit"":{""0"":[99]},""hold_decode"":{},""migrate"":{},""preempt"":{},""prefill_chunk_override"":{},""swap"":{}}",6a67fcec82f09a827957d25ff083768cd80894d4fe1da305098c7ace3d7f00ec,True,1.0,kv_8000,kv_constrained_online,12143,12.143,14868,0.126839,0,,True,0,0.318375,True,0.137081,1,200,0,200,0.430292,least_laxity_first,False,1.0,0.01,sustained+high_valid_pressure,1,952bd353c79bef75dea529eeb46f1ee1ac61a4efb946ed96403fe542a094c856,industry_realism_causal_headroom_phase_d_v1.results.0.0,27.011,0.0,azure_2023_conv,phase_d_v1::azure_2023_conv::w056::kv_capacity::kv_8000::step12143,VALID_STRONGLY_CONSTRAINED,1.0,56
0.001953125,kv_capacity,phase_d_v1::azure_2023_conv::w056::kv_capacity::kv_8000::step12154::sbs_reference,SBS_REFERENCE,"{""admit"":{},""hold_decode"":{},""migrate"":{},""preempt"":{},""prefill_chunk_override"":{},""swap"":{}}",952bd353c79bef75dea529eeb46f1ee1ac61a4efb946ed96403fe542a094c856,,1.0,kv_8000,kv_constrained_online,12154,12.154,14857,0.245356,0,,True,1,0.31975,True,0.135726,,200,0,200,0.430292,,False,1.0,0.01,sustained+high_valid_pressure,1,952bd353c79bef75dea529eeb46f1ee1ac61a4efb946ed96403fe542a094c856,industry_realism_causal_headroom_phase_d_v1.results.0.0,27.011,0.0,azure_2023_conv,phase_d_v1::azure_2023_conv::w056::kv_capacity::kv_8000::step12154,VALID_STRONGLY_CONSTRAINED,1.0,56
0.001953125,kv_capacity,phase_d_v1::azure_2023_conv::w056::kv_capacity::kv_8000::step12154::alt00::8394d8e237b3dbdf,COUNTERFACTUAL,"{""admit"":{""0"":[98]},""hold_decode"":{},""migrate"":{},""preempt"":{},""prefill_chunk_override"":{},""swap"":{}}",8394d8e237b3dbdface9fb554297708cee528811a4ef1f5b9e774c6d44d40e29,True,1.0,kv_8000,kv_constrained_online,12154,12.154,14857,0.124807,0,,True,0,0.31975,True,0.135686,4,200,0,200,0.430292,"full_prefill,chunked_prefill_small,estimated_service_time_first,weighted_fair_share",False,1.0,0.01,sustained+high_valid_pressure,1,952bd353c79bef75dea529eeb46f1ee1ac61a4efb946ed96403fe542a094c856,industry_realism_causal_headroom_phase_d_v1.results.0.0,27.011,0.0,azure_2023_conv,phase_d_v1::azure_2023_conv::w056::kv_capacity::kv_8000::step12154,VALID_STRONGLY_CONSTRAINED,1.0,56
0.001953125,kv_capacity,phase_d_v1::azure_2023_conv::w056::kv_capacity::kv_8000::step12154::alt01::6a67fcec82f09a82,COUNTERFACTUAL,"{""admit"":{""0"":[99]},""hold_decode"":{},""migrate"":{},""preempt"":{},""prefill_chunk_override"":{},""swap"":{}}",6a67fcec82f09a827957d25ff083768cd80894d4fe1da305098c7ace3d7f00ec,True,1.0,kv_8000,kv_constrained_online,12154,12.154,14857,0.13035,0,,True,0,0.31975,True,0.135706,1,200,0,200,0.430292,least_laxity_first,False,1.0,0.01,sustained+high_valid_pressure,1,952bd353c79bef75dea529eeb46f1ee1ac61a4efb946ed96403fe542a094c856,industry_realism_causal_headroom_phase_d_v1.results.0.0,27.011,0.0,azure_2023_conv,phase_d_v1::azure_2023_conv::w056::kv_capacity::kv_8000::step12154,VALID_STRONGLY_CONSTRAINED,1.0,56
0.0,kv_capacity,phase_d_v1::azure_2023_conv::w056::kv_capacity::kv_8000::step12158::sbs_reference,SBS_REFERENCE,"{""admit"":{""0"":[98]},""hold_decode"":{},""migrate"":{},""preempt"":{},""prefill_chunk_override"":{},""swap"":{}}",8394d8e237b3dbdface9fb554297708cee528811a4ef1f5b9e774c6d44d40e29,,1.0,kv_8000,kv_constrained_online,12158,12.158,14853,0.133186,0,,True,1,0.0,True,0.135726,,200,0,200,0.430292,,False,1.0,0.01,sustained+high_valid_pressure,1,8394d8e237b3dbdface9fb554297708cee528811a4ef1f5b9e774c6d44d40e29,industry_realism_causal_headroom_phase_d_v1.results.0.0,27.011,0.0,azure_2023_conv,phase_d_v1::azure_2023_conv::w056::kv_capacity::kv_8000::step12158,VALID_STRONGLY_CONSTRAINED,1.0,56
0.0,kv_capacity,phase_d_v1::azure_2023_conv::w056::kv_capacity::kv_8000::step12158::alt00::6a67fcec82f09a82,COUNTERFACTUAL,"{""admit"":{""0"":[99]},""hold_decode"":{},""migrate"":{},""preempt"":{},""prefill_chunk_override"":{},""swap"":{}}",6a67fcec82f09a827957d25ff083768cd80894d4fe1da305098c7ace3d7f00ec,True,1.0,kv_8000,kv_constrained_online,12158,12.158,14853,0.124142,0,,True,0,0.0,True,0.135731,1,200,0,200,0.430292,least_laxity_first,False,1.0,0.01,sustained+high_valid_pressure,1,8394d8e237b3dbdface9fb554297708cee528811a4ef1f5b9e774c6d44d40e29,industry_realism_causal_headroom_phase_d_v1.results.0.0,27.011,0.0,azure_2023_conv,phase_d_v1::azure_2023_conv::w056::kv_capacity::kv_8000::step12158,VALID_STRONGLY_CONSTRAINED,1.0,56
0.005859375,kv_capacity,phase_d_v1::azure_2023_conv::w056::kv_capacity::kv_8000::step16966::sbs_reference,SBS_REFERENCE,"{""admit"":{},""hold_decode"":{},""migrate"":{},""preempt"":{},""prefill_chunk_override"":{},""swap"":{}}",952bd353c79bef75dea529eeb46f1ee1ac61a4efb946ed96403fe542a094c856,,1.0,kv_8000,kv_constrained_online,16966,16.966,10045,0.101714,0,,True,1,0.434125,True,0.135726,,200,0,200,0.430292,,False,1.0,0.005,sustained+high_valid_pressure,0,952bd353c79bef75dea529eeb46f1ee1ac61a4efb946ed96403fe542a094c856,industry_realism_causal_headroom_phase_d_v1.results.0.0,27.011,0.0,azure_2023_conv,phase_d_v1::azure_2023_conv::w056::kv_capacity::kv_8000::step16966,VALID_STRONGLY_CONSTRAINED,1.0,56
0.005859375,kv_capacity,phase_d_v1::azure_2023_conv::w056::kv_capacity::kv_8000::step16966::alt00::e64086d78d0929dc,COUNTERFACTUAL,"{""admit"":{""0"":[132]},""hold_decode"":{},""migrate"":{},""preempt"":{},""prefill_chunk_override"":{},""swap"":{}}",e64086d78d0929dcafc143026509e1f42b06e74354cdd34930cf4e2ea0aa9f0c,True,1.0,kv_8000,kv_constrained_online,16966,16.966,10045,0.08552,0,,True,0,0.434125,True,0.135241,5,200,0,200,0.430292,"full_prefill,chunked_prefill_small,estimated_service_time_first,weighted_fair_share,least_laxity_first",False,1.0,0.005,sustained+high_valid_pressure,0,952bd353c79bef75dea529eeb46f1ee1ac61a4efb946ed96403fe542a094c856,industry_realism_causal_headroom_phase_d_v1.results.0.0,27.011,0.0,azure_2023_conv,phase_d_v1::azure_2023_conv::w056::kv_capacity::kv_8000::step16966,VALID_STRONGLY_CONSTRAINED,1.0,56
0.00390625,kv_capacity,phase_d_v1::azure_2023_conv::w056::kv_capacity::kv_8000::step16981::sbs_reference,SBS_REFERENCE,"{""admit"":{},""hold_decode"":{},""migrate"":{},""preempt"":{},""prefill_chunk_override"":{},""swap"":{}}",952bd353c79bef75dea529eeb46f1ee1ac61a4efb946ed96403fe542a094c856,,1.0,kv_8000,kv_constrained_online,16981,16.981,10030,0.083085,0,,True,1,0.37575,True,0.135726,,200,0,200,0.430292,,False,1.0,0.005,sustained+high_valid_pressure,0,952bd353c79bef75dea529eeb46f1ee1ac61a4efb946ed96403fe542a094c856,industry_realism_causal_headroom_phase_d_v1.results.0.0,27.011,0.0,azure_2023_conv,phase_d_v1::azure_2023_conv::w056::kv_capacity::kv_8000::step16981,VALID_STRONGLY_CONSTRAINED,1.0,56
0.00390625,kv_capacity,phase_d_v1::azure_2023_conv::w056::kv_capacity::kv_8000::step16981::alt00::e64086d78d0929dc,COUNTERFACTUAL,"{""admit"":{""0"":[132]},""hold_decode"":{},""migrate"":{},""preempt"":{},""prefill_chunk_override"":{},""swap"":{}}",e64086d78d0929dcafc143026509e1f42b06e74354cdd34930cf4e2ea0aa9f0c,True,1.0,kv_8000,kv_constrained_online,16981,16.981,10030,0.086335,0,,True,0,0.37575,True,0.135291,5,200,0,200,0.430292,"full_prefill,chunked_prefill_small,estimated_service_time_first,weighted_fair_share,least_laxity_first",False,1.0,0.005,sustained+high_valid_pressure,0,952bd353c79bef75dea529eeb46f1ee1ac61a4efb946ed96403fe542a094c856,industry_realism_causal_headroom_phase_d_v1.results.0.0,27.011,0.0,azure_2023_conv,phase_d_v1::azure_2023_conv::w056::kv_capacity::kv_8000::step16981,VALID_STRONGLY_CONSTRAINED,1.0,56
0.00390625,kv_capacity,phase_d_v1::azure_2023_conv::w056::kv_capacity::kv_8000::step17010::sbs_reference,SBS_REFERENCE,"{""admit"":{},""hold_decode"":{},""migrate"":{},""preempt"":{},""prefill_chunk_override"":{},""swap"":{}}",952bd353c79bef75dea529eeb46f1ee1ac61a4efb946ed96403fe542a094c856,,1.0,kv_8000,kv_constrained_online,17010,17.01,10001,0.08527,0,,True,1,0.383,True,0.135726,,200,0,200,0.430292,,False,1.0,0.005,sustained+high_valid_pressure,0,952bd353c79bef75dea529eeb46f1ee1ac61a4efb946ed96403fe542a094c856,industry_realism_causal_headroom_phase_d_v1.results.0.0,27.011,0.0,azure_2023_conv,phase_d_v1::azure_2023_conv::w056::kv_capacity::kv_8000::step17010,VALID_STRONGLY_CONSTRAINED,1.0,56
0.00390625,kv_capacity,phase_d_v1::azure_2023_conv::w056::kv_capacity::kv_8000::step17010::alt00::e64086d78d0929dc,COUNTERFACTUAL,"{""admit"":{""0"":[132]},""hold_decode"":{},""migrate"":{},""preempt"":{},""prefill_chunk_override"":{},""swap"":{}}",e64086d78d0929dcafc143026509e1f42b06e74354cdd34930cf4e2ea0aa9f0c,True,1.0,kv_8000,kv_constrained_online,17010,17.01,10001,0.08821,0,,True,0,0.383,True,0.135566,5,200,0,200,0.430292,"full_prefill,chunked_prefill_small,estimated_service_time_first,weighted_fair_share,least_laxity_first",False,1.0,0.005,sustained+high_valid_pressure,0,952bd353c79bef75dea529eeb46f1ee1ac61a4efb946ed96403fe542a094c856,industry_realism_causal_headroom_phase_d_v1.results.0.0,27.011,0.0,azure_2023_conv,phase_d_v1::azure_2023_conv::w056::kv_capacity::kv_8000::step17010,VALID_STRONGLY_CONSTRAINED,1.0,56
0.005859375,kv_capacity,phase_d_v1::azure_2023_conv::w060::kv_capacity::kv_8000::step3719::sbs_reference,SBS_REFERENCE,"{""admit"":{},""hold_decode"":{},""migrate"":{},""preempt"":{},""prefill_chunk_override"":{},""swap"":{}}",952bd353c79bef75dea529eeb46f1ee1ac61a4efb946ed96403fe542a094c856,,1.0,kv_8000,kv_constrained_online,3719,3.719,23758,0.317204,0,,True,1,0.742625,True,0.165607,,200,0,200,0.41818,,False,1.0,0.005,sustained+high_valid_pressure,0,952bd353c79bef75dea529eeb46f1ee1ac61a4efb946ed96403fe542a094c856,industry_realism_causal_headroom_phase_d_v1.results.0.0,27.477,0.0,azure_2023_conv,phase_d_v1::azure_2023_conv::w060::kv_capacity::kv_8000::step3719,VALID_PARTIALLY_CONSTRAINED,1.0,60
0.005859375,kv_capacity,phase_d_v1::azure_2023_conv::w060::kv_capacity::kv_8000::step3719::alt00::ff30d006c2d828e2,COUNTERFACTUAL,"{""admit"":{""0"":[35]},""hold_decode"":{},""migrate"":{},""preempt"":{},""prefill_chunk_override"":{},""swap"":{}}",ff30d006c2d828e250481f988a834dc4860d984798d9d66a0ce50ad186887aa2,True,1.0,kv_8000,kv_constrained_online,3719,3.719,23758,0.232642,0,,True,0,0.742625,True,0.165602,5,200,0,200,0.41818,"full_prefill,chunked_prefill_small,estimated_service_time_first,weighted_fair_share,least_laxity_first",False,1.0,0.005,sustained+high_valid_pressure,0,952bd353c79bef75dea529eeb46f1ee1ac61a4efb946ed96403fe542a094c856,industry_realism_causal_headroom_phase_d_v1.results.0.0,27.477,0.0,azure_2023_conv,phase_d_v1::azure_2023_conv::w060::kv_capacity::kv_8000::step3719,VALID_PARTIALLY_CONSTRAINED,1.0,60
0.01171875,kv_capacity,phase_d_v1::azure_2023_conv::w076::kv_capacity::kv_8000::step2447::sbs_reference,SBS_REFERENCE,"{""admit"":{},""hold_decode"":{},""migrate"":{},""preempt"":{},""prefill_chunk_override"":{},""swap"":{}}",952bd353c79bef75dea529eeb46f1ee1ac61a4efb946ed96403fe542a094c856,,1.0,kv_8000,kv_constrained_online,2447,2.447,29636,0.44287,0,,True,1,0.856875,True,0.229075,,200,0,200,0.500808,,False,1.0,0.005,sustained+high_valid_pressure,0,952bd353c79bef75dea529eeb46f1ee1ac61a4efb946ed96403fe542a094c856,industry_realism_causal_headroom_phase_d_v1.results.0.0,32.083,0.0,azure_2023_conv,phase_d_v1::azure_2023_conv::w076::kv_capacity::kv_8000::step2447,VALID_STRONGLY_CONSTRAINED,1.0,76
0.01171875,kv_capacity,phase_d_v1::azure_2023_conv::w076::kv_capacity::kv_8000::step2447::alt00::0ed16eb1598a87e6,COUNTERFACTUAL,"{""admit"":{""0"":[18]},""hold_decode"":{},""migrate"":{},""preempt"":{},""prefill_chunk_override"":{},""swap"":{}}",0ed16eb1598a87e6a56577c4617a26a3165a4643f8558e8dd38332c0066aae8b,True,1.0,kv_8000,kv_constrained_online,2447,2.447,29636,0.301413,0,,True,0,0.856875,True,0.228875,5,200,0,200,0.500808,"full_prefill,chunked_prefill_small,estimated_service_time_first,weighted_fair_share,least_laxity_first",False,1.0,0.005,sustained+high_valid_pressure,0,952bd353c79bef75dea529eeb46f1ee1ac61a4efb946ed96403fe542a094c856,industry_realism_causal_headroom_phase_d_v1.results.0.0,32.083,0.0,azure_2023_conv,phase_d_v1::azure_2023_conv::w076::kv_capacity::kv_8000::step2447,VALID_STRONGLY_CONSTRAINED,1.0,76
0.001953125,kv_capacity,phase_d_v1::azure_2023_conv::w076::kv_capacity::kv_8000::step4759::sbs_reference,SBS_REFERENCE,"{""admit"":{},""hold_decode"":{},""migrate"":{},""preempt"":{},""prefill_chunk_override"":{},""swap"":{}}",952bd353c79bef75dea529eeb46f1ee1ac61a4efb946ed96403fe542a094c856,,1.0,kv_8000,kv_constrained_online,4759,4.759,27324,0.254569,0,,True,1,0.16875,True,0.229075,,200,0,200,0.500808,,False,1.0,0.005,sustained+high_valid_pressure,0,952bd353c79bef75dea529eeb46f1ee1ac61a4efb946ed96403fe542a094c856,industry_realism_causal_headroom_phase_d_v1.results.0.0,32.083,0.0,azure_2023_conv,phase_d_v1::azure_2023_conv::w076::kv_capacity::kv_8000::step4759,VALID_STRONGLY_CONSTRAINED,1.0,76
0.001953125,kv_capacity,phase_d_v1::azure_2023_conv::w076::kv_capacity::kv_8000::step4759::alt00::f45d6307cb6cd010,COUNTERFACTUAL,"{""admit"":{""0"":[40]},""hold_decode"":{},""migrate"":{},""preempt"":{},""prefill_chunk_override"":{},""swap"":{}}",f45d6307cb6cd010213b08aa2d60eb61645cb664b0fb70a20b881a5b1e94ab54,True,1.0,kv_8000,kv_constrained_online,4759,4.759,27324,0.275075,0,,True,0,0.16875,True,0.224825,5,200,0,200,0.491326,"full_prefill,chunked_prefill_small,estimated_service_time_first,weighted_fair_share,least_laxity_first",False,1.0,0.005,sustained+high_valid_pressure,0,952bd353c79bef75dea529eeb46f1ee1ac61a4efb946ed96403fe542a094c856,industry_realism_causal_headroom_phase_d_v1.results.0.0,32.083,0.0,azure_2023_conv,phase_d_v1::azure_2023_conv::w076::kv_capacity::kv_8000::step4759,VALID_STRONGLY_CONSTRAINED,1.0,76
0.00390625,kv_capacity,phase_d_v1::azure_2023_conv::w076::kv_capacity::kv_8000::step4802::sbs_reference,SBS_REFERENCE,"{""admit"":{},""hold_decode"":{},""migrate"":{},""preempt"":{},""prefill_chunk_override"":{},""swap"":{}}",952bd353c79bef75dea529eeb46f1ee1ac61a4efb946ed96403fe542a094c856,,1.0,kv_8000,kv_constrained_online,4802,4.8020000000000005,27281,0.256878,0,,True,1,0.308875,True,0.229075,,200,0,200,0.500808,,False,1.0,0.005,sustained+high_valid_pressure,0,952bd353c79bef75dea529eeb46f1ee1ac61a4efb946ed96403fe542a094c856,industry_realism_causal_headroom_phase_d_v1.results.0.0,32.083,0.0,azure_2023_conv,phase_d_v1::azure_2023_conv::w076::kv_capacity::kv_8000::step4802,VALID_STRONGLY_CONSTRAINED,1.0,76
0.00390625,kv_capacity,phase_d_v1::azure_2023_conv::w076::kv_capacity::kv_8000::step4802::alt00::f45d6307cb6cd010,COUNTERFACTUAL,"{""admit"":{""0"":[40]},""hold_decode"":{},""migrate"":{},""preempt"":{},""prefill_chunk_override"":{},""swap"":{}}",f45d6307cb6cd010213b08aa2d60eb61645cb664b0fb70a20b881a5b1e94ab54,True,1.0,kv_8000,kv_constrained_online,4802,4.8020000000000005,27281,0.273177,0,,True,0,0.308875,True,0.22484,5,200,0,200,0.491326,"full_prefill,chunked_prefill_small,estimated_service_time_first,weighted_fair_share,least_laxity_first",False,1.0,0.005,sustained+high_valid_pressure,0,952bd353c79bef75dea529eeb46f1ee1ac61a4efb946ed96403fe542a094c856,industry_realism_causal_headroom_phase_d_v1.results.0.0,32.083,0.0,azure_2023_conv,phase_d_v1::azure_2023_conv::w076::kv_capacity::kv_8000::step4802,VALID_STRONGLY_CONSTRAINED,1.0,76
0.00390625,kv_capacity,phase_d_v1::azure_2023_conv::w076::kv_capacity::kv_8000::step4857::sbs_reference,SBS_REFERENCE,"{""admit"":{},""hold_decode"":{},""migrate"":{},""preempt"":{},""prefill_chunk_override"":{},""swap"":{}}",952bd353c79bef75dea529eeb46f1ee1ac61a4efb946ed96403fe542a094c856,,1.0,kv_8000,kv_constrained_online,4857,4.857,27226,0.28877,0,,True,1,0.322625,True,0.229075,,200,0,200,0.500808,,False,1.0,0.005,sustained+high_valid_pressure,0,952bd353c79bef75dea529eeb46f1ee1ac61a4efb946ed96403fe542a094c856,industry_realism_causal_headroom_phase_d_v1.results.0.0,32.083,0.0,azure_2023_conv,phase_d_v1::azure_2023_conv::w076::kv_capacity::kv_8000::step4857,VALID_STRONGLY_CONSTRAINED,1.0,76
0.00390625,kv_capacity,phase_d_v1::azure_2023_conv::w076::kv_capacity::kv_8000::step4857::alt00::f45d6307cb6cd010,COUNTERFACTUAL,"{""admit"":{""0"":[40]},""hold_decode"":{},""migrate"":{},""preempt"":{},""prefill_chunk_override"":{},""swap"":{}}",f45d6307cb6cd010213b08aa2d60eb61645cb664b0fb70a20b881a5b1e94ab54,True,1.0,kv_8000,kv_constrained_online,4857,4.857,27226,0.256058,0,,True,0,0.322625,True,0.22539,5,200,0,200,0.491326,"full_prefill,chunked_prefill_small,estimated_service_time_first,weighted_fair_share,least_laxity_first",False,1.0,0.005,sustained+high_valid_pressure,0,952bd353c79bef75dea529eeb46f1ee1ac61a4efb946ed96403fe542a094c856,industry_realism_causal_headroom_phase_d_v1.results.0.0,32.083,0.0,azure_2023_conv,phase_d_v1::azure_2023_conv::w076::kv_capacity::kv_8000::step4857,VALID_STRONGLY_CONSTRAINED,1.0,76
0.00390625,kv_capacity,phase_d_v1::azure_2023_conv::w076::kv_capacity::kv_8000::step4962::sbs_reference,SBS_REFERENCE,"{""admit"":{},""hold_decode"":{},""migrate"":{},""preempt"":{},""prefill_chunk_override"":{},""swap"":{}}",952bd353c79bef75dea529eeb46f1ee1ac61a4efb946ed96403fe542a094c856,,1.0,kv_8000,kv_constrained_online,4962,4.962,27121,0.349605,0,,True,1,0.301,True,0.229075,,200,0,200,0.500808,,False,1.0,0.005,sustained+high_valid_pressure,0,952bd353c79bef75dea529eeb46f1ee1ac61a4efb946ed96403fe542a094c856,industry_realism_causal_headroom_phase_d_v1.results.0.0,32.083,0.0,azure_2023_conv,phase_d_v1::azure_2023_conv::w076::kv_capacity::kv_8000::step4962,VALID_STRONGLY_CONSTRAINED,1.0,76
0.00390625,kv_capacity,phase_d_v1::azure_2023_conv::w076::kv_capacity::kv_8000::step4962::alt00::f45d6307cb6cd010,COUNTERFACTUAL,"{""admit"":{""0"":[40]},""hold_decode"":{},""migrate"":{},""preempt"":{},""prefill_chunk_override"":{},""swap"":{}}",f45d6307cb6cd010213b08aa2d60eb61645cb664b0fb70a20b881a5b1e94ab54,True,1.0,kv_8000,kv_constrained_online,4962,4.962,27121,0.249018,0,,True,0,0.301,True,0.22598,5,200,0,200,0.491326,"full_prefill,chunked_prefill_small,estimated_service_time_first,weighted_fair_share,least_laxity_first",False,1.0,0.005,sustained+high_valid_pressure,0,952bd353c79bef75dea529eeb46f1ee1ac61a4efb946ed96403fe542a094c856,industry_realism_causal_headroom_phase_d_v1.results.0.0,32.083,0.0,azure_2023_conv,phase_d_v1::azure_2023_conv::w076::kv_capacity::kv_8000::step4962,VALID_STRONGLY_CONSTRAINED,1.0,76
0.00390625,kv_capacity,phase_d_v1::azure_2023_conv::w076::kv_capacity::kv_8000::step4986::sbs_reference,SBS_REFERENCE,"{""admit"":{},""hold_decode"":{},""migrate"":{},""preempt"":{},""prefill_chunk_override"":{},""swap"":{}}",952bd353c79bef75dea529eeb46f1ee1ac61a4efb946ed96403fe542a094c856,,1.0,kv_8000,kv_constrained_online,4986,4.986,27097,0.270901,0,,True,1,0.307,True,0.229075,,200,0,200,0.500808,,False,1.0,0.005,sustained+high_valid_pressure,0,952bd353c79bef75dea529eeb46f1ee1ac61a4efb946ed96403fe542a094c856,industry_realism_causal_headroom_phase_d_v1.results.0.0,32.083,0.0,azure_2023_conv,phase_d_v1::azure_2023_conv::w076::kv_capacity::kv_8000::step4986,VALID_STRONGLY_CONSTRAINED,1.0,76
0.00390625,kv_capacity,phase_d_v1::azure_2023_conv::w076::kv_capacity::kv_8000::step4986::alt00::f45d6307cb6cd010,COUNTERFACTUAL,"{""admit"":{""0"":[40]},""hold_decode"":{},""migrate"":{},""preempt"":{},""prefill_chunk_override"":{},""swap"":{}}",f45d6307cb6cd010213b08aa2d60eb61645cb664b0fb70a20b881a5b1e94ab54,True,1.0,kv_8000,kv_constrained_online,4986,4.986,27097,0.317958,0,,True,0,0.307,True,0.22622,5,200,0,200,0.491326,"full_prefill,chunked_prefill_small,estimated_service_time_first,weighted_fair_share,least_laxity_first",False,1.0,0.005,sustained+high_valid_pressure,0,952bd353c79bef75dea529eeb46f1ee1ac61a4efb946ed96403fe542a094c856,industry_realism_causal_headroom_phase_d_v1.results.0.0,32.083,0.0,azure_2023_conv,phase_d_v1::azure_2023_conv::w076::kv_capacity::kv_8000::step4986,VALID_STRONGLY_CONSTRAINED,1.0,76
0.001953125,kv_capacity,phase_d_v1::azure_2023_conv::w076::kv_capacity::kv_8000::step5216::sbs_reference,SBS_REFERENCE,"{""admit"":{},""hold_decode"":{},""migrate"":{},""preempt"":{},""prefill_chunk_override"":{},""swap"":{}}",952bd353c79bef75dea529eeb46f1ee1ac61a4efb946ed96403fe542a094c856,,1.0,kv_8000,kv_constrained_online,5216,5.216,26867,0.252319,0,,True,1,0.178,True,0.229075,,200,0,200,0.500808,,False,1.0,0.005,sustained+high_valid_pressure,0,952bd353c79bef75dea529eeb46f1ee1ac61a4efb946ed96403fe542a094c856,industry_realism_causal_headroom_phase_d_v1.results.0.0,32.083,0.0,azure_2023_conv,phase_d_v1::azure_2023_conv::w076::kv_capacity::kv_8000::step5216,VALID_STRONGLY_CONSTRAINED,1.0,76
0.001953125,kv_capacity,phase_d_v1::azure_2023_conv::w076::kv_capacity::kv_8000::step5216::alt00::f45d6307cb6cd010,COUNTERFACTUAL,"{""admit"":{""0"":[40]},""hold_decode"":{},""migrate"":{},""preempt"":{},""prefill_chunk_override"":{},""swap"":{}}",f45d6307cb6cd010213b08aa2d60eb61645cb664b0fb70a20b881a5b1e94ab54,True,1.0,kv_8000,kv_constrained_online,5216,5.216,26867,0.257926,0,,True,0,0.178,True,0.22703,5,200,0,200,0.500808,"full_prefill,chunked_prefill_small,estimated_service_time_first,weighted_fair_share,least_laxity_first",False,1.0,0.005,sustained+high_valid_pressure,0,952bd353c79bef75dea529eeb46f1ee1ac61a4efb946ed96403fe542a094c856,industry_realism_causal_headroom_phase_d_v1.results.0.0,32.083,0.0,azure_2023_conv,phase_d_v1::azure_2023_conv::w076::kv_capacity::kv_8000::step5216,VALID_STRONGLY_CONSTRAINED,1.0,76
0.001953125,kv_capacity,phase_d_v1::azure_2023_conv::w076::kv_capacity::kv_8000::step5548::sbs_reference,SBS_REFERENCE,"{""admit"":{},""hold_decode"":{},""migrate"":{},""preempt"":{},""prefill_chunk_override"":{},""swap"":{}}",952bd353c79bef75dea529eeb46f1ee1ac61a4efb946ed96403fe542a094c856,,1.0,kv_8000,kv_constrained_online,5548,5.548,26535,0.24853,0,,True,1,0.185375,True,0.229075,,200,0,200,0.500808,,False,1.0,0.005,sustained+high_valid_pressure,0,952bd353c79bef75dea529eeb46f1ee1ac61a4efb946ed96403fe542a094c856,industry_realism_causal_headroom_phase_d_v1.results.0.0,32.083,0.0,azure_2023_conv,phase_d_v1::azure_2023_conv::w076::kv_capacity::kv_8000::step5548,VALID_STRONGLY_CONSTRAINED,1.0,76
0.001953125,kv_capacity,phase_d_v1::azure_2023_conv::w076::kv_capacity::kv_8000::step5548::alt00::f45d6307cb6cd010,COUNTERFACTUAL,"{""admit"":{""0"":[40]},""hold_decode"":{},""migrate"":{},""preempt"":{},""prefill_chunk_override"":{},""swap"":{}}",f45d6307cb6cd010213b08aa2d60eb61645cb664b0fb70a20b881a5b1e94ab54,True,1.0,kv_8000,kv_constrained_online,5548,5.548,26535,0.259578,0,,True,0,0.185375,True,0.228475,5,200,0,200,0.500808,"full_prefill,chunked_prefill_small,estimated_service_time_first,weighted_fair_share,least_laxity_first",False,1.0,0.005,sustained+high_valid_pressure,0,952bd353c79bef75dea529eeb46f1ee1ac61a4efb946ed96403fe542a094c856,industry_realism_causal_headroom_phase_d_v1.results.0.0,32.083,0.0,azure_2023_conv,phase_d_v1::azure_2023_conv::w076::kv_capacity::kv_8000::step5548,VALID_STRONGLY_CONSTRAINED,1.0,76
0.00390625,kv_capacity,phase_d_v1::azure_2023_conv::w076::kv_capacity::kv_8000::step14525::sbs_reference,SBS_REFERENCE,"{""admit"":{},""hold_decode"":{},""migrate"":{},""preempt"":{},""prefill_chunk_override"":{},""swap"":{}}",952bd353c79bef75dea529eeb46f1ee1ac61a4efb946ed96403fe542a094c856,,1.0,kv_8000,kv_constrained_online,14525,14.525,17558,0.158269,0,,True,1,0.772875,True,0.229075,,200,0,200,0.500808,,False,1.0,0.015,sustained+high_valid_pressure,1,952bd353c79bef75dea529eeb46f1ee1ac61a4efb946ed96403fe542a094c856,industry_realism_causal_headroom_phase_d_v1.results.0.0,32.083,0.0,azure_2023_conv,phase_d_v1::azure_2023_conv::w076::kv_capacity::kv_8000::step14525,VALID_STRONGLY_CONSTRAINED,1.0,76
0.00390625,kv_capacity,phase_d_v1::azure_2023_conv::w076::kv_capacity::kv_8000::step14525::alt00::e7917086f32372d2,COUNTERFACTUAL,"{""admit"":{""0"":[96,97]},""hold_decode"":{},""migrate"":{},""preempt"":{},""prefill_chunk_override"":{},""swap"":{}}",e7917086f32372d2182f829dbe86d76a45ef398a7f0e74782840a485c4469c5f,True,1.0,kv_8000,kv_constrained_online,14525,14.525,17558,0.196663,0,,True,0,0.772875,True,0.228815,4,200,0,200,0.500808,"full_prefill,chunked_prefill_small,estimated_service_time_first,weighted_fair_share",False,1.0,0.015,sustained+high_valid_pressure,1,952bd353c79bef75dea529eeb46f1ee1ac61a4efb946ed96403fe542a094c856,industry_realism_causal_headroom_phase_d_v1.results.0.0,32.083,0.0,azure_2023_conv,phase_d_v1::azure_2023_conv::w076::kv_capacity::kv_8000::step14525,VALID_STRONGLY_CONSTRAINED,1.0,76
0.00390625,kv_capacity,phase_d_v1::azure_2023_conv::w076::kv_capacity::kv_8000::step14525::alt01::8394d8e237b3dbdf,COUNTERFACTUAL,"{""admit"":{""0"":[98]},""hold_decode"":{},""migrate"":{},""preempt"":{},""prefill_chunk_override"":{},""swap"":{}}",8394d8e237b3dbdface9fb554297708cee528811a4ef1f5b9e774c6d44d40e29,True,1.0,kv_8000,kv_constrained_online,14525,14.525,17558,0.154887,0,,True,0,0.772875,True,0.22895,1,200,0,200,0.500808,least_laxity_first,False,1.0,0.015,sustained+high_valid_pressure,1,952bd353c79bef75dea529eeb46f1ee1ac61a4efb946ed96403fe542a094c856,industry_realism_causal_headroom_phase_d_v1.results.0.0,32.083,0.0,azure_2023_conv,phase_d_v1::azure_2023_conv::w076::kv_capacity::kv_8000::step14525,VALID_STRONGLY_CONSTRAINED,1.0,76
0.001953125,kv_capacity,phase_d_v1::azure_2023_conv::w076::kv_capacity::kv_8000::step20235::sbs_reference,SBS_REFERENCE,"{""admit"":{},""hold_decode"":{},""migrate"":{},""preempt"":{},""prefill_chunk_override"":{},""swap"":{}}",952bd353c79bef75dea529eeb46f1ee1ac61a4efb946ed96403fe542a094c856,,1.0,kv_8000,kv_constrained_online,20235,20.235,11848,0.099889,0,,True,1,0.19725,True,0.229075,,200,0,200,0.500808,,False,1.0,0.005,sustained+high_valid_pressure,0,952bd353c79bef75dea529eeb46f1ee1ac61a4efb946ed96403fe542a094c856,industry_realism_causal_headroom_phase_d_v1.results.0.0,32.083,0.0,azure_2023_conv,phase_d_v1::azure_2023_conv::w076::kv_capacity::kv_8000::step20235,VALID_STRONGLY_CONSTRAINED,1.0,76
0.001953125,kv_capacity,phase_d_v1::azure_2023_conv::w076::kv_capacity::kv_8000::step20235::alt00::e64086d78d0929dc,COUNTERFACTUAL,"{""admit"":{""0"":[132]},""hold_decode"":{},""migrate"":{},""preempt"":{},""prefill_chunk_override"":{},""swap"":{}}",e64086d78d0929dcafc143026509e1f42b06e74354cdd34930cf4e2ea0aa9f0c,True,1.0,kv_8000,kv_constrained_online,20235,20.235,11848,0.100194,0,,True,0,0.19725,True,0.22901,5,200,0,200,0.500808,"full_prefill,chunked_prefill_small,estimated_service_time_first,weighted_fair_share,least_laxity_first",False,1.0,0.005,sustained+high_valid_pressure,0,952bd353c79bef75dea529eeb46f1ee1ac61a4efb946ed96403fe542a094c856,industry_realism_causal_headroom_phase_d_v1.results.0.0,32.083,0.0,azure_2023_conv,phase_d_v1::azure_2023_conv::w076::kv_capacity::kv_8000::step20235,VALID_STRONGLY_CONSTRAINED,1.0,76
0.00390625,kv_capacity,phase_d_v1::azure_2023_conv::w076::kv_capacity::kv_8000::step22375::sbs_reference,SBS_REFERENCE,"{""admit"":{},""hold_decode"":{},""migrate"":{},""preempt"":{},""prefill_chunk_override"":{},""swap"":{}}",952bd353c79bef75dea529eeb46f1ee1ac61a4efb946ed96403fe542a094c856,,1.0,kv_8000,kv_constrained_online,22375,22.375,9708,0.084325,0,,True,1,0.264875,True,0.229075,,200,0,200,0.500808,,False,1.0,0.005,sustained+high_valid_pressure,0,952bd353c79bef75dea529eeb46f1ee1ac61a4efb946ed96403fe542a094c856,industry_realism_causal_headroom_phase_d_v1.results.0.0,32.083,0.0,azure_2023_conv,phase_d_v1::azure_2023_conv::w076::kv_capacity::kv_8000::step22375,VALID_STRONGLY_CONSTRAINED,1.0,76
0.00390625,kv_capacity,phase_d_v1::azure_2023_conv::w076::kv_capacity::kv_8000::step22375::alt00::6edda419eb32cdd9,COUNTERFACTUAL,"{""admit"":{""0"":[143]},""hold_decode"":{},""migrate"":{},""preempt"":{},""prefill_chunk_override"":{},""swap"":{}}",6edda419eb32cdd9ba0b57ee45bc80cdb134338ea6ab16ef0982d35e59fc0eb5,True,1.0,kv_8000,kv_constrained_online,22375,22.375,9708,0.084495,0,,True,0,0.264875,True,0.229015,5,200,0,200,0.501014,"full_prefill,chunked_prefill_small,estimated_service_time_first,weighted_fair_share,least_laxity_first",False,1.0,0.005,sustained+high_valid_pressure,0,952bd353c79bef75dea529eeb46f1ee1ac61a4efb946ed96403fe542a094c856,industry_realism_causal_headroom_phase_d_v1.results.0.0,32.083,0.0,azure_2023_conv,phase_d_v1::azure_2023_conv::w076::kv_capacity::kv_8000::step22375,VALID_STRONGLY_CONSTRAINED,1.0,76
0.00390625,kv_capacity,phase_d_v1::azure_2023_conv::w076::kv_capacity::kv_8000::step22406::sbs_reference,SBS_REFERENCE,"{""admit"":{},""hold_decode"":{},""migrate"":{},""preempt"":{},""prefill_chunk_override"":{},""swap"":{}}",952bd353c79bef75dea529eeb46f1ee1ac61a4efb946ed96403fe542a094c856,,1.0,kv_8000,kv_constrained_online,22406,22.406,9677,0.083814,0,,True,1,0.35,True,0.229075,,200,0,200,0.500808,,False,1.0,0.005,sustained+high_valid_pressure,0,952bd353c79bef75dea529eeb46f1ee1ac61a4efb946ed96403fe542a094c856,industry_realism_causal_headroom_phase_d_v1.results.0.0,32.083,0.0,azure_2023_conv,phase_d_v1::azure_2023_conv::w076::kv_capacity::kv_8000::step22406,VALID_STRONGLY_CONSTRAINED,1.0,76
0.00390625,kv_capacity,phase_d_v1::azure_2023_conv::w076::kv_capacity::kv_8000::step22406::alt00::6edda419eb32cdd9,COUNTERFACTUAL,"{""admit"":{""0"":[143]},""hold_decode"":{},""migrate"":{},""preempt"":{},""prefill_chunk_override"":{},""swap"":{}}",6edda419eb32cdd9ba0b57ee45bc80cdb134338ea6ab16ef0982d35e59fc0eb5,True,1.0,kv_8000,kv_constrained_online,22406,22.406,9677,0.081715,0,,True,0,0.35,True,0.229025,5,200,0,200,0.500808,"full_prefill,chunked_prefill_small,estimated_service_time_first,weighted_fair_share,least_laxity_first",False,1.0,0.005,sustained+high_valid_pressure,0,952bd353c79bef75dea529eeb46f1ee1ac61a4efb946ed96403fe542a094c856,industry_realism_causal_headroom_phase_d_v1.results.0.0,32.083,0.0,azure_2023_conv,phase_d_v1::azure_2023_conv::w076::kv_capacity::kv_8000::step22406,VALID_STRONGLY_CONSTRAINED,1.0,76
0.0,kv_capacity,phase_d_v1::burstgpt::w2106::kv_capacity::kv_8000::step65000::sbs_reference,SBS_REFERENCE,"{""admit"":{""0"":[86]},""hold_decode"":{},""migrate"":{},""preempt"":{},""prefill_chunk_override"":{},""swap"":{}}",ee23023dafe09603ff0b640ca2768149834fc49c96d72513156a0f853edf085e,,1.0,kv_8000,kv_constrained_online,65000,65.0,91020,0.259678,0,,True,1,0.0,True,0.199665,,200,0,200,0.50125,,False,1.0,0.01,high_valid_pressure,0,ee23023dafe09603ff0b640ca2768149834fc49c96d72513156a0f853edf085e,industry_realism_causal_headroom_phase_d_v1.results.0.0,156.02,0.0,burstgpt,phase_d_v1::burstgpt::w2106::kv_capacity::kv_8000::step65000,VALID_STRONGLY_CONSTRAINED,1.0,2106
0.0,kv_capacity,phase_d_v1::burstgpt::w2106::kv_capacity::kv_8000::step65000::alt00::47a6fc5633cf65ad,COUNTERFACTUAL,"{""admit"":{""0"":[86,87]},""hold_decode"":{},""migrate"":{},""preempt"":{},""prefill_chunk_override"":{},""swap"":{}}",47a6fc5633cf65adb432161249a7ed9777acff2d8b872a1b051b3150008734c7,True,1.0,kv_8000,kv_constrained_online,65000,65.0,91020,0.29406,0,,True,0,0.0,True,0.199665,5,200,0,200,0.50125,"full_prefill,chunked_prefill_small,estimated_service_time_first,weighted_fair_share,least_laxity_first",False,1.0,0.01,high_valid_pressure,0,ee23023dafe09603ff0b640ca2768149834fc49c96d72513156a0f853edf085e,industry_realism_causal_headroom_phase_d_v1.results.0.0,156.02,0.0,burstgpt,phase_d_v1::burstgpt::w2106::kv_capacity::kv_8000::step65000,VALID_STRONGLY_CONSTRAINED,1.0,2106
0.0,kv_capacity,phase_d_v1::burstgpt::w2808::kv_capacity::kv_8000::step24000::sbs_reference,SBS_REFERENCE,"{""admit"":{""0"":[71,72,73,75]},""hold_decode"":{},""migrate"":{},""preempt"":{},""prefill_chunk_override"":{},""swap"":{}}",e6bd5c68f03c7671323250d77fb3831da6610c3b17870299348004b710e1f7bd,,1.0,kv_8000,kv_constrained_online,24000,24.0,32089,0.059151,0,,True,1,0.0,True,0.082695,,200,0,200,0.129,,False,1.0,0.025,high_valid_pressure,1,e6bd5c68f03c7671323250d77fb3831da6610c3b17870299348004b710e1f7bd,industry_realism_causal_headroom_phase_d_v1.results.0.0,56.089,0.0,burstgpt,phase_d_v1::burstgpt::w2808::kv_capacity::kv_8000::step24000,VALID_STRONGLY_CONSTRAINED,1.0,2808
0.0,kv_capacity,phase_d_v1::burstgpt::w2808::kv_capacity::kv_8000::step24000::alt00::aecda07686389d6e,COUNTERFACTUAL,"{""admit"":{""0"":[71,72,73,74]},""hold_decode"":{},""migrate"":{},""preempt"":{},""prefill_chunk_override"":{},""swap"":{}}",aecda07686389d6e975ebb5bbfc25e3d6415cd6f50fd0ace7839cff7f7a08e84,True,1.0,kv_8000,kv_constrained_online,24000,24.0,32089,0.059152,0,,True,0,0.0,True,0.082695,3,200,0,200,0.129,"full_prefill,chunked_prefill_small,least_laxity_first",False,1.0,0.025,high_valid_pressure,1,e6bd5c68f03c7671323250d77fb3831da6610c3b17870299348004b710e1f7bd,industry_realism_causal_headroom_phase_d_v1.results.0.0,56.089,0.0,burstgpt,phase_d_v1::burstgpt::w2808::kv_capacity::kv_8000::step24000,VALID_STRONGLY_CONSTRAINED,1.0,2808
