active_pressure,axis,branch_id,branch_type,candidate_canonical_action,candidate_canonical_action_id,candidate_hash_roundtrip_match,completion_fraction,condition_id,continuation_policy,decision_step,decision_time,extra_steps,extra_wall_clock_s,first_step_warning_count,first_step_warnings,forced_once,is_sbs_reference_branch,kv_pressure,live_fingerprint_unchanged,mean_latency,n_policies_generating_action,num_completed,num_dropped,num_total,p95_latency,policies_generating_action,policy_forever_switch,q_sbs_anwg,queue_pressure_proxy,regime_stage,resource_binding,sbs_canonical_action_id,schema_version,sim_duration,slo_violation_rate,source_dataset,state_id,validity_class,weighted_completion_fraction,window_index
0.001953125,kv_capacity,phase_d_v1::azure_2023_code::w000::kv_capacity::kv_16000::step196532::sbs_reference,SBS_REFERENCE,"{""admit"":{},""hold_decode"":{},""migrate"":{},""preempt"":{},""prefill_chunk_override"":{},""swap"":{}}",952bd353c79bef75dea529eeb46f1ee1ac61a4efb946ed96403fe542a094c856,,1.0,kv_16000,kv_constrained_online,196532,196.532,2568,0.015597,0,,True,1,0.37525,True,0.033503,,200,0,200,0.099675,,False,1.0,0.005,onset+sustained+high_valid_pressure,0,952bd353c79bef75dea529eeb46f1ee1ac61a4efb946ed96403fe542a094c856,industry_realism_causal_headroom_phase_d_v1.results.0.0,199.1,0.0,azure_2023_code,phase_d_v1::azure_2023_code::w000::kv_capacity::kv_16000::step196532,VALID_STRONGLY_CONSTRAINED,1.0,0
0.001953125,kv_capacity,phase_d_v1::azure_2023_code::w000::kv_capacity::kv_16000::step196532::alt00::14b1775fb1ee31d4,COUNTERFACTUAL,"{""admit"":{""0"":[130]},""hold_decode"":{},""migrate"":{},""preempt"":{},""prefill_chunk_override"":{},""swap"":{}}",14b1775fb1ee31d44660e72fe4dbaa567181f50c2c66b3e19fca21889195bfd3,True,1.0,kv_16000,kv_constrained_online,196532,196.532,2568,0.015268,0,,True,0,0.37525,True,0.032088,5,200,0,200,0.097202,"full_prefill,chunked_prefill_small,estimated_service_time_first,weighted_fair_share,least_laxity_first",False,1.0,0.005,onset+sustained+high_valid_pressure,0,952bd353c79bef75dea529eeb46f1ee1ac61a4efb946ed96403fe542a094c856,industry_realism_causal_headroom_phase_d_v1.results.0.0,199.1,0.0,azure_2023_code,phase_d_v1::azure_2023_code::w000::kv_capacity::kv_16000::step196532,VALID_STRONGLY_CONSTRAINED,1.0,0
0.001953125,kv_capacity,phase_d_v1::azure_2023_code::w000::kv_capacity::kv_16000::step196604::sbs_reference,SBS_REFERENCE,"{""admit"":{},""hold_decode"":{},""migrate"":{},""preempt"":{},""prefill_chunk_override"":{},""swap"":{}}",952bd353c79bef75dea529eeb46f1ee1ac61a4efb946ed96403fe542a094c856,,1.0,kv_16000,kv_constrained_online,196604,196.604,2496,0.014309,0,,True,1,0.37975,True,0.033503,,200,0,200,0.099675,,False,1.0,0.005,onset+sustained+high_valid_pressure,0,952bd353c79bef75dea529eeb46f1ee1ac61a4efb946ed96403fe542a094c856,industry_realism_causal_headroom_phase_d_v1.results.0.0,199.1,0.0,azure_2023_code,phase_d_v1::azure_2023_code::w000::kv_capacity::kv_16000::step196604,VALID_STRONGLY_CONSTRAINED,1.0,0
0.001953125,kv_capacity,phase_d_v1::azure_2023_code::w000::kv_capacity::kv_16000::step196604::alt00::14b1775fb1ee31d4,COUNTERFACTUAL,"{""admit"":{""0"":[130]},""hold_decode"":{},""migrate"":{},""preempt"":{},""prefill_chunk_override"":{},""swap"":{}}",14b1775fb1ee31d44660e72fe4dbaa567181f50c2c66b3e19fca21889195bfd3,True,1.0,kv_16000,kv_constrained_online,196604,196.604,2496,0.013592,0,,True,0,0.37975,True,0.032448,5,200,0,200,0.097202,"full_prefill,chunked_prefill_small,estimated_service_time_first,weighted_fair_share,least_laxity_first",False,1.0,0.005,onset+sustained+high_valid_pressure,0,952bd353c79bef75dea529eeb46f1ee1ac61a4efb946ed96403fe542a094c856,industry_realism_causal_headroom_phase_d_v1.results.0.0,199.1,0.0,azure_2023_code,phase_d_v1::azure_2023_code::w000::kv_capacity::kv_16000::step196604,VALID_STRONGLY_CONSTRAINED,1.0,0
0.75,active_sequence_capacity,phase_d_v1::azure_2023_code::w002::active_sequence_capacity::active_4::step3154::sbs_reference,SBS_REFERENCE,"{""admit"":{""0"":[43]},""hold_decode"":{},""migrate"":{},""preempt"":{},""prefill_chunk_override"":{},""swap"":{}}",c1dbaa66b562c2f418c89aff73a30064fa1ea4bbc64f898964fb6225a9f2b5e5,,1.0,active_4,kv_constrained_online,3154,3.154,33359,0.045418,0,,True,1,0.000832875,True,0.039914,,200,0,200,0.09337,,False,1.0,0.01,sustained+high_valid_pressure,0,c1dbaa66b562c2f418c89aff73a30064fa1ea4bbc64f898964fb6225a9f2b5e5,industry_realism_causal_headroom_phase_d_v1.results.0.0,36.513,0.0,azure_2023_code,phase_d_v1::azure_2023_code::w002::active_sequence_capacity::active_4::step3154,VALID_STRONGLY_CONSTRAINED,1.0,2
0.75,active_sequence_capacity,phase_d_v1::azure_2023_code::w002::active_sequence_capacity::active_4::step3154::alt00::258d67582f79997d,COUNTERFACTUAL,"{""admit"":{""0"":[41]},""hold_decode"":{},""migrate"":{},""preempt"":{},""prefill_chunk_override"":{},""swap"":{}}",258d67582f79997d5eee0078b9f05f87f05dbcaddd93695eb9f8243fbff36d71,True,1.0,active_4,kv_constrained_online,3154,3.154,33359,0.045771,0,,True,0,0.000832875,True,0.039939,3,200,0,200,0.09337,"full_prefill,chunked_prefill_small,least_laxity_first",False,1.0,0.01,sustained+high_valid_pressure,0,c1dbaa66b562c2f418c89aff73a30064fa1ea4bbc64f898964fb6225a9f2b5e5,industry_realism_causal_headroom_phase_d_v1.results.0.0,36.513,0.0,azure_2023_code,phase_d_v1::azure_2023_code::w002::active_sequence_capacity::active_4::step3154,VALID_STRONGLY_CONSTRAINED,1.0,2
0.009765625,kv_capacity,phase_d_v1::azure_2023_conv::w000::kv_capacity::kv_8000::step42846::sbs_reference,SBS_REFERENCE,"{""admit"":{},""hold_decode"":{},""migrate"":{},""preempt"":{},""prefill_chunk_override"":{},""swap"":{}}",952bd353c79bef75dea529eeb46f1ee1ac61a4efb946ed96403fe542a094c856,,1.0,kv_8000,kv_constrained_online,42846,42.846000000000004,18829,0.187148,0,,True,1,0.737125,True,0.243216,,200,0,200,0.449544,,False,1.0,0.005,sustained+high_valid_pressure,0,952bd353c79bef75dea529eeb46f1ee1ac61a4efb946ed96403fe542a094c856,industry_realism_causal_headroom_phase_d_v1.results.0.0,61.675,0.0,azure_2023_conv,phase_d_v1::azure_2023_conv::w000::kv_capacity::kv_8000::step42846,VALID_STRONGLY_CONSTRAINED,1.0,0
0.009765625,kv_capacity,phase_d_v1::azure_2023_conv::w000::kv_capacity::kv_8000::step42846::alt00::7e7b176986d97024,COUNTERFACTUAL,"{""admit"":{""0"":[102]},""hold_decode"":{},""migrate"":{},""preempt"":{},""prefill_chunk_override"":{},""swap"":{}}",7e7b176986d97024d2cc132048da0f6d49fcf5a8c6c3f42fff168b64696f538a,True,1.0,kv_8000,kv_constrained_online,42846,42.846000000000004,18829,0.187504,0,,True,0,0.737125,True,0.242721,5,200,0,200,0.446699,"full_prefill,chunked_prefill_small,estimated_service_time_first,weighted_fair_share,least_laxity_first",False,1.0,0.005,sustained+high_valid_pressure,0,952bd353c79bef75dea529eeb46f1ee1ac61a4efb946ed96403fe542a094c856,industry_realism_causal_headroom_phase_d_v1.results.0.0,61.675,0.0,azure_2023_conv,phase_d_v1::azure_2023_conv::w000::kv_capacity::kv_8000::step42846,VALID_STRONGLY_CONSTRAINED,1.0,0
0.009765625,kv_capacity,phase_d_v1::azure_2023_conv::w000::kv_capacity::kv_8000::step42860::sbs_reference,SBS_REFERENCE,"{""admit"":{},""hold_decode"":{},""migrate"":{},""preempt"":{},""prefill_chunk_override"":{},""swap"":{}}",952bd353c79bef75dea529eeb46f1ee1ac61a4efb946ed96403fe542a094c856,,1.0,kv_8000,kv_constrained_online,42860,42.86,18815,0.20369,0,,True,1,0.745875,True,0.243216,,200,0,200,0.449544,,False,1.0,0.005,sustained+high_valid_pressure,0,952bd353c79bef75dea529eeb46f1ee1ac61a4efb946ed96403fe542a094c856,industry_realism_causal_headroom_phase_d_v1.results.0.0,61.675,0.0,azure_2023_conv,phase_d_v1::azure_2023_conv::w000::kv_capacity::kv_8000::step42860,VALID_STRONGLY_CONSTRAINED,1.0,0
0.009765625,kv_capacity,phase_d_v1::azure_2023_conv::w000::kv_capacity::kv_8000::step42860::alt00::7e7b176986d97024,COUNTERFACTUAL,"{""admit"":{""0"":[102]},""hold_decode"":{},""migrate"":{},""preempt"":{},""prefill_chunk_override"":{},""swap"":{}}",7e7b176986d97024d2cc132048da0f6d49fcf5a8c6c3f42fff168b64696f538a,True,1.0,kv_8000,kv_constrained_online,42860,42.86,18815,0.237077,0,,True,0,0.745875,True,0.242791,5,200,0,200,0.449542,"full_prefill,chunked_prefill_small,estimated_service_time_first,weighted_fair_share,least_laxity_first",False,1.0,0.005,sustained+high_valid_pressure,0,952bd353c79bef75dea529eeb46f1ee1ac61a4efb946ed96403fe542a094c856,industry_realism_causal_headroom_phase_d_v1.results.0.0,61.675,0.0,azure_2023_conv,phase_d_v1::azure_2023_conv::w000::kv_capacity::kv_8000::step42860,VALID_STRONGLY_CONSTRAINED,1.0,0
0.009765625,kv_capacity,phase_d_v1::azure_2023_conv::w000::kv_capacity::kv_8000::step42872::sbs_reference,SBS_REFERENCE,"{""admit"":{},""hold_decode"":{},""migrate"":{},""preempt"":{},""prefill_chunk_override"":{},""swap"":{}}",952bd353c79bef75dea529eeb46f1ee1ac61a4efb946ed96403fe542a094c856,,1.0,kv_8000,kv_constrained_online,42872,42.872,18803,0.277194,0,,True,1,0.753375,True,0.243216,,200,0,200,0.449544,,False,1.0,0.005,sustained+high_valid_pressure,0,952bd353c79bef75dea529eeb46f1ee1ac61a4efb946ed96403fe542a094c856,industry_realism_causal_headroom_phase_d_v1.results.0.0,61.675,0.0,azure_2023_conv,phase_d_v1::azure_2023_conv::w000::kv_capacity::kv_8000::step42872,VALID_STRONGLY_CONSTRAINED,1.0,0
0.009765625,kv_capacity,phase_d_v1::azure_2023_conv::w000::kv_capacity::kv_8000::step42872::alt00::7e7b176986d97024,COUNTERFACTUAL,"{""admit"":{""0"":[102]},""hold_decode"":{},""migrate"":{},""preempt"":{},""prefill_chunk_override"":{},""swap"":{}}",7e7b176986d97024d2cc132048da0f6d49fcf5a8c6c3f42fff168b64696f538a,True,1.0,kv_8000,kv_constrained_online,42872,42.872,18803,0.18523,0,,True,0,0.753375,True,0.242851,5,200,0,200,0.449544,"full_prefill,chunked_prefill_small,estimated_service_time_first,weighted_fair_share,least_laxity_first",False,1.0,0.005,sustained+high_valid_pressure,0,952bd353c79bef75dea529eeb46f1ee1ac61a4efb946ed96403fe542a094c856,industry_realism_causal_headroom_phase_d_v1.results.0.0,61.675,0.0,azure_2023_conv,phase_d_v1::azure_2023_conv::w000::kv_capacity::kv_8000::step42872,VALID_STRONGLY_CONSTRAINED,1.0,0
0.009765625,kv_capacity,phase_d_v1::azure_2023_conv::w000::kv_capacity::kv_8000::step42884::sbs_reference,SBS_REFERENCE,"{""admit"":{},""hold_decode"":{},""migrate"":{},""preempt"":{},""prefill_chunk_override"":{},""swap"":{}}",952bd353c79bef75dea529eeb46f1ee1ac61a4efb946ed96403fe542a094c856,,1.0,kv_8000,kv_constrained_online,42884,42.884,18791,0.188521,0,,True,1,0.760875,True,0.243216,,200,0,200,0.449544,,False,1.0,0.005,sustained+high_valid_pressure,0,952bd353c79bef75dea529eeb46f1ee1ac61a4efb946ed96403fe542a094c856,industry_realism_causal_headroom_phase_d_v1.results.0.0,61.675,0.0,azure_2023_conv,phase_d_v1::azure_2023_conv::w000::kv_capacity::kv_8000::step42884,VALID_STRONGLY_CONSTRAINED,1.0,0
0.009765625,kv_capacity,phase_d_v1::azure_2023_conv::w000::kv_capacity::kv_8000::step42884::alt00::7e7b176986d97024,COUNTERFACTUAL,"{""admit"":{""0"":[102]},""hold_decode"":{},""migrate"":{},""preempt"":{},""prefill_chunk_override"":{},""swap"":{}}",7e7b176986d97024d2cc132048da0f6d49fcf5a8c6c3f42fff168b64696f538a,True,1.0,kv_8000,kv_constrained_online,42884,42.884,18791,0.236792,0,,True,0,0.760875,True,0.242911,5,200,0,200,0.449544,"full_prefill,chunked_prefill_small,estimated_service_time_first,weighted_fair_share,least_laxity_first",False,1.0,0.005,sustained+high_valid_pressure,0,952bd353c79bef75dea529eeb46f1ee1ac61a4efb946ed96403fe542a094c856,industry_realism_causal_headroom_phase_d_v1.results.0.0,61.675,0.0,azure_2023_conv,phase_d_v1::azure_2023_conv::w000::kv_capacity::kv_8000::step42884,VALID_STRONGLY_CONSTRAINED,1.0,0
0.009765625,kv_capacity,phase_d_v1::azure_2023_conv::w000::kv_capacity::kv_8000::step42911::sbs_reference,SBS_REFERENCE,"{""admit"":{},""hold_decode"":{},""migrate"":{},""preempt"":{},""prefill_chunk_override"":{},""swap"":{}}",952bd353c79bef75dea529eeb46f1ee1ac61a4efb946ed96403fe542a094c856,,1.0,kv_8000,kv_constrained_online,42911,42.911,18764,0.187943,0,,True,1,0.77775,True,0.243216,,200,0,200,0.449544,,False,1.0,0.005,sustained+high_valid_pressure,0,952bd353c79bef75dea529eeb46f1ee1ac61a4efb946ed96403fe542a094c856,industry_realism_causal_headroom_phase_d_v1.results.0.0,61.675,0.0,azure_2023_conv,phase_d_v1::azure_2023_conv::w000::kv_capacity::kv_8000::step42911,VALID_STRONGLY_CONSTRAINED,1.0,0
0.009765625,kv_capacity,phase_d_v1::azure_2023_conv::w000::kv_capacity::kv_8000::step42911::alt00::7e7b176986d97024,COUNTERFACTUAL,"{""admit"":{""0"":[102]},""hold_decode"":{},""migrate"":{},""preempt"":{},""prefill_chunk_override"":{},""swap"":{}}",7e7b176986d97024d2cc132048da0f6d49fcf5a8c6c3f42fff168b64696f538a,True,1.0,kv_8000,kv_constrained_online,42911,42.911,18764,0.221611,0,,True,0,0.77775,True,0.243046,5,200,0,200,0.449544,"full_prefill,chunked_prefill_small,estimated_service_time_first,weighted_fair_share,least_laxity_first",False,1.0,0.005,sustained+high_valid_pressure,0,952bd353c79bef75dea529eeb46f1ee1ac61a4efb946ed96403fe542a094c856,industry_realism_causal_headroom_phase_d_v1.results.0.0,61.675,0.0,azure_2023_conv,phase_d_v1::azure_2023_conv::w000::kv_capacity::kv_8000::step42911,VALID_STRONGLY_CONSTRAINED,1.0,0
0.005859375,kv_capacity,phase_d_v1::azure_2023_conv::w000::kv_capacity::kv_8000::step48201::sbs_reference,SBS_REFERENCE,"{""admit"":{},""hold_decode"":{},""migrate"":{},""preempt"":{},""prefill_chunk_override"":{},""swap"":{}}",952bd353c79bef75dea529eeb46f1ee1ac61a4efb946ed96403fe542a094c856,,1.0,kv_8000,kv_constrained_online,48201,48.201,13474,0.129186,0,,True,1,0.475375,True,0.243216,,200,0,200,0.449544,,False,1.0,0.005,sustained+high_valid_pressure,0,952bd353c79bef75dea529eeb46f1ee1ac61a4efb946ed96403fe542a094c856,industry_realism_causal_headroom_phase_d_v1.results.0.0,61.675,0.0,azure_2023_conv,phase_d_v1::azure_2023_conv::w000::kv_capacity::kv_8000::step48201,VALID_STRONGLY_CONSTRAINED,1.0,0
0.005859375,kv_capacity,phase_d_v1::azure_2023_conv::w000::kv_capacity::kv_8000::step48201::alt00::7eb3e030d7baa0dc,COUNTERFACTUAL,"{""admit"":{""0"":[133]},""hold_decode"":{},""migrate"":{},""preempt"":{},""prefill_chunk_override"":{},""swap"":{}}",7eb3e030d7baa0dcb2da0c7dab240115b476b773bac34e6458644123cc9ae60b,True,1.0,kv_8000,kv_constrained_online,48201,48.201,13474,0.165727,0,,True,0,0.475375,True,0.242016,5,200,0,200,0.446699,"full_prefill,chunked_prefill_small,estimated_service_time_first,weighted_fair_share,least_laxity_first",False,1.0,0.005,sustained+high_valid_pressure,0,952bd353c79bef75dea529eeb46f1ee1ac61a4efb946ed96403fe542a094c856,industry_realism_causal_headroom_phase_d_v1.results.0.0,61.675,0.0,azure_2023_conv,phase_d_v1::azure_2023_conv::w000::kv_capacity::kv_8000::step48201,VALID_STRONGLY_CONSTRAINED,1.0,0
0.005859375,kv_capacity,phase_d_v1::azure_2023_conv::w000::kv_capacity::kv_8000::step48353::sbs_reference,SBS_REFERENCE,"{""admit"":{},""hold_decode"":{},""migrate"":{},""preempt"":{},""prefill_chunk_override"":{},""swap"":{}}",952bd353c79bef75dea529eeb46f1ee1ac61a4efb946ed96403fe542a094c856,,1.0,kv_8000,kv_constrained_online,48353,48.353,13322,0.12476,0,,True,1,0.386375,True,0.243216,,200,0,200,0.449544,,False,1.0,0.005,sustained+high_valid_pressure,0,952bd353c79bef75dea529eeb46f1ee1ac61a4efb946ed96403fe542a094c856,industry_realism_causal_headroom_phase_d_v1.results.0.0,61.675,0.0,azure_2023_conv,phase_d_v1::azure_2023_conv::w000::kv_capacity::kv_8000::step48353,VALID_STRONGLY_CONSTRAINED,1.0,0
0.005859375,kv_capacity,phase_d_v1::azure_2023_conv::w000::kv_capacity::kv_8000::step48353::alt00::7eb3e030d7baa0dc,COUNTERFACTUAL,"{""admit"":{""0"":[133]},""hold_decode"":{},""migrate"":{},""preempt"":{},""prefill_chunk_override"":{},""swap"":{}}",7eb3e030d7baa0dcb2da0c7dab240115b476b773bac34e6458644123cc9ae60b,True,1.0,kv_8000,kv_constrained_online,48353,48.353,13322,0.130008,0,,True,0,0.386375,True,0.242811,5,200,0,200,0.446699,"full_prefill,chunked_prefill_small,estimated_service_time_first,weighted_fair_share,least_laxity_first",False,1.0,0.005,sustained+high_valid_pressure,0,952bd353c79bef75dea529eeb46f1ee1ac61a4efb946ed96403fe542a094c856,industry_realism_causal_headroom_phase_d_v1.results.0.0,61.675,0.0,azure_2023_conv,phase_d_v1::azure_2023_conv::w000::kv_capacity::kv_8000::step48353,VALID_STRONGLY_CONSTRAINED,1.0,0
0.005859375,kv_capacity,phase_d_v1::azure_2023_conv::w000::kv_capacity::kv_8000::step48408::sbs_reference,SBS_REFERENCE,"{""admit"":{},""hold_decode"":{},""migrate"":{},""preempt"":{},""prefill_chunk_override"":{},""swap"":{}}",952bd353c79bef75dea529eeb46f1ee1ac61a4efb946ed96403fe542a094c856,,1.0,kv_8000,kv_constrained_online,48408,48.408,13267,0.130481,0,,True,1,0.407,True,0.243216,,200,0,200,0.449544,,False,1.0,0.005,sustained+high_valid_pressure,0,952bd353c79bef75dea529eeb46f1ee1ac61a4efb946ed96403fe542a094c856,industry_realism_causal_headroom_phase_d_v1.results.0.0,61.675,0.0,azure_2023_conv,phase_d_v1::azure_2023_conv::w000::kv_capacity::kv_8000::step48408,VALID_STRONGLY_CONSTRAINED,1.0,0
0.005859375,kv_capacity,phase_d_v1::azure_2023_conv::w000::kv_capacity::kv_8000::step48408::alt00::7eb3e030d7baa0dc,COUNTERFACTUAL,"{""admit"":{""0"":[133]},""hold_decode"":{},""migrate"":{},""preempt"":{},""prefill_chunk_override"":{},""swap"":{}}",7eb3e030d7baa0dcb2da0c7dab240115b476b773bac34e6458644123cc9ae60b,True,1.0,kv_8000,kv_constrained_online,48408,48.408,13267,0.163742,0,,True,0,0.407,True,0.243086,5,200,0,200,0.446699,"full_prefill,chunked_prefill_small,estimated_service_time_first,weighted_fair_share,least_laxity_first",False,1.0,0.005,sustained+high_valid_pressure,0,952bd353c79bef75dea529eeb46f1ee1ac61a4efb946ed96403fe542a094c856,industry_realism_causal_headroom_phase_d_v1.results.0.0,61.675,0.0,azure_2023_conv,phase_d_v1::azure_2023_conv::w000::kv_capacity::kv_8000::step48408,VALID_STRONGLY_CONSTRAINED,1.0,0
0.009765625,kv_capacity,phase_d_v1::azure_2023_conv::w000::kv_capacity::kv_8000::step49867::sbs_reference,SBS_REFERENCE,"{""admit"":{},""hold_decode"":{},""migrate"":{},""preempt"":{},""prefill_chunk_override"":{},""swap"":{}}",952bd353c79bef75dea529eeb46f1ee1ac61a4efb946ed96403fe542a094c856,,1.0,kv_8000,kv_constrained_online,49867,49.867000000000004,11808,0.163195,0,,True,1,0.741625,True,0.243216,,200,0,200,0.449544,,False,1.0,0.005,sustained+high_valid_pressure,0,952bd353c79bef75dea529eeb46f1ee1ac61a4efb946ed96403fe542a094c856,industry_realism_causal_headroom_phase_d_v1.results.0.0,61.675,0.0,azure_2023_conv,phase_d_v1::azure_2023_conv::w000::kv_capacity::kv_8000::step49867,VALID_STRONGLY_CONSTRAINED,1.0,0
0.009765625,kv_capacity,phase_d_v1::azure_2023_conv::w000::kv_capacity::kv_8000::step49867::alt00::270c884d08d14618,COUNTERFACTUAL,"{""admit"":{""0"":[145]},""hold_decode"":{},""migrate"":{},""preempt"":{},""prefill_chunk_override"":{},""swap"":{}}",270c884d08d146186230f9add072e95ae8327bbd943187e7874c2be6c194b6de,True,1.0,kv_8000,kv_constrained_online,49867,49.867000000000004,11808,0.154102,0,,True,0,0.741625,True,0.242656,5,200,0,200,0.449544,"full_prefill,chunked_prefill_small,estimated_service_time_first,weighted_fair_share,least_laxity_first",False,1.0,0.005,sustained+high_valid_pressure,0,952bd353c79bef75dea529eeb46f1ee1ac61a4efb946ed96403fe542a094c856,industry_realism_causal_headroom_phase_d_v1.results.0.0,61.675,0.0,azure_2023_conv,phase_d_v1::azure_2023_conv::w000::kv_capacity::kv_8000::step49867,VALID_STRONGLY_CONSTRAINED,1.0,0
0.009765625,kv_capacity,phase_d_v1::azure_2023_conv::w000::kv_capacity::kv_8000::step49986::sbs_reference,SBS_REFERENCE,"{""admit"":{},""hold_decode"":{},""migrate"":{},""preempt"":{},""prefill_chunk_override"":{},""swap"":{}}",952bd353c79bef75dea529eeb46f1ee1ac61a4efb946ed96403fe542a094c856,,1.0,kv_8000,kv_constrained_online,49986,49.986000000000004,11689,0.108243,0,,True,1,0.74725,True,0.243216,,200,0,200,0.449544,,False,1.0,0.005,sustained+high_valid_pressure,0,952bd353c79bef75dea529eeb46f1ee1ac61a4efb946ed96403fe542a094c856,industry_realism_causal_headroom_phase_d_v1.results.0.0,61.675,0.0,azure_2023_conv,phase_d_v1::azure_2023_conv::w000::kv_capacity::kv_8000::step49986,VALID_STRONGLY_CONSTRAINED,1.0,0
0.009765625,kv_capacity,phase_d_v1::azure_2023_conv::w000::kv_capacity::kv_8000::step49986::alt00::f4a811b76c4c3f33,COUNTERFACTUAL,"{""admit"":{""0"":[146]},""hold_decode"":{},""migrate"":{},""preempt"":{},""prefill_chunk_override"":{},""swap"":{}}",f4a811b76c4c3f33c897b33ec648dbc6bd81ac1df655ccf4940f826ac0fef104,True,1.0,kv_8000,kv_constrained_online,49986,49.986000000000004,11689,0.153231,0,,True,0,0.74725,True,0.242741,5,200,0,200,0.449544,"full_prefill,chunked_prefill_small,estimated_service_time_first,weighted_fair_share,least_laxity_first",False,1.0,0.005,sustained+high_valid_pressure,0,952bd353c79bef75dea529eeb46f1ee1ac61a4efb946ed96403fe542a094c856,industry_realism_causal_headroom_phase_d_v1.results.0.0,61.675,0.0,azure_2023_conv,phase_d_v1::azure_2023_conv::w000::kv_capacity::kv_8000::step49986,VALID_STRONGLY_CONSTRAINED,1.0,0
0.009765625,kv_capacity,phase_d_v1::azure_2023_conv::w000::kv_capacity::kv_8000::step50002::sbs_reference,SBS_REFERENCE,"{""admit"":{},""hold_decode"":{},""migrate"":{},""preempt"":{},""prefill_chunk_override"":{},""swap"":{}}",952bd353c79bef75dea529eeb46f1ee1ac61a4efb946ed96403fe542a094c856,,1.0,kv_8000,kv_constrained_online,50002,50.002,11673,0.107336,0,,True,1,0.75725,True,0.243216,,200,0,200,0.449544,,False,1.0,0.005,sustained+high_valid_pressure,0,952bd353c79bef75dea529eeb46f1ee1ac61a4efb946ed96403fe542a094c856,industry_realism_causal_headroom_phase_d_v1.results.0.0,61.675,0.0,azure_2023_conv,phase_d_v1::azure_2023_conv::w000::kv_capacity::kv_8000::step50002,VALID_STRONGLY_CONSTRAINED,1.0,0
0.009765625,kv_capacity,phase_d_v1::azure_2023_conv::w000::kv_capacity::kv_8000::step50002::alt00::f4a811b76c4c3f33,COUNTERFACTUAL,"{""admit"":{""0"":[146]},""hold_decode"":{},""migrate"":{},""preempt"":{},""prefill_chunk_override"":{},""swap"":{}}",f4a811b76c4c3f33c897b33ec648dbc6bd81ac1df655ccf4940f826ac0fef104,True,1.0,kv_8000,kv_constrained_online,50002,50.002,11673,0.187158,0,,True,0,0.75725,True,0.242821,5,200,0,200,0.449544,"full_prefill,chunked_prefill_small,estimated_service_time_first,weighted_fair_share,least_laxity_first",False,1.0,0.005,sustained+high_valid_pressure,0,952bd353c79bef75dea529eeb46f1ee1ac61a4efb946ed96403fe542a094c856,industry_realism_causal_headroom_phase_d_v1.results.0.0,61.675,0.0,azure_2023_conv,phase_d_v1::azure_2023_conv::w000::kv_capacity::kv_8000::step50002,VALID_STRONGLY_CONSTRAINED,1.0,0
0.009765625,kv_capacity,phase_d_v1::azure_2023_conv::w000::kv_capacity::kv_8000::step50024::sbs_reference,SBS_REFERENCE,"{""admit"":{},""hold_decode"":{},""migrate"":{},""preempt"":{},""prefill_chunk_override"":{},""swap"":{}}",952bd353c79bef75dea529eeb46f1ee1ac61a4efb946ed96403fe542a094c856,,1.0,kv_8000,kv_constrained_online,50024,50.024,11651,0.106686,0,,True,1,0.771,True,0.243216,,200,0,200,0.449544,,False,1.0,0.005,sustained+high_valid_pressure,0,952bd353c79bef75dea529eeb46f1ee1ac61a4efb946ed96403fe542a094c856,industry_realism_causal_headroom_phase_d_v1.results.0.0,61.675,0.0,azure_2023_conv,phase_d_v1::azure_2023_conv::w000::kv_capacity::kv_8000::step50024,VALID_STRONGLY_CONSTRAINED,1.0,0
0.009765625,kv_capacity,phase_d_v1::azure_2023_conv::w000::kv_capacity::kv_8000::step50024::alt00::f4a811b76c4c3f33,COUNTERFACTUAL,"{""admit"":{""0"":[146]},""hold_decode"":{},""migrate"":{},""preempt"":{},""prefill_chunk_override"":{},""swap"":{}}",f4a811b76c4c3f33c897b33ec648dbc6bd81ac1df655ccf4940f826ac0fef104,True,1.0,kv_8000,kv_constrained_online,50024,50.024,11651,0.142299,0,,True,0,0.771,True,0.242931,5,200,0,200,0.449544,"full_prefill,chunked_prefill_small,estimated_service_time_first,weighted_fair_share,least_laxity_first",False,1.0,0.005,sustained+high_valid_pressure,0,952bd353c79bef75dea529eeb46f1ee1ac61a4efb946ed96403fe542a094c856,industry_realism_causal_headroom_phase_d_v1.results.0.0,61.675,0.0,azure_2023_conv,phase_d_v1::azure_2023_conv::w000::kv_capacity::kv_8000::step50024,VALID_STRONGLY_CONSTRAINED,1.0,0
0.009765625,kv_capacity,phase_d_v1::azure_2023_conv::w000::kv_capacity::kv_8000::step50079::sbs_reference,SBS_REFERENCE,"{""admit"":{},""hold_decode"":{},""migrate"":{},""preempt"":{},""prefill_chunk_override"":{},""swap"":{}}",952bd353c79bef75dea529eeb46f1ee1ac61a4efb946ed96403fe542a094c856,,1.0,kv_8000,kv_constrained_online,50079,50.079,11596,0.120353,0,,True,1,0.805375,True,0.243216,,200,0,200,0.449544,,False,1.0,0.005,sustained+high_valid_pressure,0,952bd353c79bef75dea529eeb46f1ee1ac61a4efb946ed96403fe542a094c856,industry_realism_causal_headroom_phase_d_v1.results.0.0,61.675,0.0,azure_2023_conv,phase_d_v1::azure_2023_conv::w000::kv_capacity::kv_8000::step50079,VALID_STRONGLY_CONSTRAINED,1.0,0
0.009765625,kv_capacity,phase_d_v1::azure_2023_conv::w000::kv_capacity::kv_8000::step50079::alt00::f4a811b76c4c3f33,COUNTERFACTUAL,"{""admit"":{""0"":[146]},""hold_decode"":{},""migrate"":{},""preempt"":{},""prefill_chunk_override"":{},""swap"":{}}",f4a811b76c4c3f33c897b33ec648dbc6bd81ac1df655ccf4940f826ac0fef104,True,1.0,kv_8000,kv_constrained_online,50079,50.079,11596,0.145764,0,,True,0,0.805375,True,0.243206,5,200,0,200,0.449544,"full_prefill,chunked_prefill_small,estimated_service_time_first,weighted_fair_share,least_laxity_first",False,1.0,0.005,sustained+high_valid_pressure,0,952bd353c79bef75dea529eeb46f1ee1ac61a4efb946ed96403fe542a094c856,industry_realism_causal_headroom_phase_d_v1.results.0.0,61.675,0.0,azure_2023_conv,phase_d_v1::azure_2023_conv::w000::kv_capacity::kv_8000::step50079,VALID_STRONGLY_CONSTRAINED,1.0,0
0.00390625,kv_capacity,phase_d_v1::azure_2023_conv::w000::kv_capacity::kv_8000::step57857::sbs_reference,SBS_REFERENCE,"{""admit"":{},""hold_decode"":{},""migrate"":{},""preempt"":{},""prefill_chunk_override"":{},""swap"":{}}",952bd353c79bef75dea529eeb46f1ee1ac61a4efb946ed96403fe542a094c856,,1.0,kv_8000,kv_constrained_online,57857,57.857,3818,0.023985,0,,True,1,0.336875,True,0.243216,,200,0,200,0.449544,,False,1.0,0.005,sustained+high_valid_pressure,0,952bd353c79bef75dea529eeb46f1ee1ac61a4efb946ed96403fe542a094c856,industry_realism_causal_headroom_phase_d_v1.results.0.0,61.675,0.0,azure_2023_conv,phase_d_v1::azure_2023_conv::w000::kv_capacity::kv_8000::step57857,VALID_STRONGLY_CONSTRAINED,1.0,0
0.00390625,kv_capacity,phase_d_v1::azure_2023_conv::w000::kv_capacity::kv_8000::step57857::alt00::a0704cedd8bbde97,COUNTERFACTUAL,"{""admit"":{""0"":[187]},""hold_decode"":{},""migrate"":{},""preempt"":{},""prefill_chunk_override"":{},""swap"":{}}",a0704cedd8bbde973b304aa8a3c545a1a23f677f5a31f49fd1a5b3a2bd1e1e5a,True,1.0,kv_8000,kv_constrained_online,57857,57.857,3818,0.024842,0,,True,0,0.336875,True,0.243086,5,200,0,200,0.449544,"full_prefill,chunked_prefill_small,estimated_service_time_first,weighted_fair_share,least_laxity_first",False,1.0,0.005,sustained+high_valid_pressure,0,952bd353c79bef75dea529eeb46f1ee1ac61a4efb946ed96403fe542a094c856,industry_realism_causal_headroom_phase_d_v1.results.0.0,61.675,0.0,azure_2023_conv,phase_d_v1::azure_2023_conv::w000::kv_capacity::kv_8000::step57857,VALID_STRONGLY_CONSTRAINED,1.0,0
0.00390625,kv_capacity,phase_d_v1::azure_2023_conv::w004::kv_capacity::kv_8000::step3171::sbs_reference,SBS_REFERENCE,"{""admit"":{},""hold_decode"":{},""migrate"":{},""preempt"":{},""prefill_chunk_override"":{},""swap"":{}}",952bd353c79bef75dea529eeb46f1ee1ac61a4efb946ed96403fe542a094c856,,1.0,kv_8000,kv_constrained_online,3171,3.1710000000000003,30948,0.306302,0,,True,1,0.32025,True,0.210974,,200,0,200,0.434516,,False,1.0,0.005,sustained+high_valid_pressure,0,952bd353c79bef75dea529eeb46f1ee1ac61a4efb946ed96403fe542a094c856,industry_realism_causal_headroom_phase_d_v1.results.0.0,34.119,0.0,azure_2023_conv,phase_d_v1::azure_2023_conv::w004::kv_capacity::kv_8000::step3171,VALID_STRONGLY_CONSTRAINED,1.0,4
0.00390625,kv_capacity,phase_d_v1::azure_2023_conv::w004::kv_capacity::kv_8000::step3171::alt00::9f0b896f3edebfbf,COUNTERFACTUAL,"{""admit"":{""0"":[20]},""hold_decode"":{},""migrate"":{},""preempt"":{},""prefill_chunk_override"":{},""swap"":{}}",9f0b896f3edebfbfbc0b6b36cb8f86d3686a90d043083864eeca462da0505481,True,1.0,kv_8000,kv_constrained_online,3171,3.1710000000000003,30948,0.281652,0,,True,0,0.32025,True,0.210399,5,200,0,200,0.434516,"full_prefill,chunked_prefill_small,estimated_service_time_first,weighted_fair_share,least_laxity_first",False,1.0,0.005,sustained+high_valid_pressure,0,952bd353c79bef75dea529eeb46f1ee1ac61a4efb946ed96403fe542a094c856,industry_realism_causal_headroom_phase_d_v1.results.0.0,34.119,0.0,azure_2023_conv,phase_d_v1::azure_2023_conv::w004::kv_capacity::kv_8000::step3171,VALID_STRONGLY_CONSTRAINED,1.0,4
0.00390625,kv_capacity,phase_d_v1::azure_2023_conv::w004::kv_capacity::kv_8000::step3219::sbs_reference,SBS_REFERENCE,"{""admit"":{},""hold_decode"":{},""migrate"":{},""preempt"":{},""prefill_chunk_override"":{},""swap"":{}}",952bd353c79bef75dea529eeb46f1ee1ac61a4efb946ed96403fe542a094c856,,1.0,kv_8000,kv_constrained_online,3219,3.219,30900,0.281399,0,,True,1,0.33225,True,0.210974,,200,0,200,0.434516,,False,1.0,0.005,sustained+high_valid_pressure,0,952bd353c79bef75dea529eeb46f1ee1ac61a4efb946ed96403fe542a094c856,industry_realism_causal_headroom_phase_d_v1.results.0.0,34.119,0.0,azure_2023_conv,phase_d_v1::azure_2023_conv::w004::kv_capacity::kv_8000::step3219,VALID_STRONGLY_CONSTRAINED,1.0,4
0.00390625,kv_capacity,phase_d_v1::azure_2023_conv::w004::kv_capacity::kv_8000::step3219::alt00::9f0b896f3edebfbf,COUNTERFACTUAL,"{""admit"":{""0"":[20]},""hold_decode"":{},""migrate"":{},""preempt"":{},""prefill_chunk_override"":{},""swap"":{}}",9f0b896f3edebfbfbc0b6b36cb8f86d3686a90d043083864eeca462da0505481,True,1.0,kv_8000,kv_constrained_online,3219,3.219,30900,0.258427,0,,True,0,0.33225,True,0.210639,5,200,0,200,0.434516,"full_prefill,chunked_prefill_small,estimated_service_time_first,weighted_fair_share,least_laxity_first",False,1.0,0.005,sustained+high_valid_pressure,0,952bd353c79bef75dea529eeb46f1ee1ac61a4efb946ed96403fe542a094c856,industry_realism_causal_headroom_phase_d_v1.results.0.0,34.119,0.0,azure_2023_conv,phase_d_v1::azure_2023_conv::w004::kv_capacity::kv_8000::step3219,VALID_STRONGLY_CONSTRAINED,1.0,4
0.00390625,kv_capacity,phase_d_v1::azure_2023_conv::w004::kv_capacity::kv_8000::step3279::sbs_reference,SBS_REFERENCE,"{""admit"":{},""hold_decode"":{},""migrate"":{},""preempt"":{},""prefill_chunk_override"":{},""swap"":{}}",952bd353c79bef75dea529eeb46f1ee1ac61a4efb946ed96403fe542a094c856,,1.0,kv_8000,kv_constrained_online,3279,3.279,30840,0.28429,0,,True,1,0.34725,True,0.210974,,200,0,200,0.434516,,False,1.0,0.005,sustained+high_valid_pressure,0,952bd353c79bef75dea529eeb46f1ee1ac61a4efb946ed96403fe542a094c856,industry_realism_causal_headroom_phase_d_v1.results.0.0,34.119,0.0,azure_2023_conv,phase_d_v1::azure_2023_conv::w004::kv_capacity::kv_8000::step3279,VALID_STRONGLY_CONSTRAINED,1.0,4
0.00390625,kv_capacity,phase_d_v1::azure_2023_conv::w004::kv_capacity::kv_8000::step3279::alt00::9f0b896f3edebfbf,COUNTERFACTUAL,"{""admit"":{""0"":[20]},""hold_decode"":{},""migrate"":{},""preempt"":{},""prefill_chunk_override"":{},""swap"":{}}",9f0b896f3edebfbfbc0b6b36cb8f86d3686a90d043083864eeca462da0505481,True,1.0,kv_8000,kv_constrained_online,3279,3.279,30840,0.280101,0,,True,0,0.34725,True,0.210939,5,200,0,200,0.434516,"full_prefill,chunked_prefill_small,estimated_service_time_first,weighted_fair_share,least_laxity_first",False,1.0,0.005,sustained+high_valid_pressure,0,952bd353c79bef75dea529eeb46f1ee1ac61a4efb946ed96403fe542a094c856,industry_realism_causal_headroom_phase_d_v1.results.0.0,34.119,0.0,azure_2023_conv,phase_d_v1::azure_2023_conv::w004::kv_capacity::kv_8000::step3279,VALID_STRONGLY_CONSTRAINED,1.0,4
0.005859375,kv_capacity,phase_d_v1::azure_2023_conv::w004::kv_capacity::kv_8000::step4004::sbs_reference,SBS_REFERENCE,"{""admit"":{},""hold_decode"":{},""migrate"":{},""preempt"":{},""prefill_chunk_override"":{},""swap"":{}}",952bd353c79bef75dea529eeb46f1ee1ac61a4efb946ed96403fe542a094c856,,1.0,kv_8000,kv_constrained_online,4004,4.0040000000000004,30115,0.278251,0,,True,1,0.35075,True,0.210974,,200,0,200,0.434516,,False,1.0,0.005,sustained+high_valid_pressure,0,952bd353c79bef75dea529eeb46f1ee1ac61a4efb946ed96403fe542a094c856,industry_realism_causal_headroom_phase_d_v1.results.0.0,34.119,0.0,azure_2023_conv,phase_d_v1::azure_2023_conv::w004::kv_capacity::kv_8000::step4004,VALID_STRONGLY_CONSTRAINED,1.0,4
0.005859375,kv_capacity,phase_d_v1::azure_2023_conv::w004::kv_capacity::kv_8000::step4004::alt00::bd022e84eb45ac05,COUNTERFACTUAL,"{""admit"":{""0"":[28]},""hold_decode"":{},""migrate"":{},""preempt"":{},""prefill_chunk_override"":{},""swap"":{}}",bd022e84eb45ac05a64278cd1150e5c7b9d8ced81317231eea26e29e85b93a87,True,1.0,kv_8000,kv_constrained_online,4004,4.0040000000000004,30115,0.250283,0,,True,0,0.35075,True,0.209544,5,200,0,200,0.434516,"full_prefill,chunked_prefill_small,estimated_service_time_first,weighted_fair_share,least_laxity_first",False,1.0,0.005,sustained+high_valid_pressure,0,952bd353c79bef75dea529eeb46f1ee1ac61a4efb946ed96403fe542a094c856,industry_realism_causal_headroom_phase_d_v1.results.0.0,34.119,0.0,azure_2023_conv,phase_d_v1::azure_2023_conv::w004::kv_capacity::kv_8000::step4004,VALID_STRONGLY_CONSTRAINED,1.0,4
0.00390625,kv_capacity,phase_d_v1::azure_2023_conv::w004::kv_capacity::kv_8000::step7083::sbs_reference,SBS_REFERENCE,"{""admit"":{},""hold_decode"":{},""migrate"":{},""preempt"":{},""prefill_chunk_override"":{},""swap"":{}}",952bd353c79bef75dea529eeb46f1ee1ac61a4efb946ed96403fe542a094c856,,1.0,kv_8000,kv_constrained_online,7083,7.083,27036,0.256451,0,,True,1,0.348375,True,0.210974,,200,0,200,0.434516,,False,1.0,0.005,sustained+high_valid_pressure,0,952bd353c79bef75dea529eeb46f1ee1ac61a4efb946ed96403fe542a094c856,industry_realism_causal_headroom_phase_d_v1.results.0.0,34.119,0.0,azure_2023_conv,phase_d_v1::azure_2023_conv::w004::kv_capacity::kv_8000::step7083,VALID_STRONGLY_CONSTRAINED,1.0,4
0.00390625,kv_capacity,phase_d_v1::azure_2023_conv::w004::kv_capacity::kv_8000::step7083::alt00::a82007f6fec8355f,COUNTERFACTUAL,"{""admit"":{""0"":[52]},""hold_decode"":{},""migrate"":{},""preempt"":{},""prefill_chunk_override"":{},""swap"":{}}",a82007f6fec8355f021c1c65715f0e48d38e8399df4c66640851c068278f023b,True,1.0,kv_8000,kv_constrained_online,7083,7.083,27036,0.265191,0,,True,0,0.348375,True,0.210814,5,200,0,200,0.434516,"full_prefill,chunked_prefill_small,estimated_service_time_first,weighted_fair_share,least_laxity_first",False,1.0,0.005,sustained+high_valid_pressure,0,952bd353c79bef75dea529eeb46f1ee1ac61a4efb946ed96403fe542a094c856,industry_realism_causal_headroom_phase_d_v1.results.0.0,34.119,0.0,azure_2023_conv,phase_d_v1::azure_2023_conv::w004::kv_capacity::kv_8000::step7083,VALID_STRONGLY_CONSTRAINED,1.0,4
0.00390625,kv_capacity,phase_d_v1::azure_2023_conv::w004::kv_capacity::kv_8000::step7086::sbs_reference,SBS_REFERENCE,"{""admit"":{},""hold_decode"":{},""migrate"":{},""preempt"":{},""prefill_chunk_override"":{},""swap"":{}}",952bd353c79bef75dea529eeb46f1ee1ac61a4efb946ed96403fe542a094c856,,1.0,kv_8000,kv_constrained_online,7086,7.086,27033,0.22445,0,,True,1,0.349125,True,0.210974,,200,0,200,0.434516,,False,1.0,0.005,sustained+high_valid_pressure,0,952bd353c79bef75dea529eeb46f1ee1ac61a4efb946ed96403fe542a094c856,industry_realism_causal_headroom_phase_d_v1.results.0.0,34.119,0.0,azure_2023_conv,phase_d_v1::azure_2023_conv::w004::kv_capacity::kv_8000::step7086,VALID_STRONGLY_CONSTRAINED,1.0,4
0.00390625,kv_capacity,phase_d_v1::azure_2023_conv::w004::kv_capacity::kv_8000::step7086::alt00::a82007f6fec8355f,COUNTERFACTUAL,"{""admit"":{""0"":[52]},""hold_decode"":{},""migrate"":{},""preempt"":{},""prefill_chunk_override"":{},""swap"":{}}",a82007f6fec8355f021c1c65715f0e48d38e8399df4c66640851c068278f023b,True,1.0,kv_8000,kv_constrained_online,7086,7.086,27033,0.213027,0,,True,0,0.349125,True,0.210829,5,200,0,200,0.434516,"full_prefill,chunked_prefill_small,estimated_service_time_first,weighted_fair_share,least_laxity_first",False,1.0,0.005,sustained+high_valid_pressure,0,952bd353c79bef75dea529eeb46f1ee1ac61a4efb946ed96403fe542a094c856,industry_realism_causal_headroom_phase_d_v1.results.0.0,34.119,0.0,azure_2023_conv,phase_d_v1::azure_2023_conv::w004::kv_capacity::kv_8000::step7086,VALID_STRONGLY_CONSTRAINED,1.0,4
0.00390625,kv_capacity,phase_d_v1::azure_2023_conv::w004::kv_capacity::kv_8000::step13825::sbs_reference,SBS_REFERENCE,"{""admit"":{},""hold_decode"":{},""migrate"":{},""preempt"":{},""prefill_chunk_override"":{},""swap"":{}}",952bd353c79bef75dea529eeb46f1ee1ac61a4efb946ed96403fe542a094c856,,1.0,kv_8000,kv_constrained_online,13825,13.825000000000001,20294,0.165011,0,,True,1,0.359375,True,0.210974,,200,0,200,0.434516,,False,1.0,0.005,sustained+high_valid_pressure,0,952bd353c79bef75dea529eeb46f1ee1ac61a4efb946ed96403fe542a094c856,industry_realism_causal_headroom_phase_d_v1.results.0.0,34.119,0.0,azure_2023_conv,phase_d_v1::azure_2023_conv::w004::kv_capacity::kv_8000::step13825,VALID_STRONGLY_CONSTRAINED,1.0,4
0.00390625,kv_capacity,phase_d_v1::azure_2023_conv::w004::kv_capacity::kv_8000::step13825::alt00::c2cc8101924352a2,COUNTERFACTUAL,"{""admit"":{""0"":[82]},""hold_decode"":{},""migrate"":{},""preempt"":{},""prefill_chunk_override"":{},""swap"":{}}",c2cc8101924352a22d2f65d37d465c41c64fbd94dbd69d132a6127bae7b393ba,True,1.0,kv_8000,kv_constrained_online,13825,13.825000000000001,20294,0.17122,0,,True,0,0.359375,True,0.210899,5,200,0,200,0.434516,"full_prefill,chunked_prefill_small,estimated_service_time_first,weighted_fair_share,least_laxity_first",False,1.0,0.005,sustained+high_valid_pressure,0,952bd353c79bef75dea529eeb46f1ee1ac61a4efb946ed96403fe542a094c856,industry_realism_causal_headroom_phase_d_v1.results.0.0,34.119,0.0,azure_2023_conv,phase_d_v1::azure_2023_conv::w004::kv_capacity::kv_8000::step13825,VALID_STRONGLY_CONSTRAINED,1.0,4
0.00390625,kv_capacity,phase_d_v1::azure_2023_conv::w004::kv_capacity::kv_8000::step31026::sbs_reference,SBS_REFERENCE,"{""admit"":{},""hold_decode"":{},""migrate"":{},""preempt"":{},""prefill_chunk_override"":{},""swap"":{}}",952bd353c79bef75dea529eeb46f1ee1ac61a4efb946ed96403fe542a094c856,,1.0,kv_8000,kv_constrained_online,31026,31.026,3093,0.022416,0,,True,1,0.35875,True,0.210974,,200,0,200,0.434516,,False,1.0,0.01,sustained+high_valid_pressure,1,952bd353c79bef75dea529eeb46f1ee1ac61a4efb946ed96403fe542a094c856,industry_realism_causal_headroom_phase_d_v1.results.0.0,34.119,0.0,azure_2023_conv,phase_d_v1::azure_2023_conv::w004::kv_capacity::kv_8000::step31026,VALID_STRONGLY_CONSTRAINED,1.0,4
0.00390625,kv_capacity,phase_d_v1::azure_2023_conv::w004::kv_capacity::kv_8000::step31026::alt00::e83d7adde5e9f9e7,COUNTERFACTUAL,"{""admit"":{""0"":[180]},""hold_decode"":{},""migrate"":{},""preempt"":{},""prefill_chunk_override"":{},""swap"":{}}",e83d7adde5e9f9e77dd4711b588af5826878fc8d1e668e6176bec1f57325388f,True,1.0,kv_8000,kv_constrained_online,31026,31.026,3093,0.022976,0,,True,0,0.35875,True,0.211154,3,200,0,200,0.434516,"full_prefill,chunked_prefill_small,least_laxity_first",False,1.0,0.01,sustained+high_valid_pressure,1,952bd353c79bef75dea529eeb46f1ee1ac61a4efb946ed96403fe542a094c856,industry_realism_causal_headroom_phase_d_v1.results.0.0,34.119,0.0,azure_2023_conv,phase_d_v1::azure_2023_conv::w004::kv_capacity::kv_8000::step31026,VALID_STRONGLY_CONSTRAINED,1.0,4
0.00390625,kv_capacity,phase_d_v1::azure_2023_conv::w004::kv_capacity::kv_8000::step31026::alt01::9285da4873360fcd,COUNTERFACTUAL,"{""admit"":{""0"":[181]},""hold_decode"":{},""migrate"":{},""preempt"":{},""prefill_chunk_override"":{},""swap"":{}}",9285da4873360fcd9bdf67a26f94947dda9abe94cc6576d8f5692d55f77708dc,True,1.0,kv_8000,kv_constrained_online,31026,31.026,3093,0.022374,0,,True,0,0.35875,True,0.211014,2,200,0,200,0.434516,"estimated_service_time_first,weighted_fair_share",False,1.0,0.01,sustained+high_valid_pressure,1,952bd353c79bef75dea529eeb46f1ee1ac61a4efb946ed96403fe542a094c856,industry_realism_causal_headroom_phase_d_v1.results.0.0,34.119,0.0,azure_2023_conv,phase_d_v1::azure_2023_conv::w004::kv_capacity::kv_8000::step31026,VALID_STRONGLY_CONSTRAINED,1.0,4
0.005859375,kv_capacity,phase_d_v1::azure_2023_conv::w004::kv_capacity::kv_8000::step32074::sbs_reference,SBS_REFERENCE,"{""admit"":{},""hold_decode"":{},""migrate"":{},""preempt"":{},""prefill_chunk_override"":{},""swap"":{}}",952bd353c79bef75dea529eeb46f1ee1ac61a4efb946ed96403fe542a094c856,,1.0,kv_8000,kv_constrained_online,32074,32.074,2045,0.010758,0,,True,1,0.395125,True,0.210974,,200,0,200,0.434516,,False,1.0,0.005,sustained+high_valid_pressure,0,952bd353c79bef75dea529eeb46f1ee1ac61a4efb946ed96403fe542a094c856,industry_realism_causal_headroom_phase_d_v1.results.0.0,34.119,0.0,azure_2023_conv,phase_d_v1::azure_2023_conv::w004::kv_capacity::kv_8000::step32074,VALID_STRONGLY_CONSTRAINED,1.0,4
0.005859375,kv_capacity,phase_d_v1::azure_2023_conv::w004::kv_capacity::kv_8000::step32074::alt00::b19658d0194088b3,COUNTERFACTUAL,"{""admit"":{""0"":[190]},""hold_decode"":{},""migrate"":{},""preempt"":{},""prefill_chunk_override"":{},""swap"":{}}",b19658d0194088b34d1c60dacdb745f7ee4483b7a003b489d7741ba4b7e12741,True,1.0,kv_8000,kv_constrained_online,32074,32.074,2045,0.011104,0,,True,0,0.395125,True,0.210564,5,200,0,200,0.434516,"full_prefill,chunked_prefill_small,estimated_service_time_first,weighted_fair_share,least_laxity_first",False,1.0,0.005,sustained+high_valid_pressure,0,952bd353c79bef75dea529eeb46f1ee1ac61a4efb946ed96403fe542a094c856,industry_realism_causal_headroom_phase_d_v1.results.0.0,34.119,0.0,azure_2023_conv,phase_d_v1::azure_2023_conv::w004::kv_capacity::kv_8000::step32074,VALID_STRONGLY_CONSTRAINED,1.0,4
0.005859375,kv_capacity,phase_d_v1::azure_2023_conv::w008::kv_capacity::kv_8000::step2439::sbs_reference,SBS_REFERENCE,"{""admit"":{},""hold_decode"":{},""migrate"":{},""preempt"":{},""prefill_chunk_override"":{},""swap"":{}}",952bd353c79bef75dea529eeb46f1ee1ac61a4efb946ed96403fe542a094c856,,1.0,kv_8000,kv_constrained_online,2439,2.439,43269,0.413061,0,,True,1,0.40475,True,0.281227,,200,0,200,0.483552,,False,1.0,0.005,sustained+high_valid_pressure,0,952bd353c79bef75dea529eeb46f1ee1ac61a4efb946ed96403fe542a094c856,industry_realism_causal_headroom_phase_d_v1.results.0.0,45.708,0.0,azure_2023_conv,phase_d_v1::azure_2023_conv::w008::kv_capacity::kv_8000::step2439,VALID_STRONGLY_CONSTRAINED,1.0,8
0.005859375,kv_capacity,phase_d_v1::azure_2023_conv::w008::kv_capacity::kv_8000::step2439::alt00::9d3abe07b6270449,COUNTERFACTUAL,"{""admit"":{""0"":[8]},""hold_decode"":{},""migrate"":{},""preempt"":{},""prefill_chunk_override"":{},""swap"":{}}",9d3abe07b6270449676ccfaa6fb40f1f86ed98c50f23b0412880ce0ea8b4ede4,True,1.0,kv_8000,kv_constrained_online,2439,2.439,43269,0.418252,0,,True,0,0.40475,True,0.280962,5,200,0,200,0.483552,"full_prefill,chunked_prefill_small,estimated_service_time_first,weighted_fair_share,least_laxity_first",False,1.0,0.005,sustained+high_valid_pressure,0,952bd353c79bef75dea529eeb46f1ee1ac61a4efb946ed96403fe542a094c856,industry_realism_causal_headroom_phase_d_v1.results.0.0,45.708,0.0,azure_2023_conv,phase_d_v1::azure_2023_conv::w008::kv_capacity::kv_8000::step2439,VALID_STRONGLY_CONSTRAINED,1.0,8
0.005859375,kv_capacity,phase_d_v1::azure_2023_conv::w008::kv_capacity::kv_8000::step2487::sbs_reference,SBS_REFERENCE,"{""admit"":{},""hold_decode"":{},""migrate"":{},""preempt"":{},""prefill_chunk_override"":{},""swap"":{}}",952bd353c79bef75dea529eeb46f1ee1ac61a4efb946ed96403fe542a094c856,,1.0,kv_8000,kv_constrained_online,2487,2.487,43221,0.43906,0,,True,1,0.4215,True,0.281227,,200,0,200,0.483552,,False,1.0,0.005,sustained+high_valid_pressure,0,952bd353c79bef75dea529eeb46f1ee1ac61a4efb946ed96403fe542a094c856,industry_realism_causal_headroom_phase_d_v1.results.0.0,45.708,0.0,azure_2023_conv,phase_d_v1::azure_2023_conv::w008::kv_capacity::kv_8000::step2487,VALID_STRONGLY_CONSTRAINED,1.0,8
0.005859375,kv_capacity,phase_d_v1::azure_2023_conv::w008::kv_capacity::kv_8000::step2487::alt00::9d3abe07b6270449,COUNTERFACTUAL,"{""admit"":{""0"":[8]},""hold_decode"":{},""migrate"":{},""preempt"":{},""prefill_chunk_override"":{},""swap"":{}}",9d3abe07b6270449676ccfaa6fb40f1f86ed98c50f23b0412880ce0ea8b4ede4,True,1.0,kv_8000,kv_constrained_online,2487,2.487,43221,0.401396,0,,True,0,0.4215,True,0.281197,5,200,0,200,0.483552,"full_prefill,chunked_prefill_small,estimated_service_time_first,weighted_fair_share,least_laxity_first",False,1.0,0.005,sustained+high_valid_pressure,0,952bd353c79bef75dea529eeb46f1ee1ac61a4efb946ed96403fe542a094c856,industry_realism_causal_headroom_phase_d_v1.results.0.0,45.708,0.0,azure_2023_conv,phase_d_v1::azure_2023_conv::w008::kv_capacity::kv_8000::step2487,VALID_STRONGLY_CONSTRAINED,1.0,8
0.00390625,kv_capacity,phase_d_v1::azure_2023_conv::w008::kv_capacity::kv_8000::step11908::sbs_reference,SBS_REFERENCE,"{""admit"":{},""hold_decode"":{},""migrate"":{},""preempt"":{},""prefill_chunk_override"":{},""swap"":{}}",952bd353c79bef75dea529eeb46f1ee1ac61a4efb946ed96403fe542a094c856,,1.0,kv_8000,kv_constrained_online,11908,11.908,33800,0.318743,0,,True,1,0.36575,True,0.281227,,200,0,200,0.483552,,False,1.0,0.005,sustained+high_valid_pressure,0,952bd353c79bef75dea529eeb46f1ee1ac61a4efb946ed96403fe542a094c856,industry_realism_causal_headroom_phase_d_v1.results.0.0,45.708,0.0,azure_2023_conv,phase_d_v1::azure_2023_conv::w008::kv_capacity::kv_8000::step11908,VALID_STRONGLY_CONSTRAINED,1.0,8
0.00390625,kv_capacity,phase_d_v1::azure_2023_conv::w008::kv_capacity::kv_8000::step11908::alt00::e4e7e7409ecbd5b9,COUNTERFACTUAL,"{""admit"":{""0"":[54]},""hold_decode"":{},""migrate"":{},""preempt"":{},""prefill_chunk_override"":{},""swap"":{}}",e4e7e7409ecbd5b971853a4edeff1ee9f7f64a2297e9b9a5c2c0c5adc0de45ab,True,1.0,kv_8000,kv_constrained_online,11908,11.908,33800,0.284988,0,,True,0,0.36575,True,0.280617,5,200,0,200,0.483552,"full_prefill,chunked_prefill_small,estimated_service_time_first,weighted_fair_share,least_laxity_first",False,1.0,0.005,sustained+high_valid_pressure,0,952bd353c79bef75dea529eeb46f1ee1ac61a4efb946ed96403fe542a094c856,industry_realism_causal_headroom_phase_d_v1.results.0.0,45.708,0.0,azure_2023_conv,phase_d_v1::azure_2023_conv::w008::kv_capacity::kv_8000::step11908,VALID_STRONGLY_CONSTRAINED,1.0,8
0.00390625,kv_capacity,phase_d_v1::azure_2023_conv::w008::kv_capacity::kv_8000::step11995::sbs_reference,SBS_REFERENCE,"{""admit"":{},""hold_decode"":{},""migrate"":{},""preempt"":{},""prefill_chunk_override"":{},""swap"":{}}",952bd353c79bef75dea529eeb46f1ee1ac61a4efb946ed96403fe542a094c856,,1.0,kv_8000,kv_constrained_online,11995,11.995000000000001,33713,0.315686,0,,True,1,0.3875,True,0.281227,,200,0,200,0.483552,,False,1.0,0.005,sustained+high_valid_pressure,0,952bd353c79bef75dea529eeb46f1ee1ac61a4efb946ed96403fe542a094c856,industry_realism_causal_headroom_phase_d_v1.results.0.0,45.708,0.0,azure_2023_conv,phase_d_v1::azure_2023_conv::w008::kv_capacity::kv_8000::step11995,VALID_STRONGLY_CONSTRAINED,1.0,8
0.00390625,kv_capacity,phase_d_v1::azure_2023_conv::w008::kv_capacity::kv_8000::step11995::alt00::e4e7e7409ecbd5b9,COUNTERFACTUAL,"{""admit"":{""0"":[54]},""hold_decode"":{},""migrate"":{},""preempt"":{},""prefill_chunk_override"":{},""swap"":{}}",e4e7e7409ecbd5b971853a4edeff1ee9f7f64a2297e9b9a5c2c0c5adc0de45ab,True,1.0,kv_8000,kv_constrained_online,11995,11.995000000000001,33713,0.285113,0,,True,0,0.3875,True,0.281052,5,200,0,200,0.483552,"full_prefill,chunked_prefill_small,estimated_service_time_first,weighted_fair_share,least_laxity_first",False,1.0,0.005,sustained+high_valid_pressure,0,952bd353c79bef75dea529eeb46f1ee1ac61a4efb946ed96403fe542a094c856,industry_realism_causal_headroom_phase_d_v1.results.0.0,45.708,0.0,azure_2023_conv,phase_d_v1::azure_2023_conv::w008::kv_capacity::kv_8000::step11995,VALID_STRONGLY_CONSTRAINED,1.0,8
0.00390625,kv_capacity,phase_d_v1::azure_2023_conv::w008::kv_capacity::kv_8000::step12016::sbs_reference,SBS_REFERENCE,"{""admit"":{},""hold_decode"":{},""migrate"":{},""preempt"":{},""prefill_chunk_override"":{},""swap"":{}}",952bd353c79bef75dea529eeb46f1ee1ac61a4efb946ed96403fe542a094c856,,1.0,kv_8000,kv_constrained_online,12016,12.016,33692,0.327151,0,,True,1,0.39275,True,0.281227,,200,0,200,0.483552,,False,1.0,0.005,sustained+high_valid_pressure,0,952bd353c79bef75dea529eeb46f1ee1ac61a4efb946ed96403fe542a094c856,industry_realism_causal_headroom_phase_d_v1.results.0.0,45.708,0.0,azure_2023_conv,phase_d_v1::azure_2023_conv::w008::kv_capacity::kv_8000::step12016,VALID_STRONGLY_CONSTRAINED,1.0,8
0.00390625,kv_capacity,phase_d_v1::azure_2023_conv::w008::kv_capacity::kv_8000::step12016::alt00::e4e7e7409ecbd5b9,COUNTERFACTUAL,"{""admit"":{""0"":[54]},""hold_decode"":{},""migrate"":{},""preempt"":{},""prefill_chunk_override"":{},""swap"":{}}",e4e7e7409ecbd5b971853a4edeff1ee9f7f64a2297e9b9a5c2c0c5adc0de45ab,True,1.0,kv_8000,kv_constrained_online,12016,12.016,33692,0.395614,0,,True,0,0.39275,True,0.281157,5,200,0,200,0.483552,"full_prefill,chunked_prefill_small,estimated_service_time_first,weighted_fair_share,least_laxity_first",False,1.0,0.005,sustained+high_valid_pressure,0,952bd353c79bef75dea529eeb46f1ee1ac61a4efb946ed96403fe542a094c856,industry_realism_causal_headroom_phase_d_v1.results.0.0,45.708,0.0,azure_2023_conv,phase_d_v1::azure_2023_conv::w008::kv_capacity::kv_8000::step12016,VALID_STRONGLY_CONSTRAINED,1.0,8
0.00390625,kv_capacity,phase_d_v1::azure_2023_conv::w008::kv_capacity::kv_8000::step28380::sbs_reference,SBS_REFERENCE,"{""admit"":{},""hold_decode"":{},""migrate"":{},""preempt"":{},""prefill_chunk_override"":{},""swap"":{}}",952bd353c79bef75dea529eeb46f1ee1ac61a4efb946ed96403fe542a094c856,,1.0,kv_8000,kv_constrained_online,28380,28.38,17328,0.134924,0,,True,1,0.341875,True,0.281227,,200,0,200,0.483552,,False,1.0,0.005,sustained+high_valid_pressure,0,952bd353c79bef75dea529eeb46f1ee1ac61a4efb946ed96403fe542a094c856,industry_realism_causal_headroom_phase_d_v1.results.0.0,45.708,0.0,azure_2023_conv,phase_d_v1::azure_2023_conv::w008::kv_capacity::kv_8000::step28380,VALID_STRONGLY_CONSTRAINED,1.0,8
0.00390625,kv_capacity,phase_d_v1::azure_2023_conv::w008::kv_capacity::kv_8000::step28380::alt00::b8ddbdc3b2e90533,COUNTERFACTUAL,"{""admit"":{""0"":[131]},""hold_decode"":{},""migrate"":{},""preempt"":{},""prefill_chunk_override"":{},""swap"":{}}",b8ddbdc3b2e9053338d8ab6bda6501d653f818e43bdac5737692cfdb8547059b,True,1.0,kv_8000,kv_constrained_online,28380,28.38,17328,0.134856,0,,True,0,0.341875,True,0.280942,5,200,0,200,0.483552,"full_prefill,chunked_prefill_small,estimated_service_time_first,weighted_fair_share,least_laxity_first",False,1.0,0.005,sustained+high_valid_pressure,0,952bd353c79bef75dea529eeb46f1ee1ac61a4efb946ed96403fe542a094c856,industry_realism_causal_headroom_phase_d_v1.results.0.0,45.708,0.0,azure_2023_conv,phase_d_v1::azure_2023_conv::w008::kv_capacity::kv_8000::step28380,VALID_STRONGLY_CONSTRAINED,1.0,8
0.001953125,kv_capacity,phase_d_v1::azure_2023_conv::w008::kv_capacity::kv_8000::step43642::sbs_reference,SBS_REFERENCE,"{""admit"":{},""hold_decode"":{},""migrate"":{},""preempt"":{},""prefill_chunk_override"":{},""swap"":{}}",952bd353c79bef75dea529eeb46f1ee1ac61a4efb946ed96403fe542a094c856,,1.0,kv_8000,kv_constrained_online,43642,43.642,2066,0.021942,0,,True,1,0.162375,True,0.281227,,200,0,200,0.483552,,False,1.0,0.005,sustained+high_valid_pressure,0,952bd353c79bef75dea529eeb46f1ee1ac61a4efb946ed96403fe542a094c856,industry_realism_causal_headroom_phase_d_v1.results.0.0,45.708,0.0,azure_2023_conv,phase_d_v1::azure_2023_conv::w008::kv_capacity::kv_8000::step43642,VALID_STRONGLY_CONSTRAINED,1.0,8
0.001953125,kv_capacity,phase_d_v1::azure_2023_conv::w008::kv_capacity::kv_8000::step43642::alt00::1f536539229e95a7,COUNTERFACTUAL,"{""admit"":{""0"":[186]},""hold_decode"":{},""migrate"":{},""preempt"":{},""prefill_chunk_override"":{},""swap"":{}}",1f536539229e95a7f86894f888fb03fb2fde7d55b9a8ffc7e71faccc65af0f87,True,1.0,kv_8000,kv_constrained_online,43642,43.642,2066,0.01929,0,,True,0,0.162375,True,0.277902,5,200,0,200,0.483552,"full_prefill,chunked_prefill_small,estimated_service_time_first,weighted_fair_share,least_laxity_first",False,1.0,0.005,sustained+high_valid_pressure,0,952bd353c79bef75dea529eeb46f1ee1ac61a4efb946ed96403fe542a094c856,industry_realism_causal_headroom_phase_d_v1.results.0.0,45.708,0.0,azure_2023_conv,phase_d_v1::azure_2023_conv::w008::kv_capacity::kv_8000::step43642,VALID_STRONGLY_CONSTRAINED,1.0,8
0.001953125,kv_capacity,phase_d_v1::azure_2023_conv::w008::kv_capacity::kv_8000::step44226::sbs_reference,SBS_REFERENCE,"{""admit"":{},""hold_decode"":{},""migrate"":{},""preempt"":{},""prefill_chunk_override"":{},""swap"":{}}",952bd353c79bef75dea529eeb46f1ee1ac61a4efb946ed96403fe542a094c856,,1.0,kv_8000,kv_constrained_online,44226,44.226,1482,0.013379,0,,True,1,0.18875,True,0.281227,,200,0,200,0.483552,,False,1.0,0.005,sustained+high_valid_pressure,0,952bd353c79bef75dea529eeb46f1ee1ac61a4efb946ed96403fe542a094c856,industry_realism_causal_headroom_phase_d_v1.results.0.0,45.708,0.0,azure_2023_conv,phase_d_v1::azure_2023_conv::w008::kv_capacity::kv_8000::step44226,VALID_STRONGLY_CONSTRAINED,1.0,8
0.001953125,kv_capacity,phase_d_v1::azure_2023_conv::w008::kv_capacity::kv_8000::step44226::alt00::1f536539229e95a7,COUNTERFACTUAL,"{""admit"":{""0"":[186]},""hold_decode"":{},""migrate"":{},""preempt"":{},""prefill_chunk_override"":{},""swap"":{}}",1f536539229e95a7f86894f888fb03fb2fde7d55b9a8ffc7e71faccc65af0f87,True,1.0,kv_8000,kv_constrained_online,44226,44.226,1482,0.012699,0,,True,0,0.18875,True,0.280632,5,200,0,200,0.483552,"full_prefill,chunked_prefill_small,estimated_service_time_first,weighted_fair_share,least_laxity_first",False,1.0,0.005,sustained+high_valid_pressure,0,952bd353c79bef75dea529eeb46f1ee1ac61a4efb946ed96403fe542a094c856,industry_realism_causal_headroom_phase_d_v1.results.0.0,45.708,0.0,azure_2023_conv,phase_d_v1::azure_2023_conv::w008::kv_capacity::kv_8000::step44226,VALID_STRONGLY_CONSTRAINED,1.0,8
0.001953125,kv_capacity,phase_d_v1::azure_2023_conv::w008::kv_capacity::kv_8000::step44269::sbs_reference,SBS_REFERENCE,"{""admit"":{},""hold_decode"":{},""migrate"":{},""preempt"":{},""prefill_chunk_override"":{},""swap"":{}}",952bd353c79bef75dea529eeb46f1ee1ac61a4efb946ed96403fe542a094c856,,1.0,kv_8000,kv_constrained_online,44269,44.269,1439,0.012128,0,,True,1,0.194125,True,0.281227,,200,0,200,0.483552,,False,1.0,0.005,sustained+high_valid_pressure,0,952bd353c79bef75dea529eeb46f1ee1ac61a4efb946ed96403fe542a094c856,industry_realism_causal_headroom_phase_d_v1.results.0.0,45.708,0.0,azure_2023_conv,phase_d_v1::azure_2023_conv::w008::kv_capacity::kv_8000::step44269,VALID_STRONGLY_CONSTRAINED,1.0,8
0.001953125,kv_capacity,phase_d_v1::azure_2023_conv::w008::kv_capacity::kv_8000::step44269::alt00::1f536539229e95a7,COUNTERFACTUAL,"{""admit"":{""0"":[186]},""hold_decode"":{},""migrate"":{},""preempt"":{},""prefill_chunk_override"":{},""swap"":{}}",1f536539229e95a7f86894f888fb03fb2fde7d55b9a8ffc7e71faccc65af0f87,True,1.0,kv_8000,kv_constrained_online,44269,44.269,1439,0.012054,0,,True,0,0.194125,True,0.280927,5,200,0,200,0.483552,"full_prefill,chunked_prefill_small,estimated_service_time_first,weighted_fair_share,least_laxity_first",False,1.0,0.005,sustained+high_valid_pressure,0,952bd353c79bef75dea529eeb46f1ee1ac61a4efb946ed96403fe542a094c856,industry_realism_causal_headroom_phase_d_v1.results.0.0,45.708,0.0,azure_2023_conv,phase_d_v1::azure_2023_conv::w008::kv_capacity::kv_8000::step44269,VALID_STRONGLY_CONSTRAINED,1.0,8
0.005859375,kv_capacity,phase_d_v1::azure_2023_conv::w012::kv_capacity::kv_8000::step8008::sbs_reference,SBS_REFERENCE,"{""admit"":{},""hold_decode"":{},""migrate"":{},""preempt"":{},""prefill_chunk_override"":{},""swap"":{}}",952bd353c79bef75dea529eeb46f1ee1ac61a4efb946ed96403fe542a094c856,,1.0,kv_8000,kv_constrained_online,8008,8.008000000000001,31618,0.299406,0,,True,1,0.6085,True,0.242158,,200,0,200,0.470901,,False,1.0,0.005,sustained+high_valid_pressure,0,952bd353c79bef75dea529eeb46f1ee1ac61a4efb946ed96403fe542a094c856,industry_realism_causal_headroom_phase_d_v1.results.0.0,39.626,0.0,azure_2023_conv,phase_d_v1::azure_2023_conv::w012::kv_capacity::kv_8000::step8008,VALID_STRONGLY_CONSTRAINED,1.0,12
0.005859375,kv_capacity,phase_d_v1::azure_2023_conv::w012::kv_capacity::kv_8000::step8008::alt00::cb19b6d7fd9cb631,COUNTERFACTUAL,"{""admit"":{""0"":[38]},""hold_decode"":{},""migrate"":{},""preempt"":{},""prefill_chunk_override"":{},""swap"":{}}",cb19b6d7fd9cb631d8c63a0ac016f8c64b5dd0c64d1d9cdd30e0977815384a9b,True,1.0,kv_8000,kv_constrained_online,8008,8.008000000000001,31618,0.267412,0,,True,0,0.6085,True,0.242028,5,200,0,200,0.470901,"full_prefill,chunked_prefill_small,estimated_service_time_first,weighted_fair_share,least_laxity_first",False,1.0,0.005,sustained+high_valid_pressure,0,952bd353c79bef75dea529eeb46f1ee1ac61a4efb946ed96403fe542a094c856,industry_realism_causal_headroom_phase_d_v1.results.0.0,39.626,0.0,azure_2023_conv,phase_d_v1::azure_2023_conv::w012::kv_capacity::kv_8000::step8008,VALID_STRONGLY_CONSTRAINED,1.0,12
0.005859375,kv_capacity,phase_d_v1::azure_2023_conv::w012::kv_capacity::kv_8000::step8161::sbs_reference,SBS_REFERENCE,"{""admit"":{},""hold_decode"":{},""migrate"":{},""preempt"":{},""prefill_chunk_override"":{},""swap"":{}}",952bd353c79bef75dea529eeb46f1ee1ac61a4efb946ed96403fe542a094c856,,1.0,kv_8000,kv_constrained_online,8161,8.161,31465,0.327398,0,,True,1,0.691,True,0.242158,,200,0,200,0.470901,,False,1.0,0.005,sustained+high_valid_pressure,0,952bd353c79bef75dea529eeb46f1ee1ac61a4efb946ed96403fe542a094c856,industry_realism_causal_headroom_phase_d_v1.results.0.0,39.626,0.0,azure_2023_conv,phase_d_v1::azure_2023_conv::w012::kv_capacity::kv_8000::step8161,VALID_STRONGLY_CONSTRAINED,1.0,12
0.005859375,kv_capacity,phase_d_v1::azure_2023_conv::w012::kv_capacity::kv_8000::step8161::alt00::258d67582f79997d,COUNTERFACTUAL,"{""admit"":{""0"":[41]},""hold_decode"":{},""migrate"":{},""preempt"":{},""prefill_chunk_override"":{},""swap"":{}}",258d67582f79997d5eee0078b9f05f87f05dbcaddd93695eb9f8243fbff36d71,True,1.0,kv_8000,kv_constrained_online,8161,8.161,31465,0.302301,0,,True,0,0.691,True,0.242138,5,200,0,200,0.470901,"full_prefill,chunked_prefill_small,estimated_service_time_first,weighted_fair_share,least_laxity_first",False,1.0,0.005,sustained+high_valid_pressure,0,952bd353c79bef75dea529eeb46f1ee1ac61a4efb946ed96403fe542a094c856,industry_realism_causal_headroom_phase_d_v1.results.0.0,39.626,0.0,azure_2023_conv,phase_d_v1::azure_2023_conv::w012::kv_capacity::kv_8000::step8161,VALID_STRONGLY_CONSTRAINED,1.0,12
0.00390625,kv_capacity,phase_d_v1::azure_2023_conv::w012::kv_capacity::kv_8000::step10876::sbs_reference,SBS_REFERENCE,"{""admit"":{},""hold_decode"":{},""migrate"":{},""preempt"":{},""prefill_chunk_override"":{},""swap"":{}}",952bd353c79bef75dea529eeb46f1ee1ac61a4efb946ed96403fe542a094c856,,1.0,kv_8000,kv_constrained_online,10876,10.876,28750,0.268417,0,,True,1,0.31575,True,0.242158,,200,0,200,0.470901,,False,1.0,0.005,sustained+high_valid_pressure,0,952bd353c79bef75dea529eeb46f1ee1ac61a4efb946ed96403fe542a094c856,industry_realism_causal_headroom_phase_d_v1.results.0.0,39.626,0.0,azure_2023_conv,phase_d_v1::azure_2023_conv::w012::kv_capacity::kv_8000::step10876,VALID_STRONGLY_CONSTRAINED,1.0,12
0.00390625,kv_capacity,phase_d_v1::azure_2023_conv::w012::kv_capacity::kv_8000::step10876::alt00::16dd3483fc45d1b3,COUNTERFACTUAL,"{""admit"":{""0"":[53]},""hold_decode"":{},""migrate"":{},""preempt"":{},""prefill_chunk_override"":{},""swap"":{}}",16dd3483fc45d1b39c0d900301dd86d01358f3c11787b1321d39ea58dcbc220c,True,1.0,kv_8000,kv_constrained_online,10876,10.876,28750,0.241264,0,,True,0,0.31575,True,0.241418,5,200,0,200,0.470901,"full_prefill,chunked_prefill_small,estimated_service_time_first,weighted_fair_share,least_laxity_first",False,1.0,0.005,sustained+high_valid_pressure,0,952bd353c79bef75dea529eeb46f1ee1ac61a4efb946ed96403fe542a094c856,industry_realism_causal_headroom_phase_d_v1.results.0.0,39.626,0.0,azure_2023_conv,phase_d_v1::azure_2023_conv::w012::kv_capacity::kv_8000::step10876,VALID_STRONGLY_CONSTRAINED,1.0,12
0.00390625,kv_capacity,phase_d_v1::azure_2023_conv::w012::kv_capacity::kv_8000::step11055::sbs_reference,SBS_REFERENCE,"{""admit"":{},""hold_decode"":{},""migrate"":{},""preempt"":{},""prefill_chunk_override"":{},""swap"":{}}",952bd353c79bef75dea529eeb46f1ee1ac61a4efb946ed96403fe542a094c856,,1.0,kv_8000,kv_constrained_online,11055,11.055,28571,0.2376,0,,True,1,0.69275,True,0.242158,,200,0,200,0.470901,,False,1.0,0.01,sustained+high_valid_pressure,0,952bd353c79bef75dea529eeb46f1ee1ac61a4efb946ed96403fe542a094c856,industry_realism_causal_headroom_phase_d_v1.results.0.0,39.626,0.0,azure_2023_conv,phase_d_v1::azure_2023_conv::w012::kv_capacity::kv_8000::step11055,VALID_STRONGLY_CONSTRAINED,1.0,12
0.00390625,kv_capacity,phase_d_v1::azure_2023_conv::w012::kv_capacity::kv_8000::step11055::alt00::cfbc43d9801c7a35,COUNTERFACTUAL,"{""admit"":{""0"":[56,57]},""hold_decode"":{},""migrate"":{},""preempt"":{},""prefill_chunk_override"":{},""swap"":{}}",cfbc43d9801c7a351658843fe43ef24a9f20e060e710fe837caef1d3cc36f787,True,1.0,kv_8000,kv_constrained_online,11055,11.055,28571,0.239679,0,,True,0,0.69275,True,0.242098,5,200,0,200,0.470901,"full_prefill,chunked_prefill_small,estimated_service_time_first,weighted_fair_share,least_laxity_first",False,1.0,0.01,sustained+high_valid_pressure,0,952bd353c79bef75dea529eeb46f1ee1ac61a4efb946ed96403fe542a094c856,industry_realism_causal_headroom_phase_d_v1.results.0.0,39.626,0.0,azure_2023_conv,phase_d_v1::azure_2023_conv::w012::kv_capacity::kv_8000::step11055,VALID_STRONGLY_CONSTRAINED,1.0,12
0.00390625,kv_capacity,phase_d_v1::azure_2023_conv::w012::kv_capacity::kv_8000::step11058::sbs_reference,SBS_REFERENCE,"{""admit"":{},""hold_decode"":{},""migrate"":{},""preempt"":{},""prefill_chunk_override"":{},""swap"":{}}",952bd353c79bef75dea529eeb46f1ee1ac61a4efb946ed96403fe542a094c856,,1.0,kv_8000,kv_constrained_online,11058,11.058,28568,0.236959,0,,True,1,0.6935,True,0.242158,,200,0,200,0.470901,,False,1.0,0.01,sustained+high_valid_pressure,0,952bd353c79bef75dea529eeb46f1ee1ac61a4efb946ed96403fe542a094c856,industry_realism_causal_headroom_phase_d_v1.results.0.0,39.626,0.0,azure_2023_conv,phase_d_v1::azure_2023_conv::w012::kv_capacity::kv_8000::step11058,VALID_STRONGLY_CONSTRAINED,1.0,12
0.00390625,kv_capacity,phase_d_v1::azure_2023_conv::w012::kv_capacity::kv_8000::step11058::alt00::cfbc43d9801c7a35,COUNTERFACTUAL,"{""admit"":{""0"":[56,57]},""hold_decode"":{},""migrate"":{},""preempt"":{},""prefill_chunk_override"":{},""swap"":{}}",cfbc43d9801c7a351658843fe43ef24a9f20e060e710fe837caef1d3cc36f787,True,1.0,kv_8000,kv_constrained_online,11058,11.058,28568,0.269657,0,,True,0,0.6935,True,0.242128,5,200,0,200,0.470901,"full_prefill,chunked_prefill_small,estimated_service_time_first,weighted_fair_share,least_laxity_first",False,1.0,0.01,sustained+high_valid_pressure,0,952bd353c79bef75dea529eeb46f1ee1ac61a4efb946ed96403fe542a094c856,industry_realism_causal_headroom_phase_d_v1.results.0.0,39.626,0.0,azure_2023_conv,phase_d_v1::azure_2023_conv::w012::kv_capacity::kv_8000::step11058,VALID_STRONGLY_CONSTRAINED,1.0,12
0.00390625,kv_capacity,phase_d_v1::azure_2023_conv::w012::kv_capacity::kv_8000::step23586::sbs_reference,SBS_REFERENCE,"{""admit"":{},""hold_decode"":{},""migrate"":{},""preempt"":{},""prefill_chunk_override"":{},""swap"":{}}",952bd353c79bef75dea529eeb46f1ee1ac61a4efb946ed96403fe542a094c856,,1.0,kv_8000,kv_constrained_online,23586,23.586000000000002,16040,0.135428,0,,True,1,0.335375,True,0.242158,,200,0,200,0.470901,,False,1.0,0.005,sustained+high_valid_pressure,0,952bd353c79bef75dea529eeb46f1ee1ac61a4efb946ed96403fe542a094c856,industry_realism_causal_headroom_phase_d_v1.results.0.0,39.626,0.0,azure_2023_conv,phase_d_v1::azure_2023_conv::w012::kv_capacity::kv_8000::step23586,VALID_STRONGLY_CONSTRAINED,1.0,12
0.00390625,kv_capacity,phase_d_v1::azure_2023_conv::w012::kv_capacity::kv_8000::step23586::alt00::5720de9d1046f895,COUNTERFACTUAL,"{""admit"":{""0"":[123]},""hold_decode"":{},""migrate"":{},""preempt"":{},""prefill_chunk_override"":{},""swap"":{}}",5720de9d1046f895845ca10be3e16a48a4ba71309525930ced26b37a001f98d5,True,1.0,kv_8000,kv_constrained_online,23586,23.586000000000002,16040,0.153547,0,,True,0,0.335375,True,0.241808,5,200,0,200,0.470901,"full_prefill,chunked_prefill_small,estimated_service_time_first,weighted_fair_share,least_laxity_first",False,1.0,0.005,sustained+high_valid_pressure,0,952bd353c79bef75dea529eeb46f1ee1ac61a4efb946ed96403fe542a094c856,industry_realism_causal_headroom_phase_d_v1.results.0.0,39.626,0.0,azure_2023_conv,phase_d_v1::azure_2023_conv::w012::kv_capacity::kv_8000::step23586,VALID_STRONGLY_CONSTRAINED,1.0,12
0.005859375,kv_capacity,phase_d_v1::azure_2023_conv::w012::kv_capacity::kv_8000::step26714::sbs_reference,SBS_REFERENCE,"{""admit"":{},""hold_decode"":{},""migrate"":{},""preempt"":{},""prefill_chunk_override"":{},""swap"":{}}",952bd353c79bef75dea529eeb46f1ee1ac61a4efb946ed96403fe542a094c856,,1.0,kv_8000,kv_constrained_online,26714,26.714000000000002,12912,0.103879,0,,True,1,0.474875,True,0.242158,,200,0,200,0.470901,,False,1.0,0.005,sustained+high_valid_pressure,0,952bd353c79bef75dea529eeb46f1ee1ac61a4efb946ed96403fe542a094c856,industry_realism_causal_headroom_phase_d_v1.results.0.0,39.626,0.0,azure_2023_conv,phase_d_v1::azure_2023_conv::w012::kv_capacity::kv_8000::step26714,VALID_STRONGLY_CONSTRAINED,1.0,12
0.005859375,kv_capacity,phase_d_v1::azure_2023_conv::w012::kv_capacity::kv_8000::step26714::alt00::2ed10658a69233e7,COUNTERFACTUAL,"{""admit"":{""0"":[137]},""hold_decode"":{},""migrate"":{},""preempt"":{},""prefill_chunk_override"":{},""swap"":{}}",2ed10658a69233e73ef3f9ac27a401aac98632f382fdc716df5432a05f9f5b03,True,1.0,kv_8000,kv_constrained_online,26714,26.714000000000002,12912,0.149891,0,,True,0,0.474875,True,0.241238,5,200,0,200,0.470901,"full_prefill,chunked_prefill_small,estimated_service_time_first,weighted_fair_share,least_laxity_first",False,1.0,0.005,sustained+high_valid_pressure,0,952bd353c79bef75dea529eeb46f1ee1ac61a4efb946ed96403fe542a094c856,industry_realism_causal_headroom_phase_d_v1.results.0.0,39.626,0.0,azure_2023_conv,phase_d_v1::azure_2023_conv::w012::kv_capacity::kv_8000::step26714,VALID_STRONGLY_CONSTRAINED,1.0,12
0.005859375,kv_capacity,phase_d_v1::azure_2023_conv::w012::kv_capacity::kv_8000::step26735::sbs_reference,SBS_REFERENCE,"{""admit"":{},""hold_decode"":{},""migrate"":{},""preempt"":{},""prefill_chunk_override"":{},""swap"":{}}",952bd353c79bef75dea529eeb46f1ee1ac61a4efb946ed96403fe542a094c856,,1.0,kv_8000,kv_constrained_online,26735,26.735,12891,0.10633,0,,True,1,0.48275,True,0.242158,,200,0,200,0.470901,,False,1.0,0.005,sustained+high_valid_pressure,0,952bd353c79bef75dea529eeb46f1ee1ac61a4efb946ed96403fe542a094c856,industry_realism_causal_headroom_phase_d_v1.results.0.0,39.626,0.0,azure_2023_conv,phase_d_v1::azure_2023_conv::w012::kv_capacity::kv_8000::step26735,VALID_STRONGLY_CONSTRAINED,1.0,12
0.005859375,kv_capacity,phase_d_v1::azure_2023_conv::w012::kv_capacity::kv_8000::step26735::alt00::2ed10658a69233e7,COUNTERFACTUAL,"{""admit"":{""0"":[137]},""hold_decode"":{},""migrate"":{},""preempt"":{},""prefill_chunk_override"":{},""swap"":{}}",2ed10658a69233e73ef3f9ac27a401aac98632f382fdc716df5432a05f9f5b03,True,1.0,kv_8000,kv_constrained_online,26735,26.735,12891,0.12615,0,,True,0,0.48275,True,0.241343,5,200,0,200,0.470901,"full_prefill,chunked_prefill_small,estimated_service_time_first,weighted_fair_share,least_laxity_first",False,1.0,0.005,sustained+high_valid_pressure,0,952bd353c79bef75dea529eeb46f1ee1ac61a4efb946ed96403fe542a094c856,industry_realism_causal_headroom_phase_d_v1.results.0.0,39.626,0.0,azure_2023_conv,phase_d_v1::azure_2023_conv::w012::kv_capacity::kv_8000::step26735,VALID_STRONGLY_CONSTRAINED,1.0,12
0.005859375,kv_capacity,phase_d_v1::azure_2023_conv::w012::kv_capacity::kv_8000::step35974::sbs_reference,SBS_REFERENCE,"{""admit"":{},""hold_decode"":{},""migrate"":{},""preempt"":{},""prefill_chunk_override"":{},""swap"":{}}",952bd353c79bef75dea529eeb46f1ee1ac61a4efb946ed96403fe542a094c856,,1.0,kv_8000,kv_constrained_online,35974,35.974000000000004,3652,0.023891,0,,True,1,0.482625,True,0.242158,,200,0,200,0.470901,,False,1.0,0.005,sustained+high_valid_pressure,0,952bd353c79bef75dea529eeb46f1ee1ac61a4efb946ed96403fe542a094c856,industry_realism_causal_headroom_phase_d_v1.results.0.0,39.626,0.0,azure_2023_conv,phase_d_v1::azure_2023_conv::w012::kv_capacity::kv_8000::step35974,VALID_STRONGLY_CONSTRAINED,1.0,12
0.005859375,kv_capacity,phase_d_v1::azure_2023_conv::w012::kv_capacity::kv_8000::step35974::alt00::a0704cedd8bbde97,COUNTERFACTUAL,"{""admit"":{""0"":[187]},""hold_decode"":{},""migrate"":{},""preempt"":{},""prefill_chunk_override"":{},""swap"":{}}",a0704cedd8bbde973b304aa8a3c545a1a23f677f5a31f49fd1a5b3a2bd1e1e5a,True,1.0,kv_8000,kv_constrained_online,35974,35.974000000000004,3652,0.02801,0,,True,0,0.482625,True,0.240923,5,200,0,200,0.470901,"full_prefill,chunked_prefill_small,estimated_service_time_first,weighted_fair_share,least_laxity_first",False,1.0,0.005,sustained+high_valid_pressure,0,952bd353c79bef75dea529eeb46f1ee1ac61a4efb946ed96403fe542a094c856,industry_realism_causal_headroom_phase_d_v1.results.0.0,39.626,0.0,azure_2023_conv,phase_d_v1::azure_2023_conv::w012::kv_capacity::kv_8000::step35974,VALID_STRONGLY_CONSTRAINED,1.0,12
0.00390625,kv_capacity,phase_d_v1::azure_2023_conv::w012::kv_capacity::kv_8000::step36147::sbs_reference,SBS_REFERENCE,"{""admit"":{},""hold_decode"":{},""migrate"":{},""preempt"":{},""prefill_chunk_override"":{},""swap"":{}}",952bd353c79bef75dea529eeb46f1ee1ac61a4efb946ed96403fe542a094c856,,1.0,kv_8000,kv_constrained_online,36147,36.147,3479,0.022573,0,,True,1,0.342875,True,0.242158,,200,0,200,0.470901,,False,1.0,0.005,sustained+high_valid_pressure,0,952bd353c79bef75dea529eeb46f1ee1ac61a4efb946ed96403fe542a094c856,industry_realism_causal_headroom_phase_d_v1.results.0.0,39.626,0.0,azure_2023_conv,phase_d_v1::azure_2023_conv::w012::kv_capacity::kv_8000::step36147,VALID_STRONGLY_CONSTRAINED,1.0,12
0.00390625,kv_capacity,phase_d_v1::azure_2023_conv::w012::kv_capacity::kv_8000::step36147::alt00::a0704cedd8bbde97,COUNTERFACTUAL,"{""admit"":{""0"":[187]},""hold_decode"":{},""migrate"":{},""preempt"":{},""prefill_chunk_override"":{},""swap"":{}}",a0704cedd8bbde973b304aa8a3c545a1a23f677f5a31f49fd1a5b3a2bd1e1e5a,True,1.0,kv_8000,kv_constrained_online,36147,36.147,3479,0.019297,0,,True,0,0.342875,True,0.241978,5,200,0,200,0.470901,"full_prefill,chunked_prefill_small,estimated_service_time_first,weighted_fair_share,least_laxity_first",False,1.0,0.005,sustained+high_valid_pressure,0,952bd353c79bef75dea529eeb46f1ee1ac61a4efb946ed96403fe542a094c856,industry_realism_causal_headroom_phase_d_v1.results.0.0,39.626,0.0,azure_2023_conv,phase_d_v1::azure_2023_conv::w012::kv_capacity::kv_8000::step36147,VALID_STRONGLY_CONSTRAINED,1.0,12
0.00390625,kv_capacity,phase_d_v1::azure_2023_conv::w016::kv_capacity::kv_8000::step19712::sbs_reference,SBS_REFERENCE,"{""admit"":{},""hold_decode"":{},""migrate"":{},""preempt"":{},""prefill_chunk_override"":{},""swap"":{}}",952bd353c79bef75dea529eeb46f1ee1ac61a4efb946ed96403fe542a094c856,,1.0,kv_8000,kv_constrained_online,19712,19.712,21154,0.195181,0,,True,1,0.32625,True,0.243972,,200,0,200,0.484422,,False,1.0,0.005,sustained+high_valid_pressure,0,952bd353c79bef75dea529eeb46f1ee1ac61a4efb946ed96403fe542a094c856,industry_realism_causal_headroom_phase_d_v1.results.0.0,40.866,0.0,azure_2023_conv,phase_d_v1::azure_2023_conv::w016::kv_capacity::kv_8000::step19712,VALID_STRONGLY_CONSTRAINED,1.0,16
0.00390625,kv_capacity,phase_d_v1::azure_2023_conv::w016::kv_capacity::kv_8000::step19712::alt00::6acc6060e5229a07,COUNTERFACTUAL,"{""admit"":{""0"":[90]},""hold_decode"":{},""migrate"":{},""preempt"":{},""prefill_chunk_override"":{},""swap"":{}}",6acc6060e5229a07d7f1dbdf4d7cb81c6adce4ab4c1453975730beff6724b92f,True,1.0,kv_8000,kv_constrained_online,19712,19.712,21154,0.259805,0,,True,0,0.32625,True,0.243142,5,200,0,200,0.484422,"full_prefill,chunked_prefill_small,estimated_service_time_first,weighted_fair_share,least_laxity_first",False,1.0,0.005,sustained+high_valid_pressure,0,952bd353c79bef75dea529eeb46f1ee1ac61a4efb946ed96403fe542a094c856,industry_realism_causal_headroom_phase_d_v1.results.0.0,40.866,0.0,azure_2023_conv,phase_d_v1::azure_2023_conv::w016::kv_capacity::kv_8000::step19712,VALID_STRONGLY_CONSTRAINED,1.0,16
0.00390625,kv_capacity,phase_d_v1::azure_2023_conv::w016::kv_capacity::kv_8000::step24259::sbs_reference,SBS_REFERENCE,"{""admit"":{},""hold_decode"":{},""migrate"":{},""preempt"":{},""prefill_chunk_override"":{},""swap"":{}}",952bd353c79bef75dea529eeb46f1ee1ac61a4efb946ed96403fe542a094c856,,1.0,kv_8000,kv_constrained_online,24259,24.259,16607,0.155316,0,,True,1,0.3355,True,0.243972,,200,0,200,0.484422,,False,1.0,0.005,sustained+high_valid_pressure,0,952bd353c79bef75dea529eeb46f1ee1ac61a4efb946ed96403fe542a094c856,industry_realism_causal_headroom_phase_d_v1.results.0.0,40.866,0.0,azure_2023_conv,phase_d_v1::azure_2023_conv::w016::kv_capacity::kv_8000::step24259,VALID_STRONGLY_CONSTRAINED,1.0,16
0.00390625,kv_capacity,phase_d_v1::azure_2023_conv::w016::kv_capacity::kv_8000::step24259::alt00::f170ea774a67650e,COUNTERFACTUAL,"{""admit"":{""0"":[112]},""hold_decode"":{},""migrate"":{},""preempt"":{},""prefill_chunk_override"":{},""swap"":{}}",f170ea774a67650ee8daadb34346399569cb6c63e931634ccd0219842293ce15,True,1.0,kv_8000,kv_constrained_online,24259,24.259,16607,0.19731,0,,True,0,0.3355,True,0.243662,5,200,0,200,0.484422,"full_prefill,chunked_prefill_small,estimated_service_time_first,weighted_fair_share,least_laxity_first",False,1.0,0.005,sustained+high_valid_pressure,0,952bd353c79bef75dea529eeb46f1ee1ac61a4efb946ed96403fe542a094c856,industry_realism_causal_headroom_phase_d_v1.results.0.0,40.866,0.0,azure_2023_conv,phase_d_v1::azure_2023_conv::w016::kv_capacity::kv_8000::step24259,VALID_STRONGLY_CONSTRAINED,1.0,16
0.005859375,kv_capacity,phase_d_v1::azure_2023_conv::w016::kv_capacity::kv_8000::step26895::sbs_reference,SBS_REFERENCE,"{""admit"":{},""hold_decode"":{},""migrate"":{},""preempt"":{},""prefill_chunk_override"":{},""swap"":{}}",952bd353c79bef75dea529eeb46f1ee1ac61a4efb946ed96403fe542a094c856,,1.0,kv_8000,kv_constrained_online,26895,26.895,13971,0.144226,0,,True,1,0.7355,True,0.243972,,200,0,200,0.484422,,False,1.0,0.005,sustained+high_valid_pressure,0,952bd353c79bef75dea529eeb46f1ee1ac61a4efb946ed96403fe542a094c856,industry_realism_causal_headroom_phase_d_v1.results.0.0,40.866,0.0,azure_2023_conv,phase_d_v1::azure_2023_conv::w016::kv_capacity::kv_8000::step26895,VALID_STRONGLY_CONSTRAINED,1.0,16
0.005859375,kv_capacity,phase_d_v1::azure_2023_conv::w016::kv_capacity::kv_8000::step26895::alt00::6a3a3979973679cb,COUNTERFACTUAL,"{""admit"":{""0"":[127]},""hold_decode"":{},""migrate"":{},""preempt"":{},""prefill_chunk_override"":{},""swap"":{}}",6a3a3979973679cbe241c274bd7248d0ce10c791006d0d2bacc539258377fec4,True,1.0,kv_8000,kv_constrained_online,26895,26.895,13971,0.172317,0,,True,0,0.7355,True,0.243567,5,200,0,200,0.474049,"full_prefill,chunked_prefill_small,estimated_service_time_first,weighted_fair_share,least_laxity_first",False,1.0,0.005,sustained+high_valid_pressure,0,952bd353c79bef75dea529eeb46f1ee1ac61a4efb946ed96403fe542a094c856,industry_realism_causal_headroom_phase_d_v1.results.0.0,40.866,0.0,azure_2023_conv,phase_d_v1::azure_2023_conv::w016::kv_capacity::kv_8000::step26895,VALID_STRONGLY_CONSTRAINED,1.0,16
0.00390625,kv_capacity,phase_d_v1::azure_2023_conv::w016::kv_capacity::kv_8000::step30151::sbs_reference,SBS_REFERENCE,"{""admit"":{},""hold_decode"":{},""migrate"":{},""preempt"":{},""prefill_chunk_override"":{},""swap"":{}}",952bd353c79bef75dea529eeb46f1ee1ac61a4efb946ed96403fe542a094c856,,1.0,kv_8000,kv_constrained_online,30151,30.151,10715,0.102737,0,,True,1,0.32075,True,0.243972,,200,0,200,0.484422,,False,1.0,0.005,sustained+high_valid_pressure,0,952bd353c79bef75dea529eeb46f1ee1ac61a4efb946ed96403fe542a094c856,industry_realism_causal_headroom_phase_d_v1.results.0.0,40.866,0.0,azure_2023_conv,phase_d_v1::azure_2023_conv::w016::kv_capacity::kv_8000::step30151,VALID_STRONGLY_CONSTRAINED,1.0,16
0.00390625,kv_capacity,phase_d_v1::azure_2023_conv::w016::kv_capacity::kv_8000::step30151::alt00::581e6d544099e6a0,COUNTERFACTUAL,"{""admit"":{""0"":[140]},""hold_decode"":{},""migrate"":{},""preempt"":{},""prefill_chunk_override"":{},""swap"":{}}",581e6d544099e6a092cd8027f8216e13ae3dc0681f454470f9f42111d14aac09,True,1.0,kv_8000,kv_constrained_online,30151,30.151,10715,0.103471,0,,True,0,0.32075,True,0.243137,5,200,0,200,0.484422,"full_prefill,chunked_prefill_small,estimated_service_time_first,weighted_fair_share,least_laxity_first",False,1.0,0.005,sustained+high_valid_pressure,0,952bd353c79bef75dea529eeb46f1ee1ac61a4efb946ed96403fe542a094c856,industry_realism_causal_headroom_phase_d_v1.results.0.0,40.866,0.0,azure_2023_conv,phase_d_v1::azure_2023_conv::w016::kv_capacity::kv_8000::step30151,VALID_STRONGLY_CONSTRAINED,1.0,16
0.00390625,kv_capacity,phase_d_v1::azure_2023_conv::w016::kv_capacity::kv_8000::step30197::sbs_reference,SBS_REFERENCE,"{""admit"":{},""hold_decode"":{},""migrate"":{},""preempt"":{},""prefill_chunk_override"":{},""swap"":{}}",952bd353c79bef75dea529eeb46f1ee1ac61a4efb946ed96403fe542a094c856,,1.0,kv_8000,kv_constrained_online,30197,30.197,10669,0.101553,0,,True,1,0.33225,True,0.243972,,200,0,200,0.484422,,False,1.0,0.005,sustained+high_valid_pressure,0,952bd353c79bef75dea529eeb46f1ee1ac61a4efb946ed96403fe542a094c856,industry_realism_causal_headroom_phase_d_v1.results.0.0,40.866,0.0,azure_2023_conv,phase_d_v1::azure_2023_conv::w016::kv_capacity::kv_8000::step30197,VALID_STRONGLY_CONSTRAINED,1.0,16
0.00390625,kv_capacity,phase_d_v1::azure_2023_conv::w016::kv_capacity::kv_8000::step30197::alt00::581e6d544099e6a0,COUNTERFACTUAL,"{""admit"":{""0"":[140]},""hold_decode"":{},""migrate"":{},""preempt"":{},""prefill_chunk_override"":{},""swap"":{}}",581e6d544099e6a092cd8027f8216e13ae3dc0681f454470f9f42111d14aac09,True,1.0,kv_8000,kv_constrained_online,30197,30.197,10669,0.102524,0,,True,0,0.33225,True,0.243367,5,200,0,200,0.484422,"full_prefill,chunked_prefill_small,estimated_service_time_first,weighted_fair_share,least_laxity_first",False,1.0,0.005,sustained+high_valid_pressure,0,952bd353c79bef75dea529eeb46f1ee1ac61a4efb946ed96403fe542a094c856,industry_realism_causal_headroom_phase_d_v1.results.0.0,40.866,0.0,azure_2023_conv,phase_d_v1::azure_2023_conv::w016::kv_capacity::kv_8000::step30197,VALID_STRONGLY_CONSTRAINED,1.0,16
0.00390625,kv_capacity,phase_d_v1::azure_2023_conv::w016::kv_capacity::kv_8000::step30219::sbs_reference,SBS_REFERENCE,"{""admit"":{},""hold_decode"":{},""migrate"":{},""preempt"":{},""prefill_chunk_override"":{},""swap"":{}}",952bd353c79bef75dea529eeb46f1ee1ac61a4efb946ed96403fe542a094c856,,1.0,kv_8000,kv_constrained_online,30219,30.219,10647,0.099053,0,,True,1,0.33775,True,0.243972,,200,0,200,0.484422,,False,1.0,0.005,sustained+high_valid_pressure,0,952bd353c79bef75dea529eeb46f1ee1ac61a4efb946ed96403fe542a094c856,industry_realism_causal_headroom_phase_d_v1.results.0.0,40.866,0.0,azure_2023_conv,phase_d_v1::azure_2023_conv::w016::kv_capacity::kv_8000::step30219,VALID_STRONGLY_CONSTRAINED,1.0,16
0.00390625,kv_capacity,phase_d_v1::azure_2023_conv::w016::kv_capacity::kv_8000::step30219::alt00::581e6d544099e6a0,COUNTERFACTUAL,"{""admit"":{""0"":[140]},""hold_decode"":{},""migrate"":{},""preempt"":{},""prefill_chunk_override"":{},""swap"":{}}",581e6d544099e6a092cd8027f8216e13ae3dc0681f454470f9f42111d14aac09,True,1.0,kv_8000,kv_constrained_online,30219,30.219,10647,0.099467,0,,True,0,0.33775,True,0.243477,5,200,0,200,0.484422,"full_prefill,chunked_prefill_small,estimated_service_time_first,weighted_fair_share,least_laxity_first",False,1.0,0.005,sustained+high_valid_pressure,0,952bd353c79bef75dea529eeb46f1ee1ac61a4efb946ed96403fe542a094c856,industry_realism_causal_headroom_phase_d_v1.results.0.0,40.866,0.0,azure_2023_conv,phase_d_v1::azure_2023_conv::w016::kv_capacity::kv_8000::step30219,VALID_STRONGLY_CONSTRAINED,1.0,16
0.00390625,kv_capacity,phase_d_v1::azure_2023_conv::w016::kv_capacity::kv_8000::step30266::sbs_reference,SBS_REFERENCE,"{""admit"":{},""hold_decode"":{},""migrate"":{},""preempt"":{},""prefill_chunk_override"":{},""swap"":{}}",952bd353c79bef75dea529eeb46f1ee1ac61a4efb946ed96403fe542a094c856,,1.0,kv_8000,kv_constrained_online,30266,30.266000000000002,10600,0.196534,0,,True,1,0.3495,True,0.243972,,200,0,200,0.484422,,False,1.0,0.005,sustained+high_valid_pressure,0,952bd353c79bef75dea529eeb46f1ee1ac61a4efb946ed96403fe542a094c856,industry_realism_causal_headroom_phase_d_v1.results.0.0,40.866,0.0,azure_2023_conv,phase_d_v1::azure_2023_conv::w016::kv_capacity::kv_8000::step30266,VALID_STRONGLY_CONSTRAINED,1.0,16
0.00390625,kv_capacity,phase_d_v1::azure_2023_conv::w016::kv_capacity::kv_8000::step30266::alt00::581e6d544099e6a0,COUNTERFACTUAL,"{""admit"":{""0"":[140]},""hold_decode"":{},""migrate"":{},""preempt"":{},""prefill_chunk_override"":{},""swap"":{}}",581e6d544099e6a092cd8027f8216e13ae3dc0681f454470f9f42111d14aac09,True,1.0,kv_8000,kv_constrained_online,30266,30.266000000000002,10600,0.099214,0,,True,0,0.3495,True,0.243712,5,200,0,200,0.484422,"full_prefill,chunked_prefill_small,estimated_service_time_first,weighted_fair_share,least_laxity_first",False,1.0,0.005,sustained+high_valid_pressure,0,952bd353c79bef75dea529eeb46f1ee1ac61a4efb946ed96403fe542a094c856,industry_realism_causal_headroom_phase_d_v1.results.0.0,40.866,0.0,azure_2023_conv,phase_d_v1::azure_2023_conv::w016::kv_capacity::kv_8000::step30266,VALID_STRONGLY_CONSTRAINED,1.0,16
0.005859375,kv_capacity,phase_d_v1::azure_2023_conv::w016::kv_capacity::kv_8000::step33435::sbs_reference,SBS_REFERENCE,"{""admit"":{},""hold_decode"":{},""migrate"":{},""preempt"":{},""prefill_chunk_override"":{},""swap"":{}}",952bd353c79bef75dea529eeb46f1ee1ac61a4efb946ed96403fe542a094c856,,1.0,kv_8000,kv_constrained_online,33435,33.435,7431,0.110236,0,,True,1,0.37375,True,0.243972,,200,0,200,0.484422,,False,1.0,0.005,sustained+high_valid_pressure,0,952bd353c79bef75dea529eeb46f1ee1ac61a4efb946ed96403fe542a094c856,industry_realism_causal_headroom_phase_d_v1.results.0.0,40.866,0.0,azure_2023_conv,phase_d_v1::azure_2023_conv::w016::kv_capacity::kv_8000::step33435,VALID_STRONGLY_CONSTRAINED,1.0,16
0.005859375,kv_capacity,phase_d_v1::azure_2023_conv::w016::kv_capacity::kv_8000::step33435::alt00::2ab1a09b0ddf2615,COUNTERFACTUAL,"{""admit"":{""0"":[160]},""hold_decode"":{},""migrate"":{},""preempt"":{},""prefill_chunk_override"":{},""swap"":{}}",2ab1a09b0ddf26152bafdf9cffad6cd893e5258da78d531e33b661e1763163eb,True,1.0,kv_8000,kv_constrained_online,33435,33.435,7431,0.066811,0,,True,0,0.37375,True,0.243977,5,200,0,200,0.478722,"full_prefill,chunked_prefill_small,estimated_service_time_first,weighted_fair_share,least_laxity_first",False,1.0,0.005,sustained+high_valid_pressure,0,952bd353c79bef75dea529eeb46f1ee1ac61a4efb946ed96403fe542a094c856,industry_realism_causal_headroom_phase_d_v1.results.0.0,40.866,0.0,azure_2023_conv,phase_d_v1::azure_2023_conv::w016::kv_capacity::kv_8000::step33435,VALID_STRONGLY_CONSTRAINED,1.0,16
0.00390625,kv_capacity,phase_d_v1::azure_2023_conv::w020::kv_capacity::kv_8000::step2670::sbs_reference,SBS_REFERENCE,"{""admit"":{},""hold_decode"":{},""migrate"":{},""preempt"":{},""prefill_chunk_override"":{},""swap"":{}}",952bd353c79bef75dea529eeb46f1ee1ac61a4efb946ed96403fe542a094c856,,1.0,kv_8000,kv_constrained_online,2670,2.67,33746,0.305429,0,,True,1,0.325375,True,0.230424,,200,0,200,0.468097,,False,1.0,0.005,sustained+high_valid_pressure,0,952bd353c79bef75dea529eeb46f1ee1ac61a4efb946ed96403fe542a094c856,industry_realism_causal_headroom_phase_d_v1.results.0.0,36.416,0.0,azure_2023_conv,phase_d_v1::azure_2023_conv::w020::kv_capacity::kv_8000::step2670,VALID_STRONGLY_CONSTRAINED,1.0,20
0.00390625,kv_capacity,phase_d_v1::azure_2023_conv::w020::kv_capacity::kv_8000::step2670::alt00::0ed16eb1598a87e6,COUNTERFACTUAL,"{""admit"":{""0"":[18]},""hold_decode"":{},""migrate"":{},""preempt"":{},""prefill_chunk_override"":{},""swap"":{}}",0ed16eb1598a87e6a56577c4617a26a3165a4643f8558e8dd38332c0066aae8b,True,1.0,kv_8000,kv_constrained_online,2670,2.67,33746,0.354376,0,,True,0,0.325375,True,0.229684,5,200,0,200,0.468097,"full_prefill,chunked_prefill_small,estimated_service_time_first,weighted_fair_share,least_laxity_first",False,1.0,0.005,sustained+high_valid_pressure,0,952bd353c79bef75dea529eeb46f1ee1ac61a4efb946ed96403fe542a094c856,industry_realism_causal_headroom_phase_d_v1.results.0.0,36.416,0.0,azure_2023_conv,phase_d_v1::azure_2023_conv::w020::kv_capacity::kv_8000::step2670,VALID_STRONGLY_CONSTRAINED,1.0,20
0.0078125,kv_capacity,phase_d_v1::azure_2023_conv::w020::kv_capacity::kv_8000::step14453::sbs_reference,SBS_REFERENCE,"{""admit"":{},""hold_decode"":{},""migrate"":{},""preempt"":{},""prefill_chunk_override"":{},""swap"":{}}",952bd353c79bef75dea529eeb46f1ee1ac61a4efb946ed96403fe542a094c856,,1.0,kv_8000,kv_constrained_online,14453,14.453000000000001,21963,0.21084,0,,True,1,0.816125,True,0.230424,,200,0,200,0.468097,,False,1.0,0.005,sustained+high_valid_pressure,0,952bd353c79bef75dea529eeb46f1ee1ac61a4efb946ed96403fe542a094c856,industry_realism_causal_headroom_phase_d_v1.results.0.0,36.416,0.0,azure_2023_conv,phase_d_v1::azure_2023_conv::w020::kv_capacity::kv_8000::step14453,VALID_STRONGLY_CONSTRAINED,1.0,20
0.0078125,kv_capacity,phase_d_v1::azure_2023_conv::w020::kv_capacity::kv_8000::step14453::alt00::98fe8068a7a56b78,COUNTERFACTUAL,"{""admit"":{""0"":[81]},""hold_decode"":{},""migrate"":{},""preempt"":{},""prefill_chunk_override"":{},""swap"":{}}",98fe8068a7a56b7842a929a12c5b6411494b44314314b3ebc8e4943124d37ecc,True,1.0,kv_8000,kv_constrained_online,14453,14.453000000000001,21963,0.208661,0,,True,0,0.816125,True,0.229919,5,200,0,200,0.463247,"full_prefill,chunked_prefill_small,estimated_service_time_first,weighted_fair_share,least_laxity_first",False,1.0,0.005,sustained+high_valid_pressure,0,952bd353c79bef75dea529eeb46f1ee1ac61a4efb946ed96403fe542a094c856,industry_realism_causal_headroom_phase_d_v1.results.0.0,36.416,0.0,azure_2023_conv,phase_d_v1::azure_2023_conv::w020::kv_capacity::kv_8000::step14453,VALID_STRONGLY_CONSTRAINED,1.0,20
0.0078125,kv_capacity,phase_d_v1::azure_2023_conv::w020::kv_capacity::kv_8000::step14482::sbs_reference,SBS_REFERENCE,"{""admit"":{},""hold_decode"":{},""migrate"":{},""preempt"":{},""prefill_chunk_override"":{},""swap"":{}}",952bd353c79bef75dea529eeb46f1ee1ac61a4efb946ed96403fe542a094c856,,1.0,kv_8000,kv_constrained_online,14482,14.482000000000001,21934,0.254167,0,,True,1,0.830625,True,0.230424,,200,0,200,0.468097,,False,1.0,0.005,sustained+high_valid_pressure,0,952bd353c79bef75dea529eeb46f1ee1ac61a4efb946ed96403fe542a094c856,industry_realism_causal_headroom_phase_d_v1.results.0.0,36.416,0.0,azure_2023_conv,phase_d_v1::azure_2023_conv::w020::kv_capacity::kv_8000::step14482,VALID_STRONGLY_CONSTRAINED,1.0,20
0.0078125,kv_capacity,phase_d_v1::azure_2023_conv::w020::kv_capacity::kv_8000::step14482::alt00::98fe8068a7a56b78,COUNTERFACTUAL,"{""admit"":{""0"":[81]},""hold_decode"":{},""migrate"":{},""preempt"":{},""prefill_chunk_override"":{},""swap"":{}}",98fe8068a7a56b7842a929a12c5b6411494b44314314b3ebc8e4943124d37ecc,True,1.0,kv_8000,kv_constrained_online,14482,14.482000000000001,21934,0.205564,0,,True,0,0.830625,True,0.230139,5,200,0,200,0.468097,"full_prefill,chunked_prefill_small,estimated_service_time_first,weighted_fair_share,least_laxity_first",False,1.0,0.005,sustained+high_valid_pressure,0,952bd353c79bef75dea529eeb46f1ee1ac61a4efb946ed96403fe542a094c856,industry_realism_causal_headroom_phase_d_v1.results.0.0,36.416,0.0,azure_2023_conv,phase_d_v1::azure_2023_conv::w020::kv_capacity::kv_8000::step14482,VALID_STRONGLY_CONSTRAINED,1.0,20
0.00390625,kv_capacity,phase_d_v1::azure_2023_conv::w020::kv_capacity::kv_8000::step14696::sbs_reference,SBS_REFERENCE,"{""admit"":{},""hold_decode"":{},""migrate"":{},""preempt"":{},""prefill_chunk_override"":{},""swap"":{}}",952bd353c79bef75dea529eeb46f1ee1ac61a4efb946ed96403fe542a094c856,,1.0,kv_8000,kv_constrained_online,14696,14.696,21720,0.201279,0,,True,1,0.3335,True,0.230424,,200,0,200,0.468097,,False,1.0,0.005,sustained+high_valid_pressure,0,952bd353c79bef75dea529eeb46f1ee1ac61a4efb946ed96403fe542a094c856,industry_realism_causal_headroom_phase_d_v1.results.0.0,36.416,0.0,azure_2023_conv,phase_d_v1::azure_2023_conv::w020::kv_capacity::kv_8000::step14696,VALID_STRONGLY_CONSTRAINED,1.0,20
0.00390625,kv_capacity,phase_d_v1::azure_2023_conv::w020::kv_capacity::kv_8000::step14696::alt00::c2cc8101924352a2,COUNTERFACTUAL,"{""admit"":{""0"":[82]},""hold_decode"":{},""migrate"":{},""preempt"":{},""prefill_chunk_override"":{},""swap"":{}}",c2cc8101924352a22d2f65d37d465c41c64fbd94dbd69d132a6127bae7b393ba,True,1.0,kv_8000,kv_constrained_online,14696,14.696,21720,0.204047,0,,True,0,0.3335,True,0.229544,5,200,0,200,0.468097,"full_prefill,chunked_prefill_small,estimated_service_time_first,weighted_fair_share,least_laxity_first",False,1.0,0.005,sustained+high_valid_pressure,0,952bd353c79bef75dea529eeb46f1ee1ac61a4efb946ed96403fe542a094c856,industry_realism_causal_headroom_phase_d_v1.results.0.0,36.416,0.0,azure_2023_conv,phase_d_v1::azure_2023_conv::w020::kv_capacity::kv_8000::step14696,VALID_STRONGLY_CONSTRAINED,1.0,20
0.00390625,kv_capacity,phase_d_v1::azure_2023_conv::w020::kv_capacity::kv_8000::step17192::sbs_reference,SBS_REFERENCE,"{""admit"":{},""hold_decode"":{},""migrate"":{},""preempt"":{},""prefill_chunk_override"":{},""swap"":{}}",952bd353c79bef75dea529eeb46f1ee1ac61a4efb946ed96403fe542a094c856,,1.0,kv_8000,kv_constrained_online,17192,17.192,19224,0.176685,0,,True,1,0.330625,True,0.230424,,200,0,200,0.468097,,False,1.0,0.005,sustained+high_valid_pressure,0,952bd353c79bef75dea529eeb46f1ee1ac61a4efb946ed96403fe542a094c856,industry_realism_causal_headroom_phase_d_v1.results.0.0,36.416,0.0,azure_2023_conv,phase_d_v1::azure_2023_conv::w020::kv_capacity::kv_8000::step17192,VALID_STRONGLY_CONSTRAINED,1.0,20
0.00390625,kv_capacity,phase_d_v1::azure_2023_conv::w020::kv_capacity::kv_8000::step17192::alt00::92f6aaff637fe185,COUNTERFACTUAL,"{""admit"":{""0"":[101]},""hold_decode"":{},""migrate"":{},""preempt"":{},""prefill_chunk_override"":{},""swap"":{}}",92f6aaff637fe1858d6aae915732cfe09fcf72ba95a0a84f197e13ff904ac37e,True,1.0,kv_8000,kv_constrained_online,17192,17.192,19224,0.218332,0,,True,0,0.330625,True,0.230409,5,200,0,200,0.468097,"full_prefill,chunked_prefill_small,estimated_service_time_first,weighted_fair_share,least_laxity_first",False,1.0,0.005,sustained+high_valid_pressure,0,952bd353c79bef75dea529eeb46f1ee1ac61a4efb946ed96403fe542a094c856,industry_realism_causal_headroom_phase_d_v1.results.0.0,36.416,0.0,azure_2023_conv,phase_d_v1::azure_2023_conv::w020::kv_capacity::kv_8000::step17192,VALID_STRONGLY_CONSTRAINED,1.0,20
0.005859375,kv_capacity,phase_d_v1::azure_2023_conv::w024::kv_capacity::kv_8000::step10784::sbs_reference,SBS_REFERENCE,"{""admit"":{},""hold_decode"":{},""migrate"":{},""preempt"":{},""prefill_chunk_override"":{},""swap"":{}}",952bd353c79bef75dea529eeb46f1ee1ac61a4efb946ed96403fe542a094c856,,1.0,kv_8000,kv_constrained_online,10784,10.784,30390,0.325561,0,,True,1,0.743875,True,0.279763,,200,0,200,0.53964,,False,1.0,0.005,sustained+high_valid_pressure,0,952bd353c79bef75dea529eeb46f1ee1ac61a4efb946ed96403fe542a094c856,industry_realism_causal_headroom_phase_d_v1.results.0.0,41.174,0.0,azure_2023_conv,phase_d_v1::azure_2023_conv::w024::kv_capacity::kv_8000::step10784,VALID_STRONGLY_CONSTRAINED,1.0,24
0.005859375,kv_capacity,phase_d_v1::azure_2023_conv::w024::kv_capacity::kv_8000::step10784::alt00::777bc3afb9267660,COUNTERFACTUAL,"{""admit"":{""0"":[48]},""hold_decode"":{},""migrate"":{},""preempt"":{},""prefill_chunk_override"":{},""swap"":{}}",777bc3afb92676605a36892d3b99364137bf27cb47e128a362b9a32db7faed95,True,1.0,kv_8000,kv_constrained_online,10784,10.784,30390,0.295105,0,,True,0,0.743875,True,0.279758,5,200,0,200,0.53869,"full_prefill,chunked_prefill_small,estimated_service_time_first,weighted_fair_share,least_laxity_first",False,1.0,0.005,sustained+high_valid_pressure,0,952bd353c79bef75dea529eeb46f1ee1ac61a4efb946ed96403fe542a094c856,industry_realism_causal_headroom_phase_d_v1.results.0.0,41.174,0.0,azure_2023_conv,phase_d_v1::azure_2023_conv::w024::kv_capacity::kv_8000::step10784,VALID_STRONGLY_CONSTRAINED,1.0,24
0.00390625,kv_capacity,phase_d_v1::azure_2023_conv::w024::kv_capacity::kv_8000::step32928::sbs_reference,SBS_REFERENCE,"{""admit"":{},""hold_decode"":{},""migrate"":{},""preempt"":{},""prefill_chunk_override"":{},""swap"":{}}",952bd353c79bef75dea529eeb46f1ee1ac61a4efb946ed96403fe542a094c856,,1.0,kv_8000,kv_constrained_online,32928,32.928,8246,0.080412,0,,True,1,0.3215,True,0.279763,,200,0,200,0.53964,,False,1.0,0.005,sustained+high_valid_pressure,0,952bd353c79bef75dea529eeb46f1ee1ac61a4efb946ed96403fe542a094c856,industry_realism_causal_headroom_phase_d_v1.results.0.0,41.174,0.0,azure_2023_conv,phase_d_v1::azure_2023_conv::w024::kv_capacity::kv_8000::step32928,VALID_STRONGLY_CONSTRAINED,1.0,24
0.00390625,kv_capacity,phase_d_v1::azure_2023_conv::w024::kv_capacity::kv_8000::step32928::alt00::2ab1a09b0ddf2615,COUNTERFACTUAL,"{""admit"":{""0"":[160]},""hold_decode"":{},""migrate"":{},""preempt"":{},""prefill_chunk_override"":{},""swap"":{}}",2ab1a09b0ddf26152bafdf9cffad6cd893e5258da78d531e33b661e1763163eb,True,1.0,kv_8000,kv_constrained_online,32928,32.928,8246,0.077006,0,,True,0,0.3215,True,0.279738,5,200,0,200,0.53964,"full_prefill,chunked_prefill_small,estimated_service_time_first,weighted_fair_share,least_laxity_first",False,1.0,0.005,sustained+high_valid_pressure,0,952bd353c79bef75dea529eeb46f1ee1ac61a4efb946ed96403fe542a094c856,industry_realism_causal_headroom_phase_d_v1.results.0.0,41.174,0.0,azure_2023_conv,phase_d_v1::azure_2023_conv::w024::kv_capacity::kv_8000::step32928,VALID_STRONGLY_CONSTRAINED,1.0,24
0.00390625,kv_capacity,phase_d_v1::azure_2023_conv::w024::kv_capacity::kv_8000::step35811::sbs_reference,SBS_REFERENCE,"{""admit"":{},""hold_decode"":{},""migrate"":{},""preempt"":{},""prefill_chunk_override"":{},""swap"":{}}",952bd353c79bef75dea529eeb46f1ee1ac61a4efb946ed96403fe542a094c856,,1.0,kv_8000,kv_constrained_online,35811,35.811,5363,0.047646,0,,True,1,0.354,True,0.279763,,200,0,200,0.53964,,False,1.0,0.005,sustained+high_valid_pressure,0,952bd353c79bef75dea529eeb46f1ee1ac61a4efb946ed96403fe542a094c856,industry_realism_causal_headroom_phase_d_v1.results.0.0,41.174,0.0,azure_2023_conv,phase_d_v1::azure_2023_conv::w024::kv_capacity::kv_8000::step35811,VALID_STRONGLY_CONSTRAINED,1.0,24
0.00390625,kv_capacity,phase_d_v1::azure_2023_conv::w024::kv_capacity::kv_8000::step35811::alt00::b9ea4c69560c4716,COUNTERFACTUAL,"{""admit"":{""0"":[174]},""hold_decode"":{},""migrate"":{},""preempt"":{},""prefill_chunk_override"":{},""swap"":{}}",b9ea4c69560c4716ece998abc9b7350c3934f0475295e64dd0313df863ea355b,True,1.0,kv_8000,kv_constrained_online,35811,35.811,5363,0.051321,0,,True,0,0.354,True,0.279143,5,200,0,200,0.53964,"full_prefill,chunked_prefill_small,estimated_service_time_first,weighted_fair_share,least_laxity_first",False,1.0,0.005,sustained+high_valid_pressure,0,952bd353c79bef75dea529eeb46f1ee1ac61a4efb946ed96403fe542a094c856,industry_realism_causal_headroom_phase_d_v1.results.0.0,41.174,0.0,azure_2023_conv,phase_d_v1::azure_2023_conv::w024::kv_capacity::kv_8000::step35811,VALID_STRONGLY_CONSTRAINED,1.0,24
0.00390625,kv_capacity,phase_d_v1::azure_2023_conv::w024::kv_capacity::kv_8000::step35862::sbs_reference,SBS_REFERENCE,"{""admit"":{},""hold_decode"":{},""migrate"":{},""preempt"":{},""prefill_chunk_override"":{},""swap"":{}}",952bd353c79bef75dea529eeb46f1ee1ac61a4efb946ed96403fe542a094c856,,1.0,kv_8000,kv_constrained_online,35862,35.862,5312,0.04772,0,,True,1,0.36675,True,0.279763,,200,0,200,0.53964,,False,1.0,0.005,sustained+high_valid_pressure,0,952bd353c79bef75dea529eeb46f1ee1ac61a4efb946ed96403fe542a094c856,industry_realism_causal_headroom_phase_d_v1.results.0.0,41.174,0.0,azure_2023_conv,phase_d_v1::azure_2023_conv::w024::kv_capacity::kv_8000::step35862,VALID_STRONGLY_CONSTRAINED,1.0,24
0.00390625,kv_capacity,phase_d_v1::azure_2023_conv::w024::kv_capacity::kv_8000::step35862::alt00::b9ea4c69560c4716,COUNTERFACTUAL,"{""admit"":{""0"":[174]},""hold_decode"":{},""migrate"":{},""preempt"":{},""prefill_chunk_override"":{},""swap"":{}}",b9ea4c69560c4716ece998abc9b7350c3934f0475295e64dd0313df863ea355b,True,1.0,kv_8000,kv_constrained_online,35862,35.862,5312,0.047192,0,,True,0,0.36675,True,0.279398,5,200,0,200,0.53964,"full_prefill,chunked_prefill_small,estimated_service_time_first,weighted_fair_share,least_laxity_first",False,1.0,0.005,sustained+high_valid_pressure,0,952bd353c79bef75dea529eeb46f1ee1ac61a4efb946ed96403fe542a094c856,industry_realism_causal_headroom_phase_d_v1.results.0.0,41.174,0.0,azure_2023_conv,phase_d_v1::azure_2023_conv::w024::kv_capacity::kv_8000::step35862,VALID_STRONGLY_CONSTRAINED,1.0,24
0.00390625,kv_capacity,phase_d_v1::azure_2023_conv::w024::kv_capacity::kv_8000::step35867::sbs_reference,SBS_REFERENCE,"{""admit"":{},""hold_decode"":{},""migrate"":{},""preempt"":{},""prefill_chunk_override"":{},""swap"":{}}",952bd353c79bef75dea529eeb46f1ee1ac61a4efb946ed96403fe542a094c856,,1.0,kv_8000,kv_constrained_online,35867,35.867,5307,0.047665,0,,True,1,0.368,True,0.279763,,200,0,200,0.53964,,False,1.0,0.005,sustained+high_valid_pressure,0,952bd353c79bef75dea529eeb46f1ee1ac61a4efb946ed96403fe542a094c856,industry_realism_causal_headroom_phase_d_v1.results.0.0,41.174,0.0,azure_2023_conv,phase_d_v1::azure_2023_conv::w024::kv_capacity::kv_8000::step35867,VALID_STRONGLY_CONSTRAINED,1.0,24
0.00390625,kv_capacity,phase_d_v1::azure_2023_conv::w024::kv_capacity::kv_8000::step35867::alt00::b9ea4c69560c4716,COUNTERFACTUAL,"{""admit"":{""0"":[174]},""hold_decode"":{},""migrate"":{},""preempt"":{},""prefill_chunk_override"":{},""swap"":{}}",b9ea4c69560c4716ece998abc9b7350c3934f0475295e64dd0313df863ea355b,True,1.0,kv_8000,kv_constrained_online,35867,35.867,5307,0.050181,0,,True,0,0.368,True,0.279423,5,200,0,200,0.53964,"full_prefill,chunked_prefill_small,estimated_service_time_first,weighted_fair_share,least_laxity_first",False,1.0,0.005,sustained+high_valid_pressure,0,952bd353c79bef75dea529eeb46f1ee1ac61a4efb946ed96403fe542a094c856,industry_realism_causal_headroom_phase_d_v1.results.0.0,41.174,0.0,azure_2023_conv,phase_d_v1::azure_2023_conv::w024::kv_capacity::kv_8000::step35867,VALID_STRONGLY_CONSTRAINED,1.0,24
0.005859375,kv_capacity,phase_d_v1::azure_2023_conv::w028::kv_capacity::kv_16000::step13265::sbs_reference,SBS_REFERENCE,"{""admit"":{},""hold_decode"":{},""migrate"":{},""preempt"":{},""prefill_chunk_override"":{},""swap"":{}}",952bd353c79bef75dea529eeb46f1ee1ac61a4efb946ed96403fe542a094c856,,1.0,kv_16000,kv_constrained_online,13265,13.265,18049,0.180817,0,,True,1,0.6051875,True,0.212897,,200,0,200,0.4382,,False,1.0,0.005,onset,0,952bd353c79bef75dea529eeb46f1ee1ac61a4efb946ed96403fe542a094c856,industry_realism_causal_headroom_phase_d_v1.results.0.0,31.314,0.0,azure_2023_conv,phase_d_v1::azure_2023_conv::w028::kv_capacity::kv_16000::step13265,VALID_UNCONSTRAINED,1.0,28
0.005859375,kv_capacity,phase_d_v1::azure_2023_conv::w028::kv_capacity::kv_16000::step13265::alt00::c9799019b08896f6,COUNTERFACTUAL,"{""admit"":{""0"":[83]},""hold_decode"":{},""migrate"":{},""preempt"":{},""prefill_chunk_override"":{},""swap"":{}}",c9799019b08896f6921eaf7da4c11f0732626c860653d64bee28a94b75db253b,True,1.0,kv_16000,kv_constrained_online,13265,13.265,18049,0.16221,0,,True,0,0.6051875,True,0.212827,5,200,0,200,0.4382,"full_prefill,chunked_prefill_small,estimated_service_time_first,weighted_fair_share,least_laxity_first",False,1.0,0.005,onset,0,952bd353c79bef75dea529eeb46f1ee1ac61a4efb946ed96403fe542a094c856,industry_realism_causal_headroom_phase_d_v1.results.0.0,31.314,0.0,azure_2023_conv,phase_d_v1::azure_2023_conv::w028::kv_capacity::kv_16000::step13265,VALID_UNCONSTRAINED,1.0,28
0.005859375,kv_capacity,phase_d_v1::azure_2023_conv::w028::kv_capacity::kv_8000::step3933::sbs_reference,SBS_REFERENCE,"{""admit"":{},""hold_decode"":{},""migrate"":{},""preempt"":{},""prefill_chunk_override"":{},""swap"":{}}",952bd353c79bef75dea529eeb46f1ee1ac61a4efb946ed96403fe542a094c856,,1.0,kv_8000,kv_constrained_online,3933,3.9330000000000003,27381,0.278053,0,,True,1,0.828875,True,0.216227,,200,0,200,0.441839,,False,1.0,0.01,sustained+high_valid_pressure,1,952bd353c79bef75dea529eeb46f1ee1ac61a4efb946ed96403fe542a094c856,industry_realism_causal_headroom_phase_d_v1.results.0.0,31.314,0.0,azure_2023_conv,phase_d_v1::azure_2023_conv::w028::kv_capacity::kv_8000::step3933,VALID_STRONGLY_CONSTRAINED,1.0,28
0.005859375,kv_capacity,phase_d_v1::azure_2023_conv::w028::kv_capacity::kv_8000::step3933::alt00::91190b9b8363c67b,COUNTERFACTUAL,"{""admit"":{""0"":[31]},""hold_decode"":{},""migrate"":{},""preempt"":{},""prefill_chunk_override"":{},""swap"":{}}",91190b9b8363c67b376eae47716f6e344da73d3be1379232ca721689136467d9,True,1.0,kv_8000,kv_constrained_online,3933,3.9330000000000003,27381,0.248779,0,,True,0,0.828875,True,0.215822,3,200,0,200,0.4382,"full_prefill,chunked_prefill_small,least_laxity_first",False,1.0,0.01,sustained+high_valid_pressure,1,952bd353c79bef75dea529eeb46f1ee1ac61a4efb946ed96403fe542a094c856,industry_realism_causal_headroom_phase_d_v1.results.0.0,31.314,0.0,azure_2023_conv,phase_d_v1::azure_2023_conv::w028::kv_capacity::kv_8000::step3933,VALID_STRONGLY_CONSTRAINED,1.0,28
0.005859375,kv_capacity,phase_d_v1::azure_2023_conv::w028::kv_capacity::kv_8000::step3933::alt01::0def93c0112572cb,COUNTERFACTUAL,"{""admit"":{""0"":[32]},""hold_decode"":{},""migrate"":{},""preempt"":{},""prefill_chunk_override"":{},""swap"":{}}",0def93c0112572cb1c25d28680aae3edcd094e18adfe35163e8d02ce31d9fac2,True,1.0,kv_8000,kv_constrained_online,3933,3.9330000000000003,27381,0.248766,0,,True,0,0.828875,True,0.215832,2,200,0,200,0.441839,"estimated_service_time_first,weighted_fair_share",False,1.0,0.01,sustained+high_valid_pressure,1,952bd353c79bef75dea529eeb46f1ee1ac61a4efb946ed96403fe542a094c856,industry_realism_causal_headroom_phase_d_v1.results.0.0,31.314,0.0,azure_2023_conv,phase_d_v1::azure_2023_conv::w028::kv_capacity::kv_8000::step3933,VALID_STRONGLY_CONSTRAINED,1.0,28
0.005859375,kv_capacity,phase_d_v1::azure_2023_conv::w028::kv_capacity::kv_8000::step3980::sbs_reference,SBS_REFERENCE,"{""admit"":{},""hold_decode"":{},""migrate"":{},""preempt"":{},""prefill_chunk_override"":{},""swap"":{}}",952bd353c79bef75dea529eeb46f1ee1ac61a4efb946ed96403fe542a094c856,,1.0,kv_8000,kv_constrained_online,3980,3.98,27334,0.243236,0,,True,1,0.8465,True,0.216227,,200,0,200,0.441839,,False,1.0,0.01,sustained+high_valid_pressure,1,952bd353c79bef75dea529eeb46f1ee1ac61a4efb946ed96403fe542a094c856,industry_realism_causal_headroom_phase_d_v1.results.0.0,31.314,0.0,azure_2023_conv,phase_d_v1::azure_2023_conv::w028::kv_capacity::kv_8000::step3980,VALID_STRONGLY_CONSTRAINED,1.0,28
0.005859375,kv_capacity,phase_d_v1::azure_2023_conv::w028::kv_capacity::kv_8000::step3980::alt00::91190b9b8363c67b,COUNTERFACTUAL,"{""admit"":{""0"":[31]},""hold_decode"":{},""migrate"":{},""preempt"":{},""prefill_chunk_override"":{},""swap"":{}}",91190b9b8363c67b376eae47716f6e344da73d3be1379232ca721689136467d9,True,1.0,kv_8000,kv_constrained_online,3980,3.98,27334,0.243368,0,,True,0,0.8465,True,0.216057,3,200,0,200,0.441839,"full_prefill,chunked_prefill_small,least_laxity_first",False,1.0,0.01,sustained+high_valid_pressure,1,952bd353c79bef75dea529eeb46f1ee1ac61a4efb946ed96403fe542a094c856,industry_realism_causal_headroom_phase_d_v1.results.0.0,31.314,0.0,azure_2023_conv,phase_d_v1::azure_2023_conv::w028::kv_capacity::kv_8000::step3980,VALID_STRONGLY_CONSTRAINED,1.0,28
0.005859375,kv_capacity,phase_d_v1::azure_2023_conv::w028::kv_capacity::kv_8000::step3980::alt01::0def93c0112572cb,COUNTERFACTUAL,"{""admit"":{""0"":[32]},""hold_decode"":{},""migrate"":{},""preempt"":{},""prefill_chunk_override"":{},""swap"":{}}",0def93c0112572cb1c25d28680aae3edcd094e18adfe35163e8d02ce31d9fac2,True,1.0,kv_8000,kv_constrained_online,3980,3.98,27334,0.243268,0,,True,0,0.8465,True,0.216067,2,200,0,200,0.441839,"estimated_service_time_first,weighted_fair_share",False,1.0,0.01,sustained+high_valid_pressure,1,952bd353c79bef75dea529eeb46f1ee1ac61a4efb946ed96403fe542a094c856,industry_realism_causal_headroom_phase_d_v1.results.0.0,31.314,0.0,azure_2023_conv,phase_d_v1::azure_2023_conv::w028::kv_capacity::kv_8000::step3980,VALID_STRONGLY_CONSTRAINED,1.0,28
0.00390625,kv_capacity,phase_d_v1::azure_2023_conv::w028::kv_capacity::kv_8000::step6048::sbs_reference,SBS_REFERENCE,"{""admit"":{},""hold_decode"":{},""migrate"":{},""preempt"":{},""prefill_chunk_override"":{},""swap"":{}}",952bd353c79bef75dea529eeb46f1ee1ac61a4efb946ed96403fe542a094c856,,1.0,kv_8000,kv_constrained_online,6048,6.048,25266,0.252636,0,,True,1,0.3235,True,0.216227,,200,0,200,0.441839,,False,1.0,0.005,sustained+high_valid_pressure,0,952bd353c79bef75dea529eeb46f1ee1ac61a4efb946ed96403fe542a094c856,industry_realism_causal_headroom_phase_d_v1.results.0.0,31.314,0.0,azure_2023_conv,phase_d_v1::azure_2023_conv::w028::kv_capacity::kv_8000::step6048,VALID_STRONGLY_CONSTRAINED,1.0,28
0.00390625,kv_capacity,phase_d_v1::azure_2023_conv::w028::kv_capacity::kv_8000::step6048::alt00::300e035752a9ec7c,COUNTERFACTUAL,"{""admit"":{""0"":[46]},""hold_decode"":{},""migrate"":{},""preempt"":{},""prefill_chunk_override"":{},""swap"":{}}",300e035752a9ec7cb2bf3d301f341fddd21dc6e467b35aafcdc2175458018510,True,1.0,kv_8000,kv_constrained_online,6048,6.048,25266,0.219734,0,,True,0,0.3235,True,0.216222,5,200,0,200,0.441839,"full_prefill,chunked_prefill_small,estimated_service_time_first,weighted_fair_share,least_laxity_first",False,1.0,0.005,sustained+high_valid_pressure,0,952bd353c79bef75dea529eeb46f1ee1ac61a4efb946ed96403fe542a094c856,industry_realism_causal_headroom_phase_d_v1.results.0.0,31.314,0.0,azure_2023_conv,phase_d_v1::azure_2023_conv::w028::kv_capacity::kv_8000::step6048,VALID_STRONGLY_CONSTRAINED,1.0,28
0.75,active_sequence_capacity,phase_d_v1::azure_2023_conv::w032::active_sequence_capacity::active_4::step22071::sbs_reference,SBS_REFERENCE,"{""admit"":{""0"":[122]},""hold_decode"":{},""migrate"":{},""preempt"":{},""prefill_chunk_override"":{},""swap"":{}}",dbb90889c553d295092f1b8a66c038d6d6643f5cd60df6dbf8849e2d2ed700e4,,1.0,active_4,kv_constrained_online,22071,22.071,10713,0.121597,0,,True,1,0.000486125,True,0.235259,,200,0,200,0.448392,,False,1.0,0.01,onset+sustained+high_valid_pressure,0,dbb90889c553d295092f1b8a66c038d6d6643f5cd60df6dbf8849e2d2ed700e4,industry_realism_causal_headroom_phase_d_v1.results.0.0,32.784,0.0,azure_2023_conv,phase_d_v1::azure_2023_conv::w032::active_sequence_capacity::active_4::step22071,VALID_STRONGLY_CONSTRAINED,1.0,32
0.75,active_sequence_capacity,phase_d_v1::azure_2023_conv::w032::active_sequence_capacity::active_4::step22071::alt00::f7bac8dd9b1d04be,COUNTERFACTUAL,"{""admit"":{""0"":[121]},""hold_decode"":{},""migrate"":{},""preempt"":{},""prefill_chunk_override"":{},""swap"":{}}",f7bac8dd9b1d04be8bad5a07a59732e66c3c5636d67c3d42145763d4b966e92a,True,1.0,active_4,kv_constrained_online,22071,22.071,10713,0.154913,0,,True,0,0.000486125,True,0.234954,3,200,0,200,0.443643,"full_prefill,chunked_prefill_small,least_laxity_first",False,1.0,0.01,onset+sustained+high_valid_pressure,0,dbb90889c553d295092f1b8a66c038d6d6643f5cd60df6dbf8849e2d2ed700e4,industry_realism_causal_headroom_phase_d_v1.results.0.0,32.784,0.0,azure_2023_conv,phase_d_v1::azure_2023_conv::w032::active_sequence_capacity::active_4::step22071,VALID_STRONGLY_CONSTRAINED,1.0,32
0.0078125,kv_capacity,phase_d_v1::azure_2023_conv::w032::kv_capacity::kv_8000::step25183::sbs_reference,SBS_REFERENCE,"{""admit"":{},""hold_decode"":{},""migrate"":{},""preempt"":{},""prefill_chunk_override"":{},""swap"":{}}",952bd353c79bef75dea529eeb46f1ee1ac61a4efb946ed96403fe542a094c856,,1.0,kv_8000,kv_constrained_online,25183,25.183,7601,0.090014,0,,True,1,0.486375,True,0.235419,,200,0,200,0.44023,,False,1.0,0.005,sustained+high_valid_pressure,0,952bd353c79bef75dea529eeb46f1ee1ac61a4efb946ed96403fe542a094c856,industry_realism_causal_headroom_phase_d_v1.results.0.0,32.784,0.0,azure_2023_conv,phase_d_v1::azure_2023_conv::w032::kv_capacity::kv_8000::step25183,VALID_STRONGLY_CONSTRAINED,1.0,32
0.0078125,kv_capacity,phase_d_v1::azure_2023_conv::w032::kv_capacity::kv_8000::step25183::alt00::b465bbe83cdb023d,COUNTERFACTUAL,"{""admit"":{""0"":[144]},""hold_decode"":{},""migrate"":{},""preempt"":{},""prefill_chunk_override"":{},""swap"":{}}",b465bbe83cdb023d90c3d2de4954874c95dc4e7b7e590aae61c30f3f1615603f,True,1.0,kv_8000,kv_constrained_online,25183,25.183,7601,0.084471,0,,True,0,0.486375,True,0.235204,5,200,0,200,0.44023,"full_prefill,chunked_prefill_small,estimated_service_time_first,weighted_fair_share,least_laxity_first",False,1.0,0.005,sustained+high_valid_pressure,0,952bd353c79bef75dea529eeb46f1ee1ac61a4efb946ed96403fe542a094c856,industry_realism_causal_headroom_phase_d_v1.results.0.0,32.784,0.0,azure_2023_conv,phase_d_v1::azure_2023_conv::w032::kv_capacity::kv_8000::step25183,VALID_STRONGLY_CONSTRAINED,1.0,32
0.0078125,kv_capacity,phase_d_v1::azure_2023_conv::w036::kv_capacity::kv_8000::step2146::sbs_reference,SBS_REFERENCE,"{""admit"":{},""hold_decode"":{},""migrate"":{},""preempt"":{},""prefill_chunk_override"":{},""swap"":{}}",952bd353c79bef75dea529eeb46f1ee1ac61a4efb946ed96403fe542a094c856,,1.0,kv_8000,kv_constrained_online,2146,2.146,26970,0.228559,0,,True,1,0.70075,True,0.174125,,200,0,200,0.438005,,False,1.0,0.005,sustained+high_valid_pressure,0,952bd353c79bef75dea529eeb46f1ee1ac61a4efb946ed96403fe542a094c856,industry_realism_causal_headroom_phase_d_v1.results.0.0,29.116,0.0,azure_2023_conv,phase_d_v1::azure_2023_conv::w036::kv_capacity::kv_8000::step2146,VALID_STRONGLY_CONSTRAINED,1.0,36
0.0078125,kv_capacity,phase_d_v1::azure_2023_conv::w036::kv_capacity::kv_8000::step2146::alt00::80ab67f8134da5ae,COUNTERFACTUAL,"{""admit"":{""0"":[14]},""hold_decode"":{},""migrate"":{},""preempt"":{},""prefill_chunk_override"":{},""swap"":{}}",80ab67f8134da5aeb5c735436fc3b2a73592eddc87d581b55662421f346a511b,True,1.0,kv_8000,kv_constrained_online,2146,2.146,26970,0.302997,0,,True,0,0.70075,True,0.17397,5,200,0,200,0.438005,"full_prefill,chunked_prefill_small,estimated_service_time_first,weighted_fair_share,least_laxity_first",False,1.0,0.005,sustained+high_valid_pressure,0,952bd353c79bef75dea529eeb46f1ee1ac61a4efb946ed96403fe542a094c856,industry_realism_causal_headroom_phase_d_v1.results.0.0,29.116,0.0,azure_2023_conv,phase_d_v1::azure_2023_conv::w036::kv_capacity::kv_8000::step2146,VALID_STRONGLY_CONSTRAINED,1.0,36
0.0078125,kv_capacity,phase_d_v1::azure_2023_conv::w036::kv_capacity::kv_8000::step2158::sbs_reference,SBS_REFERENCE,"{""admit"":{},""hold_decode"":{},""migrate"":{},""preempt"":{},""prefill_chunk_override"":{},""swap"":{}}",952bd353c79bef75dea529eeb46f1ee1ac61a4efb946ed96403fe542a094c856,,1.0,kv_8000,kv_constrained_online,2158,2.158,26958,0.228961,0,,True,1,0.70675,True,0.174125,,200,0,200,0.438005,,False,1.0,0.005,sustained+high_valid_pressure,0,952bd353c79bef75dea529eeb46f1ee1ac61a4efb946ed96403fe542a094c856,industry_realism_causal_headroom_phase_d_v1.results.0.0,29.116,0.0,azure_2023_conv,phase_d_v1::azure_2023_conv::w036::kv_capacity::kv_8000::step2158,VALID_STRONGLY_CONSTRAINED,1.0,36
0.0078125,kv_capacity,phase_d_v1::azure_2023_conv::w036::kv_capacity::kv_8000::step2158::alt00::80ab67f8134da5ae,COUNTERFACTUAL,"{""admit"":{""0"":[14]},""hold_decode"":{},""migrate"":{},""preempt"":{},""prefill_chunk_override"":{},""swap"":{}}",80ab67f8134da5aeb5c735436fc3b2a73592eddc87d581b55662421f346a511b,True,1.0,kv_8000,kv_constrained_online,2158,2.158,26958,0.265218,0,,True,0,0.70675,True,0.17403,5,200,0,200,0.438005,"full_prefill,chunked_prefill_small,estimated_service_time_first,weighted_fair_share,least_laxity_first",False,1.0,0.005,sustained+high_valid_pressure,0,952bd353c79bef75dea529eeb46f1ee1ac61a4efb946ed96403fe542a094c856,industry_realism_causal_headroom_phase_d_v1.results.0.0,29.116,0.0,azure_2023_conv,phase_d_v1::azure_2023_conv::w036::kv_capacity::kv_8000::step2158,VALID_STRONGLY_CONSTRAINED,1.0,36
0.009765625,kv_capacity,phase_d_v1::azure_2023_conv::w036::kv_capacity::kv_8000::step2182::sbs_reference,SBS_REFERENCE,"{""admit"":{},""hold_decode"":{},""migrate"":{},""preempt"":{},""prefill_chunk_override"":{},""swap"":{}}",952bd353c79bef75dea529eeb46f1ee1ac61a4efb946ed96403fe542a094c856,,1.0,kv_8000,kv_constrained_online,2182,2.182,26934,0.226454,0,,True,1,0.770625,True,0.174125,,200,0,200,0.438005,,False,1.0,0.005,sustained+high_valid_pressure,0,952bd353c79bef75dea529eeb46f1ee1ac61a4efb946ed96403fe542a094c856,industry_realism_causal_headroom_phase_d_v1.results.0.0,29.116,0.0,azure_2023_conv,phase_d_v1::azure_2023_conv::w036::kv_capacity::kv_8000::step2182,VALID_STRONGLY_CONSTRAINED,1.0,36
0.009765625,kv_capacity,phase_d_v1::azure_2023_conv::w036::kv_capacity::kv_8000::step2182::alt00::80ab67f8134da5ae,COUNTERFACTUAL,"{""admit"":{""0"":[14]},""hold_decode"":{},""migrate"":{},""preempt"":{},""prefill_chunk_override"":{},""swap"":{}}",80ab67f8134da5aeb5c735436fc3b2a73592eddc87d581b55662421f346a511b,True,1.0,kv_8000,kv_constrained_online,2182,2.182,26934,0.226486,0,,True,0,0.770625,True,0.173965,5,200,0,200,0.438005,"full_prefill,chunked_prefill_small,estimated_service_time_first,weighted_fair_share,least_laxity_first",False,1.0,0.005,sustained+high_valid_pressure,0,952bd353c79bef75dea529eeb46f1ee1ac61a4efb946ed96403fe542a094c856,industry_realism_causal_headroom_phase_d_v1.results.0.0,29.116,0.0,azure_2023_conv,phase_d_v1::azure_2023_conv::w036::kv_capacity::kv_8000::step2182,VALID_STRONGLY_CONSTRAINED,1.0,36
0.001953125,kv_capacity,phase_d_v1::azure_2023_conv::w036::kv_capacity::kv_8000::step25912::sbs_reference,SBS_REFERENCE,"{""admit"":{},""hold_decode"":{},""migrate"":{},""preempt"":{},""prefill_chunk_override"":{},""swap"":{}}",952bd353c79bef75dea529eeb46f1ee1ac61a4efb946ed96403fe542a094c856,,1.0,kv_8000,kv_constrained_online,25912,25.912,3204,0.033795,0,,True,1,0.52475,True,0.174125,,200,0,200,0.438005,,False,1.0,0.005,sustained+high_valid_pressure,0,952bd353c79bef75dea529eeb46f1ee1ac61a4efb946ed96403fe542a094c856,industry_realism_causal_headroom_phase_d_v1.results.0.0,29.116,0.0,azure_2023_conv,phase_d_v1::azure_2023_conv::w036::kv_capacity::kv_8000::step25912,VALID_STRONGLY_CONSTRAINED,1.0,36
0.001953125,kv_capacity,phase_d_v1::azure_2023_conv::w036::kv_capacity::kv_8000::step25912::alt00::0ea8a18ee3b4770e,COUNTERFACTUAL,"{""admit"":{""0"":[172]},""hold_decode"":{},""migrate"":{},""preempt"":{},""prefill_chunk_override"":{},""swap"":{}}",0ea8a18ee3b4770e624fa9ec83bb928a333af224143d5a9cb5c3eed91f05df22,True,1.0,kv_8000,kv_constrained_online,25912,25.912,3204,0.031711,0,,True,0,0.52475,True,0.174015,5,200,0,200,0.438005,"full_prefill,chunked_prefill_small,estimated_service_time_first,weighted_fair_share,least_laxity_first",False,1.0,0.005,sustained+high_valid_pressure,0,952bd353c79bef75dea529eeb46f1ee1ac61a4efb946ed96403fe542a094c856,industry_realism_causal_headroom_phase_d_v1.results.0.0,29.116,0.0,azure_2023_conv,phase_d_v1::azure_2023_conv::w036::kv_capacity::kv_8000::step25912,VALID_STRONGLY_CONSTRAINED,1.0,36
0.001953125,kv_capacity,phase_d_v1::azure_2023_conv::w036::kv_capacity::kv_8000::step25932::sbs_reference,SBS_REFERENCE,"{""admit"":{},""hold_decode"":{},""migrate"":{},""preempt"":{},""prefill_chunk_override"":{},""swap"":{}}",952bd353c79bef75dea529eeb46f1ee1ac61a4efb946ed96403fe542a094c856,,1.0,kv_8000,kv_constrained_online,25932,25.932000000000002,3184,0.032416,0,,True,1,0.52725,True,0.174125,,200,0,200,0.438005,,False,1.0,0.005,sustained+high_valid_pressure,0,952bd353c79bef75dea529eeb46f1ee1ac61a4efb946ed96403fe542a094c856,industry_realism_causal_headroom_phase_d_v1.results.0.0,29.116,0.0,azure_2023_conv,phase_d_v1::azure_2023_conv::w036::kv_capacity::kv_8000::step25932,VALID_STRONGLY_CONSTRAINED,1.0,36
0.001953125,kv_capacity,phase_d_v1::azure_2023_conv::w036::kv_capacity::kv_8000::step25932::alt00::0ea8a18ee3b4770e,COUNTERFACTUAL,"{""admit"":{""0"":[172]},""hold_decode"":{},""migrate"":{},""preempt"":{},""prefill_chunk_override"":{},""swap"":{}}",0ea8a18ee3b4770e624fa9ec83bb928a333af224143d5a9cb5c3eed91f05df22,True,1.0,kv_8000,kv_constrained_online,25932,25.932000000000002,3184,0.031563,0,,True,0,0.52725,True,0.174115,5,200,0,200,0.438005,"full_prefill,chunked_prefill_small,estimated_service_time_first,weighted_fair_share,least_laxity_first",False,1.0,0.005,sustained+high_valid_pressure,0,952bd353c79bef75dea529eeb46f1ee1ac61a4efb946ed96403fe542a094c856,industry_realism_causal_headroom_phase_d_v1.results.0.0,29.116,0.0,azure_2023_conv,phase_d_v1::azure_2023_conv::w036::kv_capacity::kv_8000::step25932,VALID_STRONGLY_CONSTRAINED,1.0,36
0.00390625,kv_capacity,phase_d_v1::azure_2023_conv::w040::kv_capacity::kv_8000::step8499::sbs_reference,SBS_REFERENCE,"{""admit"":{},""hold_decode"":{},""migrate"":{},""preempt"":{},""prefill_chunk_override"":{},""swap"":{}}",952bd353c79bef75dea529eeb46f1ee1ac61a4efb946ed96403fe542a094c856,,1.0,kv_8000,kv_constrained_online,8499,8.499,23888,0.215712,0,,True,1,0.423,True,0.184959,,200,0,200,0.47384,,False,1.0,0.005,sustained+high_valid_pressure,0,952bd353c79bef75dea529eeb46f1ee1ac61a4efb946ed96403fe542a094c856,industry_realism_causal_headroom_phase_d_v1.results.0.0,32.387,0.0,azure_2023_conv,phase_d_v1::azure_2023_conv::w040::kv_capacity::kv_8000::step8499,VALID_STRONGLY_CONSTRAINED,1.0,40
0.00390625,kv_capacity,phase_d_v1::azure_2023_conv::w040::kv_capacity::kv_8000::step8499::alt00::f190ca7f1f6126b0,COUNTERFACTUAL,"{""admit"":{""0"":[58]},""hold_decode"":{},""migrate"":{},""preempt"":{},""prefill_chunk_override"":{},""swap"":{}}",f190ca7f1f6126b0adb073fe1282dd47a563a7d0033ec2534e7d8534312cc395,True,1.0,kv_8000,kv_constrained_online,8499,8.499,23888,0.200387,0,,True,0,0.423,True,0.184784,5,200,0,200,0.47384,"full_prefill,chunked_prefill_small,estimated_service_time_first,weighted_fair_share,least_laxity_first",False,1.0,0.005,sustained+high_valid_pressure,0,952bd353c79bef75dea529eeb46f1ee1ac61a4efb946ed96403fe542a094c856,industry_realism_causal_headroom_phase_d_v1.results.0.0,32.387,0.0,azure_2023_conv,phase_d_v1::azure_2023_conv::w040::kv_capacity::kv_8000::step8499,VALID_STRONGLY_CONSTRAINED,1.0,40
0.00390625,kv_capacity,phase_d_v1::azure_2023_conv::w040::kv_capacity::kv_8000::step11459::sbs_reference,SBS_REFERENCE,"{""admit"":{},""hold_decode"":{},""migrate"":{},""preempt"":{},""prefill_chunk_override"":{},""swap"":{}}",952bd353c79bef75dea529eeb46f1ee1ac61a4efb946ed96403fe542a094c856,,1.0,kv_8000,kv_constrained_online,11459,11.459,20928,0.180934,0,,True,1,0.348875,True,0.184959,,200,0,200,0.47384,,False,1.0,0.005,sustained+high_valid_pressure,0,952bd353c79bef75dea529eeb46f1ee1ac61a4efb946ed96403fe542a094c856,industry_realism_causal_headroom_phase_d_v1.results.0.0,32.387,0.0,azure_2023_conv,phase_d_v1::azure_2023_conv::w040::kv_capacity::kv_8000::step11459,VALID_STRONGLY_CONSTRAINED,1.0,40
0.00390625,kv_capacity,phase_d_v1::azure_2023_conv::w040::kv_capacity::kv_8000::step11459::alt00::c2cc8101924352a2,COUNTERFACTUAL,"{""admit"":{""0"":[82]},""hold_decode"":{},""migrate"":{},""preempt"":{},""prefill_chunk_override"":{},""swap"":{}}",c2cc8101924352a22d2f65d37d465c41c64fbd94dbd69d132a6127bae7b393ba,True,1.0,kv_8000,kv_constrained_online,11459,11.459,20928,0.199434,0,,True,0,0.348875,True,0.185164,5,200,0,200,0.486719,"full_prefill,chunked_prefill_small,estimated_service_time_first,weighted_fair_share,least_laxity_first",False,1.0,0.005,sustained+high_valid_pressure,0,952bd353c79bef75dea529eeb46f1ee1ac61a4efb946ed96403fe542a094c856,industry_realism_causal_headroom_phase_d_v1.results.0.0,32.387,0.0,azure_2023_conv,phase_d_v1::azure_2023_conv::w040::kv_capacity::kv_8000::step11459,VALID_STRONGLY_CONSTRAINED,1.0,40
0.00390625,kv_capacity,phase_d_v1::azure_2023_conv::w040::kv_capacity::kv_8000::step11473::sbs_reference,SBS_REFERENCE,"{""admit"":{},""hold_decode"":{},""migrate"":{},""preempt"":{},""prefill_chunk_override"":{},""swap"":{}}",952bd353c79bef75dea529eeb46f1ee1ac61a4efb946ed96403fe542a094c856,,1.0,kv_8000,kv_constrained_online,11473,11.473,20914,0.184798,0,,True,1,0.352375,True,0.184959,,200,0,200,0.47384,,False,1.0,0.005,sustained+high_valid_pressure,0,952bd353c79bef75dea529eeb46f1ee1ac61a4efb946ed96403fe542a094c856,industry_realism_causal_headroom_phase_d_v1.results.0.0,32.387,0.0,azure_2023_conv,phase_d_v1::azure_2023_conv::w040::kv_capacity::kv_8000::step11473,VALID_STRONGLY_CONSTRAINED,1.0,40
0.00390625,kv_capacity,phase_d_v1::azure_2023_conv::w040::kv_capacity::kv_8000::step11473::alt00::c2cc8101924352a2,COUNTERFACTUAL,"{""admit"":{""0"":[82]},""hold_decode"":{},""migrate"":{},""preempt"":{},""prefill_chunk_override"":{},""swap"":{}}",c2cc8101924352a22d2f65d37d465c41c64fbd94dbd69d132a6127bae7b393ba,True,1.0,kv_8000,kv_constrained_online,11473,11.473,20914,0.175787,0,,True,0,0.352375,True,0.184504,5,200,0,200,0.47384,"full_prefill,chunked_prefill_small,estimated_service_time_first,weighted_fair_share,least_laxity_first",False,1.0,0.005,sustained+high_valid_pressure,0,952bd353c79bef75dea529eeb46f1ee1ac61a4efb946ed96403fe542a094c856,industry_realism_causal_headroom_phase_d_v1.results.0.0,32.387,0.0,azure_2023_conv,phase_d_v1::azure_2023_conv::w040::kv_capacity::kv_8000::step11473,VALID_STRONGLY_CONSTRAINED,1.0,40
0.00390625,kv_capacity,phase_d_v1::azure_2023_conv::w040::kv_capacity::kv_8000::step18214::sbs_reference,SBS_REFERENCE,"{""admit"":{},""hold_decode"":{},""migrate"":{},""preempt"":{},""prefill_chunk_override"":{},""swap"":{}}",952bd353c79bef75dea529eeb46f1ee1ac61a4efb946ed96403fe542a094c856,,1.0,kv_8000,kv_constrained_online,18214,18.214,14173,0.149476,0,,True,1,0.57875,True,0.184959,,200,0,200,0.47384,,False,1.0,0.005,sustained+high_valid_pressure,0,952bd353c79bef75dea529eeb46f1ee1ac61a4efb946ed96403fe542a094c856,industry_realism_causal_headroom_phase_d_v1.results.0.0,32.387,0.0,azure_2023_conv,phase_d_v1::azure_2023_conv::w040::kv_capacity::kv_8000::step18214,VALID_STRONGLY_CONSTRAINED,1.0,40
0.00390625,kv_capacity,phase_d_v1::azure_2023_conv::w040::kv_capacity::kv_8000::step18214::alt00::86e57aa227b0d7ce,COUNTERFACTUAL,"{""admit"":{""0"":[124]},""hold_decode"":{},""migrate"":{},""preempt"":{},""prefill_chunk_override"":{},""swap"":{}}",86e57aa227b0d7cec1fb4954c3531695d795edf36c5419b351988ae99571ce31,True,1.0,kv_8000,kv_constrained_online,18214,18.214,14173,0.114242,0,,True,0,0.57875,True,0.184889,5,200,0,200,0.47384,"full_prefill,chunked_prefill_small,estimated_service_time_first,weighted_fair_share,least_laxity_first",False,1.0,0.005,sustained+high_valid_pressure,0,952bd353c79bef75dea529eeb46f1ee1ac61a4efb946ed96403fe542a094c856,industry_realism_causal_headroom_phase_d_v1.results.0.0,32.387,0.0,azure_2023_conv,phase_d_v1::azure_2023_conv::w040::kv_capacity::kv_8000::step18214,VALID_STRONGLY_CONSTRAINED,1.0,40
0.00390625,kv_capacity,phase_d_v1::azure_2023_conv::w040::kv_capacity::kv_8000::step18227::sbs_reference,SBS_REFERENCE,"{""admit"":{},""hold_decode"":{},""migrate"":{},""preempt"":{},""prefill_chunk_override"":{},""swap"":{}}",952bd353c79bef75dea529eeb46f1ee1ac61a4efb946ed96403fe542a094c856,,1.0,kv_8000,kv_constrained_online,18227,18.227,14160,0.109286,0,,True,1,0.582,True,0.184959,,200,0,200,0.47384,,False,1.0,0.005,sustained+high_valid_pressure,0,952bd353c79bef75dea529eeb46f1ee1ac61a4efb946ed96403fe542a094c856,industry_realism_causal_headroom_phase_d_v1.results.0.0,32.387,0.0,azure_2023_conv,phase_d_v1::azure_2023_conv::w040::kv_capacity::kv_8000::step18227,VALID_STRONGLY_CONSTRAINED,1.0,40
0.00390625,kv_capacity,phase_d_v1::azure_2023_conv::w040::kv_capacity::kv_8000::step18227::alt00::86e57aa227b0d7ce,COUNTERFACTUAL,"{""admit"":{""0"":[124]},""hold_decode"":{},""migrate"":{},""preempt"":{},""prefill_chunk_override"":{},""swap"":{}}",86e57aa227b0d7cec1fb4954c3531695d795edf36c5419b351988ae99571ce31,True,1.0,kv_8000,kv_constrained_online,18227,18.227,14160,0.142372,0,,True,0,0.582,True,0.184954,5,200,0,200,0.47384,"full_prefill,chunked_prefill_small,estimated_service_time_first,weighted_fair_share,least_laxity_first",False,1.0,0.005,sustained+high_valid_pressure,0,952bd353c79bef75dea529eeb46f1ee1ac61a4efb946ed96403fe542a094c856,industry_realism_causal_headroom_phase_d_v1.results.0.0,32.387,0.0,azure_2023_conv,phase_d_v1::azure_2023_conv::w040::kv_capacity::kv_8000::step18227,VALID_STRONGLY_CONSTRAINED,1.0,40
0.0078125,kv_capacity,phase_d_v1::azure_2023_conv::w040::kv_capacity::kv_8000::step22599::sbs_reference,SBS_REFERENCE,"{""admit"":{},""hold_decode"":{},""migrate"":{},""preempt"":{},""prefill_chunk_override"":{},""swap"":{}}",952bd353c79bef75dea529eeb46f1ee1ac61a4efb946ed96403fe542a094c856,,1.0,kv_8000,kv_constrained_online,22599,22.599,9788,0.067694,0,,True,1,0.77275,True,0.184959,,200,0,200,0.47384,,False,1.0,0.01,sustained+high_valid_pressure,1,952bd353c79bef75dea529eeb46f1ee1ac61a4efb946ed96403fe542a094c856,industry_realism_causal_headroom_phase_d_v1.results.0.0,32.387,0.0,azure_2023_conv,phase_d_v1::azure_2023_conv::w040::kv_capacity::kv_8000::step22599,VALID_STRONGLY_CONSTRAINED,1.0,40
0.0078125,kv_capacity,phase_d_v1::azure_2023_conv::w040::kv_capacity::kv_8000::step22599::alt00::303c0bcb5b49f5c9,COUNTERFACTUAL,"{""admit"":{""0"":[157]},""hold_decode"":{},""migrate"":{},""preempt"":{},""prefill_chunk_override"":{},""swap"":{}}",303c0bcb5b49f5c95df4c847c5117d0d735284656f1ec9c1ee14f86744c6f748,True,1.0,kv_8000,kv_constrained_online,22599,22.599,9788,0.068274,0,,True,0,0.77275,True,0.184754,5,200,0,200,0.469681,"full_prefill,chunked_prefill_small,estimated_service_time_first,weighted_fair_share,least_laxity_first",False,1.0,0.01,sustained+high_valid_pressure,1,952bd353c79bef75dea529eeb46f1ee1ac61a4efb946ed96403fe542a094c856,industry_realism_causal_headroom_phase_d_v1.results.0.0,32.387,0.0,azure_2023_conv,phase_d_v1::azure_2023_conv::w040::kv_capacity::kv_8000::step22599,VALID_STRONGLY_CONSTRAINED,1.0,40
0.0078125,kv_capacity,phase_d_v1::azure_2023_conv::w040::kv_capacity::kv_8000::step22622::sbs_reference,SBS_REFERENCE,"{""admit"":{},""hold_decode"":{},""migrate"":{},""preempt"":{},""prefill_chunk_override"":{},""swap"":{}}",952bd353c79bef75dea529eeb46f1ee1ac61a4efb946ed96403fe542a094c856,,1.0,kv_8000,kv_constrained_online,22622,22.622,9765,0.067724,0,,True,1,0.78425,True,0.184959,,200,0,200,0.47384,,False,1.0,0.01,sustained+high_valid_pressure,1,952bd353c79bef75dea529eeb46f1ee1ac61a4efb946ed96403fe542a094c856,industry_realism_causal_headroom_phase_d_v1.results.0.0,32.387,0.0,azure_2023_conv,phase_d_v1::azure_2023_conv::w040::kv_capacity::kv_8000::step22622,VALID_STRONGLY_CONSTRAINED,1.0,40
0.0078125,kv_capacity,phase_d_v1::azure_2023_conv::w040::kv_capacity::kv_8000::step22622::alt00::303c0bcb5b49f5c9,COUNTERFACTUAL,"{""admit"":{""0"":[157]},""hold_decode"":{},""migrate"":{},""preempt"":{},""prefill_chunk_override"":{},""swap"":{}}",303c0bcb5b49f5c95df4c847c5117d0d735284656f1ec9c1ee14f86744c6f748,True,1.0,kv_8000,kv_constrained_online,22622,22.622,9765,0.070643,0,,True,0,0.78425,True,0.184869,5,200,0,200,0.469681,"full_prefill,chunked_prefill_small,estimated_service_time_first,weighted_fair_share,least_laxity_first",False,1.0,0.01,sustained+high_valid_pressure,1,952bd353c79bef75dea529eeb46f1ee1ac61a4efb946ed96403fe542a094c856,industry_realism_causal_headroom_phase_d_v1.results.0.0,32.387,0.0,azure_2023_conv,phase_d_v1::azure_2023_conv::w040::kv_capacity::kv_8000::step22622,VALID_STRONGLY_CONSTRAINED,1.0,40
0.0078125,kv_capacity,phase_d_v1::azure_2023_conv::w040::kv_capacity::kv_8000::step22623::sbs_reference,SBS_REFERENCE,"{""admit"":{},""hold_decode"":{},""migrate"":{},""preempt"":{},""prefill_chunk_override"":{},""swap"":{}}",952bd353c79bef75dea529eeb46f1ee1ac61a4efb946ed96403fe542a094c856,,1.0,kv_8000,kv_constrained_online,22623,22.623,9764,0.067031,0,,True,1,0.78475,True,0.184959,,200,0,200,0.47384,,False,1.0,0.01,sustained+high_valid_pressure,1,952bd353c79bef75dea529eeb46f1ee1ac61a4efb946ed96403fe542a094c856,industry_realism_causal_headroom_phase_d_v1.results.0.0,32.387,0.0,azure_2023_conv,phase_d_v1::azure_2023_conv::w040::kv_capacity::kv_8000::step22623,VALID_STRONGLY_CONSTRAINED,1.0,40
0.0078125,kv_capacity,phase_d_v1::azure_2023_conv::w040::kv_capacity::kv_8000::step22623::alt00::303c0bcb5b49f5c9,COUNTERFACTUAL,"{""admit"":{""0"":[157]},""hold_decode"":{},""migrate"":{},""preempt"":{},""prefill_chunk_override"":{},""swap"":{}}",303c0bcb5b49f5c95df4c847c5117d0d735284656f1ec9c1ee14f86744c6f748,True,1.0,kv_8000,kv_constrained_online,22623,22.623,9764,0.068003,0,,True,0,0.78475,True,0.184874,5,200,0,200,0.469681,"full_prefill,chunked_prefill_small,estimated_service_time_first,weighted_fair_share,least_laxity_first",False,1.0,0.01,sustained+high_valid_pressure,1,952bd353c79bef75dea529eeb46f1ee1ac61a4efb946ed96403fe542a094c856,industry_realism_causal_headroom_phase_d_v1.results.0.0,32.387,0.0,azure_2023_conv,phase_d_v1::azure_2023_conv::w040::kv_capacity::kv_8000::step22623,VALID_STRONGLY_CONSTRAINED,1.0,40
0.0078125,kv_capacity,phase_d_v1::azure_2023_conv::w040::kv_capacity::kv_8000::step22632::sbs_reference,SBS_REFERENCE,"{""admit"":{},""hold_decode"":{},""migrate"":{},""preempt"":{},""prefill_chunk_override"":{},""swap"":{}}",952bd353c79bef75dea529eeb46f1ee1ac61a4efb946ed96403fe542a094c856,,1.0,kv_8000,kv_constrained_online,22632,22.632,9755,0.069115,0,,True,1,0.78925,True,0.184959,,200,0,200,0.47384,,False,1.0,0.01,sustained+high_valid_pressure,1,952bd353c79bef75dea529eeb46f1ee1ac61a4efb946ed96403fe542a094c856,industry_realism_causal_headroom_phase_d_v1.results.0.0,32.387,0.0,azure_2023_conv,phase_d_v1::azure_2023_conv::w040::kv_capacity::kv_8000::step22632,VALID_STRONGLY_CONSTRAINED,1.0,40
0.0078125,kv_capacity,phase_d_v1::azure_2023_conv::w040::kv_capacity::kv_8000::step22632::alt00::303c0bcb5b49f5c9,COUNTERFACTUAL,"{""admit"":{""0"":[157]},""hold_decode"":{},""migrate"":{},""preempt"":{},""prefill_chunk_override"":{},""swap"":{}}",303c0bcb5b49f5c95df4c847c5117d0d735284656f1ec9c1ee14f86744c6f748,True,1.0,kv_8000,kv_constrained_online,22632,22.632,9755,0.067532,0,,True,0,0.78925,True,0.184919,5,200,0,200,0.47344,"full_prefill,chunked_prefill_small,estimated_service_time_first,weighted_fair_share,least_laxity_first",False,1.0,0.01,sustained+high_valid_pressure,1,952bd353c79bef75dea529eeb46f1ee1ac61a4efb946ed96403fe542a094c856,industry_realism_causal_headroom_phase_d_v1.results.0.0,32.387,0.0,azure_2023_conv,phase_d_v1::azure_2023_conv::w040::kv_capacity::kv_8000::step22632,VALID_STRONGLY_CONSTRAINED,1.0,40
0.00390625,kv_capacity,phase_d_v1::azure_2023_conv::w040::kv_capacity::kv_8000::step31548::sbs_reference,SBS_REFERENCE,"{""admit"":{},""hold_decode"":{},""migrate"":{},""preempt"":{},""prefill_chunk_override"":{},""swap"":{}}",952bd353c79bef75dea529eeb46f1ee1ac61a4efb946ed96403fe542a094c856,,1.0,kv_8000,kv_constrained_online,31548,31.548000000000002,839,0.008991,0,,True,1,0.342375,True,0.184959,,200,0,200,0.47384,,False,1.0,0.005,sustained+high_valid_pressure,0,952bd353c79bef75dea529eeb46f1ee1ac61a4efb946ed96403fe542a094c856,industry_realism_causal_headroom_phase_d_v1.results.0.0,32.387,0.0,azure_2023_conv,phase_d_v1::azure_2023_conv::w040::kv_capacity::kv_8000::step31548,VALID_STRONGLY_CONSTRAINED,1.0,40
0.00390625,kv_capacity,phase_d_v1::azure_2023_conv::w040::kv_capacity::kv_8000::step31548::alt00::f3cafdad2f7c51fd,COUNTERFACTUAL,"{""admit"":{""0"":[196]},""hold_decode"":{},""migrate"":{},""preempt"":{},""prefill_chunk_override"":{},""swap"":{}}",f3cafdad2f7c51fd1c8e7c2f9e0d2f882e0bffb76ab32d61cefa301896374b11,True,1.0,kv_8000,kv_constrained_online,31548,31.548000000000002,839,0.008556,0,,True,0,0.342375,True,0.184014,5,200,0,200,0.47384,"full_prefill,chunked_prefill_small,estimated_service_time_first,weighted_fair_share,least_laxity_first",False,1.0,0.005,sustained+high_valid_pressure,0,952bd353c79bef75dea529eeb46f1ee1ac61a4efb946ed96403fe542a094c856,industry_realism_causal_headroom_phase_d_v1.results.0.0,32.387,0.0,azure_2023_conv,phase_d_v1::azure_2023_conv::w040::kv_capacity::kv_8000::step31548,VALID_STRONGLY_CONSTRAINED,1.0,40
0.00390625,kv_capacity,phase_d_v1::azure_2023_conv::w040::kv_capacity::kv_8000::step31585::sbs_reference,SBS_REFERENCE,"{""admit"":{},""hold_decode"":{},""migrate"":{},""preempt"":{},""prefill_chunk_override"":{},""swap"":{}}",952bd353c79bef75dea529eeb46f1ee1ac61a4efb946ed96403fe542a094c856,,1.0,kv_8000,kv_constrained_online,31585,31.585,802,0.008233,0,,True,1,0.351625,True,0.184959,,200,0,200,0.47384,,False,1.0,0.005,sustained+high_valid_pressure,0,952bd353c79bef75dea529eeb46f1ee1ac61a4efb946ed96403fe542a094c856,industry_realism_causal_headroom_phase_d_v1.results.0.0,32.387,0.0,azure_2023_conv,phase_d_v1::azure_2023_conv::w040::kv_capacity::kv_8000::step31585,VALID_STRONGLY_CONSTRAINED,1.0,40
0.00390625,kv_capacity,phase_d_v1::azure_2023_conv::w040::kv_capacity::kv_8000::step31585::alt00::f3cafdad2f7c51fd,COUNTERFACTUAL,"{""admit"":{""0"":[196]},""hold_decode"":{},""migrate"":{},""preempt"":{},""prefill_chunk_override"":{},""swap"":{}}",f3cafdad2f7c51fd1c8e7c2f9e0d2f882e0bffb76ab32d61cefa301896374b11,True,1.0,kv_8000,kv_constrained_online,31585,31.585,802,0.008264,0,,True,0,0.351625,True,0.184289,5,200,0,200,0.47384,"full_prefill,chunked_prefill_small,estimated_service_time_first,weighted_fair_share,least_laxity_first",False,1.0,0.005,sustained+high_valid_pressure,0,952bd353c79bef75dea529eeb46f1ee1ac61a4efb946ed96403fe542a094c856,industry_realism_causal_headroom_phase_d_v1.results.0.0,32.387,0.0,azure_2023_conv,phase_d_v1::azure_2023_conv::w040::kv_capacity::kv_8000::step31585,VALID_STRONGLY_CONSTRAINED,1.0,40
0.005859375,kv_capacity,phase_d_v1::azure_2023_conv::w040::kv_capacity::kv_8000::step31646::sbs_reference,SBS_REFERENCE,"{""admit"":{},""hold_decode"":{},""migrate"":{},""preempt"":{},""prefill_chunk_override"":{},""swap"":{}}",952bd353c79bef75dea529eeb46f1ee1ac61a4efb946ed96403fe542a094c856,,1.0,kv_8000,kv_constrained_online,31646,31.646,741,0.007423,0,,True,1,0.430625,True,0.184959,,200,0,200,0.47384,,False,1.0,0.005,sustained+high_valid_pressure,0,952bd353c79bef75dea529eeb46f1ee1ac61a4efb946ed96403fe542a094c856,industry_realism_causal_headroom_phase_d_v1.results.0.0,32.387,0.0,azure_2023_conv,phase_d_v1::azure_2023_conv::w040::kv_capacity::kv_8000::step31646,VALID_STRONGLY_CONSTRAINED,1.0,40
0.005859375,kv_capacity,phase_d_v1::azure_2023_conv::w040::kv_capacity::kv_8000::step31646::alt00::f3cafdad2f7c51fd,COUNTERFACTUAL,"{""admit"":{""0"":[196]},""hold_decode"":{},""migrate"":{},""preempt"":{},""prefill_chunk_override"":{},""swap"":{}}",f3cafdad2f7c51fd1c8e7c2f9e0d2f882e0bffb76ab32d61cefa301896374b11,True,1.0,kv_8000,kv_constrained_online,31646,31.646,741,0.007081,0,,True,0,0.430625,True,0.184544,5,200,0,200,0.47384,"full_prefill,chunked_prefill_small,estimated_service_time_first,weighted_fair_share,least_laxity_first",False,1.0,0.005,sustained+high_valid_pressure,0,952bd353c79bef75dea529eeb46f1ee1ac61a4efb946ed96403fe542a094c856,industry_realism_causal_headroom_phase_d_v1.results.0.0,32.387,0.0,azure_2023_conv,phase_d_v1::azure_2023_conv::w040::kv_capacity::kv_8000::step31646,VALID_STRONGLY_CONSTRAINED,1.0,40
0.001953125,kv_capacity,phase_d_v1::azure_2023_conv::w044::kv_capacity::kv_8000::step5057::sbs_reference,SBS_REFERENCE,"{""admit"":{},""hold_decode"":{},""migrate"":{},""preempt"":{},""prefill_chunk_override"":{},""swap"":{}}",952bd353c79bef75dea529eeb46f1ee1ac61a4efb946ed96403fe542a094c856,,1.0,kv_8000,kv_constrained_online,5057,5.057,19181,0.172262,0,,True,1,0.522125,True,0.141587,,200,0,200,0.411511,,False,1.0,0.005,sustained+high_valid_pressure,0,952bd353c79bef75dea529eeb46f1ee1ac61a4efb946ed96403fe542a094c856,industry_realism_causal_headroom_phase_d_v1.results.0.0,24.238,0.0,azure_2023_conv,phase_d_v1::azure_2023_conv::w044::kv_capacity::kv_8000::step5057,VALID_STRONGLY_CONSTRAINED,1.0,44
0.001953125,kv_capacity,phase_d_v1::azure_2023_conv::w044::kv_capacity::kv_8000::step5057::alt00::f45d6307cb6cd010,COUNTERFACTUAL,"{""admit"":{""0"":[40]},""hold_decode"":{},""migrate"":{},""preempt"":{},""prefill_chunk_override"":{},""swap"":{}}",f45d6307cb6cd010213b08aa2d60eb61645cb664b0fb70a20b881a5b1e94ab54,True,1.0,kv_8000,kv_constrained_online,5057,5.057,19181,0.169802,0,,True,0,0.522125,True,0.140607,5,200,0,200,0.411511,"full_prefill,chunked_prefill_small,estimated_service_time_first,weighted_fair_share,least_laxity_first",False,1.0,0.005,sustained+high_valid_pressure,0,952bd353c79bef75dea529eeb46f1ee1ac61a4efb946ed96403fe542a094c856,industry_realism_causal_headroom_phase_d_v1.results.0.0,24.238,0.0,azure_2023_conv,phase_d_v1::azure_2023_conv::w044::kv_capacity::kv_8000::step5057,VALID_STRONGLY_CONSTRAINED,1.0,44
0.001953125,kv_capacity,phase_d_v1::azure_2023_conv::w044::kv_capacity::kv_8000::step5066::sbs_reference,SBS_REFERENCE,"{""admit"":{},""hold_decode"":{},""migrate"":{},""preempt"":{},""prefill_chunk_override"":{},""swap"":{}}",952bd353c79bef75dea529eeb46f1ee1ac61a4efb946ed96403fe542a094c856,,1.0,kv_8000,kv_constrained_online,5066,5.066,19172,0.248908,0,,True,1,0.52325,True,0.141587,,200,0,200,0.411511,,False,1.0,0.005,sustained+high_valid_pressure,0,952bd353c79bef75dea529eeb46f1ee1ac61a4efb946ed96403fe542a094c856,industry_realism_causal_headroom_phase_d_v1.results.0.0,24.238,0.0,azure_2023_conv,phase_d_v1::azure_2023_conv::w044::kv_capacity::kv_8000::step5066,VALID_STRONGLY_CONSTRAINED,1.0,44
0.001953125,kv_capacity,phase_d_v1::azure_2023_conv::w044::kv_capacity::kv_8000::step5066::alt00::f45d6307cb6cd010,COUNTERFACTUAL,"{""admit"":{""0"":[40]},""hold_decode"":{},""migrate"":{},""preempt"":{},""prefill_chunk_override"":{},""swap"":{}}",f45d6307cb6cd010213b08aa2d60eb61645cb664b0fb70a20b881a5b1e94ab54,True,1.0,kv_8000,kv_constrained_online,5066,5.066,19172,0.174348,0,,True,0,0.52325,True,0.140652,5,200,0,200,0.411511,"full_prefill,chunked_prefill_small,estimated_service_time_first,weighted_fair_share,least_laxity_first",False,1.0,0.005,sustained+high_valid_pressure,0,952bd353c79bef75dea529eeb46f1ee1ac61a4efb946ed96403fe542a094c856,industry_realism_causal_headroom_phase_d_v1.results.0.0,24.238,0.0,azure_2023_conv,phase_d_v1::azure_2023_conv::w044::kv_capacity::kv_8000::step5066,VALID_STRONGLY_CONSTRAINED,1.0,44
0.00390625,kv_capacity,phase_d_v1::azure_2023_conv::w044::kv_capacity::kv_8000::step6916::sbs_reference,SBS_REFERENCE,"{""admit"":{},""hold_decode"":{},""migrate"":{},""preempt"":{},""prefill_chunk_override"":{},""swap"":{}}",952bd353c79bef75dea529eeb46f1ee1ac61a4efb946ed96403fe542a094c856,,1.0,kv_8000,kv_constrained_online,6916,6.916,17322,0.160686,0,,True,1,0.4745,True,0.141587,,200,0,200,0.411511,,False,1.0,0.005,sustained+high_valid_pressure,0,952bd353c79bef75dea529eeb46f1ee1ac61a4efb946ed96403fe542a094c856,industry_realism_causal_headroom_phase_d_v1.results.0.0,24.238,0.0,azure_2023_conv,phase_d_v1::azure_2023_conv::w044::kv_capacity::kv_8000::step6916,VALID_STRONGLY_CONSTRAINED,1.0,44
0.00390625,kv_capacity,phase_d_v1::azure_2023_conv::w044::kv_capacity::kv_8000::step6916::alt00::a82007f6fec8355f,COUNTERFACTUAL,"{""admit"":{""0"":[52]},""hold_decode"":{},""migrate"":{},""preempt"":{},""prefill_chunk_override"":{},""swap"":{}}",a82007f6fec8355f021c1c65715f0e48d38e8399df4c66640851c068278f023b,True,1.0,kv_8000,kv_constrained_online,6916,6.916,17322,0.158979,0,,True,0,0.4745,True,0.141192,5,200,0,200,0.411511,"full_prefill,chunked_prefill_small,estimated_service_time_first,weighted_fair_share,least_laxity_first",False,1.0,0.005,sustained+high_valid_pressure,0,952bd353c79bef75dea529eeb46f1ee1ac61a4efb946ed96403fe542a094c856,industry_realism_causal_headroom_phase_d_v1.results.0.0,24.238,0.0,azure_2023_conv,phase_d_v1::azure_2023_conv::w044::kv_capacity::kv_8000::step6916,VALID_STRONGLY_CONSTRAINED,1.0,44
0.00390625,kv_capacity,phase_d_v1::azure_2023_conv::w044::kv_capacity::kv_8000::step9766::sbs_reference,SBS_REFERENCE,"{""admit"":{},""hold_decode"":{},""migrate"":{},""preempt"":{},""prefill_chunk_override"":{},""swap"":{}}",952bd353c79bef75dea529eeb46f1ee1ac61a4efb946ed96403fe542a094c856,,1.0,kv_8000,kv_constrained_online,9766,9.766,14472,0.132381,0,,True,1,0.397125,True,0.141587,,200,0,200,0.411511,,False,1.0,0.005,sustained+high_valid_pressure,0,952bd353c79bef75dea529eeb46f1ee1ac61a4efb946ed96403fe542a094c856,industry_realism_causal_headroom_phase_d_v1.results.0.0,24.238,0.0,azure_2023_conv,phase_d_v1::azure_2023_conv::w044::kv_capacity::kv_8000::step9766,VALID_STRONGLY_CONSTRAINED,1.0,44
0.00390625,kv_capacity,phase_d_v1::azure_2023_conv::w044::kv_capacity::kv_8000::step9766::alt00::72b80ea2d22beb4f,COUNTERFACTUAL,"{""admit"":{""0"":[78]},""hold_decode"":{},""migrate"":{},""preempt"":{},""prefill_chunk_override"":{},""swap"":{}}",72b80ea2d22beb4fb4cbda7c5b263ff61e16a7e3da9367d58e270afc9c2d5c07,True,1.0,kv_8000,kv_constrained_online,9766,9.766,14472,0.131364,0,,True,0,0.397125,True,0.141417,5,200,0,200,0.415364,"full_prefill,chunked_prefill_small,estimated_service_time_first,weighted_fair_share,least_laxity_first",False,1.0,0.005,sustained+high_valid_pressure,0,952bd353c79bef75dea529eeb46f1ee1ac61a4efb946ed96403fe542a094c856,industry_realism_causal_headroom_phase_d_v1.results.0.0,24.238,0.0,azure_2023_conv,phase_d_v1::azure_2023_conv::w044::kv_capacity::kv_8000::step9766,VALID_STRONGLY_CONSTRAINED,1.0,44
0.00390625,kv_capacity,phase_d_v1::azure_2023_conv::w044::kv_capacity::kv_8000::step15922::sbs_reference,SBS_REFERENCE,"{""admit"":{},""hold_decode"":{},""migrate"":{},""preempt"":{},""prefill_chunk_override"":{},""swap"":{}}",952bd353c79bef75dea529eeb46f1ee1ac61a4efb946ed96403fe542a094c856,,1.0,kv_8000,kv_constrained_online,15922,15.922,8316,0.11349,0,,True,1,0.69375,True,0.141587,,200,0,200,0.411511,,False,1.0,0.005,sustained+high_valid_pressure,0,952bd353c79bef75dea529eeb46f1ee1ac61a4efb946ed96403fe542a094c856,industry_realism_causal_headroom_phase_d_v1.results.0.0,24.238,0.0,azure_2023_conv,phase_d_v1::azure_2023_conv::w044::kv_capacity::kv_8000::step15922,VALID_STRONGLY_CONSTRAINED,1.0,44
0.00390625,kv_capacity,phase_d_v1::azure_2023_conv::w044::kv_capacity::kv_8000::step15922::alt00::b8ddbdc3b2e90533,COUNTERFACTUAL,"{""admit"":{""0"":[131]},""hold_decode"":{},""migrate"":{},""preempt"":{},""prefill_chunk_override"":{},""swap"":{}}",b8ddbdc3b2e9053338d8ab6bda6501d653f818e43bdac5737692cfdb8547059b,True,1.0,kv_8000,kv_constrained_online,15922,15.922,8316,0.080949,0,,True,0,0.69375,True,0.141577,5,200,0,200,0.411511,"full_prefill,chunked_prefill_small,estimated_service_time_first,weighted_fair_share,least_laxity_first",False,1.0,0.005,sustained+high_valid_pressure,0,952bd353c79bef75dea529eeb46f1ee1ac61a4efb946ed96403fe542a094c856,industry_realism_causal_headroom_phase_d_v1.results.0.0,24.238,0.0,azure_2023_conv,phase_d_v1::azure_2023_conv::w044::kv_capacity::kv_8000::step15922,VALID_STRONGLY_CONSTRAINED,1.0,44
0.00390625,kv_capacity,phase_d_v1::azure_2023_conv::w048::kv_capacity::kv_8000::step7448::sbs_reference,SBS_REFERENCE,"{""admit"":{},""hold_decode"":{},""migrate"":{},""preempt"":{},""prefill_chunk_override"":{},""swap"":{}}",952bd353c79bef75dea529eeb46f1ee1ac61a4efb946ed96403fe542a094c856,,1.0,kv_8000,kv_constrained_online,7448,7.448,19005,0.166309,0,,True,1,0.68975,True,0.129402,,200,0,200,0.413042,,False,1.0,0.005,sustained+high_valid_pressure,0,952bd353c79bef75dea529eeb46f1ee1ac61a4efb946ed96403fe542a094c856,industry_realism_causal_headroom_phase_d_v1.results.0.0,26.453,0.0,azure_2023_conv,phase_d_v1::azure_2023_conv::w048::kv_capacity::kv_8000::step7448,VALID_STRONGLY_CONSTRAINED,1.0,48
0.00390625,kv_capacity,phase_d_v1::azure_2023_conv::w048::kv_capacity::kv_8000::step7448::alt00::de9d4d31c29db46c,COUNTERFACTUAL,"{""admit"":{""0"":[60]},""hold_decode"":{},""migrate"":{},""preempt"":{},""prefill_chunk_override"":{},""swap"":{}}",de9d4d31c29db46c9f805bc907bf54257c720b910fe89f051daf851172c55f6f,True,1.0,kv_8000,kv_constrained_online,7448,7.448,19005,0.151986,0,,True,0,0.68975,True,0.129127,5,200,0,200,0.413042,"full_prefill,chunked_prefill_small,estimated_service_time_first,weighted_fair_share,least_laxity_first",False,1.0,0.005,sustained+high_valid_pressure,0,952bd353c79bef75dea529eeb46f1ee1ac61a4efb946ed96403fe542a094c856,industry_realism_causal_headroom_phase_d_v1.results.0.0,26.453,0.0,azure_2023_conv,phase_d_v1::azure_2023_conv::w048::kv_capacity::kv_8000::step7448,VALID_STRONGLY_CONSTRAINED,1.0,48
0.00390625,kv_capacity,phase_d_v1::azure_2023_conv::w048::kv_capacity::kv_8000::step7458::sbs_reference,SBS_REFERENCE,"{""admit"":{},""hold_decode"":{},""migrate"":{},""preempt"":{},""prefill_chunk_override"":{},""swap"":{}}",952bd353c79bef75dea529eeb46f1ee1ac61a4efb946ed96403fe542a094c856,,1.0,kv_8000,kv_constrained_online,7458,7.458,18995,0.13952,0,,True,1,0.69225,True,0.129402,,200,0,200,0.413042,,False,1.0,0.005,sustained+high_valid_pressure,0,952bd353c79bef75dea529eeb46f1ee1ac61a4efb946ed96403fe542a094c856,industry_realism_causal_headroom_phase_d_v1.results.0.0,26.453,0.0,azure_2023_conv,phase_d_v1::azure_2023_conv::w048::kv_capacity::kv_8000::step7458,VALID_STRONGLY_CONSTRAINED,1.0,48
0.00390625,kv_capacity,phase_d_v1::azure_2023_conv::w048::kv_capacity::kv_8000::step7458::alt00::de9d4d31c29db46c,COUNTERFACTUAL,"{""admit"":{""0"":[60]},""hold_decode"":{},""migrate"":{},""preempt"":{},""prefill_chunk_override"":{},""swap"":{}}",de9d4d31c29db46c9f805bc907bf54257c720b910fe89f051daf851172c55f6f,True,1.0,kv_8000,kv_constrained_online,7458,7.458,18995,0.262981,0,,True,0,0.69225,True,0.129177,5,200,0,200,0.413042,"full_prefill,chunked_prefill_small,estimated_service_time_first,weighted_fair_share,least_laxity_first",False,1.0,0.005,sustained+high_valid_pressure,0,952bd353c79bef75dea529eeb46f1ee1ac61a4efb946ed96403fe542a094c856,industry_realism_causal_headroom_phase_d_v1.results.0.0,26.453,0.0,azure_2023_conv,phase_d_v1::azure_2023_conv::w048::kv_capacity::kv_8000::step7458,VALID_STRONGLY_CONSTRAINED,1.0,48
0.00390625,kv_capacity,phase_d_v1::azure_2023_conv::w048::kv_capacity::kv_8000::step7488::sbs_reference,SBS_REFERENCE,"{""admit"":{},""hold_decode"":{},""migrate"":{},""preempt"":{},""prefill_chunk_override"":{},""swap"":{}}",952bd353c79bef75dea529eeb46f1ee1ac61a4efb946ed96403fe542a094c856,,1.0,kv_8000,kv_constrained_online,7488,7.488,18965,0.142571,0,,True,1,0.69975,True,0.129402,,200,0,200,0.413042,,False,1.0,0.005,sustained+high_valid_pressure,0,952bd353c79bef75dea529eeb46f1ee1ac61a4efb946ed96403fe542a094c856,industry_realism_causal_headroom_phase_d_v1.results.0.0,26.453,0.0,azure_2023_conv,phase_d_v1::azure_2023_conv::w048::kv_capacity::kv_8000::step7488,VALID_STRONGLY_CONSTRAINED,1.0,48
0.00390625,kv_capacity,phase_d_v1::azure_2023_conv::w048::kv_capacity::kv_8000::step7488::alt00::de9d4d31c29db46c,COUNTERFACTUAL,"{""admit"":{""0"":[60]},""hold_decode"":{},""migrate"":{},""preempt"":{},""prefill_chunk_override"":{},""swap"":{}}",de9d4d31c29db46c9f805bc907bf54257c720b910fe89f051daf851172c55f6f,True,1.0,kv_8000,kv_constrained_online,7488,7.488,18965,0.132312,0,,True,0,0.69975,True,0.129327,5,200,0,200,0.413042,"full_prefill,chunked_prefill_small,estimated_service_time_first,weighted_fair_share,least_laxity_first",False,1.0,0.005,sustained+high_valid_pressure,0,952bd353c79bef75dea529eeb46f1ee1ac61a4efb946ed96403fe542a094c856,industry_realism_causal_headroom_phase_d_v1.results.0.0,26.453,0.0,azure_2023_conv,phase_d_v1::azure_2023_conv::w048::kv_capacity::kv_8000::step7488,VALID_STRONGLY_CONSTRAINED,1.0,48
0.00390625,kv_capacity,phase_d_v1::azure_2023_conv::w048::kv_capacity::kv_8000::step7558::sbs_reference,SBS_REFERENCE,"{""admit"":{},""hold_decode"":{},""migrate"":{},""preempt"":{},""prefill_chunk_override"":{},""swap"":{}}",952bd353c79bef75dea529eeb46f1ee1ac61a4efb946ed96403fe542a094c856,,1.0,kv_8000,kv_constrained_online,7558,7.558,18895,0.134319,0,,True,1,0.71725,True,0.129402,,200,0,200,0.413042,,False,1.0,0.01,sustained+high_valid_pressure,1,952bd353c79bef75dea529eeb46f1ee1ac61a4efb946ed96403fe542a094c856,industry_realism_causal_headroom_phase_d_v1.results.0.0,26.453,0.0,azure_2023_conv,phase_d_v1::azure_2023_conv::w048::kv_capacity::kv_8000::step7558,VALID_STRONGLY_CONSTRAINED,1.0,48
0.00390625,kv_capacity,phase_d_v1::azure_2023_conv::w048::kv_capacity::kv_8000::step7558::alt00::de9d4d31c29db46c,COUNTERFACTUAL,"{""admit"":{""0"":[60]},""hold_decode"":{},""migrate"":{},""preempt"":{},""prefill_chunk_override"":{},""swap"":{}}",de9d4d31c29db46c9f805bc907bf54257c720b910fe89f051daf851172c55f6f,True,1.0,kv_8000,kv_constrained_online,7558,7.558,18895,0.130798,0,,True,0,0.71725,True,0.129677,5,200,0,200,0.413042,"full_prefill,chunked_prefill_small,estimated_service_time_first,weighted_fair_share,least_laxity_first",False,1.0,0.01,sustained+high_valid_pressure,1,952bd353c79bef75dea529eeb46f1ee1ac61a4efb946ed96403fe542a094c856,industry_realism_causal_headroom_phase_d_v1.results.0.0,26.453,0.0,azure_2023_conv,phase_d_v1::azure_2023_conv::w048::kv_capacity::kv_8000::step7558,VALID_STRONGLY_CONSTRAINED,1.0,48
0.005859375,kv_capacity,phase_d_v1::azure_2023_conv::w052::kv_capacity::kv_8000::step6522::sbs_reference,SBS_REFERENCE,"{""admit"":{},""hold_decode"":{},""migrate"":{},""preempt"":{},""prefill_chunk_override"":{},""swap"":{}}",952bd353c79bef75dea529eeb46f1ee1ac61a4efb946ed96403fe542a094c856,,1.0,kv_8000,kv_constrained_online,6522,6.522,18266,0.183319,0,,True,1,0.365625,True,0.136164,,200,0,200,0.428987,,False,1.0,0.005,sustained+high_valid_pressure,0,952bd353c79bef75dea529eeb46f1ee1ac61a4efb946ed96403fe542a094c856,industry_realism_causal_headroom_phase_d_v1.results.0.0,24.788,0.0,azure_2023_conv,phase_d_v1::azure_2023_conv::w052::kv_capacity::kv_8000::step6522,VALID_STRONGLY_CONSTRAINED,1.0,52
0.005859375,kv_capacity,phase_d_v1::azure_2023_conv::w052::kv_capacity::kv_8000::step6522::alt00::de9d4d31c29db46c,COUNTERFACTUAL,"{""admit"":{""0"":[60]},""hold_decode"":{},""migrate"":{},""preempt"":{},""prefill_chunk_override"":{},""swap"":{}}",de9d4d31c29db46c9f805bc907bf54257c720b910fe89f051daf851172c55f6f,True,1.0,kv_8000,kv_constrained_online,6522,6.522,18266,0.144463,0,,True,0,0.365625,True,0.135354,5,200,0,200,0.428987,"full_prefill,chunked_prefill_small,estimated_service_time_first,weighted_fair_share,least_laxity_first",False,1.0,0.005,sustained+high_valid_pressure,0,952bd353c79bef75dea529eeb46f1ee1ac61a4efb946ed96403fe542a094c856,industry_realism_causal_headroom_phase_d_v1.results.0.0,24.788,0.0,azure_2023_conv,phase_d_v1::azure_2023_conv::w052::kv_capacity::kv_8000::step6522,VALID_STRONGLY_CONSTRAINED,1.0,52
0.00390625,kv_capacity,phase_d_v1::azure_2023_conv::w052::kv_capacity::kv_8000::step6576::sbs_reference,SBS_REFERENCE,"{""admit"":{},""hold_decode"":{},""migrate"":{},""preempt"":{},""prefill_chunk_override"":{},""swap"":{}}",952bd353c79bef75dea529eeb46f1ee1ac61a4efb946ed96403fe542a094c856,,1.0,kv_8000,kv_constrained_online,6576,6.5760000000000005,18212,0.144759,0,,True,1,0.322625,True,0.136164,,200,0,200,0.428987,,False,1.0,0.005,sustained+high_valid_pressure,0,952bd353c79bef75dea529eeb46f1ee1ac61a4efb946ed96403fe542a094c856,industry_realism_causal_headroom_phase_d_v1.results.0.0,24.788,0.0,azure_2023_conv,phase_d_v1::azure_2023_conv::w052::kv_capacity::kv_8000::step6576,VALID_STRONGLY_CONSTRAINED,1.0,52
0.00390625,kv_capacity,phase_d_v1::azure_2023_conv::w052::kv_capacity::kv_8000::step6576::alt00::de9d4d31c29db46c,COUNTERFACTUAL,"{""admit"":{""0"":[60]},""hold_decode"":{},""migrate"":{},""preempt"":{},""prefill_chunk_override"":{},""swap"":{}}",de9d4d31c29db46c9f805bc907bf54257c720b910fe89f051daf851172c55f6f,True,1.0,kv_8000,kv_constrained_online,6576,6.5760000000000005,18212,0.144179,0,,True,0,0.322625,True,0.135624,5,200,0,200,0.428987,"full_prefill,chunked_prefill_small,estimated_service_time_first,weighted_fair_share,least_laxity_first",False,1.0,0.005,sustained+high_valid_pressure,0,952bd353c79bef75dea529eeb46f1ee1ac61a4efb946ed96403fe542a094c856,industry_realism_causal_headroom_phase_d_v1.results.0.0,24.788,0.0,azure_2023_conv,phase_d_v1::azure_2023_conv::w052::kv_capacity::kv_8000::step6576,VALID_STRONGLY_CONSTRAINED,1.0,52
0.00390625,kv_capacity,phase_d_v1::azure_2023_conv::w052::kv_capacity::kv_8000::step6598::sbs_reference,SBS_REFERENCE,"{""admit"":{},""hold_decode"":{},""migrate"":{},""preempt"":{},""prefill_chunk_override"":{},""swap"":{}}",952bd353c79bef75dea529eeb46f1ee1ac61a4efb946ed96403fe542a094c856,,1.0,kv_8000,kv_constrained_online,6598,6.598,18190,0.143784,0,,True,1,0.328125,True,0.136164,,200,0,200,0.428987,,False,1.0,0.005,sustained+high_valid_pressure,0,952bd353c79bef75dea529eeb46f1ee1ac61a4efb946ed96403fe542a094c856,industry_realism_causal_headroom_phase_d_v1.results.0.0,24.788,0.0,azure_2023_conv,phase_d_v1::azure_2023_conv::w052::kv_capacity::kv_8000::step6598,VALID_STRONGLY_CONSTRAINED,1.0,52
0.00390625,kv_capacity,phase_d_v1::azure_2023_conv::w052::kv_capacity::kv_8000::step6598::alt00::de9d4d31c29db46c,COUNTERFACTUAL,"{""admit"":{""0"":[60]},""hold_decode"":{},""migrate"":{},""preempt"":{},""prefill_chunk_override"":{},""swap"":{}}",de9d4d31c29db46c9f805bc907bf54257c720b910fe89f051daf851172c55f6f,True,1.0,kv_8000,kv_constrained_online,6598,6.598,18190,0.14307,0,,True,0,0.328125,True,0.135734,5,200,0,200,0.428987,"full_prefill,chunked_prefill_small,estimated_service_time_first,weighted_fair_share,least_laxity_first",False,1.0,0.005,sustained+high_valid_pressure,0,952bd353c79bef75dea529eeb46f1ee1ac61a4efb946ed96403fe542a094c856,industry_realism_causal_headroom_phase_d_v1.results.0.0,24.788,0.0,azure_2023_conv,phase_d_v1::azure_2023_conv::w052::kv_capacity::kv_8000::step6598,VALID_STRONGLY_CONSTRAINED,1.0,52
0.009765625,kv_capacity,phase_d_v1::azure_2023_conv::w052::kv_capacity::kv_8000::step24469::sbs_reference,SBS_REFERENCE,"{""admit"":{},""hold_decode"":{},""migrate"":{},""preempt"":{},""prefill_chunk_override"":{},""swap"":{}}",952bd353c79bef75dea529eeb46f1ee1ac61a4efb946ed96403fe542a094c856,,1.0,kv_8000,kv_constrained_online,24469,24.469,319,0.005096,0,,True,1,0.46925,True,0.136164,,200,0,200,0.428987,,False,1.0,0.005,sustained+high_valid_pressure,0,952bd353c79bef75dea529eeb46f1ee1ac61a4efb946ed96403fe542a094c856,industry_realism_causal_headroom_phase_d_v1.results.0.0,24.788,0.0,azure_2023_conv,phase_d_v1::azure_2023_conv::w052::kv_capacity::kv_8000::step24469,VALID_STRONGLY_CONSTRAINED,1.0,52
0.009765625,kv_capacity,phase_d_v1::azure_2023_conv::w052::kv_capacity::kv_8000::step24469::alt00::066126f938a45645,COUNTERFACTUAL,"{""admit"":{""0"":[195]},""hold_decode"":{},""migrate"":{},""preempt"":{},""prefill_chunk_override"":{},""swap"":{}}",066126f938a456457b9da6c30ea504a851061287d9ecf354e9da9001bbbcf98f,True,1.0,kv_8000,kv_constrained_online,24469,24.469,294,0.004282,0,,True,0,0.46925,True,0.135249,5,200,0,200,0.42699,"full_prefill,chunked_prefill_small,estimated_service_time_first,weighted_fair_share,least_laxity_first",False,1.0,0.005,sustained+high_valid_pressure,0,952bd353c79bef75dea529eeb46f1ee1ac61a4efb946ed96403fe542a094c856,industry_realism_causal_headroom_phase_d_v1.results.0.0,24.763,0.0,azure_2023_conv,phase_d_v1::azure_2023_conv::w052::kv_capacity::kv_8000::step24469,VALID_STRONGLY_CONSTRAINED,1.0,52
0.00390625,kv_capacity,phase_d_v1::azure_2023_conv::w052::kv_capacity::kv_8000::step24686::sbs_reference,SBS_REFERENCE,"{""admit"":{},""hold_decode"":{},""migrate"":{},""preempt"":{},""prefill_chunk_override"":{},""swap"":{}}",952bd353c79bef75dea529eeb46f1ee1ac61a4efb946ed96403fe542a094c856,,1.0,kv_8000,kv_constrained_online,24686,24.686,102,0.00144,0,,True,1,0.35275,True,0.136164,,200,0,200,0.428987,,False,1.0,0.005,sustained+high_valid_pressure,0,952bd353c79bef75dea529eeb46f1ee1ac61a4efb946ed96403fe542a094c856,industry_realism_causal_headroom_phase_d_v1.results.0.0,24.788,0.0,azure_2023_conv,phase_d_v1::azure_2023_conv::w052::kv_capacity::kv_8000::step24686,VALID_STRONGLY_CONSTRAINED,1.0,52
0.00390625,kv_capacity,phase_d_v1::azure_2023_conv::w052::kv_capacity::kv_8000::step24686::alt00::066126f938a45645,COUNTERFACTUAL,"{""admit"":{""0"":[195]},""hold_decode"":{},""migrate"":{},""preempt"":{},""prefill_chunk_override"":{},""swap"":{}}",066126f938a456457b9da6c30ea504a851061287d9ecf354e9da9001bbbcf98f,True,1.0,kv_8000,kv_constrained_online,24686,24.686,77,0.001065,0,,True,0,0.35275,True,0.135959,5,200,0,200,0.42699,"full_prefill,chunked_prefill_small,estimated_service_time_first,weighted_fair_share,least_laxity_first",False,1.0,0.005,sustained+high_valid_pressure,0,952bd353c79bef75dea529eeb46f1ee1ac61a4efb946ed96403fe542a094c856,industry_realism_causal_headroom_phase_d_v1.results.0.0,24.763,0.0,azure_2023_conv,phase_d_v1::azure_2023_conv::w052::kv_capacity::kv_8000::step24686,VALID_STRONGLY_CONSTRAINED,1.0,52
0.00390625,kv_capacity,phase_d_v1::azure_2023_conv::w056::kv_capacity::kv_8000::step1310::sbs_reference,SBS_REFERENCE,"{""admit"":{},""hold_decode"":{},""migrate"":{},""preempt"":{},""prefill_chunk_override"":{},""swap"":{}}",952bd353c79bef75dea529eeb46f1ee1ac61a4efb946ed96403fe542a094c856,,1.0,kv_8000,kv_constrained_online,1310,1.31,25701,0.192732,0,,True,1,0.3495,True,0.135726,,200,0,200,0.430292,,False,1.0,0.005,sustained+high_valid_pressure,0,952bd353c79bef75dea529eeb46f1ee1ac61a4efb946ed96403fe542a094c856,industry_realism_causal_headroom_phase_d_v1.results.0.0,27.011,0.0,azure_2023_conv,phase_d_v1::azure_2023_conv::w056::kv_capacity::kv_8000::step1310,VALID_STRONGLY_CONSTRAINED,1.0,56
0.00390625,kv_capacity,phase_d_v1::azure_2023_conv::w056::kv_capacity::kv_8000::step1310::alt00::cf89f45bff9798b4,COUNTERFACTUAL,"{""admit"":{""0"":[12]},""hold_decode"":{},""migrate"":{},""preempt"":{},""prefill_chunk_override"":{},""swap"":{}}",cf89f45bff9798b48e5182e49b23fe64baabd92045a40545908b7f25467061bb,True,1.0,kv_8000,kv_constrained_online,1310,1.31,25701,0.223062,0,,True,0,0.3495,True,0.135581,5,200,0,200,0.430292,"full_prefill,chunked_prefill_small,estimated_service_time_first,weighted_fair_share,least_laxity_first",False,1.0,0.005,sustained+high_valid_pressure,0,952bd353c79bef75dea529eeb46f1ee1ac61a4efb946ed96403fe542a094c856,industry_realism_causal_headroom_phase_d_v1.results.0.0,27.011,0.0,azure_2023_conv,phase_d_v1::azure_2023_conv::w056::kv_capacity::kv_8000::step1310,VALID_STRONGLY_CONSTRAINED,1.0,56
0.00390625,kv_capacity,phase_d_v1::azure_2023_conv::w056::kv_capacity::kv_8000::step1311::sbs_reference,SBS_REFERENCE,"{""admit"":{},""hold_decode"":{},""migrate"":{},""preempt"":{},""prefill_chunk_override"":{},""swap"":{}}",952bd353c79bef75dea529eeb46f1ee1ac61a4efb946ed96403fe542a094c856,,1.0,kv_8000,kv_constrained_online,1311,1.311,25700,0.19088,0,,True,1,0.34975,True,0.135726,,200,0,200,0.430292,,False,1.0,0.005,sustained+high_valid_pressure,0,952bd353c79bef75dea529eeb46f1ee1ac61a4efb946ed96403fe542a094c856,industry_realism_causal_headroom_phase_d_v1.results.0.0,27.011,0.0,azure_2023_conv,phase_d_v1::azure_2023_conv::w056::kv_capacity::kv_8000::step1311,VALID_STRONGLY_CONSTRAINED,1.0,56
0.00390625,kv_capacity,phase_d_v1::azure_2023_conv::w056::kv_capacity::kv_8000::step1311::alt00::cf89f45bff9798b4,COUNTERFACTUAL,"{""admit"":{""0"":[12]},""hold_decode"":{},""migrate"":{},""preempt"":{},""prefill_chunk_override"":{},""swap"":{}}",cf89f45bff9798b48e5182e49b23fe64baabd92045a40545908b7f25467061bb,True,1.0,kv_8000,kv_constrained_online,1311,1.311,25700,0.190817,0,,True,0,0.34975,True,0.135591,5,200,0,200,0.430292,"full_prefill,chunked_prefill_small,estimated_service_time_first,weighted_fair_share,least_laxity_first",False,1.0,0.005,sustained+high_valid_pressure,0,952bd353c79bef75dea529eeb46f1ee1ac61a4efb946ed96403fe542a094c856,industry_realism_causal_headroom_phase_d_v1.results.0.0,27.011,0.0,azure_2023_conv,phase_d_v1::azure_2023_conv::w056::kv_capacity::kv_8000::step1311,VALID_STRONGLY_CONSTRAINED,1.0,56
0.00390625,kv_capacity,phase_d_v1::azure_2023_conv::w056::kv_capacity::kv_8000::step16764::sbs_reference,SBS_REFERENCE,"{""admit"":{},""hold_decode"":{},""migrate"":{},""preempt"":{},""prefill_chunk_override"":{},""swap"":{}}",952bd353c79bef75dea529eeb46f1ee1ac61a4efb946ed96403fe542a094c856,,1.0,kv_8000,kv_constrained_online,16764,16.764,10247,0.083682,0,,True,1,0.3215,True,0.135726,,200,0,200,0.430292,,False,1.0,0.005,sustained+high_valid_pressure,0,952bd353c79bef75dea529eeb46f1ee1ac61a4efb946ed96403fe542a094c856,industry_realism_causal_headroom_phase_d_v1.results.0.0,27.011,0.0,azure_2023_conv,phase_d_v1::azure_2023_conv::w056::kv_capacity::kv_8000::step16764,VALID_STRONGLY_CONSTRAINED,1.0,56
0.00390625,kv_capacity,phase_d_v1::azure_2023_conv::w056::kv_capacity::kv_8000::step16764::alt00::e64086d78d0929dc,COUNTERFACTUAL,"{""admit"":{""0"":[132]},""hold_decode"":{},""migrate"":{},""preempt"":{},""prefill_chunk_override"":{},""swap"":{}}",e64086d78d0929dcafc143026509e1f42b06e74354cdd34930cf4e2ea0aa9f0c,True,1.0,kv_8000,kv_constrained_online,16764,16.764,10247,0.086893,0,,True,0,0.3215,True,0.134191,5,200,0,200,0.430292,"full_prefill,chunked_prefill_small,estimated_service_time_first,weighted_fair_share,least_laxity_first",False,1.0,0.005,sustained+high_valid_pressure,0,952bd353c79bef75dea529eeb46f1ee1ac61a4efb946ed96403fe542a094c856,industry_realism_causal_headroom_phase_d_v1.results.0.0,27.011,0.0,azure_2023_conv,phase_d_v1::azure_2023_conv::w056::kv_capacity::kv_8000::step16764,VALID_STRONGLY_CONSTRAINED,1.0,56
0.005859375,kv_capacity,phase_d_v1::azure_2023_conv::w056::kv_capacity::kv_8000::step16913::sbs_reference,SBS_REFERENCE,"{""admit"":{},""hold_decode"":{},""migrate"":{},""preempt"":{},""prefill_chunk_override"":{},""swap"":{}}",952bd353c79bef75dea529eeb46f1ee1ac61a4efb946ed96403fe542a094c856,,1.0,kv_8000,kv_constrained_online,16913,16.913,10098,0.098632,0,,True,1,0.41425,True,0.135726,,200,0,200,0.430292,,False,1.0,0.005,sustained+high_valid_pressure,0,952bd353c79bef75dea529eeb46f1ee1ac61a4efb946ed96403fe542a094c856,industry_realism_causal_headroom_phase_d_v1.results.0.0,27.011,0.0,azure_2023_conv,phase_d_v1::azure_2023_conv::w056::kv_capacity::kv_8000::step16913,VALID_STRONGLY_CONSTRAINED,1.0,56
0.005859375,kv_capacity,phase_d_v1::azure_2023_conv::w056::kv_capacity::kv_8000::step16913::alt00::e64086d78d0929dc,COUNTERFACTUAL,"{""admit"":{""0"":[132]},""hold_decode"":{},""migrate"":{},""preempt"":{},""prefill_chunk_override"":{},""swap"":{}}",e64086d78d0929dcafc143026509e1f42b06e74354cdd34930cf4e2ea0aa9f0c,True,1.0,kv_8000,kv_constrained_online,16913,16.913,10098,0.119226,0,,True,0,0.41425,True,0.134976,5,200,0,200,0.430292,"full_prefill,chunked_prefill_small,estimated_service_time_first,weighted_fair_share,least_laxity_first",False,1.0,0.005,sustained+high_valid_pressure,0,952bd353c79bef75dea529eeb46f1ee1ac61a4efb946ed96403fe542a094c856,industry_realism_causal_headroom_phase_d_v1.results.0.0,27.011,0.0,azure_2023_conv,phase_d_v1::azure_2023_conv::w056::kv_capacity::kv_8000::step16913,VALID_STRONGLY_CONSTRAINED,1.0,56
0.00390625,kv_capacity,phase_d_v1::azure_2023_conv::w056::kv_capacity::kv_8000::step17018::sbs_reference,SBS_REFERENCE,"{""admit"":{},""hold_decode"":{},""migrate"":{},""preempt"":{},""prefill_chunk_override"":{},""swap"":{}}",952bd353c79bef75dea529eeb46f1ee1ac61a4efb946ed96403fe542a094c856,,1.0,kv_8000,kv_constrained_online,17018,17.018,9993,0.078014,0,,True,1,0.385,True,0.135726,,200,0,200,0.430292,,False,1.0,0.005,sustained+high_valid_pressure,0,952bd353c79bef75dea529eeb46f1ee1ac61a4efb946ed96403fe542a094c856,industry_realism_causal_headroom_phase_d_v1.results.0.0,27.011,0.0,azure_2023_conv,phase_d_v1::azure_2023_conv::w056::kv_capacity::kv_8000::step17018,VALID_STRONGLY_CONSTRAINED,1.0,56
0.00390625,kv_capacity,phase_d_v1::azure_2023_conv::w056::kv_capacity::kv_8000::step17018::alt00::e64086d78d0929dc,COUNTERFACTUAL,"{""admit"":{""0"":[132]},""hold_decode"":{},""migrate"":{},""preempt"":{},""prefill_chunk_override"":{},""swap"":{}}",e64086d78d0929dcafc143026509e1f42b06e74354cdd34930cf4e2ea0aa9f0c,True,1.0,kv_8000,kv_constrained_online,17018,17.018,9993,0.079701,0,,True,0,0.385,True,0.135606,5,200,0,200,0.430292,"full_prefill,chunked_prefill_small,estimated_service_time_first,weighted_fair_share,least_laxity_first",False,1.0,0.005,sustained+high_valid_pressure,0,952bd353c79bef75dea529eeb46f1ee1ac61a4efb946ed96403fe542a094c856,industry_realism_causal_headroom_phase_d_v1.results.0.0,27.011,0.0,azure_2023_conv,phase_d_v1::azure_2023_conv::w056::kv_capacity::kv_8000::step17018,VALID_STRONGLY_CONSTRAINED,1.0,56
0.009765625,kv_capacity,phase_d_v1::azure_2023_conv::w076::kv_capacity::kv_8000::step2479::sbs_reference,SBS_REFERENCE,"{""admit"":{},""hold_decode"":{},""migrate"":{},""preempt"":{},""prefill_chunk_override"":{},""swap"":{}}",952bd353c79bef75dea529eeb46f1ee1ac61a4efb946ed96403fe542a094c856,,1.0,kv_8000,kv_constrained_online,2479,2.479,29604,0.263422,0,,True,1,0.778625,True,0.229075,,200,0,200,0.500808,,False,1.0,0.005,sustained+high_valid_pressure,0,952bd353c79bef75dea529eeb46f1ee1ac61a4efb946ed96403fe542a094c856,industry_realism_causal_headroom_phase_d_v1.results.0.0,32.083,0.0,azure_2023_conv,phase_d_v1::azure_2023_conv::w076::kv_capacity::kv_8000::step2479,VALID_STRONGLY_CONSTRAINED,1.0,76
0.009765625,kv_capacity,phase_d_v1::azure_2023_conv::w076::kv_capacity::kv_8000::step2479::alt00::0ed16eb1598a87e6,COUNTERFACTUAL,"{""admit"":{""0"":[18]},""hold_decode"":{},""migrate"":{},""preempt"":{},""prefill_chunk_override"":{},""swap"":{}}",0ed16eb1598a87e6a56577c4617a26a3165a4643f8558e8dd38332c0066aae8b,True,1.0,kv_8000,kv_constrained_online,2479,2.479,29604,0.285158,0,,True,0,0.778625,True,0.229035,5,200,0,200,0.500808,"full_prefill,chunked_prefill_small,estimated_service_time_first,weighted_fair_share,least_laxity_first",False,1.0,0.005,sustained+high_valid_pressure,0,952bd353c79bef75dea529eeb46f1ee1ac61a4efb946ed96403fe542a094c856,industry_realism_causal_headroom_phase_d_v1.results.0.0,32.083,0.0,azure_2023_conv,phase_d_v1::azure_2023_conv::w076::kv_capacity::kv_8000::step2479,VALID_STRONGLY_CONSTRAINED,1.0,76
0.00390625,kv_capacity,phase_d_v1::azure_2023_conv::w076::kv_capacity::kv_8000::step4918::sbs_reference,SBS_REFERENCE,"{""admit"":{},""hold_decode"":{},""migrate"":{},""preempt"":{},""prefill_chunk_override"":{},""swap"":{}}",952bd353c79bef75dea529eeb46f1ee1ac61a4efb946ed96403fe542a094c856,,1.0,kv_8000,kv_constrained_online,4918,4.918,27165,0.227822,0,,True,1,0.29,True,0.229075,,200,0,200,0.500808,,False,1.0,0.005,sustained+high_valid_pressure,0,952bd353c79bef75dea529eeb46f1ee1ac61a4efb946ed96403fe542a094c856,industry_realism_causal_headroom_phase_d_v1.results.0.0,32.083,0.0,azure_2023_conv,phase_d_v1::azure_2023_conv::w076::kv_capacity::kv_8000::step4918,VALID_STRONGLY_CONSTRAINED,1.0,76
0.00390625,kv_capacity,phase_d_v1::azure_2023_conv::w076::kv_capacity::kv_8000::step4918::alt00::f45d6307cb6cd010,COUNTERFACTUAL,"{""admit"":{""0"":[40]},""hold_decode"":{},""migrate"":{},""preempt"":{},""prefill_chunk_override"":{},""swap"":{}}",f45d6307cb6cd010213b08aa2d60eb61645cb664b0fb70a20b881a5b1e94ab54,True,1.0,kv_8000,kv_constrained_online,4918,4.918,27165,0.238162,0,,True,0,0.29,True,0.22554,5,200,0,200,0.491326,"full_prefill,chunked_prefill_small,estimated_service_time_first,weighted_fair_share,least_laxity_first",False,1.0,0.005,sustained+high_valid_pressure,0,952bd353c79bef75dea529eeb46f1ee1ac61a4efb946ed96403fe542a094c856,industry_realism_causal_headroom_phase_d_v1.results.0.0,32.083,0.0,azure_2023_conv,phase_d_v1::azure_2023_conv::w076::kv_capacity::kv_8000::step4918,VALID_STRONGLY_CONSTRAINED,1.0,76
0.00390625,kv_capacity,phase_d_v1::azure_2023_conv::w076::kv_capacity::kv_8000::step4935::sbs_reference,SBS_REFERENCE,"{""admit"":{},""hold_decode"":{},""migrate"":{},""preempt"":{},""prefill_chunk_override"":{},""swap"":{}}",952bd353c79bef75dea529eeb46f1ee1ac61a4efb946ed96403fe542a094c856,,1.0,kv_8000,kv_constrained_online,4935,4.9350000000000005,27148,0.319978,0,,True,1,0.29425,True,0.229075,,200,0,200,0.500808,,False,1.0,0.005,sustained+high_valid_pressure,0,952bd353c79bef75dea529eeb46f1ee1ac61a4efb946ed96403fe542a094c856,industry_realism_causal_headroom_phase_d_v1.results.0.0,32.083,0.0,azure_2023_conv,phase_d_v1::azure_2023_conv::w076::kv_capacity::kv_8000::step4935,VALID_STRONGLY_CONSTRAINED,1.0,76
0.00390625,kv_capacity,phase_d_v1::azure_2023_conv::w076::kv_capacity::kv_8000::step4935::alt00::f45d6307cb6cd010,COUNTERFACTUAL,"{""admit"":{""0"":[40]},""hold_decode"":{},""migrate"":{},""preempt"":{},""prefill_chunk_override"":{},""swap"":{}}",f45d6307cb6cd010213b08aa2d60eb61645cb664b0fb70a20b881a5b1e94ab54,True,1.0,kv_8000,kv_constrained_online,4935,4.9350000000000005,27148,0.251358,0,,True,0,0.29425,True,0.22571,5,200,0,200,0.491326,"full_prefill,chunked_prefill_small,estimated_service_time_first,weighted_fair_share,least_laxity_first",False,1.0,0.005,sustained+high_valid_pressure,0,952bd353c79bef75dea529eeb46f1ee1ac61a4efb946ed96403fe542a094c856,industry_realism_causal_headroom_phase_d_v1.results.0.0,32.083,0.0,azure_2023_conv,phase_d_v1::azure_2023_conv::w076::kv_capacity::kv_8000::step4935,VALID_STRONGLY_CONSTRAINED,1.0,76
0.001953125,kv_capacity,phase_d_v1::azure_2023_conv::w076::kv_capacity::kv_8000::step5344::sbs_reference,SBS_REFERENCE,"{""admit"":{},""hold_decode"":{},""migrate"":{},""preempt"":{},""prefill_chunk_override"":{},""swap"":{}}",952bd353c79bef75dea529eeb46f1ee1ac61a4efb946ed96403fe542a094c856,,1.0,kv_8000,kv_constrained_online,5344,5.344,26739,0.22465,0,,True,1,0.159875,True,0.229075,,200,0,200,0.500808,,False,1.0,0.005,sustained+high_valid_pressure,0,952bd353c79bef75dea529eeb46f1ee1ac61a4efb946ed96403fe542a094c856,industry_realism_causal_headroom_phase_d_v1.results.0.0,32.083,0.0,azure_2023_conv,phase_d_v1::azure_2023_conv::w076::kv_capacity::kv_8000::step5344,VALID_STRONGLY_CONSTRAINED,1.0,76
0.001953125,kv_capacity,phase_d_v1::azure_2023_conv::w076::kv_capacity::kv_8000::step5344::alt00::f45d6307cb6cd010,COUNTERFACTUAL,"{""admit"":{""0"":[40]},""hold_decode"":{},""migrate"":{},""preempt"":{},""prefill_chunk_override"":{},""swap"":{}}",f45d6307cb6cd010213b08aa2d60eb61645cb664b0fb70a20b881a5b1e94ab54,True,1.0,kv_8000,kv_constrained_online,5344,5.344,26739,0.264316,0,,True,0,0.159875,True,0.22807,5,200,0,200,0.500808,"full_prefill,chunked_prefill_small,estimated_service_time_first,weighted_fair_share,least_laxity_first",False,1.0,0.005,sustained+high_valid_pressure,0,952bd353c79bef75dea529eeb46f1ee1ac61a4efb946ed96403fe542a094c856,industry_realism_causal_headroom_phase_d_v1.results.0.0,32.083,0.0,azure_2023_conv,phase_d_v1::azure_2023_conv::w076::kv_capacity::kv_8000::step5344,VALID_STRONGLY_CONSTRAINED,1.0,76
0.00390625,kv_capacity,phase_d_v1::azure_2023_conv::w076::kv_capacity::kv_8000::step5396::sbs_reference,SBS_REFERENCE,"{""admit"":{""0"":[46]},""hold_decode"":{},""migrate"":{},""preempt"":{},""prefill_chunk_override"":{},""swap"":{}}",300e035752a9ec7cb2bf3d301f341fddd21dc6e467b35aafcdc2175458018510,,1.0,kv_8000,kv_constrained_online,5396,5.396,26687,0.222257,0,,True,1,0.258375,True,0.229075,,200,0,200,0.500808,,False,1.0,0.01,sustained+high_valid_pressure,1,300e035752a9ec7cb2bf3d301f341fddd21dc6e467b35aafcdc2175458018510,industry_realism_causal_headroom_phase_d_v1.results.0.0,32.083,0.0,azure_2023_conv,phase_d_v1::azure_2023_conv::w076::kv_capacity::kv_8000::step5396,VALID_STRONGLY_CONSTRAINED,1.0,76
0.00390625,kv_capacity,phase_d_v1::azure_2023_conv::w076::kv_capacity::kv_8000::step5396::alt00::f45d6307cb6cd010,COUNTERFACTUAL,"{""admit"":{""0"":[40]},""hold_decode"":{},""migrate"":{},""preempt"":{},""prefill_chunk_override"":{},""swap"":{}}",f45d6307cb6cd010213b08aa2d60eb61645cb664b0fb70a20b881a5b1e94ab54,True,1.0,kv_8000,kv_constrained_online,5396,5.396,26687,0.238901,0,,True,0,0.258375,True,0.22782,3,200,0,200,0.500808,"full_prefill,chunked_prefill_small,least_laxity_first",False,1.0,0.01,sustained+high_valid_pressure,1,300e035752a9ec7cb2bf3d301f341fddd21dc6e467b35aafcdc2175458018510,industry_realism_causal_headroom_phase_d_v1.results.0.0,32.083,0.0,azure_2023_conv,phase_d_v1::azure_2023_conv::w076::kv_capacity::kv_8000::step5396,VALID_STRONGLY_CONSTRAINED,1.0,76
0.001953125,kv_capacity,phase_d_v1::azure_2023_conv::w076::kv_capacity::kv_8000::step5607::sbs_reference,SBS_REFERENCE,"{""admit"":{},""hold_decode"":{},""migrate"":{},""preempt"":{},""prefill_chunk_override"":{},""swap"":{}}",952bd353c79bef75dea529eeb46f1ee1ac61a4efb946ed96403fe542a094c856,,1.0,kv_8000,kv_constrained_online,5607,5.607,26476,0.225092,0,,True,1,0.19275,True,0.229075,,200,0,200,0.500808,,False,1.0,0.005,sustained+high_valid_pressure,0,952bd353c79bef75dea529eeb46f1ee1ac61a4efb946ed96403fe542a094c856,industry_realism_causal_headroom_phase_d_v1.results.0.0,32.083,0.0,azure_2023_conv,phase_d_v1::azure_2023_conv::w076::kv_capacity::kv_8000::step5607,VALID_STRONGLY_CONSTRAINED,1.0,76
0.001953125,kv_capacity,phase_d_v1::azure_2023_conv::w076::kv_capacity::kv_8000::step5607::alt00::f45d6307cb6cd010,COUNTERFACTUAL,"{""admit"":{""0"":[40]},""hold_decode"":{},""migrate"":{},""preempt"":{},""prefill_chunk_override"":{},""swap"":{}}",f45d6307cb6cd010213b08aa2d60eb61645cb664b0fb70a20b881a5b1e94ab54,True,1.0,kv_8000,kv_constrained_online,5607,5.607,26476,0.222233,0,,True,0,0.19275,True,0.22877,5,200,0,200,0.500808,"full_prefill,chunked_prefill_small,estimated_service_time_first,weighted_fair_share,least_laxity_first",False,1.0,0.005,sustained+high_valid_pressure,0,952bd353c79bef75dea529eeb46f1ee1ac61a4efb946ed96403fe542a094c856,industry_realism_causal_headroom_phase_d_v1.results.0.0,32.083,0.0,azure_2023_conv,phase_d_v1::azure_2023_conv::w076::kv_capacity::kv_8000::step5607,VALID_STRONGLY_CONSTRAINED,1.0,76
0.00390625,kv_capacity,phase_d_v1::azure_2023_conv::w076::kv_capacity::kv_8000::step14496::sbs_reference,SBS_REFERENCE,"{""admit"":{},""hold_decode"":{},""migrate"":{},""preempt"":{},""prefill_chunk_override"":{},""swap"":{}}",952bd353c79bef75dea529eeb46f1ee1ac61a4efb946ed96403fe542a094c856,,1.0,kv_8000,kv_constrained_online,14496,14.496,17587,0.144518,0,,True,1,0.765625,True,0.229075,,200,0,200,0.500808,,False,1.0,0.01,sustained+high_valid_pressure,0,952bd353c79bef75dea529eeb46f1ee1ac61a4efb946ed96403fe542a094c856,industry_realism_causal_headroom_phase_d_v1.results.0.0,32.083,0.0,azure_2023_conv,phase_d_v1::azure_2023_conv::w076::kv_capacity::kv_8000::step14496,VALID_STRONGLY_CONSTRAINED,1.0,76
0.00390625,kv_capacity,phase_d_v1::azure_2023_conv::w076::kv_capacity::kv_8000::step14496::alt00::e7917086f32372d2,COUNTERFACTUAL,"{""admit"":{""0"":[96,97]},""hold_decode"":{},""migrate"":{},""preempt"":{},""prefill_chunk_override"":{},""swap"":{}}",e7917086f32372d2182f829dbe86d76a45ef398a7f0e74782840a485c4469c5f,True,1.0,kv_8000,kv_constrained_online,14496,14.496,17587,0.144974,0,,True,0,0.765625,True,0.22852,5,200,0,200,0.500808,"full_prefill,chunked_prefill_small,estimated_service_time_first,weighted_fair_share,least_laxity_first",False,1.0,0.01,sustained+high_valid_pressure,0,952bd353c79bef75dea529eeb46f1ee1ac61a4efb946ed96403fe542a094c856,industry_realism_causal_headroom_phase_d_v1.results.0.0,32.083,0.0,azure_2023_conv,phase_d_v1::azure_2023_conv::w076::kv_capacity::kv_8000::step14496,VALID_STRONGLY_CONSTRAINED,1.0,76
0.00390625,kv_capacity,phase_d_v1::azure_2023_conv::w076::kv_capacity::kv_8000::step22337::sbs_reference,SBS_REFERENCE,"{""admit"":{},""hold_decode"":{},""migrate"":{},""preempt"":{},""prefill_chunk_override"":{},""swap"":{}}",952bd353c79bef75dea529eeb46f1ee1ac61a4efb946ed96403fe542a094c856,,1.0,kv_8000,kv_constrained_online,22337,22.337,9746,0.076726,0,,True,1,0.255375,True,0.229075,,200,0,200,0.500808,,False,1.0,0.005,sustained+high_valid_pressure,0,952bd353c79bef75dea529eeb46f1ee1ac61a4efb946ed96403fe542a094c856,industry_realism_causal_headroom_phase_d_v1.results.0.0,32.083,0.0,azure_2023_conv,phase_d_v1::azure_2023_conv::w076::kv_capacity::kv_8000::step22337,VALID_STRONGLY_CONSTRAINED,1.0,76
0.00390625,kv_capacity,phase_d_v1::azure_2023_conv::w076::kv_capacity::kv_8000::step22337::alt00::6edda419eb32cdd9,COUNTERFACTUAL,"{""admit"":{""0"":[143]},""hold_decode"":{},""migrate"":{},""preempt"":{},""prefill_chunk_override"":{},""swap"":{}}",6edda419eb32cdd9ba0b57ee45bc80cdb134338ea6ab16ef0982d35e59fc0eb5,True,1.0,kv_8000,kv_constrained_online,22337,22.337,9746,0.075941,0,,True,0,0.255375,True,0.228825,5,200,0,200,0.501014,"full_prefill,chunked_prefill_small,estimated_service_time_first,weighted_fair_share,least_laxity_first",False,1.0,0.005,sustained+high_valid_pressure,0,952bd353c79bef75dea529eeb46f1ee1ac61a4efb946ed96403fe542a094c856,industry_realism_causal_headroom_phase_d_v1.results.0.0,32.083,0.0,azure_2023_conv,phase_d_v1::azure_2023_conv::w076::kv_capacity::kv_8000::step22337,VALID_STRONGLY_CONSTRAINED,1.0,76
0.001953125,kv_capacity,phase_d_v1::azure_2023_conv::w076::kv_capacity::kv_8000::step26944::sbs_reference,SBS_REFERENCE,"{""admit"":{},""hold_decode"":{},""migrate"":{},""preempt"":{},""prefill_chunk_override"":{},""swap"":{}}",952bd353c79bef75dea529eeb46f1ee1ac61a4efb946ed96403fe542a094c856,,1.0,kv_8000,kv_constrained_online,26944,26.944,5139,0.038134,0,,True,1,0.18425,True,0.229075,,200,0,200,0.500808,,False,1.0,0.005,sustained+high_valid_pressure,0,952bd353c79bef75dea529eeb46f1ee1ac61a4efb946ed96403fe542a094c856,industry_realism_causal_headroom_phase_d_v1.results.0.0,32.083,0.0,azure_2023_conv,phase_d_v1::azure_2023_conv::w076::kv_capacity::kv_8000::step26944,VALID_STRONGLY_CONSTRAINED,1.0,76
0.001953125,kv_capacity,phase_d_v1::azure_2023_conv::w076::kv_capacity::kv_8000::step26944::alt00::f59cddf74bf1736d,COUNTERFACTUAL,"{""admit"":{""0"":[169]},""hold_decode"":{},""migrate"":{},""preempt"":{},""prefill_chunk_override"":{},""swap"":{}}",f59cddf74bf1736d50937b6e94420871a097970dbe6d91b58fdf4dbf4f1dd4f6,True,1.0,kv_8000,kv_constrained_online,26944,26.944,5139,0.036168,0,,True,0,0.18425,True,0.227015,5,200,0,200,0.491326,"full_prefill,chunked_prefill_small,estimated_service_time_first,weighted_fair_share,least_laxity_first",False,1.0,0.005,sustained+high_valid_pressure,0,952bd353c79bef75dea529eeb46f1ee1ac61a4efb946ed96403fe542a094c856,industry_realism_causal_headroom_phase_d_v1.results.0.0,32.083,0.0,azure_2023_conv,phase_d_v1::azure_2023_conv::w076::kv_capacity::kv_8000::step26944,VALID_STRONGLY_CONSTRAINED,1.0,76
0.0,kv_capacity,phase_d_v1::burstgpt::w2808::kv_capacity::kv_8000::step45000::sbs_reference,SBS_REFERENCE,"{""admit"":{""0"":[155,157,158]},""hold_decode"":{},""migrate"":{},""preempt"":{},""prefill_chunk_override"":{},""swap"":{}}",c40c1a203fd2c752b123615520af9f915c27afeb9cb172208d5e80fdd0d17264,,1.0,kv_8000,kv_constrained_online,45000,45.0,11089,0.027872,0,,True,1,0.0,True,0.082695,,200,0,200,0.129,,False,1.0,0.02,high_valid_pressure,1,c40c1a203fd2c752b123615520af9f915c27afeb9cb172208d5e80fdd0d17264,industry_realism_causal_headroom_phase_d_v1.results.0.0,56.089,0.0,burstgpt,phase_d_v1::burstgpt::w2808::kv_capacity::kv_8000::step45000,VALID_STRONGLY_CONSTRAINED,1.0,2808
0.0,kv_capacity,phase_d_v1::burstgpt::w2808::kv_capacity::kv_8000::step45000::alt00::567638de4bea0ac3,COUNTERFACTUAL,"{""admit"":{""0"":[155,156,157]},""hold_decode"":{},""migrate"":{},""preempt"":{},""prefill_chunk_override"":{},""swap"":{}}",567638de4bea0ac3750f842e3e2c4e322ebcc30214a9e2c04602e11248c567a1,True,1.0,kv_8000,kv_constrained_online,45000,45.0,11089,0.017162,0,,True,0,0.0,True,0.082695,2,200,0,200,0.129,"full_prefill,chunked_prefill_small",False,1.0,0.02,high_valid_pressure,1,c40c1a203fd2c752b123615520af9f915c27afeb9cb172208d5e80fdd0d17264,industry_realism_causal_headroom_phase_d_v1.results.0.0,56.089,0.0,burstgpt,phase_d_v1::burstgpt::w2808::kv_capacity::kv_8000::step45000,VALID_STRONGLY_CONSTRAINED,1.0,2808
0.0,kv_capacity,phase_d_v1::burstgpt::w2808::kv_capacity::kv_8000::step45000::alt01::5bf8619ef0db6f21,COUNTERFACTUAL,"{""admit"":{""0"":[156,157,158]},""hold_decode"":{},""migrate"":{},""preempt"":{},""prefill_chunk_override"":{},""swap"":{}}",5bf8619ef0db6f213944b1de8803f849911ede5b78d5cb04ef1d6905d5a99d05,True,1.0,kv_8000,kv_constrained_online,45000,45.0,11089,0.016741,0,,True,0,0.0,True,0.0827,1,200,0,200,0.129,least_laxity_first,False,1.0,0.02,high_valid_pressure,1,c40c1a203fd2c752b123615520af9f915c27afeb9cb172208d5e80fdd0d17264,industry_realism_causal_headroom_phase_d_v1.results.0.0,56.089,0.0,burstgpt,phase_d_v1::burstgpt::w2808::kv_capacity::kv_8000::step45000,VALID_STRONGLY_CONSTRAINED,1.0,2808
0.75,active_sequence_capacity,phase_d_v1::burstgpt::w3159::active_sequence_capacity::active_4::step38228::sbs_reference,SBS_REFERENCE,"{""admit"":{""0"":[58]},""hold_decode"":{},""migrate"":{},""preempt"":{},""prefill_chunk_override"":{},""swap"":{}}",f190ca7f1f6126b0adb073fe1282dd47a563a7d0033ec2534e7d8534312cc395,,1.0,active_4,kv_constrained_online,38228,38.228,108638,0.392632,0,,True,1,0.000313375,True,0.794925,,200,0,200,2.12025,,False,1.0,0.045,high_valid_pressure,0,f190ca7f1f6126b0adb073fe1282dd47a563a7d0033ec2534e7d8534312cc395,industry_realism_causal_headroom_phase_d_v1.results.0.0,146.866,0.0,burstgpt,phase_d_v1::burstgpt::w3159::active_sequence_capacity::active_4::step38228,VALID_STRONGLY_CONSTRAINED,1.0,3159
0.75,active_sequence_capacity,phase_d_v1::burstgpt::w3159::active_sequence_capacity::active_4::step38228::alt00::19bea97f52fc2c6f,COUNTERFACTUAL,"{""admit"":{""0"":[57]},""hold_decode"":{},""migrate"":{},""preempt"":{},""prefill_chunk_override"":{},""swap"":{}}",19bea97f52fc2c6f37531960b60798986e4f424f753b41e2755b199518887162,True,1.0,active_4,kv_constrained_online,38228,38.228,108638,0.426609,0,,True,0,0.000313375,True,0.79766,2,200,0,200,2.12025,"full_prefill,chunked_prefill_small",False,1.0,0.045,high_valid_pressure,0,f190ca7f1f6126b0adb073fe1282dd47a563a7d0033ec2534e7d8534312cc395,industry_realism_causal_headroom_phase_d_v1.results.0.0,146.866,0.0,burstgpt,phase_d_v1::burstgpt::w3159::active_sequence_capacity::active_4::step38228,VALID_STRONGLY_CONSTRAINED,1.0,3159
0.75,active_sequence_capacity,phase_d_v1::burstgpt::w3159::active_sequence_capacity::active_4::step38228::alt01::25662c201af5427c,COUNTERFACTUAL,"{""admit"":{""0"":[71]},""hold_decode"":{},""migrate"":{},""preempt"":{},""prefill_chunk_override"":{},""swap"":{}}",25662c201af5427c65bf7b56d80163ddbdb1c96337e9ec84697faa26abef10ff,True,1.0,active_4,kv_constrained_online,38228,38.228,108638,0.405875,0,,True,0,0.000313375,True,0.79809,1,200,0,200,2.12025,least_laxity_first,False,1.0,0.045,high_valid_pressure,0,f190ca7f1f6126b0adb073fe1282dd47a563a7d0033ec2534e7d8534312cc395,industry_realism_causal_headroom_phase_d_v1.results.0.0,146.866,0.0,burstgpt,phase_d_v1::burstgpt::w3159::active_sequence_capacity::active_4::step38228,VALID_STRONGLY_CONSTRAINED,1.0,3159
0.75,active_sequence_capacity,phase_d_v1::burstgpt::w3159::active_sequence_capacity::active_4::step38674::sbs_reference,SBS_REFERENCE,"{""admit"":{""0"":[68]},""hold_decode"":{},""migrate"":{},""preempt"":{},""prefill_chunk_override"":{},""swap"":{}}",199ca82629b302397f9637bbff0008c97312e0ea931d75ba66ccecd132af843a,,1.0,active_4,kv_constrained_online,38674,38.674,108192,0.378125,0,,True,1,0.000392875,True,0.794925,,200,0,200,2.12025,,False,1.0,0.02,high_valid_pressure,0,199ca82629b302397f9637bbff0008c97312e0ea931d75ba66ccecd132af843a,industry_realism_causal_headroom_phase_d_v1.results.0.0,146.866,0.0,burstgpt,phase_d_v1::burstgpt::w3159::active_sequence_capacity::active_4::step38674,VALID_STRONGLY_CONSTRAINED,1.0,3159
0.75,active_sequence_capacity,phase_d_v1::burstgpt::w3159::active_sequence_capacity::active_4::step38674::alt00::19bea97f52fc2c6f,COUNTERFACTUAL,"{""admit"":{""0"":[57]},""hold_decode"":{},""migrate"":{},""preempt"":{},""prefill_chunk_override"":{},""swap"":{}}",19bea97f52fc2c6f37531960b60798986e4f424f753b41e2755b199518887162,True,1.0,active_4,kv_constrained_online,38674,38.674,108192,0.412266,0,,True,0,0.000392875,True,0.794925,2,200,0,200,2.12025,"full_prefill,chunked_prefill_small",False,1.0,0.02,high_valid_pressure,0,199ca82629b302397f9637bbff0008c97312e0ea931d75ba66ccecd132af843a,industry_realism_causal_headroom_phase_d_v1.results.0.0,146.866,0.0,burstgpt,phase_d_v1::burstgpt::w3159::active_sequence_capacity::active_4::step38674,VALID_STRONGLY_CONSTRAINED,1.0,3159
0.75,active_sequence_capacity,phase_d_v1::burstgpt::w3159::active_sequence_capacity::active_4::step38674::alt01::25662c201af5427c,COUNTERFACTUAL,"{""admit"":{""0"":[71]},""hold_decode"":{},""migrate"":{},""preempt"":{},""prefill_chunk_override"":{},""swap"":{}}",25662c201af5427c65bf7b56d80163ddbdb1c96337e9ec84697faa26abef10ff,True,1.0,active_4,kv_constrained_online,38674,38.674,108192,0.403736,0,,True,0,0.000392875,True,0.79493,1,200,0,200,2.12025,least_laxity_first,False,1.0,0.02,high_valid_pressure,0,199ca82629b302397f9637bbff0008c97312e0ea931d75ba66ccecd132af843a,industry_realism_causal_headroom_phase_d_v1.results.0.0,146.866,0.0,burstgpt,phase_d_v1::burstgpt::w3159::active_sequence_capacity::active_4::step38674,VALID_STRONGLY_CONSTRAINED,1.0,3159
0.875,active_sequence_capacity,phase_d_v1::burstgpt::w3159::active_sequence_capacity::active_8::step211::sbs_reference,SBS_REFERENCE,"{""admit"":{""0"":[13]},""hold_decode"":{},""migrate"":{},""preempt"":{},""prefill_chunk_override"":{},""swap"":{}}",0066d038b8695f2e5c8473c15052ee69d50c5f86a617b6a9ca05ee76a957ef5d,,1.0,active_8,kv_constrained_online,211,0.211,146655,0.411653,0,,True,1,0.000779,True,0.537305,,200,0,200,1.7356,,False,1.0,0.01,sustained,0,0066d038b8695f2e5c8473c15052ee69d50c5f86a617b6a9ca05ee76a957ef5d,industry_realism_causal_headroom_phase_d_v1.results.0.0,146.866,0.0,burstgpt,phase_d_v1::burstgpt::w3159::active_sequence_capacity::active_8::step211,VALID_STRONGLY_CONSTRAINED,1.0,3159
0.875,active_sequence_capacity,phase_d_v1::burstgpt::w3159::active_sequence_capacity::active_8::step211::alt00::33e48b8b20d6075c,COUNTERFACTUAL,"{""admit"":{""0"":[1]},""hold_decode"":{},""migrate"":{},""preempt"":{},""prefill_chunk_override"":{},""swap"":{}}",33e48b8b20d6075c0a6ccbc25500619d029cc4812e4f8f79efecb52837860289,True,1.0,active_8,kv_constrained_online,211,0.211,146655,0.395,0,,True,0,0.000779,True,0.53731,3,200,0,200,1.7356,"full_prefill,chunked_prefill_small,least_laxity_first",False,1.0,0.01,sustained,0,0066d038b8695f2e5c8473c15052ee69d50c5f86a617b6a9ca05ee76a957ef5d,industry_realism_causal_headroom_phase_d_v1.results.0.0,146.866,0.0,burstgpt,phase_d_v1::burstgpt::w3159::active_sequence_capacity::active_8::step211,VALID_STRONGLY_CONSTRAINED,1.0,3159
