active_pressure,axis,branch_id,branch_type,candidate_canonical_action,candidate_canonical_action_id,candidate_hash_roundtrip_match,completion_fraction,condition_id,continuation_policy,decision_step,decision_time,extra_steps,extra_wall_clock_s,first_step_warning_count,first_step_warnings,forced_once,is_sbs_reference_branch,kv_pressure,live_fingerprint_unchanged,mean_latency,n_policies_generating_action,num_completed,num_dropped,num_total,p95_latency,policies_generating_action,policy_forever_switch,q_sbs_anwg,queue_pressure_proxy,regime_stage,resource_binding,sbs_canonical_action_id,schema_version,sim_duration,slo_violation_rate,source_dataset,state_id,validity_class,weighted_completion_fraction,window_index
0.00390625,kv_capacity,phase_d_v1::azure_2023_code::w000::kv_capacity::kv_16000::step196474::sbs_reference,SBS_REFERENCE,"{""admit"":{},""hold_decode"":{},""migrate"":{},""preempt"":{},""prefill_chunk_override"":{},""swap"":{}}",952bd353c79bef75dea529eeb46f1ee1ac61a4efb946ed96403fe542a094c856,,1.0,kv_16000,kv_constrained_online,196474,196.47400000000002,2626,0.016505,0,,True,1,0.4803125,True,0.033503,,200,0,200,0.099675,,False,1.0,0.005,onset+sustained+high_valid_pressure,0,952bd353c79bef75dea529eeb46f1ee1ac61a4efb946ed96403fe542a094c856,industry_realism_causal_headroom_phase_d_v1.results.0.0,199.1,0.0,azure_2023_code,phase_d_v1::azure_2023_code::w000::kv_capacity::kv_16000::step196474,VALID_STRONGLY_CONSTRAINED,1.0,0
0.00390625,kv_capacity,phase_d_v1::azure_2023_code::w000::kv_capacity::kv_16000::step196474::alt00::14b1775fb1ee31d4,COUNTERFACTUAL,"{""admit"":{""0"":[130]},""hold_decode"":{},""migrate"":{},""preempt"":{},""prefill_chunk_override"":{},""swap"":{}}",14b1775fb1ee31d44660e72fe4dbaa567181f50c2c66b3e19fca21889195bfd3,True,1.0,kv_16000,kv_constrained_online,196474,196.47400000000002,2626,0.015777,0,,True,0,0.4803125,True,0.031868,5,200,0,200,0.097202,"full_prefill,chunked_prefill_small,estimated_service_time_first,weighted_fair_share,least_laxity_first",False,1.0,0.005,onset+sustained+high_valid_pressure,0,952bd353c79bef75dea529eeb46f1ee1ac61a4efb946ed96403fe542a094c856,industry_realism_causal_headroom_phase_d_v1.results.0.0,199.1,0.0,azure_2023_code,phase_d_v1::azure_2023_code::w000::kv_capacity::kv_16000::step196474,VALID_STRONGLY_CONSTRAINED,1.0,0
0.00390625,kv_capacity,phase_d_v1::azure_2023_code::w000::kv_capacity::kv_16000::step196486::sbs_reference,SBS_REFERENCE,"{""admit"":{},""hold_decode"":{},""migrate"":{},""preempt"":{},""prefill_chunk_override"":{},""swap"":{}}",952bd353c79bef75dea529eeb46f1ee1ac61a4efb946ed96403fe542a094c856,,1.0,kv_16000,kv_constrained_online,196486,196.486,2614,0.016465,0,,True,1,0.4818125,True,0.033503,,200,0,200,0.099675,,False,1.0,0.005,onset+sustained+high_valid_pressure,0,952bd353c79bef75dea529eeb46f1ee1ac61a4efb946ed96403fe542a094c856,industry_realism_causal_headroom_phase_d_v1.results.0.0,199.1,0.0,azure_2023_code,phase_d_v1::azure_2023_code::w000::kv_capacity::kv_16000::step196486,VALID_STRONGLY_CONSTRAINED,1.0,0
0.00390625,kv_capacity,phase_d_v1::azure_2023_code::w000::kv_capacity::kv_16000::step196486::alt00::14b1775fb1ee31d4,COUNTERFACTUAL,"{""admit"":{""0"":[130]},""hold_decode"":{},""migrate"":{},""preempt"":{},""prefill_chunk_override"":{},""swap"":{}}",14b1775fb1ee31d44660e72fe4dbaa567181f50c2c66b3e19fca21889195bfd3,True,1.0,kv_16000,kv_constrained_online,196486,196.486,2614,0.014652,0,,True,0,0.4818125,True,0.031928,5,200,0,200,0.097202,"full_prefill,chunked_prefill_small,estimated_service_time_first,weighted_fair_share,least_laxity_first",False,1.0,0.005,onset+sustained+high_valid_pressure,0,952bd353c79bef75dea529eeb46f1ee1ac61a4efb946ed96403fe542a094c856,industry_realism_causal_headroom_phase_d_v1.results.0.0,199.1,0.0,azure_2023_code,phase_d_v1::azure_2023_code::w000::kv_capacity::kv_16000::step196486,VALID_STRONGLY_CONSTRAINED,1.0,0
0.001953125,kv_capacity,phase_d_v1::azure_2023_code::w000::kv_capacity::kv_16000::step196553::sbs_reference,SBS_REFERENCE,"{""admit"":{},""hold_decode"":{},""migrate"":{},""preempt"":{},""prefill_chunk_override"":{},""swap"":{}}",952bd353c79bef75dea529eeb46f1ee1ac61a4efb946ed96403fe542a094c856,,1.0,kv_16000,kv_constrained_online,196553,196.553,2547,0.014875,0,,True,1,0.3765625,True,0.033503,,200,0,200,0.099675,,False,1.0,0.005,onset+sustained+high_valid_pressure,0,952bd353c79bef75dea529eeb46f1ee1ac61a4efb946ed96403fe542a094c856,industry_realism_causal_headroom_phase_d_v1.results.0.0,199.1,0.0,azure_2023_code,phase_d_v1::azure_2023_code::w000::kv_capacity::kv_16000::step196553,VALID_STRONGLY_CONSTRAINED,1.0,0
0.001953125,kv_capacity,phase_d_v1::azure_2023_code::w000::kv_capacity::kv_16000::step196553::alt00::14b1775fb1ee31d4,COUNTERFACTUAL,"{""admit"":{""0"":[130]},""hold_decode"":{},""migrate"":{},""preempt"":{},""prefill_chunk_override"":{},""swap"":{}}",14b1775fb1ee31d44660e72fe4dbaa567181f50c2c66b3e19fca21889195bfd3,True,1.0,kv_16000,kv_constrained_online,196553,196.553,2547,0.016596,0,,True,0,0.3765625,True,0.032283,5,200,0,200,0.097202,"full_prefill,chunked_prefill_small,estimated_service_time_first,weighted_fair_share,least_laxity_first",False,1.0,0.005,onset+sustained+high_valid_pressure,0,952bd353c79bef75dea529eeb46f1ee1ac61a4efb946ed96403fe542a094c856,industry_realism_causal_headroom_phase_d_v1.results.0.0,199.1,0.0,azure_2023_code,phase_d_v1::azure_2023_code::w000::kv_capacity::kv_16000::step196553,VALID_STRONGLY_CONSTRAINED,1.0,0
0.00390625,kv_capacity,phase_d_v1::azure_2023_code::w000::kv_capacity::kv_16000::step196582::sbs_reference,SBS_REFERENCE,"{""admit"":{},""hold_decode"":{},""migrate"":{},""preempt"":{},""prefill_chunk_override"":{},""swap"":{}}",952bd353c79bef75dea529eeb46f1ee1ac61a4efb946ed96403fe542a094c856,,1.0,kv_16000,kv_constrained_online,196582,196.582,2518,0.015613,0,,True,1,0.38925,True,0.033503,,200,0,200,0.099675,,False,1.0,0.005,onset+sustained+high_valid_pressure,0,952bd353c79bef75dea529eeb46f1ee1ac61a4efb946ed96403fe542a094c856,industry_realism_causal_headroom_phase_d_v1.results.0.0,199.1,0.0,azure_2023_code,phase_d_v1::azure_2023_code::w000::kv_capacity::kv_16000::step196582,VALID_STRONGLY_CONSTRAINED,1.0,0
0.00390625,kv_capacity,phase_d_v1::azure_2023_code::w000::kv_capacity::kv_16000::step196582::alt00::14b1775fb1ee31d4,COUNTERFACTUAL,"{""admit"":{""0"":[130]},""hold_decode"":{},""migrate"":{},""preempt"":{},""prefill_chunk_override"":{},""swap"":{}}",14b1775fb1ee31d44660e72fe4dbaa567181f50c2c66b3e19fca21889195bfd3,True,1.0,kv_16000,kv_constrained_online,196582,196.582,2518,0.013666,0,,True,0,0.38925,True,0.032408,5,200,0,200,0.097202,"full_prefill,chunked_prefill_small,estimated_service_time_first,weighted_fair_share,least_laxity_first",False,1.0,0.005,onset+sustained+high_valid_pressure,0,952bd353c79bef75dea529eeb46f1ee1ac61a4efb946ed96403fe542a094c856,industry_realism_causal_headroom_phase_d_v1.results.0.0,199.1,0.0,azure_2023_code,phase_d_v1::azure_2023_code::w000::kv_capacity::kv_16000::step196582,VALID_STRONGLY_CONSTRAINED,1.0,0
0.009765625,kv_capacity,phase_d_v1::azure_2023_code::w002::kv_capacity::kv_16000::step7973::sbs_reference,SBS_REFERENCE,"{""admit"":{},""hold_decode"":{},""migrate"":{},""preempt"":{},""prefill_chunk_override"":{},""swap"":{}}",952bd353c79bef75dea529eeb46f1ee1ac61a4efb946ed96403fe542a094c856,,1.0,kv_16000,kv_constrained_online,7973,7.973,28540,0.02829,0,,True,1,0.513875,True,0.039609,,200,0,200,0.09337,,False,1.0,0.01,onset+sustained+high_valid_pressure,1,952bd353c79bef75dea529eeb46f1ee1ac61a4efb946ed96403fe542a094c856,industry_realism_causal_headroom_phase_d_v1.results.0.0,36.513,0.0,azure_2023_code,phase_d_v1::azure_2023_code::w002::kv_capacity::kv_16000::step7973,VALID_STRONGLY_CONSTRAINED,1.0,2
0.009765625,kv_capacity,phase_d_v1::azure_2023_code::w002::kv_capacity::kv_16000::step7973::alt00::92dd0c56aedc50c3,COUNTERFACTUAL,"{""admit"":{""0"":[110]},""hold_decode"":{},""migrate"":{},""preempt"":{},""prefill_chunk_override"":{},""swap"":{}}",92dd0c56aedc50c33a560dc192c471052bbadeb37593c12d40bbfb77ebe874a0,True,1.0,kv_16000,kv_constrained_online,7973,7.973,28540,0.027516,0,,True,0,0.513875,True,0.039509,4,200,0,200,0.09337,"full_prefill,chunked_prefill_small,estimated_service_time_first,weighted_fair_share",False,1.0,0.01,onset+sustained+high_valid_pressure,1,952bd353c79bef75dea529eeb46f1ee1ac61a4efb946ed96403fe542a094c856,industry_realism_causal_headroom_phase_d_v1.results.0.0,36.513,0.0,azure_2023_code,phase_d_v1::azure_2023_code::w002::kv_capacity::kv_16000::step7973,VALID_STRONGLY_CONSTRAINED,1.0,2
0.009765625,kv_capacity,phase_d_v1::azure_2023_code::w002::kv_capacity::kv_16000::step7973::alt01::f170ea774a67650e,COUNTERFACTUAL,"{""admit"":{""0"":[112]},""hold_decode"":{},""migrate"":{},""preempt"":{},""prefill_chunk_override"":{},""swap"":{}}",f170ea774a67650ee8daadb34346399569cb6c63e931634ccd0219842293ce15,True,1.0,kv_16000,kv_constrained_online,7973,7.973,28540,0.027585,0,,True,0,0.513875,True,0.039559,1,200,0,200,0.09337,least_laxity_first,False,1.0,0.01,onset+sustained+high_valid_pressure,1,952bd353c79bef75dea529eeb46f1ee1ac61a4efb946ed96403fe542a094c856,industry_realism_causal_headroom_phase_d_v1.results.0.0,36.513,0.0,azure_2023_code,phase_d_v1::azure_2023_code::w002::kv_capacity::kv_16000::step7973,VALID_STRONGLY_CONSTRAINED,1.0,2
0.75,active_sequence_capacity,phase_d_v1::azure_2023_code::w012::active_sequence_capacity::active_4::step221::sbs_reference,SBS_REFERENCE,"{""admit"":{""0"":[9]},""hold_decode"":{},""migrate"":{},""preempt"":{},""prefill_chunk_override"":{},""swap"":{}}",2422730beddd2477838688cddee8469f688ca8c79f6e01580c793b8afb3b2070,,1.0,active_4,kv_constrained_online,221,0.221,35235,0.070016,0,,True,1,0.000915375,True,0.040041,,200,0,200,0.119543,,False,1.0,0.015,sustained+high_valid_pressure,0,2422730beddd2477838688cddee8469f688ca8c79f6e01580c793b8afb3b2070,industry_realism_causal_headroom_phase_d_v1.results.0.0,35.456,0.0,azure_2023_code,phase_d_v1::azure_2023_code::w012::active_sequence_capacity::active_4::step221,VALID_STRONGLY_CONSTRAINED,1.0,12
0.75,active_sequence_capacity,phase_d_v1::azure_2023_code::w012::active_sequence_capacity::active_4::step221::alt00::dbb84835f17ab7f7,COUNTERFACTUAL,"{""admit"":{""0"":[7]},""hold_decode"":{},""migrate"":{},""preempt"":{},""prefill_chunk_override"":{},""swap"":{}}",dbb84835f17ab7f7c8adb0ec0efafa60e0c90c3b5ccab036aae1f9a8d3de0427,True,1.0,active_4,kv_constrained_online,221,0.221,35235,0.069416,0,,True,0,0.000915375,True,0.040041,3,200,0,200,0.119543,"full_prefill,chunked_prefill_small,least_laxity_first",False,1.0,0.015,sustained+high_valid_pressure,0,2422730beddd2477838688cddee8469f688ca8c79f6e01580c793b8afb3b2070,industry_realism_causal_headroom_phase_d_v1.results.0.0,35.456,0.0,azure_2023_code,phase_d_v1::azure_2023_code::w012::active_sequence_capacity::active_4::step221,VALID_STRONGLY_CONSTRAINED,1.0,12
0.75,active_sequence_capacity,phase_d_v1::azure_2023_code::w012::active_sequence_capacity::active_4::step221::alt01::9d3abe07b6270449,COUNTERFACTUAL,"{""admit"":{""0"":[8]},""hold_decode"":{},""migrate"":{},""preempt"":{},""prefill_chunk_override"":{},""swap"":{}}",9d3abe07b6270449676ccfaa6fb40f1f86ed98c50f23b0412880ce0ea8b4ede4,True,1.0,active_4,kv_constrained_online,221,0.221,35235,0.101751,0,,True,0,0.000915375,True,0.040021,2,200,0,200,0.119543,"estimated_service_time_first,weighted_fair_share",False,1.0,0.015,sustained+high_valid_pressure,0,2422730beddd2477838688cddee8469f688ca8c79f6e01580c793b8afb3b2070,industry_realism_causal_headroom_phase_d_v1.results.0.0,35.456,0.0,azure_2023_code,phase_d_v1::azure_2023_code::w012::active_sequence_capacity::active_4::step221,VALID_STRONGLY_CONSTRAINED,1.0,12
0.0078125,kv_capacity,phase_d_v1::azure_2023_code::w014::kv_capacity::kv_16000::step164131::sbs_reference,SBS_REFERENCE,"{""admit"":{},""hold_decode"":{},""migrate"":{},""preempt"":{},""prefill_chunk_override"":{},""swap"":{}}",952bd353c79bef75dea529eeb46f1ee1ac61a4efb946ed96403fe542a094c856,,1.0,kv_16000,kv_constrained_online,164131,164.131,1315,0.004304,0,,True,1,0.5900625,True,0.033706,,200,0,200,0.089957,,False,1.0,0.005,onset+sustained+high_valid_pressure,0,952bd353c79bef75dea529eeb46f1ee1ac61a4efb946ed96403fe542a094c856,industry_realism_causal_headroom_phase_d_v1.results.0.0,165.446,0.0,azure_2023_code,phase_d_v1::azure_2023_code::w014::kv_capacity::kv_16000::step164131,VALID_STRONGLY_CONSTRAINED,1.0,14
0.0078125,kv_capacity,phase_d_v1::azure_2023_code::w014::kv_capacity::kv_16000::step164131::alt00::1f536539229e95a7,COUNTERFACTUAL,"{""admit"":{""0"":[186]},""hold_decode"":{},""migrate"":{},""preempt"":{},""prefill_chunk_override"":{},""swap"":{}}",1f536539229e95a7f86894f888fb03fb2fde7d55b9a8ffc7e71faccc65af0f87,True,1.0,kv_16000,kv_constrained_online,164131,164.131,1315,0.004049,0,,True,0,0.5900625,True,0.033726,5,200,0,200,0.089957,"full_prefill,chunked_prefill_small,estimated_service_time_first,weighted_fair_share,least_laxity_first",False,1.0,0.005,onset+sustained+high_valid_pressure,0,952bd353c79bef75dea529eeb46f1ee1ac61a4efb946ed96403fe542a094c856,industry_realism_causal_headroom_phase_d_v1.results.0.0,165.446,0.0,azure_2023_code,phase_d_v1::azure_2023_code::w014::kv_capacity::kv_16000::step164131,VALID_STRONGLY_CONSTRAINED,1.0,14
0.001953125,kv_capacity,phase_d_v1::azure_2023_code::w030::kv_capacity::kv_16000::step78277::sbs_reference,SBS_REFERENCE,"{""admit"":{},""hold_decode"":{},""migrate"":{},""preempt"":{},""prefill_chunk_override"":{},""swap"":{}}",952bd353c79bef75dea529eeb46f1ee1ac61a4efb946ed96403fe542a094c856,,1.0,kv_16000,kv_constrained_online,78277,78.277,6106,0.018717,0,,True,1,0.3869375,True,0.035437,,200,0,200,0.091926,,False,1.0,0.015,onset+sustained+high_valid_pressure,1,952bd353c79bef75dea529eeb46f1ee1ac61a4efb946ed96403fe542a094c856,industry_realism_causal_headroom_phase_d_v1.results.0.0,84.383,0.0,azure_2023_code,phase_d_v1::azure_2023_code::w030::kv_capacity::kv_16000::step78277,VALID_STRONGLY_CONSTRAINED,1.0,30
0.001953125,kv_capacity,phase_d_v1::azure_2023_code::w030::kv_capacity::kv_16000::step78277::alt00::52195fdce10fbfec,COUNTERFACTUAL,"{""admit"":{""0"":[135]},""hold_decode"":{},""migrate"":{},""preempt"":{},""prefill_chunk_override"":{},""swap"":{}}",52195fdce10fbfec24031bd12bf03ab5e005b756c5ce2c5865ccf2027216579b,True,1.0,kv_16000,kv_constrained_online,78277,78.277,6106,0.018566,0,,True,0,0.3869375,True,0.035107,2,200,0,200,0.084383,"full_prefill,chunked_prefill_small",False,1.0,0.015,onset+sustained+high_valid_pressure,1,952bd353c79bef75dea529eeb46f1ee1ac61a4efb946ed96403fe542a094c856,industry_realism_causal_headroom_phase_d_v1.results.0.0,84.383,0.0,azure_2023_code,phase_d_v1::azure_2023_code::w030::kv_capacity::kv_16000::step78277,VALID_STRONGLY_CONSTRAINED,1.0,30
0.001953125,kv_capacity,phase_d_v1::azure_2023_code::w030::kv_capacity::kv_16000::step78277::alt01::c84c3abc0cae0115,COUNTERFACTUAL,"{""admit"":{""0"":[136]},""hold_decode"":{},""migrate"":{},""preempt"":{},""prefill_chunk_override"":{},""swap"":{}}",c84c3abc0cae0115933640449c0e4f7ff5c1e107231c627d66896302b18097c4,True,1.0,kv_16000,kv_constrained_online,78277,78.277,6106,0.018466,0,,True,0,0.3869375,True,0.035107,2,200,0,200,0.084383,"estimated_service_time_first,weighted_fair_share",False,1.0,0.015,onset+sustained+high_valid_pressure,1,952bd353c79bef75dea529eeb46f1ee1ac61a4efb946ed96403fe542a094c856,industry_realism_causal_headroom_phase_d_v1.results.0.0,84.383,0.0,azure_2023_code,phase_d_v1::azure_2023_code::w030::kv_capacity::kv_16000::step78277,VALID_STRONGLY_CONSTRAINED,1.0,30
0.001953125,kv_capacity,phase_d_v1::azure_2023_code::w030::kv_capacity::kv_16000::step78277::alt02::2ed10658a69233e7,COUNTERFACTUAL,"{""admit"":{""0"":[137]},""hold_decode"":{},""migrate"":{},""preempt"":{},""prefill_chunk_override"":{},""swap"":{}}",2ed10658a69233e73ef3f9ac27a401aac98632f382fdc716df5432a05f9f5b03,True,1.0,kv_16000,kv_constrained_online,78277,78.277,6106,0.03157,0,,True,0,0.3869375,True,0.035742,1,200,0,200,0.102115,least_laxity_first,False,1.0,0.015,onset+sustained+high_valid_pressure,1,952bd353c79bef75dea529eeb46f1ee1ac61a4efb946ed96403fe542a094c856,industry_realism_causal_headroom_phase_d_v1.results.0.0,84.383,0.0,azure_2023_code,phase_d_v1::azure_2023_code::w030::kv_capacity::kv_16000::step78277,VALID_STRONGLY_CONSTRAINED,1.0,30
0.001953125,kv_capacity,phase_d_v1::azure_2023_code::w030::kv_capacity::kv_16000::step78295::sbs_reference,SBS_REFERENCE,"{""admit"":{},""hold_decode"":{},""migrate"":{},""preempt"":{},""prefill_chunk_override"":{},""swap"":{}}",952bd353c79bef75dea529eeb46f1ee1ac61a4efb946ed96403fe542a094c856,,1.0,kv_16000,kv_constrained_online,78295,78.295,6088,0.019831,0,,True,1,0.3880625,True,0.035437,,200,0,200,0.091926,,False,1.0,0.015,onset+sustained+high_valid_pressure,1,952bd353c79bef75dea529eeb46f1ee1ac61a4efb946ed96403fe542a094c856,industry_realism_causal_headroom_phase_d_v1.results.0.0,84.383,0.0,azure_2023_code,phase_d_v1::azure_2023_code::w030::kv_capacity::kv_16000::step78295,VALID_STRONGLY_CONSTRAINED,1.0,30
0.001953125,kv_capacity,phase_d_v1::azure_2023_code::w030::kv_capacity::kv_16000::step78295::alt00::52195fdce10fbfec,COUNTERFACTUAL,"{""admit"":{""0"":[135]},""hold_decode"":{},""migrate"":{},""preempt"":{},""prefill_chunk_override"":{},""swap"":{}}",52195fdce10fbfec24031bd12bf03ab5e005b756c5ce2c5865ccf2027216579b,True,1.0,kv_16000,kv_constrained_online,78295,78.295,6088,0.019102,0,,True,0,0.3880625,True,0.035307,2,200,0,200,0.088126,"full_prefill,chunked_prefill_small",False,1.0,0.015,onset+sustained+high_valid_pressure,1,952bd353c79bef75dea529eeb46f1ee1ac61a4efb946ed96403fe542a094c856,industry_realism_causal_headroom_phase_d_v1.results.0.0,84.383,0.0,azure_2023_code,phase_d_v1::azure_2023_code::w030::kv_capacity::kv_16000::step78295,VALID_STRONGLY_CONSTRAINED,1.0,30
0.001953125,kv_capacity,phase_d_v1::azure_2023_code::w030::kv_capacity::kv_16000::step78295::alt01::c84c3abc0cae0115,COUNTERFACTUAL,"{""admit"":{""0"":[136]},""hold_decode"":{},""migrate"":{},""preempt"":{},""prefill_chunk_override"":{},""swap"":{}}",c84c3abc0cae0115933640449c0e4f7ff5c1e107231c627d66896302b18097c4,True,1.0,kv_16000,kv_constrained_online,78295,78.295,6088,0.018375,0,,True,0,0.3880625,True,0.035247,2,200,0,200,0.088246,"estimated_service_time_first,weighted_fair_share",False,1.0,0.015,onset+sustained+high_valid_pressure,1,952bd353c79bef75dea529eeb46f1ee1ac61a4efb946ed96403fe542a094c856,industry_realism_causal_headroom_phase_d_v1.results.0.0,84.383,0.0,azure_2023_code,phase_d_v1::azure_2023_code::w030::kv_capacity::kv_16000::step78295,VALID_STRONGLY_CONSTRAINED,1.0,30
0.001953125,kv_capacity,phase_d_v1::azure_2023_code::w030::kv_capacity::kv_16000::step78295::alt02::2ed10658a69233e7,COUNTERFACTUAL,"{""admit"":{""0"":[137]},""hold_decode"":{},""migrate"":{},""preempt"":{},""prefill_chunk_override"":{},""swap"":{}}",2ed10658a69233e73ef3f9ac27a401aac98632f382fdc716df5432a05f9f5b03,True,1.0,kv_16000,kv_constrained_online,78295,78.295,6088,0.019896,0,,True,0,0.3880625,True,0.035917,1,200,0,200,0.102505,least_laxity_first,False,1.0,0.015,onset+sustained+high_valid_pressure,1,952bd353c79bef75dea529eeb46f1ee1ac61a4efb946ed96403fe542a094c856,industry_realism_causal_headroom_phase_d_v1.results.0.0,84.383,0.0,azure_2023_code,phase_d_v1::azure_2023_code::w030::kv_capacity::kv_16000::step78295,VALID_STRONGLY_CONSTRAINED,1.0,30
0.001953125,kv_capacity,phase_d_v1::azure_2023_code::w030::kv_capacity::kv_16000::step78299::sbs_reference,SBS_REFERENCE,"{""admit"":{},""hold_decode"":{},""migrate"":{},""preempt"":{},""prefill_chunk_override"":{},""swap"":{}}",952bd353c79bef75dea529eeb46f1ee1ac61a4efb946ed96403fe542a094c856,,1.0,kv_16000,kv_constrained_online,78299,78.299,6084,0.018675,0,,True,1,0.3883125,True,0.035437,,200,0,200,0.091926,,False,1.0,0.015,onset+sustained+high_valid_pressure,1,952bd353c79bef75dea529eeb46f1ee1ac61a4efb946ed96403fe542a094c856,industry_realism_causal_headroom_phase_d_v1.results.0.0,84.383,0.0,azure_2023_code,phase_d_v1::azure_2023_code::w030::kv_capacity::kv_16000::step78299,VALID_STRONGLY_CONSTRAINED,1.0,30
0.001953125,kv_capacity,phase_d_v1::azure_2023_code::w030::kv_capacity::kv_16000::step78299::alt00::52195fdce10fbfec,COUNTERFACTUAL,"{""admit"":{""0"":[135]},""hold_decode"":{},""migrate"":{},""preempt"":{},""prefill_chunk_override"":{},""swap"":{}}",52195fdce10fbfec24031bd12bf03ab5e005b756c5ce2c5865ccf2027216579b,True,1.0,kv_16000,kv_constrained_online,78299,78.299,6084,0.01887,0,,True,0,0.3883125,True,0.035367,2,200,0,200,0.091926,"full_prefill,chunked_prefill_small",False,1.0,0.015,onset+sustained+high_valid_pressure,1,952bd353c79bef75dea529eeb46f1ee1ac61a4efb946ed96403fe542a094c856,industry_realism_causal_headroom_phase_d_v1.results.0.0,84.383,0.0,azure_2023_code,phase_d_v1::azure_2023_code::w030::kv_capacity::kv_16000::step78299,VALID_STRONGLY_CONSTRAINED,1.0,30
0.001953125,kv_capacity,phase_d_v1::azure_2023_code::w030::kv_capacity::kv_16000::step78299::alt01::c84c3abc0cae0115,COUNTERFACTUAL,"{""admit"":{""0"":[136]},""hold_decode"":{},""migrate"":{},""preempt"":{},""prefill_chunk_override"":{},""swap"":{}}",c84c3abc0cae0115933640449c0e4f7ff5c1e107231c627d66896302b18097c4,True,1.0,kv_16000,kv_constrained_online,78299,78.299,6084,0.019549,0,,True,0,0.3883125,True,0.035307,2,200,0,200,0.092046,"estimated_service_time_first,weighted_fair_share",False,1.0,0.015,onset+sustained+high_valid_pressure,1,952bd353c79bef75dea529eeb46f1ee1ac61a4efb946ed96403fe542a094c856,industry_realism_causal_headroom_phase_d_v1.results.0.0,84.383,0.0,azure_2023_code,phase_d_v1::azure_2023_code::w030::kv_capacity::kv_16000::step78299,VALID_STRONGLY_CONSTRAINED,1.0,30
0.001953125,kv_capacity,phase_d_v1::azure_2023_code::w030::kv_capacity::kv_16000::step78299::alt02::2ed10658a69233e7,COUNTERFACTUAL,"{""admit"":{""0"":[137]},""hold_decode"":{},""migrate"":{},""preempt"":{},""prefill_chunk_override"":{},""swap"":{}}",2ed10658a69233e73ef3f9ac27a401aac98632f382fdc716df5432a05f9f5b03,True,1.0,kv_16000,kv_constrained_online,78299,78.299,6084,0.019237,0,,True,0,0.3883125,True,0.035977,1,200,0,200,0.102705,least_laxity_first,False,1.0,0.015,onset+sustained+high_valid_pressure,1,952bd353c79bef75dea529eeb46f1ee1ac61a4efb946ed96403fe542a094c856,industry_realism_causal_headroom_phase_d_v1.results.0.0,84.383,0.0,azure_2023_code,phase_d_v1::azure_2023_code::w030::kv_capacity::kv_16000::step78299,VALID_STRONGLY_CONSTRAINED,1.0,30
0.009765625,kv_capacity,phase_d_v1::azure_2023_conv::w000::kv_capacity::kv_8000::step42810::sbs_reference,SBS_REFERENCE,"{""admit"":{},""hold_decode"":{},""migrate"":{},""preempt"":{},""prefill_chunk_override"":{},""swap"":{}}",952bd353c79bef75dea529eeb46f1ee1ac61a4efb946ed96403fe542a094c856,,1.0,kv_8000,kv_constrained_online,42810,42.81,18865,0.22488,0,,True,1,0.714625,True,0.243216,,200,0,200,0.449544,,False,1.0,0.005,sustained+high_valid_pressure,0,952bd353c79bef75dea529eeb46f1ee1ac61a4efb946ed96403fe542a094c856,industry_realism_causal_headroom_phase_d_v1.results.0.0,61.675,0.0,azure_2023_conv,phase_d_v1::azure_2023_conv::w000::kv_capacity::kv_8000::step42810,VALID_STRONGLY_CONSTRAINED,1.0,0
0.009765625,kv_capacity,phase_d_v1::azure_2023_conv::w000::kv_capacity::kv_8000::step42810::alt00::7e7b176986d97024,COUNTERFACTUAL,"{""admit"":{""0"":[102]},""hold_decode"":{},""migrate"":{},""preempt"":{},""prefill_chunk_override"":{},""swap"":{}}",7e7b176986d97024d2cc132048da0f6d49fcf5a8c6c3f42fff168b64696f538a,True,1.0,kv_8000,kv_constrained_online,42810,42.81,18865,0.210687,0,,True,0,0.714625,True,0.242541,5,200,0,200,0.446699,"full_prefill,chunked_prefill_small,estimated_service_time_first,weighted_fair_share,least_laxity_first",False,1.0,0.005,sustained+high_valid_pressure,0,952bd353c79bef75dea529eeb46f1ee1ac61a4efb946ed96403fe542a094c856,industry_realism_causal_headroom_phase_d_v1.results.0.0,61.675,0.0,azure_2023_conv,phase_d_v1::azure_2023_conv::w000::kv_capacity::kv_8000::step42810,VALID_STRONGLY_CONSTRAINED,1.0,0
0.009765625,kv_capacity,phase_d_v1::azure_2023_conv::w000::kv_capacity::kv_8000::step42878::sbs_reference,SBS_REFERENCE,"{""admit"":{},""hold_decode"":{},""migrate"":{},""preempt"":{},""prefill_chunk_override"":{},""swap"":{}}",952bd353c79bef75dea529eeb46f1ee1ac61a4efb946ed96403fe542a094c856,,1.0,kv_8000,kv_constrained_online,42878,42.878,18797,0.368405,0,,True,1,0.757125,True,0.243216,,200,0,200,0.449544,,False,1.0,0.005,sustained+high_valid_pressure,0,952bd353c79bef75dea529eeb46f1ee1ac61a4efb946ed96403fe542a094c856,industry_realism_causal_headroom_phase_d_v1.results.0.0,61.675,0.0,azure_2023_conv,phase_d_v1::azure_2023_conv::w000::kv_capacity::kv_8000::step42878,VALID_STRONGLY_CONSTRAINED,1.0,0
0.009765625,kv_capacity,phase_d_v1::azure_2023_conv::w000::kv_capacity::kv_8000::step42878::alt00::7e7b176986d97024,COUNTERFACTUAL,"{""admit"":{""0"":[102]},""hold_decode"":{},""migrate"":{},""preempt"":{},""prefill_chunk_override"":{},""swap"":{}}",7e7b176986d97024d2cc132048da0f6d49fcf5a8c6c3f42fff168b64696f538a,True,1.0,kv_8000,kv_constrained_online,42878,42.878,18797,0.191821,0,,True,0,0.757125,True,0.242881,5,200,0,200,0.449544,"full_prefill,chunked_prefill_small,estimated_service_time_first,weighted_fair_share,least_laxity_first",False,1.0,0.005,sustained+high_valid_pressure,0,952bd353c79bef75dea529eeb46f1ee1ac61a4efb946ed96403fe542a094c856,industry_realism_causal_headroom_phase_d_v1.results.0.0,61.675,0.0,azure_2023_conv,phase_d_v1::azure_2023_conv::w000::kv_capacity::kv_8000::step42878,VALID_STRONGLY_CONSTRAINED,1.0,0
0.009765625,kv_capacity,phase_d_v1::azure_2023_conv::w000::kv_capacity::kv_8000::step42909::sbs_reference,SBS_REFERENCE,"{""admit"":{},""hold_decode"":{},""migrate"":{},""preempt"":{},""prefill_chunk_override"":{},""swap"":{}}",952bd353c79bef75dea529eeb46f1ee1ac61a4efb946ed96403fe542a094c856,,1.0,kv_8000,kv_constrained_online,42909,42.909,18766,0.282257,0,,True,1,0.7765,True,0.243216,,200,0,200,0.449544,,False,1.0,0.005,sustained+high_valid_pressure,0,952bd353c79bef75dea529eeb46f1ee1ac61a4efb946ed96403fe542a094c856,industry_realism_causal_headroom_phase_d_v1.results.0.0,61.675,0.0,azure_2023_conv,phase_d_v1::azure_2023_conv::w000::kv_capacity::kv_8000::step42909,VALID_STRONGLY_CONSTRAINED,1.0,0
0.009765625,kv_capacity,phase_d_v1::azure_2023_conv::w000::kv_capacity::kv_8000::step42909::alt00::7e7b176986d97024,COUNTERFACTUAL,"{""admit"":{""0"":[102]},""hold_decode"":{},""migrate"":{},""preempt"":{},""prefill_chunk_override"":{},""swap"":{}}",7e7b176986d97024d2cc132048da0f6d49fcf5a8c6c3f42fff168b64696f538a,True,1.0,kv_8000,kv_constrained_online,42909,42.909,18766,0.188132,0,,True,0,0.7765,True,0.243036,5,200,0,200,0.449544,"full_prefill,chunked_prefill_small,estimated_service_time_first,weighted_fair_share,least_laxity_first",False,1.0,0.005,sustained+high_valid_pressure,0,952bd353c79bef75dea529eeb46f1ee1ac61a4efb946ed96403fe542a094c856,industry_realism_causal_headroom_phase_d_v1.results.0.0,61.675,0.0,azure_2023_conv,phase_d_v1::azure_2023_conv::w000::kv_capacity::kv_8000::step42909,VALID_STRONGLY_CONSTRAINED,1.0,0
0.009765625,kv_capacity,phase_d_v1::azure_2023_conv::w000::kv_capacity::kv_8000::step42925::sbs_reference,SBS_REFERENCE,"{""admit"":{},""hold_decode"":{},""migrate"":{},""preempt"":{},""prefill_chunk_override"":{},""swap"":{}}",952bd353c79bef75dea529eeb46f1ee1ac61a4efb946ed96403fe542a094c856,,1.0,kv_8000,kv_constrained_online,42925,42.925000000000004,18750,0.221774,0,,True,1,0.7865,True,0.243216,,200,0,200,0.449544,,False,1.0,0.005,sustained+high_valid_pressure,0,952bd353c79bef75dea529eeb46f1ee1ac61a4efb946ed96403fe542a094c856,industry_realism_causal_headroom_phase_d_v1.results.0.0,61.675,0.0,azure_2023_conv,phase_d_v1::azure_2023_conv::w000::kv_capacity::kv_8000::step42925,VALID_STRONGLY_CONSTRAINED,1.0,0
0.009765625,kv_capacity,phase_d_v1::azure_2023_conv::w000::kv_capacity::kv_8000::step42925::alt00::7e7b176986d97024,COUNTERFACTUAL,"{""admit"":{""0"":[102]},""hold_decode"":{},""migrate"":{},""preempt"":{},""prefill_chunk_override"":{},""swap"":{}}",7e7b176986d97024d2cc132048da0f6d49fcf5a8c6c3f42fff168b64696f538a,True,1.0,kv_8000,kv_constrained_online,42925,42.925000000000004,18750,0.186223,0,,True,0,0.7865,True,0.243116,5,200,0,200,0.449544,"full_prefill,chunked_prefill_small,estimated_service_time_first,weighted_fair_share,least_laxity_first",False,1.0,0.005,sustained+high_valid_pressure,0,952bd353c79bef75dea529eeb46f1ee1ac61a4efb946ed96403fe542a094c856,industry_realism_causal_headroom_phase_d_v1.results.0.0,61.675,0.0,azure_2023_conv,phase_d_v1::azure_2023_conv::w000::kv_capacity::kv_8000::step42925,VALID_STRONGLY_CONSTRAINED,1.0,0
0.005859375,kv_capacity,phase_d_v1::azure_2023_conv::w000::kv_capacity::kv_8000::step48167::sbs_reference,SBS_REFERENCE,"{""admit"":{},""hold_decode"":{},""migrate"":{},""preempt"":{},""prefill_chunk_override"":{},""swap"":{}}",952bd353c79bef75dea529eeb46f1ee1ac61a4efb946ed96403fe542a094c856,,1.0,kv_8000,kv_constrained_online,48167,48.167,13508,0.182024,0,,True,1,0.462625,True,0.243216,,200,0,200,0.449544,,False,1.0,0.005,sustained+high_valid_pressure,0,952bd353c79bef75dea529eeb46f1ee1ac61a4efb946ed96403fe542a094c856,industry_realism_causal_headroom_phase_d_v1.results.0.0,61.675,0.0,azure_2023_conv,phase_d_v1::azure_2023_conv::w000::kv_capacity::kv_8000::step48167,VALID_STRONGLY_CONSTRAINED,1.0,0
0.005859375,kv_capacity,phase_d_v1::azure_2023_conv::w000::kv_capacity::kv_8000::step48167::alt00::7eb3e030d7baa0dc,COUNTERFACTUAL,"{""admit"":{""0"":[133]},""hold_decode"":{},""migrate"":{},""preempt"":{},""prefill_chunk_override"":{},""swap"":{}}",7eb3e030d7baa0dcb2da0c7dab240115b476b773bac34e6458644123cc9ae60b,True,1.0,kv_8000,kv_constrained_online,48167,48.167,13508,0.182519,0,,True,0,0.462625,True,0.241846,5,200,0,200,0.446699,"full_prefill,chunked_prefill_small,estimated_service_time_first,weighted_fair_share,least_laxity_first",False,1.0,0.005,sustained+high_valid_pressure,0,952bd353c79bef75dea529eeb46f1ee1ac61a4efb946ed96403fe542a094c856,industry_realism_causal_headroom_phase_d_v1.results.0.0,61.675,0.0,azure_2023_conv,phase_d_v1::azure_2023_conv::w000::kv_capacity::kv_8000::step48167,VALID_STRONGLY_CONSTRAINED,1.0,0
0.005859375,kv_capacity,phase_d_v1::azure_2023_conv::w000::kv_capacity::kv_8000::step48185::sbs_reference,SBS_REFERENCE,"{""admit"":{},""hold_decode"":{},""migrate"":{},""preempt"":{},""prefill_chunk_override"":{},""swap"":{}}",952bd353c79bef75dea529eeb46f1ee1ac61a4efb946ed96403fe542a094c856,,1.0,kv_8000,kv_constrained_online,48185,48.185,13490,0.275713,0,,True,1,0.469375,True,0.243216,,200,0,200,0.449544,,False,1.0,0.005,sustained+high_valid_pressure,0,952bd353c79bef75dea529eeb46f1ee1ac61a4efb946ed96403fe542a094c856,industry_realism_causal_headroom_phase_d_v1.results.0.0,61.675,0.0,azure_2023_conv,phase_d_v1::azure_2023_conv::w000::kv_capacity::kv_8000::step48185,VALID_STRONGLY_CONSTRAINED,1.0,0
0.005859375,kv_capacity,phase_d_v1::azure_2023_conv::w000::kv_capacity::kv_8000::step48185::alt00::7eb3e030d7baa0dc,COUNTERFACTUAL,"{""admit"":{""0"":[133]},""hold_decode"":{},""migrate"":{},""preempt"":{},""prefill_chunk_override"":{},""swap"":{}}",7eb3e030d7baa0dcb2da0c7dab240115b476b773bac34e6458644123cc9ae60b,True,1.0,kv_8000,kv_constrained_online,48185,48.185,13490,0.130927,0,,True,0,0.469375,True,0.241936,5,200,0,200,0.446699,"full_prefill,chunked_prefill_small,estimated_service_time_first,weighted_fair_share,least_laxity_first",False,1.0,0.005,sustained+high_valid_pressure,0,952bd353c79bef75dea529eeb46f1ee1ac61a4efb946ed96403fe542a094c856,industry_realism_causal_headroom_phase_d_v1.results.0.0,61.675,0.0,azure_2023_conv,phase_d_v1::azure_2023_conv::w000::kv_capacity::kv_8000::step48185,VALID_STRONGLY_CONSTRAINED,1.0,0
0.005859375,kv_capacity,phase_d_v1::azure_2023_conv::w000::kv_capacity::kv_8000::step48410::sbs_reference,SBS_REFERENCE,"{""admit"":{},""hold_decode"":{},""migrate"":{},""preempt"":{},""prefill_chunk_override"":{},""swap"":{}}",952bd353c79bef75dea529eeb46f1ee1ac61a4efb946ed96403fe542a094c856,,1.0,kv_8000,kv_constrained_online,48410,48.410000000000004,13265,0.187366,0,,True,1,0.40775,True,0.243216,,200,0,200,0.449544,,False,1.0,0.005,sustained+high_valid_pressure,0,952bd353c79bef75dea529eeb46f1ee1ac61a4efb946ed96403fe542a094c856,industry_realism_causal_headroom_phase_d_v1.results.0.0,61.675,0.0,azure_2023_conv,phase_d_v1::azure_2023_conv::w000::kv_capacity::kv_8000::step48410,VALID_STRONGLY_CONSTRAINED,1.0,0
0.005859375,kv_capacity,phase_d_v1::azure_2023_conv::w000::kv_capacity::kv_8000::step48410::alt00::7eb3e030d7baa0dc,COUNTERFACTUAL,"{""admit"":{""0"":[133]},""hold_decode"":{},""migrate"":{},""preempt"":{},""prefill_chunk_override"":{},""swap"":{}}",7eb3e030d7baa0dcb2da0c7dab240115b476b773bac34e6458644123cc9ae60b,True,1.0,kv_8000,kv_constrained_online,48410,48.410000000000004,13265,0.129215,0,,True,0,0.40775,True,0.243096,5,200,0,200,0.446699,"full_prefill,chunked_prefill_small,estimated_service_time_first,weighted_fair_share,least_laxity_first",False,1.0,0.005,sustained+high_valid_pressure,0,952bd353c79bef75dea529eeb46f1ee1ac61a4efb946ed96403fe542a094c856,industry_realism_causal_headroom_phase_d_v1.results.0.0,61.675,0.0,azure_2023_conv,phase_d_v1::azure_2023_conv::w000::kv_capacity::kv_8000::step48410,VALID_STRONGLY_CONSTRAINED,1.0,0
0.009765625,kv_capacity,phase_d_v1::azure_2023_conv::w000::kv_capacity::kv_8000::step49859::sbs_reference,SBS_REFERENCE,"{""admit"":{},""hold_decode"":{},""migrate"":{},""preempt"":{},""prefill_chunk_override"":{},""swap"":{}}",952bd353c79bef75dea529eeb46f1ee1ac61a4efb946ed96403fe542a094c856,,1.0,kv_8000,kv_constrained_online,49859,49.859,11816,0.17022,0,,True,1,0.736625,True,0.243216,,200,0,200,0.449544,,False,1.0,0.005,sustained+high_valid_pressure,0,952bd353c79bef75dea529eeb46f1ee1ac61a4efb946ed96403fe542a094c856,industry_realism_causal_headroom_phase_d_v1.results.0.0,61.675,0.0,azure_2023_conv,phase_d_v1::azure_2023_conv::w000::kv_capacity::kv_8000::step49859,VALID_STRONGLY_CONSTRAINED,1.0,0
0.009765625,kv_capacity,phase_d_v1::azure_2023_conv::w000::kv_capacity::kv_8000::step49859::alt00::270c884d08d14618,COUNTERFACTUAL,"{""admit"":{""0"":[145]},""hold_decode"":{},""migrate"":{},""preempt"":{},""prefill_chunk_override"":{},""swap"":{}}",270c884d08d146186230f9add072e95ae8327bbd943187e7874c2be6c194b6de,True,1.0,kv_8000,kv_constrained_online,49859,49.859,11816,0.115363,0,,True,0,0.736625,True,0.242616,5,200,0,200,0.449544,"full_prefill,chunked_prefill_small,estimated_service_time_first,weighted_fair_share,least_laxity_first",False,1.0,0.005,sustained+high_valid_pressure,0,952bd353c79bef75dea529eeb46f1ee1ac61a4efb946ed96403fe542a094c856,industry_realism_causal_headroom_phase_d_v1.results.0.0,61.675,0.0,azure_2023_conv,phase_d_v1::azure_2023_conv::w000::kv_capacity::kv_8000::step49859,VALID_STRONGLY_CONSTRAINED,1.0,0
0.009765625,kv_capacity,phase_d_v1::azure_2023_conv::w000::kv_capacity::kv_8000::step50073::sbs_reference,SBS_REFERENCE,"{""admit"":{},""hold_decode"":{},""migrate"":{},""preempt"":{},""prefill_chunk_override"":{},""swap"":{}}",952bd353c79bef75dea529eeb46f1ee1ac61a4efb946ed96403fe542a094c856,,1.0,kv_8000,kv_constrained_online,50073,50.073,11602,0.10813,0,,True,1,0.801625,True,0.243216,,200,0,200,0.449544,,False,1.0,0.005,sustained+high_valid_pressure,0,952bd353c79bef75dea529eeb46f1ee1ac61a4efb946ed96403fe542a094c856,industry_realism_causal_headroom_phase_d_v1.results.0.0,61.675,0.0,azure_2023_conv,phase_d_v1::azure_2023_conv::w000::kv_capacity::kv_8000::step50073,VALID_STRONGLY_CONSTRAINED,1.0,0
0.009765625,kv_capacity,phase_d_v1::azure_2023_conv::w000::kv_capacity::kv_8000::step50073::alt00::f4a811b76c4c3f33,COUNTERFACTUAL,"{""admit"":{""0"":[146]},""hold_decode"":{},""migrate"":{},""preempt"":{},""prefill_chunk_override"":{},""swap"":{}}",f4a811b76c4c3f33c897b33ec648dbc6bd81ac1df655ccf4940f826ac0fef104,True,1.0,kv_8000,kv_constrained_online,50073,50.073,11602,0.123578,0,,True,0,0.801625,True,0.243176,5,200,0,200,0.449544,"full_prefill,chunked_prefill_small,estimated_service_time_first,weighted_fair_share,least_laxity_first",False,1.0,0.005,sustained+high_valid_pressure,0,952bd353c79bef75dea529eeb46f1ee1ac61a4efb946ed96403fe542a094c856,industry_realism_causal_headroom_phase_d_v1.results.0.0,61.675,0.0,azure_2023_conv,phase_d_v1::azure_2023_conv::w000::kv_capacity::kv_8000::step50073,VALID_STRONGLY_CONSTRAINED,1.0,0
0.00390625,kv_capacity,phase_d_v1::azure_2023_conv::w000::kv_capacity::kv_8000::step57850::sbs_reference,SBS_REFERENCE,"{""admit"":{},""hold_decode"":{},""migrate"":{},""preempt"":{},""prefill_chunk_override"":{},""swap"":{}}",952bd353c79bef75dea529eeb46f1ee1ac61a4efb946ed96403fe542a094c856,,1.0,kv_8000,kv_constrained_online,57850,57.85,3825,0.024465,0,,True,1,0.335125,True,0.243216,,200,0,200,0.449544,,False,1.0,0.005,sustained+high_valid_pressure,0,952bd353c79bef75dea529eeb46f1ee1ac61a4efb946ed96403fe542a094c856,industry_realism_causal_headroom_phase_d_v1.results.0.0,61.675,0.0,azure_2023_conv,phase_d_v1::azure_2023_conv::w000::kv_capacity::kv_8000::step57850,VALID_STRONGLY_CONSTRAINED,1.0,0
0.00390625,kv_capacity,phase_d_v1::azure_2023_conv::w000::kv_capacity::kv_8000::step57850::alt00::a0704cedd8bbde97,COUNTERFACTUAL,"{""admit"":{""0"":[187]},""hold_decode"":{},""migrate"":{},""preempt"":{},""prefill_chunk_override"":{},""swap"":{}}",a0704cedd8bbde973b304aa8a3c545a1a23f677f5a31f49fd1a5b3a2bd1e1e5a,True,1.0,kv_8000,kv_constrained_online,57850,57.85,3825,0.027038,0,,True,0,0.335125,True,0.243051,5,200,0,200,0.449544,"full_prefill,chunked_prefill_small,estimated_service_time_first,weighted_fair_share,least_laxity_first",False,1.0,0.005,sustained+high_valid_pressure,0,952bd353c79bef75dea529eeb46f1ee1ac61a4efb946ed96403fe542a094c856,industry_realism_causal_headroom_phase_d_v1.results.0.0,61.675,0.0,azure_2023_conv,phase_d_v1::azure_2023_conv::w000::kv_capacity::kv_8000::step57850,VALID_STRONGLY_CONSTRAINED,1.0,0
0.00390625,kv_capacity,phase_d_v1::azure_2023_conv::w004::kv_capacity::kv_8000::step3159::sbs_reference,SBS_REFERENCE,"{""admit"":{},""hold_decode"":{},""migrate"":{},""preempt"":{},""prefill_chunk_override"":{},""swap"":{}}",952bd353c79bef75dea529eeb46f1ee1ac61a4efb946ed96403fe542a094c856,,1.0,kv_8000,kv_constrained_online,3159,3.1590000000000003,30960,0.275681,0,,True,1,0.31725,True,0.210974,,200,0,200,0.434516,,False,1.0,0.005,sustained+high_valid_pressure,0,952bd353c79bef75dea529eeb46f1ee1ac61a4efb946ed96403fe542a094c856,industry_realism_causal_headroom_phase_d_v1.results.0.0,34.119,0.0,azure_2023_conv,phase_d_v1::azure_2023_conv::w004::kv_capacity::kv_8000::step3159,VALID_STRONGLY_CONSTRAINED,1.0,4
0.00390625,kv_capacity,phase_d_v1::azure_2023_conv::w004::kv_capacity::kv_8000::step3159::alt00::9f0b896f3edebfbf,COUNTERFACTUAL,"{""admit"":{""0"":[20]},""hold_decode"":{},""migrate"":{},""preempt"":{},""prefill_chunk_override"":{},""swap"":{}}",9f0b896f3edebfbfbc0b6b36cb8f86d3686a90d043083864eeca462da0505481,True,1.0,kv_8000,kv_constrained_online,3159,3.1590000000000003,30960,0.304292,0,,True,0,0.31725,True,0.210339,5,200,0,200,0.434516,"full_prefill,chunked_prefill_small,estimated_service_time_first,weighted_fair_share,least_laxity_first",False,1.0,0.005,sustained+high_valid_pressure,0,952bd353c79bef75dea529eeb46f1ee1ac61a4efb946ed96403fe542a094c856,industry_realism_causal_headroom_phase_d_v1.results.0.0,34.119,0.0,azure_2023_conv,phase_d_v1::azure_2023_conv::w004::kv_capacity::kv_8000::step3159,VALID_STRONGLY_CONSTRAINED,1.0,4
0.00390625,kv_capacity,phase_d_v1::azure_2023_conv::w004::kv_capacity::kv_8000::step3169::sbs_reference,SBS_REFERENCE,"{""admit"":{},""hold_decode"":{},""migrate"":{},""preempt"":{},""prefill_chunk_override"":{},""swap"":{}}",952bd353c79bef75dea529eeb46f1ee1ac61a4efb946ed96403fe542a094c856,,1.0,kv_8000,kv_constrained_online,3169,3.169,30950,0.352319,0,,True,1,0.31975,True,0.210974,,200,0,200,0.434516,,False,1.0,0.005,sustained+high_valid_pressure,0,952bd353c79bef75dea529eeb46f1ee1ac61a4efb946ed96403fe542a094c856,industry_realism_causal_headroom_phase_d_v1.results.0.0,34.119,0.0,azure_2023_conv,phase_d_v1::azure_2023_conv::w004::kv_capacity::kv_8000::step3169,VALID_STRONGLY_CONSTRAINED,1.0,4
0.00390625,kv_capacity,phase_d_v1::azure_2023_conv::w004::kv_capacity::kv_8000::step3169::alt00::9f0b896f3edebfbf,COUNTERFACTUAL,"{""admit"":{""0"":[20]},""hold_decode"":{},""migrate"":{},""preempt"":{},""prefill_chunk_override"":{},""swap"":{}}",9f0b896f3edebfbfbc0b6b36cb8f86d3686a90d043083864eeca462da0505481,True,1.0,kv_8000,kv_constrained_online,3169,3.169,30950,0.285718,0,,True,0,0.31975,True,0.210389,5,200,0,200,0.434516,"full_prefill,chunked_prefill_small,estimated_service_time_first,weighted_fair_share,least_laxity_first",False,1.0,0.005,sustained+high_valid_pressure,0,952bd353c79bef75dea529eeb46f1ee1ac61a4efb946ed96403fe542a094c856,industry_realism_causal_headroom_phase_d_v1.results.0.0,34.119,0.0,azure_2023_conv,phase_d_v1::azure_2023_conv::w004::kv_capacity::kv_8000::step3169,VALID_STRONGLY_CONSTRAINED,1.0,4
0.00390625,kv_capacity,phase_d_v1::azure_2023_conv::w004::kv_capacity::kv_8000::step4204::sbs_reference,SBS_REFERENCE,"{""admit"":{},""hold_decode"":{},""migrate"":{},""preempt"":{},""prefill_chunk_override"":{},""swap"":{}}",952bd353c79bef75dea529eeb46f1ee1ac61a4efb946ed96403fe542a094c856,,1.0,kv_8000,kv_constrained_online,4204,4.204,29915,0.285833,0,,True,1,0.36775,True,0.210974,,200,0,200,0.434516,,False,1.0,0.005,sustained+high_valid_pressure,0,952bd353c79bef75dea529eeb46f1ee1ac61a4efb946ed96403fe542a094c856,industry_realism_causal_headroom_phase_d_v1.results.0.0,34.119,0.0,azure_2023_conv,phase_d_v1::azure_2023_conv::w004::kv_capacity::kv_8000::step4204,VALID_STRONGLY_CONSTRAINED,1.0,4
0.00390625,kv_capacity,phase_d_v1::azure_2023_conv::w004::kv_capacity::kv_8000::step4204::alt00::bd022e84eb45ac05,COUNTERFACTUAL,"{""admit"":{""0"":[28]},""hold_decode"":{},""migrate"":{},""preempt"":{},""prefill_chunk_override"":{},""swap"":{}}",bd022e84eb45ac05a64278cd1150e5c7b9d8ced81317231eea26e29e85b93a87,True,1.0,kv_8000,kv_constrained_online,4204,4.204,29915,0.311305,0,,True,0,0.36775,True,0.210544,5,200,0,200,0.434516,"full_prefill,chunked_prefill_small,estimated_service_time_first,weighted_fair_share,least_laxity_first",False,1.0,0.005,sustained+high_valid_pressure,0,952bd353c79bef75dea529eeb46f1ee1ac61a4efb946ed96403fe542a094c856,industry_realism_causal_headroom_phase_d_v1.results.0.0,34.119,0.0,azure_2023_conv,phase_d_v1::azure_2023_conv::w004::kv_capacity::kv_8000::step4204,VALID_STRONGLY_CONSTRAINED,1.0,4
0.00390625,kv_capacity,phase_d_v1::azure_2023_conv::w004::kv_capacity::kv_8000::step4233::sbs_reference,SBS_REFERENCE,"{""admit"":{},""hold_decode"":{},""migrate"":{},""preempt"":{},""prefill_chunk_override"":{},""swap"":{}}",952bd353c79bef75dea529eeb46f1ee1ac61a4efb946ed96403fe542a094c856,,1.0,kv_8000,kv_constrained_online,4233,4.233,29886,0.279716,0,,True,1,0.375,True,0.210974,,200,0,200,0.434516,,False,1.0,0.005,sustained+high_valid_pressure,0,952bd353c79bef75dea529eeb46f1ee1ac61a4efb946ed96403fe542a094c856,industry_realism_causal_headroom_phase_d_v1.results.0.0,34.119,0.0,azure_2023_conv,phase_d_v1::azure_2023_conv::w004::kv_capacity::kv_8000::step4233,VALID_STRONGLY_CONSTRAINED,1.0,4
0.00390625,kv_capacity,phase_d_v1::azure_2023_conv::w004::kv_capacity::kv_8000::step4233::alt00::bd022e84eb45ac05,COUNTERFACTUAL,"{""admit"":{""0"":[28]},""hold_decode"":{},""migrate"":{},""preempt"":{},""prefill_chunk_override"":{},""swap"":{}}",bd022e84eb45ac05a64278cd1150e5c7b9d8ced81317231eea26e29e85b93a87,True,1.0,kv_8000,kv_constrained_online,4233,4.233,29886,0.246544,0,,True,0,0.375,True,0.210689,5,200,0,200,0.434516,"full_prefill,chunked_prefill_small,estimated_service_time_first,weighted_fair_share,least_laxity_first",False,1.0,0.005,sustained+high_valid_pressure,0,952bd353c79bef75dea529eeb46f1ee1ac61a4efb946ed96403fe542a094c856,industry_realism_causal_headroom_phase_d_v1.results.0.0,34.119,0.0,azure_2023_conv,phase_d_v1::azure_2023_conv::w004::kv_capacity::kv_8000::step4233,VALID_STRONGLY_CONSTRAINED,1.0,4
0.00390625,kv_capacity,phase_d_v1::azure_2023_conv::w004::kv_capacity::kv_8000::step4249::sbs_reference,SBS_REFERENCE,"{""admit"":{},""hold_decode"":{},""migrate"":{},""preempt"":{},""prefill_chunk_override"":{},""swap"":{}}",952bd353c79bef75dea529eeb46f1ee1ac61a4efb946ed96403fe542a094c856,,1.0,kv_8000,kv_constrained_online,4249,4.249,29870,0.313219,0,,True,1,0.379,True,0.210974,,200,0,200,0.434516,,False,1.0,0.005,sustained+high_valid_pressure,0,952bd353c79bef75dea529eeb46f1ee1ac61a4efb946ed96403fe542a094c856,industry_realism_causal_headroom_phase_d_v1.results.0.0,34.119,0.0,azure_2023_conv,phase_d_v1::azure_2023_conv::w004::kv_capacity::kv_8000::step4249,VALID_STRONGLY_CONSTRAINED,1.0,4
0.00390625,kv_capacity,phase_d_v1::azure_2023_conv::w004::kv_capacity::kv_8000::step4249::alt00::bd022e84eb45ac05,COUNTERFACTUAL,"{""admit"":{""0"":[28]},""hold_decode"":{},""migrate"":{},""preempt"":{},""prefill_chunk_override"":{},""swap"":{}}",bd022e84eb45ac05a64278cd1150e5c7b9d8ced81317231eea26e29e85b93a87,True,1.0,kv_8000,kv_constrained_online,4249,4.249,29870,0.241663,0,,True,0,0.379,True,0.210769,5,200,0,200,0.434516,"full_prefill,chunked_prefill_small,estimated_service_time_first,weighted_fair_share,least_laxity_first",False,1.0,0.005,sustained+high_valid_pressure,0,952bd353c79bef75dea529eeb46f1ee1ac61a4efb946ed96403fe542a094c856,industry_realism_causal_headroom_phase_d_v1.results.0.0,34.119,0.0,azure_2023_conv,phase_d_v1::azure_2023_conv::w004::kv_capacity::kv_8000::step4249,VALID_STRONGLY_CONSTRAINED,1.0,4
0.005859375,kv_capacity,phase_d_v1::azure_2023_conv::w004::kv_capacity::kv_8000::step13627::sbs_reference,SBS_REFERENCE,"{""admit"":{},""hold_decode"":{},""migrate"":{},""preempt"":{},""prefill_chunk_override"":{},""swap"":{}}",952bd353c79bef75dea529eeb46f1ee1ac61a4efb946ed96403fe542a094c856,,1.0,kv_8000,kv_constrained_online,13627,13.627,20492,0.222664,0,,True,1,0.36225,True,0.210974,,200,0,200,0.434516,,False,1.0,0.005,sustained+high_valid_pressure,0,952bd353c79bef75dea529eeb46f1ee1ac61a4efb946ed96403fe542a094c856,industry_realism_causal_headroom_phase_d_v1.results.0.0,34.119,0.0,azure_2023_conv,phase_d_v1::azure_2023_conv::w004::kv_capacity::kv_8000::step13627,VALID_STRONGLY_CONSTRAINED,1.0,4
0.005859375,kv_capacity,phase_d_v1::azure_2023_conv::w004::kv_capacity::kv_8000::step13627::alt00::c2cc8101924352a2,COUNTERFACTUAL,"{""admit"":{""0"":[82]},""hold_decode"":{},""migrate"":{},""preempt"":{},""prefill_chunk_override"":{},""swap"":{}}",c2cc8101924352a22d2f65d37d465c41c64fbd94dbd69d132a6127bae7b393ba,True,1.0,kv_8000,kv_constrained_online,13627,13.627,20492,0.165003,0,,True,0,0.36225,True,0.209949,5,200,0,200,0.434516,"full_prefill,chunked_prefill_small,estimated_service_time_first,weighted_fair_share,least_laxity_first",False,1.0,0.005,sustained+high_valid_pressure,0,952bd353c79bef75dea529eeb46f1ee1ac61a4efb946ed96403fe542a094c856,industry_realism_causal_headroom_phase_d_v1.results.0.0,34.119,0.0,azure_2023_conv,phase_d_v1::azure_2023_conv::w004::kv_capacity::kv_8000::step13627,VALID_STRONGLY_CONSTRAINED,1.0,4
0.005859375,kv_capacity,phase_d_v1::azure_2023_conv::w004::kv_capacity::kv_8000::step13639::sbs_reference,SBS_REFERENCE,"{""admit"":{},""hold_decode"":{},""migrate"":{},""preempt"":{},""prefill_chunk_override"":{},""swap"":{}}",952bd353c79bef75dea529eeb46f1ee1ac61a4efb946ed96403fe542a094c856,,1.0,kv_8000,kv_constrained_online,13639,13.639000000000001,20480,0.234076,0,,True,1,0.36675,True,0.210974,,200,0,200,0.434516,,False,1.0,0.005,sustained+high_valid_pressure,0,952bd353c79bef75dea529eeb46f1ee1ac61a4efb946ed96403fe542a094c856,industry_realism_causal_headroom_phase_d_v1.results.0.0,34.119,0.0,azure_2023_conv,phase_d_v1::azure_2023_conv::w004::kv_capacity::kv_8000::step13639,VALID_STRONGLY_CONSTRAINED,1.0,4
0.005859375,kv_capacity,phase_d_v1::azure_2023_conv::w004::kv_capacity::kv_8000::step13639::alt00::c2cc8101924352a2,COUNTERFACTUAL,"{""admit"":{""0"":[82]},""hold_decode"":{},""migrate"":{},""preempt"":{},""prefill_chunk_override"":{},""swap"":{}}",c2cc8101924352a22d2f65d37d465c41c64fbd94dbd69d132a6127bae7b393ba,True,1.0,kv_8000,kv_constrained_online,13639,13.639000000000001,20480,0.164637,0,,True,0,0.36675,True,0.210009,5,200,0,200,0.434516,"full_prefill,chunked_prefill_small,estimated_service_time_first,weighted_fair_share,least_laxity_first",False,1.0,0.005,sustained+high_valid_pressure,0,952bd353c79bef75dea529eeb46f1ee1ac61a4efb946ed96403fe542a094c856,industry_realism_causal_headroom_phase_d_v1.results.0.0,34.119,0.0,azure_2023_conv,phase_d_v1::azure_2023_conv::w004::kv_capacity::kv_8000::step13639,VALID_STRONGLY_CONSTRAINED,1.0,4
0.005859375,kv_capacity,phase_d_v1::azure_2023_conv::w004::kv_capacity::kv_8000::step13642::sbs_reference,SBS_REFERENCE,"{""admit"":{},""hold_decode"":{},""migrate"":{},""preempt"":{},""prefill_chunk_override"":{},""swap"":{}}",952bd353c79bef75dea529eeb46f1ee1ac61a4efb946ed96403fe542a094c856,,1.0,kv_8000,kv_constrained_online,13642,13.642,20477,0.235524,0,,True,1,0.367875,True,0.210974,,200,0,200,0.434516,,False,1.0,0.005,sustained+high_valid_pressure,0,952bd353c79bef75dea529eeb46f1ee1ac61a4efb946ed96403fe542a094c856,industry_realism_causal_headroom_phase_d_v1.results.0.0,34.119,0.0,azure_2023_conv,phase_d_v1::azure_2023_conv::w004::kv_capacity::kv_8000::step13642,VALID_STRONGLY_CONSTRAINED,1.0,4
0.005859375,kv_capacity,phase_d_v1::azure_2023_conv::w004::kv_capacity::kv_8000::step13642::alt00::c2cc8101924352a2,COUNTERFACTUAL,"{""admit"":{""0"":[82]},""hold_decode"":{},""migrate"":{},""preempt"":{},""prefill_chunk_override"":{},""swap"":{}}",c2cc8101924352a22d2f65d37d465c41c64fbd94dbd69d132a6127bae7b393ba,True,1.0,kv_8000,kv_constrained_online,13642,13.642,20477,0.239288,0,,True,0,0.367875,True,0.210024,5,200,0,200,0.434516,"full_prefill,chunked_prefill_small,estimated_service_time_first,weighted_fair_share,least_laxity_first",False,1.0,0.005,sustained+high_valid_pressure,0,952bd353c79bef75dea529eeb46f1ee1ac61a4efb946ed96403fe542a094c856,industry_realism_causal_headroom_phase_d_v1.results.0.0,34.119,0.0,azure_2023_conv,phase_d_v1::azure_2023_conv::w004::kv_capacity::kv_8000::step13642,VALID_STRONGLY_CONSTRAINED,1.0,4
0.00390625,kv_capacity,phase_d_v1::azure_2023_conv::w004::kv_capacity::kv_8000::step13774::sbs_reference,SBS_REFERENCE,"{""admit"":{},""hold_decode"":{},""migrate"":{},""preempt"":{},""prefill_chunk_override"":{},""swap"":{}}",952bd353c79bef75dea529eeb46f1ee1ac61a4efb946ed96403fe542a094c856,,1.0,kv_8000,kv_constrained_online,13774,13.774000000000001,20345,0.16513,0,,True,1,0.346625,True,0.210974,,200,0,200,0.434516,,False,1.0,0.005,sustained+high_valid_pressure,0,952bd353c79bef75dea529eeb46f1ee1ac61a4efb946ed96403fe542a094c856,industry_realism_causal_headroom_phase_d_v1.results.0.0,34.119,0.0,azure_2023_conv,phase_d_v1::azure_2023_conv::w004::kv_capacity::kv_8000::step13774,VALID_STRONGLY_CONSTRAINED,1.0,4
0.00390625,kv_capacity,phase_d_v1::azure_2023_conv::w004::kv_capacity::kv_8000::step13774::alt00::c2cc8101924352a2,COUNTERFACTUAL,"{""admit"":{""0"":[82]},""hold_decode"":{},""migrate"":{},""preempt"":{},""prefill_chunk_override"":{},""swap"":{}}",c2cc8101924352a22d2f65d37d465c41c64fbd94dbd69d132a6127bae7b393ba,True,1.0,kv_8000,kv_constrained_online,13774,13.774000000000001,20345,0.160724,0,,True,0,0.346625,True,0.210644,5,200,0,200,0.434516,"full_prefill,chunked_prefill_small,estimated_service_time_first,weighted_fair_share,least_laxity_first",False,1.0,0.005,sustained+high_valid_pressure,0,952bd353c79bef75dea529eeb46f1ee1ac61a4efb946ed96403fe542a094c856,industry_realism_causal_headroom_phase_d_v1.results.0.0,34.119,0.0,azure_2023_conv,phase_d_v1::azure_2023_conv::w004::kv_capacity::kv_8000::step13774,VALID_STRONGLY_CONSTRAINED,1.0,4
0.00390625,kv_capacity,phase_d_v1::azure_2023_conv::w004::kv_capacity::kv_8000::step13789::sbs_reference,SBS_REFERENCE,"{""admit"":{},""hold_decode"":{},""migrate"":{},""preempt"":{},""prefill_chunk_override"":{},""swap"":{}}",952bd353c79bef75dea529eeb46f1ee1ac61a4efb946ed96403fe542a094c856,,1.0,kv_8000,kv_constrained_online,13789,13.789,20330,0.163448,0,,True,1,0.350375,True,0.210974,,200,0,200,0.434516,,False,1.0,0.005,sustained+high_valid_pressure,0,952bd353c79bef75dea529eeb46f1ee1ac61a4efb946ed96403fe542a094c856,industry_realism_causal_headroom_phase_d_v1.results.0.0,34.119,0.0,azure_2023_conv,phase_d_v1::azure_2023_conv::w004::kv_capacity::kv_8000::step13789,VALID_STRONGLY_CONSTRAINED,1.0,4
0.00390625,kv_capacity,phase_d_v1::azure_2023_conv::w004::kv_capacity::kv_8000::step13789::alt00::c2cc8101924352a2,COUNTERFACTUAL,"{""admit"":{""0"":[82]},""hold_decode"":{},""migrate"":{},""preempt"":{},""prefill_chunk_override"":{},""swap"":{}}",c2cc8101924352a22d2f65d37d465c41c64fbd94dbd69d132a6127bae7b393ba,True,1.0,kv_8000,kv_constrained_online,13789,13.789,20330,0.196222,0,,True,0,0.350375,True,0.210719,5,200,0,200,0.434516,"full_prefill,chunked_prefill_small,estimated_service_time_first,weighted_fair_share,least_laxity_first",False,1.0,0.005,sustained+high_valid_pressure,0,952bd353c79bef75dea529eeb46f1ee1ac61a4efb946ed96403fe542a094c856,industry_realism_causal_headroom_phase_d_v1.results.0.0,34.119,0.0,azure_2023_conv,phase_d_v1::azure_2023_conv::w004::kv_capacity::kv_8000::step13789,VALID_STRONGLY_CONSTRAINED,1.0,4
0.00390625,kv_capacity,phase_d_v1::azure_2023_conv::w004::kv_capacity::kv_8000::step31008::sbs_reference,SBS_REFERENCE,"{""admit"":{},""hold_decode"":{},""migrate"":{},""preempt"":{},""prefill_chunk_override"":{},""swap"":{}}",952bd353c79bef75dea529eeb46f1ee1ac61a4efb946ed96403fe542a094c856,,1.0,kv_8000,kv_constrained_online,31008,31.008,3111,0.032355,0,,True,1,0.35425,True,0.210974,,200,0,200,0.434516,,False,1.0,0.005,sustained+high_valid_pressure,0,952bd353c79bef75dea529eeb46f1ee1ac61a4efb946ed96403fe542a094c856,industry_realism_causal_headroom_phase_d_v1.results.0.0,34.119,0.0,azure_2023_conv,phase_d_v1::azure_2023_conv::w004::kv_capacity::kv_8000::step31008,VALID_STRONGLY_CONSTRAINED,1.0,4
0.00390625,kv_capacity,phase_d_v1::azure_2023_conv::w004::kv_capacity::kv_8000::step31008::alt00::e83d7adde5e9f9e7,COUNTERFACTUAL,"{""admit"":{""0"":[180]},""hold_decode"":{},""migrate"":{},""preempt"":{},""prefill_chunk_override"":{},""swap"":{}}",e83d7adde5e9f9e77dd4711b588af5826878fc8d1e668e6176bec1f57325388f,True,1.0,kv_8000,kv_constrained_online,31008,31.008,3111,0.021651,0,,True,0,0.35425,True,0.210974,5,200,0,200,0.434516,"full_prefill,chunked_prefill_small,estimated_service_time_first,weighted_fair_share,least_laxity_first",False,1.0,0.005,sustained+high_valid_pressure,0,952bd353c79bef75dea529eeb46f1ee1ac61a4efb946ed96403fe542a094c856,industry_realism_causal_headroom_phase_d_v1.results.0.0,34.119,0.0,azure_2023_conv,phase_d_v1::azure_2023_conv::w004::kv_capacity::kv_8000::step31008,VALID_STRONGLY_CONSTRAINED,1.0,4
0.00390625,kv_capacity,phase_d_v1::azure_2023_conv::w004::kv_capacity::kv_8000::step31041::sbs_reference,SBS_REFERENCE,"{""admit"":{},""hold_decode"":{},""migrate"":{},""preempt"":{},""prefill_chunk_override"":{},""swap"":{}}",952bd353c79bef75dea529eeb46f1ee1ac61a4efb946ed96403fe542a094c856,,1.0,kv_8000,kv_constrained_online,31041,31.041,3078,0.021373,0,,True,1,0.3625,True,0.210974,,200,0,200,0.434516,,False,1.0,0.01,sustained+high_valid_pressure,1,952bd353c79bef75dea529eeb46f1ee1ac61a4efb946ed96403fe542a094c856,industry_realism_causal_headroom_phase_d_v1.results.0.0,34.119,0.0,azure_2023_conv,phase_d_v1::azure_2023_conv::w004::kv_capacity::kv_8000::step31041,VALID_STRONGLY_CONSTRAINED,1.0,4
0.00390625,kv_capacity,phase_d_v1::azure_2023_conv::w004::kv_capacity::kv_8000::step31041::alt00::e83d7adde5e9f9e7,COUNTERFACTUAL,"{""admit"":{""0"":[180]},""hold_decode"":{},""migrate"":{},""preempt"":{},""prefill_chunk_override"":{},""swap"":{}}",e83d7adde5e9f9e77dd4711b588af5826878fc8d1e668e6176bec1f57325388f,True,1.0,kv_8000,kv_constrained_online,31041,31.041,3078,0.022249,0,,True,0,0.3625,True,0.211304,3,200,0,200,0.434516,"full_prefill,chunked_prefill_small,least_laxity_first",False,1.0,0.01,sustained+high_valid_pressure,1,952bd353c79bef75dea529eeb46f1ee1ac61a4efb946ed96403fe542a094c856,industry_realism_causal_headroom_phase_d_v1.results.0.0,34.119,0.0,azure_2023_conv,phase_d_v1::azure_2023_conv::w004::kv_capacity::kv_8000::step31041,VALID_STRONGLY_CONSTRAINED,1.0,4
0.00390625,kv_capacity,phase_d_v1::azure_2023_conv::w004::kv_capacity::kv_8000::step31041::alt01::9285da4873360fcd,COUNTERFACTUAL,"{""admit"":{""0"":[181]},""hold_decode"":{},""migrate"":{},""preempt"":{},""prefill_chunk_override"":{},""swap"":{}}",9285da4873360fcd9bdf67a26f94947dda9abe94cc6576d8f5692d55f77708dc,True,1.0,kv_8000,kv_constrained_online,31041,31.041,3078,0.021494,0,,True,0,0.3625,True,0.211164,2,200,0,200,0.434516,"estimated_service_time_first,weighted_fair_share",False,1.0,0.01,sustained+high_valid_pressure,1,952bd353c79bef75dea529eeb46f1ee1ac61a4efb946ed96403fe542a094c856,industry_realism_causal_headroom_phase_d_v1.results.0.0,34.119,0.0,azure_2023_conv,phase_d_v1::azure_2023_conv::w004::kv_capacity::kv_8000::step31041,VALID_STRONGLY_CONSTRAINED,1.0,4
0.005859375,kv_capacity,phase_d_v1::azure_2023_conv::w004::kv_capacity::kv_8000::step32105::sbs_reference,SBS_REFERENCE,"{""admit"":{},""hold_decode"":{},""migrate"":{},""preempt"":{},""prefill_chunk_override"":{},""swap"":{}}",952bd353c79bef75dea529eeb46f1ee1ac61a4efb946ed96403fe542a094c856,,1.0,kv_8000,kv_constrained_online,32105,32.105000000000004,2014,0.009994,0,,True,1,0.40675,True,0.210974,,200,0,200,0.434516,,False,1.0,0.01,sustained+high_valid_pressure,1,952bd353c79bef75dea529eeb46f1ee1ac61a4efb946ed96403fe542a094c856,industry_realism_causal_headroom_phase_d_v1.results.0.0,34.119,0.0,azure_2023_conv,phase_d_v1::azure_2023_conv::w004::kv_capacity::kv_8000::step32105,VALID_STRONGLY_CONSTRAINED,1.0,4
0.005859375,kv_capacity,phase_d_v1::azure_2023_conv::w004::kv_capacity::kv_8000::step32105::alt00::b19658d0194088b3,COUNTERFACTUAL,"{""admit"":{""0"":[190]},""hold_decode"":{},""migrate"":{},""preempt"":{},""prefill_chunk_override"":{},""swap"":{}}",b19658d0194088b34d1c60dacdb745f7ee4483b7a003b489d7741ba4b7e12741,True,1.0,kv_8000,kv_constrained_online,32105,32.105000000000004,2014,0.010058,0,,True,0,0.40675,True,0.210874,4,200,0,200,0.434516,"full_prefill,chunked_prefill_small,estimated_service_time_first,weighted_fair_share",False,1.0,0.01,sustained+high_valid_pressure,1,952bd353c79bef75dea529eeb46f1ee1ac61a4efb946ed96403fe542a094c856,industry_realism_causal_headroom_phase_d_v1.results.0.0,34.119,0.0,azure_2023_conv,phase_d_v1::azure_2023_conv::w004::kv_capacity::kv_8000::step32105,VALID_STRONGLY_CONSTRAINED,1.0,4
0.005859375,kv_capacity,phase_d_v1::azure_2023_conv::w004::kv_capacity::kv_8000::step32105::alt01::78b6ffce86b8ef99,COUNTERFACTUAL,"{""admit"":{""0"":[191]},""hold_decode"":{},""migrate"":{},""preempt"":{},""prefill_chunk_override"":{},""swap"":{}}",78b6ffce86b8ef997f3be28cf6f1bc6e41d607b0adf8a82a1848cc0b33467fee,True,1.0,kv_8000,kv_constrained_online,32105,32.105000000000004,2014,0.010022,0,,True,0,0.40675,True,0.210894,1,200,0,200,0.434516,least_laxity_first,False,1.0,0.01,sustained+high_valid_pressure,1,952bd353c79bef75dea529eeb46f1ee1ac61a4efb946ed96403fe542a094c856,industry_realism_causal_headroom_phase_d_v1.results.0.0,34.119,0.0,azure_2023_conv,phase_d_v1::azure_2023_conv::w004::kv_capacity::kv_8000::step32105,VALID_STRONGLY_CONSTRAINED,1.0,4
0.005859375,kv_capacity,phase_d_v1::azure_2023_conv::w008::kv_capacity::kv_8000::step2424::sbs_reference,SBS_REFERENCE,"{""admit"":{},""hold_decode"":{},""migrate"":{},""preempt"":{},""prefill_chunk_override"":{},""swap"":{}}",952bd353c79bef75dea529eeb46f1ee1ac61a4efb946ed96403fe542a094c856,,1.0,kv_8000,kv_constrained_online,2424,2.424,43284,0.397237,0,,True,1,0.399125,True,0.281227,,200,0,200,0.483552,,False,1.0,0.005,sustained+high_valid_pressure,0,952bd353c79bef75dea529eeb46f1ee1ac61a4efb946ed96403fe542a094c856,industry_realism_causal_headroom_phase_d_v1.results.0.0,45.708,0.0,azure_2023_conv,phase_d_v1::azure_2023_conv::w008::kv_capacity::kv_8000::step2424,VALID_STRONGLY_CONSTRAINED,1.0,8
0.005859375,kv_capacity,phase_d_v1::azure_2023_conv::w008::kv_capacity::kv_8000::step2424::alt00::9d3abe07b6270449,COUNTERFACTUAL,"{""admit"":{""0"":[8]},""hold_decode"":{},""migrate"":{},""preempt"":{},""prefill_chunk_override"":{},""swap"":{}}",9d3abe07b6270449676ccfaa6fb40f1f86ed98c50f23b0412880ce0ea8b4ede4,True,1.0,kv_8000,kv_constrained_online,2424,2.424,43284,0.466958,0,,True,0,0.399125,True,0.280847,5,200,0,200,0.483552,"full_prefill,chunked_prefill_small,estimated_service_time_first,weighted_fair_share,least_laxity_first",False,1.0,0.005,sustained+high_valid_pressure,0,952bd353c79bef75dea529eeb46f1ee1ac61a4efb946ed96403fe542a094c856,industry_realism_causal_headroom_phase_d_v1.results.0.0,45.708,0.0,azure_2023_conv,phase_d_v1::azure_2023_conv::w008::kv_capacity::kv_8000::step2424,VALID_STRONGLY_CONSTRAINED,1.0,8
0.005859375,kv_capacity,phase_d_v1::azure_2023_conv::w008::kv_capacity::kv_8000::step2494::sbs_reference,SBS_REFERENCE,"{""admit"":{},""hold_decode"":{},""migrate"":{},""preempt"":{},""prefill_chunk_override"":{},""swap"":{}}",952bd353c79bef75dea529eeb46f1ee1ac61a4efb946ed96403fe542a094c856,,1.0,kv_8000,kv_constrained_online,2494,2.494,43214,0.440403,0,,True,1,0.489125,True,0.281227,,200,0,200,0.483552,,False,1.0,0.005,sustained+high_valid_pressure,0,952bd353c79bef75dea529eeb46f1ee1ac61a4efb946ed96403fe542a094c856,industry_realism_causal_headroom_phase_d_v1.results.0.0,45.708,0.0,azure_2023_conv,phase_d_v1::azure_2023_conv::w008::kv_capacity::kv_8000::step2494,VALID_STRONGLY_CONSTRAINED,1.0,8
0.005859375,kv_capacity,phase_d_v1::azure_2023_conv::w008::kv_capacity::kv_8000::step2494::alt00::9d3abe07b6270449,COUNTERFACTUAL,"{""admit"":{""0"":[8]},""hold_decode"":{},""migrate"":{},""preempt"":{},""prefill_chunk_override"":{},""swap"":{}}",9d3abe07b6270449676ccfaa6fb40f1f86ed98c50f23b0412880ce0ea8b4ede4,True,1.0,kv_8000,kv_constrained_online,2494,2.494,43214,0.377191,0,,True,0,0.489125,True,0.281222,5,200,0,200,0.483552,"full_prefill,chunked_prefill_small,estimated_service_time_first,weighted_fair_share,least_laxity_first",False,1.0,0.005,sustained+high_valid_pressure,0,952bd353c79bef75dea529eeb46f1ee1ac61a4efb946ed96403fe542a094c856,industry_realism_causal_headroom_phase_d_v1.results.0.0,45.708,0.0,azure_2023_conv,phase_d_v1::azure_2023_conv::w008::kv_capacity::kv_8000::step2494,VALID_STRONGLY_CONSTRAINED,1.0,8
0.005859375,kv_capacity,phase_d_v1::azure_2023_conv::w008::kv_capacity::kv_8000::step2945::sbs_reference,SBS_REFERENCE,"{""admit"":{},""hold_decode"":{},""migrate"":{},""preempt"":{},""prefill_chunk_override"":{},""swap"":{}}",952bd353c79bef75dea529eeb46f1ee1ac61a4efb946ed96403fe542a094c856,,1.0,kv_8000,kv_constrained_online,2945,2.945,42763,0.435052,0,,True,1,0.5095,True,0.281227,,200,0,200,0.483552,,False,1.0,0.005,sustained+high_valid_pressure,0,952bd353c79bef75dea529eeb46f1ee1ac61a4efb946ed96403fe542a094c856,industry_realism_causal_headroom_phase_d_v1.results.0.0,45.708,0.0,azure_2023_conv,phase_d_v1::azure_2023_conv::w008::kv_capacity::kv_8000::step2945,VALID_STRONGLY_CONSTRAINED,1.0,8
0.005859375,kv_capacity,phase_d_v1::azure_2023_conv::w008::kv_capacity::kv_8000::step2945::alt00::0066d038b8695f2e,COUNTERFACTUAL,"{""admit"":{""0"":[13]},""hold_decode"":{},""migrate"":{},""preempt"":{},""prefill_chunk_override"":{},""swap"":{}}",0066d038b8695f2e5c8473c15052ee69d50c5f86a617b6a9ca05ee76a957ef5d,True,1.0,kv_8000,kv_constrained_online,2945,2.945,42763,0.367024,0,,True,0,0.5095,True,0.280747,5,200,0,200,0.483552,"full_prefill,chunked_prefill_small,estimated_service_time_first,weighted_fair_share,least_laxity_first",False,1.0,0.005,sustained+high_valid_pressure,0,952bd353c79bef75dea529eeb46f1ee1ac61a4efb946ed96403fe542a094c856,industry_realism_causal_headroom_phase_d_v1.results.0.0,45.708,0.0,azure_2023_conv,phase_d_v1::azure_2023_conv::w008::kv_capacity::kv_8000::step2945,VALID_STRONGLY_CONSTRAINED,1.0,8
0.005859375,kv_capacity,phase_d_v1::azure_2023_conv::w008::kv_capacity::kv_8000::step2963::sbs_reference,SBS_REFERENCE,"{""admit"":{},""hold_decode"":{},""migrate"":{},""preempt"":{},""prefill_chunk_override"":{},""swap"":{}}",952bd353c79bef75dea529eeb46f1ee1ac61a4efb946ed96403fe542a094c856,,1.0,kv_8000,kv_constrained_online,2963,2.963,42745,0.440814,0,,True,1,0.51625,True,0.281227,,200,0,200,0.483552,,False,1.0,0.005,sustained+high_valid_pressure,0,952bd353c79bef75dea529eeb46f1ee1ac61a4efb946ed96403fe542a094c856,industry_realism_causal_headroom_phase_d_v1.results.0.0,45.708,0.0,azure_2023_conv,phase_d_v1::azure_2023_conv::w008::kv_capacity::kv_8000::step2963,VALID_STRONGLY_CONSTRAINED,1.0,8
0.005859375,kv_capacity,phase_d_v1::azure_2023_conv::w008::kv_capacity::kv_8000::step2963::alt00::0066d038b8695f2e,COUNTERFACTUAL,"{""admit"":{""0"":[13]},""hold_decode"":{},""migrate"":{},""preempt"":{},""prefill_chunk_override"":{},""swap"":{}}",0066d038b8695f2e5c8473c15052ee69d50c5f86a617b6a9ca05ee76a957ef5d,True,1.0,kv_8000,kv_constrained_online,2963,2.963,42745,0.367742,0,,True,0,0.51625,True,0.280907,5,200,0,200,0.483552,"full_prefill,chunked_prefill_small,estimated_service_time_first,weighted_fair_share,least_laxity_first",False,1.0,0.005,sustained+high_valid_pressure,0,952bd353c79bef75dea529eeb46f1ee1ac61a4efb946ed96403fe542a094c856,industry_realism_causal_headroom_phase_d_v1.results.0.0,45.708,0.0,azure_2023_conv,phase_d_v1::azure_2023_conv::w008::kv_capacity::kv_8000::step2963,VALID_STRONGLY_CONSTRAINED,1.0,8
0.005859375,kv_capacity,phase_d_v1::azure_2023_conv::w008::kv_capacity::kv_8000::step3110::sbs_reference,SBS_REFERENCE,"{""admit"":{},""hold_decode"":{},""migrate"":{},""preempt"":{},""prefill_chunk_override"":{},""swap"":{}}",952bd353c79bef75dea529eeb46f1ee1ac61a4efb946ed96403fe542a094c856,,1.0,kv_8000,kv_constrained_online,3110,3.11,42598,0.41011,0,,True,1,0.76575,True,0.281227,,200,0,200,0.483552,,False,1.0,0.005,sustained+high_valid_pressure,0,952bd353c79bef75dea529eeb46f1ee1ac61a4efb946ed96403fe542a094c856,industry_realism_causal_headroom_phase_d_v1.results.0.0,45.708,0.0,azure_2023_conv,phase_d_v1::azure_2023_conv::w008::kv_capacity::kv_8000::step3110,VALID_STRONGLY_CONSTRAINED,1.0,8
0.005859375,kv_capacity,phase_d_v1::azure_2023_conv::w008::kv_capacity::kv_8000::step3110::alt00::80ab67f8134da5ae,COUNTERFACTUAL,"{""admit"":{""0"":[14]},""hold_decode"":{},""migrate"":{},""preempt"":{},""prefill_chunk_override"":{},""swap"":{}}",80ab67f8134da5aeb5c735436fc3b2a73592eddc87d581b55662421f346a511b,True,1.0,kv_8000,kv_constrained_online,3110,3.11,42598,0.416797,0,,True,0,0.76575,True,0.281212,5,200,0,200,0.483552,"full_prefill,chunked_prefill_small,estimated_service_time_first,weighted_fair_share,least_laxity_first",False,1.0,0.005,sustained+high_valid_pressure,0,952bd353c79bef75dea529eeb46f1ee1ac61a4efb946ed96403fe542a094c856,industry_realism_causal_headroom_phase_d_v1.results.0.0,45.708,0.0,azure_2023_conv,phase_d_v1::azure_2023_conv::w008::kv_capacity::kv_8000::step3110,VALID_STRONGLY_CONSTRAINED,1.0,8
0.00390625,kv_capacity,phase_d_v1::azure_2023_conv::w008::kv_capacity::kv_8000::step11941::sbs_reference,SBS_REFERENCE,"{""admit"":{},""hold_decode"":{},""migrate"":{},""preempt"":{},""prefill_chunk_override"":{},""swap"":{}}",952bd353c79bef75dea529eeb46f1ee1ac61a4efb946ed96403fe542a094c856,,1.0,kv_8000,kv_constrained_online,11941,11.941,33767,0.283738,0,,True,1,0.374,True,0.281227,,200,0,200,0.483552,,False,1.0,0.005,sustained+high_valid_pressure,0,952bd353c79bef75dea529eeb46f1ee1ac61a4efb946ed96403fe542a094c856,industry_realism_causal_headroom_phase_d_v1.results.0.0,45.708,0.0,azure_2023_conv,phase_d_v1::azure_2023_conv::w008::kv_capacity::kv_8000::step11941,VALID_STRONGLY_CONSTRAINED,1.0,8
0.00390625,kv_capacity,phase_d_v1::azure_2023_conv::w008::kv_capacity::kv_8000::step11941::alt00::e4e7e7409ecbd5b9,COUNTERFACTUAL,"{""admit"":{""0"":[54]},""hold_decode"":{},""migrate"":{},""preempt"":{},""prefill_chunk_override"":{},""swap"":{}}",e4e7e7409ecbd5b971853a4edeff1ee9f7f64a2297e9b9a5c2c0c5adc0de45ab,True,1.0,kv_8000,kv_constrained_online,11941,11.941,33767,0.303368,0,,True,0,0.374,True,0.280782,5,200,0,200,0.483552,"full_prefill,chunked_prefill_small,estimated_service_time_first,weighted_fair_share,least_laxity_first",False,1.0,0.005,sustained+high_valid_pressure,0,952bd353c79bef75dea529eeb46f1ee1ac61a4efb946ed96403fe542a094c856,industry_realism_causal_headroom_phase_d_v1.results.0.0,45.708,0.0,azure_2023_conv,phase_d_v1::azure_2023_conv::w008::kv_capacity::kv_8000::step11941,VALID_STRONGLY_CONSTRAINED,1.0,8
0.00390625,kv_capacity,phase_d_v1::azure_2023_conv::w008::kv_capacity::kv_8000::step12019::sbs_reference,SBS_REFERENCE,"{""admit"":{},""hold_decode"":{},""migrate"":{},""preempt"":{},""prefill_chunk_override"":{},""swap"":{}}",952bd353c79bef75dea529eeb46f1ee1ac61a4efb946ed96403fe542a094c856,,1.0,kv_8000,kv_constrained_online,12019,12.019,33689,0.395777,0,,True,1,0.3935,True,0.281227,,200,0,200,0.483552,,False,1.0,0.005,sustained+high_valid_pressure,0,952bd353c79bef75dea529eeb46f1ee1ac61a4efb946ed96403fe542a094c856,industry_realism_causal_headroom_phase_d_v1.results.0.0,45.708,0.0,azure_2023_conv,phase_d_v1::azure_2023_conv::w008::kv_capacity::kv_8000::step12019,VALID_STRONGLY_CONSTRAINED,1.0,8
0.00390625,kv_capacity,phase_d_v1::azure_2023_conv::w008::kv_capacity::kv_8000::step12019::alt00::e4e7e7409ecbd5b9,COUNTERFACTUAL,"{""admit"":{""0"":[54]},""hold_decode"":{},""migrate"":{},""preempt"":{},""prefill_chunk_override"":{},""swap"":{}}",e4e7e7409ecbd5b971853a4edeff1ee9f7f64a2297e9b9a5c2c0c5adc0de45ab,True,1.0,kv_8000,kv_constrained_online,12019,12.019,33689,0.302911,0,,True,0,0.3935,True,0.281172,5,200,0,200,0.483552,"full_prefill,chunked_prefill_small,estimated_service_time_first,weighted_fair_share,least_laxity_first",False,1.0,0.005,sustained+high_valid_pressure,0,952bd353c79bef75dea529eeb46f1ee1ac61a4efb946ed96403fe542a094c856,industry_realism_causal_headroom_phase_d_v1.results.0.0,45.708,0.0,azure_2023_conv,phase_d_v1::azure_2023_conv::w008::kv_capacity::kv_8000::step12019,VALID_STRONGLY_CONSTRAINED,1.0,8
0.001953125,kv_capacity,phase_d_v1::azure_2023_conv::w008::kv_capacity::kv_8000::step43634::sbs_reference,SBS_REFERENCE,"{""admit"":{},""hold_decode"":{},""migrate"":{},""preempt"":{},""prefill_chunk_override"":{},""swap"":{}}",952bd353c79bef75dea529eeb46f1ee1ac61a4efb946ed96403fe542a094c856,,1.0,kv_8000,kv_constrained_online,43634,43.634,2074,0.021463,0,,True,1,0.161375,True,0.281227,,200,0,200,0.483552,,False,1.0,0.005,sustained+high_valid_pressure,0,952bd353c79bef75dea529eeb46f1ee1ac61a4efb946ed96403fe542a094c856,industry_realism_causal_headroom_phase_d_v1.results.0.0,45.708,0.0,azure_2023_conv,phase_d_v1::azure_2023_conv::w008::kv_capacity::kv_8000::step43634,VALID_STRONGLY_CONSTRAINED,1.0,8
0.001953125,kv_capacity,phase_d_v1::azure_2023_conv::w008::kv_capacity::kv_8000::step43634::alt00::1f536539229e95a7,COUNTERFACTUAL,"{""admit"":{""0"":[186]},""hold_decode"":{},""migrate"":{},""preempt"":{},""prefill_chunk_override"":{},""swap"":{}}",1f536539229e95a7f86894f888fb03fb2fde7d55b9a8ffc7e71faccc65af0f87,True,1.0,kv_8000,kv_constrained_online,43634,43.634,2074,0.019779,0,,True,0,0.161375,True,0.278052,5,200,0,200,0.483552,"full_prefill,chunked_prefill_small,estimated_service_time_first,weighted_fair_share,least_laxity_first",False,1.0,0.005,sustained+high_valid_pressure,0,952bd353c79bef75dea529eeb46f1ee1ac61a4efb946ed96403fe542a094c856,industry_realism_causal_headroom_phase_d_v1.results.0.0,45.708,0.0,azure_2023_conv,phase_d_v1::azure_2023_conv::w008::kv_capacity::kv_8000::step43634,VALID_STRONGLY_CONSTRAINED,1.0,8
0.001953125,kv_capacity,phase_d_v1::azure_2023_conv::w008::kv_capacity::kv_8000::step44214::sbs_reference,SBS_REFERENCE,"{""admit"":{},""hold_decode"":{},""migrate"":{},""preempt"":{},""prefill_chunk_override"":{},""swap"":{}}",952bd353c79bef75dea529eeb46f1ee1ac61a4efb946ed96403fe542a094c856,,1.0,kv_8000,kv_constrained_online,44214,44.214,1494,0.013196,0,,True,1,0.18725,True,0.281227,,200,0,200,0.483552,,False,1.0,0.005,sustained+high_valid_pressure,0,952bd353c79bef75dea529eeb46f1ee1ac61a4efb946ed96403fe542a094c856,industry_realism_causal_headroom_phase_d_v1.results.0.0,45.708,0.0,azure_2023_conv,phase_d_v1::azure_2023_conv::w008::kv_capacity::kv_8000::step44214,VALID_STRONGLY_CONSTRAINED,1.0,8
0.001953125,kv_capacity,phase_d_v1::azure_2023_conv::w008::kv_capacity::kv_8000::step44214::alt00::1f536539229e95a7,COUNTERFACTUAL,"{""admit"":{""0"":[186]},""hold_decode"":{},""migrate"":{},""preempt"":{},""prefill_chunk_override"":{},""swap"":{}}",1f536539229e95a7f86894f888fb03fb2fde7d55b9a8ffc7e71faccc65af0f87,True,1.0,kv_8000,kv_constrained_online,44214,44.214,1494,0.012801,0,,True,0,0.18725,True,0.280572,5,200,0,200,0.483552,"full_prefill,chunked_prefill_small,estimated_service_time_first,weighted_fair_share,least_laxity_first",False,1.0,0.005,sustained+high_valid_pressure,0,952bd353c79bef75dea529eeb46f1ee1ac61a4efb946ed96403fe542a094c856,industry_realism_causal_headroom_phase_d_v1.results.0.0,45.708,0.0,azure_2023_conv,phase_d_v1::azure_2023_conv::w008::kv_capacity::kv_8000::step44214,VALID_STRONGLY_CONSTRAINED,1.0,8
0.001953125,kv_capacity,phase_d_v1::azure_2023_conv::w008::kv_capacity::kv_8000::step44359::sbs_reference,SBS_REFERENCE,"{""admit"":{},""hold_decode"":{},""migrate"":{},""preempt"":{},""prefill_chunk_override"":{},""swap"":{}}",952bd353c79bef75dea529eeb46f1ee1ac61a4efb946ed96403fe542a094c856,,1.0,kv_8000,kv_constrained_online,44359,44.359,1349,0.011245,0,,True,1,0.81075,True,0.281227,,200,0,200,0.483552,,False,1.0,0.005,sustained+high_valid_pressure,0,952bd353c79bef75dea529eeb46f1ee1ac61a4efb946ed96403fe542a094c856,industry_realism_causal_headroom_phase_d_v1.results.0.0,45.708,0.0,azure_2023_conv,phase_d_v1::azure_2023_conv::w008::kv_capacity::kv_8000::step44359,VALID_STRONGLY_CONSTRAINED,1.0,8
0.001953125,kv_capacity,phase_d_v1::azure_2023_conv::w008::kv_capacity::kv_8000::step44359::alt00::e8dd01caf7470d63,COUNTERFACTUAL,"{""admit"":{""0"":[192]},""hold_decode"":{},""migrate"":{},""preempt"":{},""prefill_chunk_override"":{},""swap"":{}}",e8dd01caf7470d63e0ba2bba343c85a92b22f1d9c2597a2b99d3f1bde8896992,True,1.0,kv_8000,kv_constrained_online,44359,44.359,1349,0.010957,0,,True,0,0.81075,True,0.281177,5,200,0,200,0.483552,"full_prefill,chunked_prefill_small,estimated_service_time_first,weighted_fair_share,least_laxity_first",False,1.0,0.005,sustained+high_valid_pressure,0,952bd353c79bef75dea529eeb46f1ee1ac61a4efb946ed96403fe542a094c856,industry_realism_causal_headroom_phase_d_v1.results.0.0,45.708,0.0,azure_2023_conv,phase_d_v1::azure_2023_conv::w008::kv_capacity::kv_8000::step44359,VALID_STRONGLY_CONSTRAINED,1.0,8
0.005859375,kv_capacity,phase_d_v1::azure_2023_conv::w012::kv_capacity::kv_8000::step8035::sbs_reference,SBS_REFERENCE,"{""admit"":{},""hold_decode"":{},""migrate"":{},""preempt"":{},""prefill_chunk_override"":{},""swap"":{}}",952bd353c79bef75dea529eeb46f1ee1ac61a4efb946ed96403fe542a094c856,,1.0,kv_8000,kv_constrained_online,8035,8.035,31591,0.516673,0,,True,1,0.618625,True,0.242158,,200,0,200,0.470901,,False,1.0,0.005,sustained+high_valid_pressure,0,952bd353c79bef75dea529eeb46f1ee1ac61a4efb946ed96403fe542a094c856,industry_realism_causal_headroom_phase_d_v1.results.0.0,39.626,0.0,azure_2023_conv,phase_d_v1::azure_2023_conv::w012::kv_capacity::kv_8000::step8035,VALID_STRONGLY_CONSTRAINED,1.0,12
0.005859375,kv_capacity,phase_d_v1::azure_2023_conv::w012::kv_capacity::kv_8000::step8035::alt00::cb19b6d7fd9cb631,COUNTERFACTUAL,"{""admit"":{""0"":[38]},""hold_decode"":{},""migrate"":{},""preempt"":{},""prefill_chunk_override"":{},""swap"":{}}",cb19b6d7fd9cb631d8c63a0ac016f8c64b5dd0c64d1d9cdd30e0977815384a9b,True,1.0,kv_8000,kv_constrained_online,8035,8.035,31591,0.312319,0,,True,0,0.618625,True,0.242028,5,200,0,200,0.470901,"full_prefill,chunked_prefill_small,estimated_service_time_first,weighted_fair_share,least_laxity_first",False,1.0,0.005,sustained+high_valid_pressure,0,952bd353c79bef75dea529eeb46f1ee1ac61a4efb946ed96403fe542a094c856,industry_realism_causal_headroom_phase_d_v1.results.0.0,39.626,0.0,azure_2023_conv,phase_d_v1::azure_2023_conv::w012::kv_capacity::kv_8000::step8035,VALID_STRONGLY_CONSTRAINED,1.0,12
0.005859375,kv_capacity,phase_d_v1::azure_2023_conv::w012::kv_capacity::kv_8000::step10837::sbs_reference,SBS_REFERENCE,"{""admit"":{},""hold_decode"":{},""migrate"":{},""preempt"":{},""prefill_chunk_override"":{},""swap"":{}}",952bd353c79bef75dea529eeb46f1ee1ac61a4efb946ed96403fe542a094c856,,1.0,kv_8000,kv_constrained_online,10837,10.837,28789,0.250094,0,,True,1,0.48,True,0.242158,,200,0,200,0.470901,,False,1.0,0.005,sustained+high_valid_pressure,0,952bd353c79bef75dea529eeb46f1ee1ac61a4efb946ed96403fe542a094c856,industry_realism_causal_headroom_phase_d_v1.results.0.0,39.626,0.0,azure_2023_conv,phase_d_v1::azure_2023_conv::w012::kv_capacity::kv_8000::step10837,VALID_STRONGLY_CONSTRAINED,1.0,12
0.005859375,kv_capacity,phase_d_v1::azure_2023_conv::w012::kv_capacity::kv_8000::step10837::alt00::16dd3483fc45d1b3,COUNTERFACTUAL,"{""admit"":{""0"":[53]},""hold_decode"":{},""migrate"":{},""preempt"":{},""prefill_chunk_override"":{},""swap"":{}}",16dd3483fc45d1b39c0d900301dd86d01358f3c11787b1321d39ea58dcbc220c,True,1.0,kv_8000,kv_constrained_online,10837,10.837,28789,0.27965,0,,True,0,0.48,True,0.241223,5,200,0,200,0.470901,"full_prefill,chunked_prefill_small,estimated_service_time_first,weighted_fair_share,least_laxity_first",False,1.0,0.005,sustained+high_valid_pressure,0,952bd353c79bef75dea529eeb46f1ee1ac61a4efb946ed96403fe542a094c856,industry_realism_causal_headroom_phase_d_v1.results.0.0,39.626,0.0,azure_2023_conv,phase_d_v1::azure_2023_conv::w012::kv_capacity::kv_8000::step10837,VALID_STRONGLY_CONSTRAINED,1.0,12
0.00390625,kv_capacity,phase_d_v1::azure_2023_conv::w012::kv_capacity::kv_8000::step10881::sbs_reference,SBS_REFERENCE,"{""admit"":{},""hold_decode"":{},""migrate"":{},""preempt"":{},""prefill_chunk_override"":{},""swap"":{}}",952bd353c79bef75dea529eeb46f1ee1ac61a4efb946ed96403fe542a094c856,,1.0,kv_8000,kv_constrained_online,10881,10.881,28745,0.277605,0,,True,1,0.317,True,0.242158,,200,0,200,0.470901,,False,1.0,0.005,sustained+high_valid_pressure,0,952bd353c79bef75dea529eeb46f1ee1ac61a4efb946ed96403fe542a094c856,industry_realism_causal_headroom_phase_d_v1.results.0.0,39.626,0.0,azure_2023_conv,phase_d_v1::azure_2023_conv::w012::kv_capacity::kv_8000::step10881,VALID_STRONGLY_CONSTRAINED,1.0,12
0.00390625,kv_capacity,phase_d_v1::azure_2023_conv::w012::kv_capacity::kv_8000::step10881::alt00::16dd3483fc45d1b3,COUNTERFACTUAL,"{""admit"":{""0"":[53]},""hold_decode"":{},""migrate"":{},""preempt"":{},""prefill_chunk_override"":{},""swap"":{}}",16dd3483fc45d1b39c0d900301dd86d01358f3c11787b1321d39ea58dcbc220c,True,1.0,kv_8000,kv_constrained_online,10881,10.881,28745,0.267159,0,,True,0,0.317,True,0.241443,5,200,0,200,0.470901,"full_prefill,chunked_prefill_small,estimated_service_time_first,weighted_fair_share,least_laxity_first",False,1.0,0.005,sustained+high_valid_pressure,0,952bd353c79bef75dea529eeb46f1ee1ac61a4efb946ed96403fe542a094c856,industry_realism_causal_headroom_phase_d_v1.results.0.0,39.626,0.0,azure_2023_conv,phase_d_v1::azure_2023_conv::w012::kv_capacity::kv_8000::step10881,VALID_STRONGLY_CONSTRAINED,1.0,12
0.00390625,kv_capacity,phase_d_v1::azure_2023_conv::w012::kv_capacity::kv_8000::step23635::sbs_reference,SBS_REFERENCE,"{""admit"":{},""hold_decode"":{},""migrate"":{},""preempt"":{},""prefill_chunk_override"":{},""swap"":{}}",952bd353c79bef75dea529eeb46f1ee1ac61a4efb946ed96403fe542a094c856,,1.0,kv_8000,kv_constrained_online,23635,23.635,15991,0.173933,0,,True,1,0.347625,True,0.242158,,200,0,200,0.470901,,False,1.0,0.005,sustained+high_valid_pressure,0,952bd353c79bef75dea529eeb46f1ee1ac61a4efb946ed96403fe542a094c856,industry_realism_causal_headroom_phase_d_v1.results.0.0,39.626,0.0,azure_2023_conv,phase_d_v1::azure_2023_conv::w012::kv_capacity::kv_8000::step23635,VALID_STRONGLY_CONSTRAINED,1.0,12
0.00390625,kv_capacity,phase_d_v1::azure_2023_conv::w012::kv_capacity::kv_8000::step23635::alt00::5720de9d1046f895,COUNTERFACTUAL,"{""admit"":{""0"":[123]},""hold_decode"":{},""migrate"":{},""preempt"":{},""prefill_chunk_override"":{},""swap"":{}}",5720de9d1046f895845ca10be3e16a48a4ba71309525930ced26b37a001f98d5,True,1.0,kv_8000,kv_constrained_online,23635,23.635,15991,0.173878,0,,True,0,0.347625,True,0.242053,5,200,0,200,0.470901,"full_prefill,chunked_prefill_small,estimated_service_time_first,weighted_fair_share,least_laxity_first",False,1.0,0.005,sustained+high_valid_pressure,0,952bd353c79bef75dea529eeb46f1ee1ac61a4efb946ed96403fe542a094c856,industry_realism_causal_headroom_phase_d_v1.results.0.0,39.626,0.0,azure_2023_conv,phase_d_v1::azure_2023_conv::w012::kv_capacity::kv_8000::step23635,VALID_STRONGLY_CONSTRAINED,1.0,12
0.005859375,kv_capacity,phase_d_v1::azure_2023_conv::w012::kv_capacity::kv_8000::step26751::sbs_reference,SBS_REFERENCE,"{""admit"":{},""hold_decode"":{},""migrate"":{},""preempt"":{},""prefill_chunk_override"":{},""swap"":{}}",952bd353c79bef75dea529eeb46f1ee1ac61a4efb946ed96403fe542a094c856,,1.0,kv_8000,kv_constrained_online,26751,26.751,12875,0.113518,0,,True,1,0.48875,True,0.242158,,200,0,200,0.470901,,False,1.0,0.005,sustained+high_valid_pressure,0,952bd353c79bef75dea529eeb46f1ee1ac61a4efb946ed96403fe542a094c856,industry_realism_causal_headroom_phase_d_v1.results.0.0,39.626,0.0,azure_2023_conv,phase_d_v1::azure_2023_conv::w012::kv_capacity::kv_8000::step26751,VALID_STRONGLY_CONSTRAINED,1.0,12
0.005859375,kv_capacity,phase_d_v1::azure_2023_conv::w012::kv_capacity::kv_8000::step26751::alt00::2ed10658a69233e7,COUNTERFACTUAL,"{""admit"":{""0"":[137]},""hold_decode"":{},""migrate"":{},""preempt"":{},""prefill_chunk_override"":{},""swap"":{}}",2ed10658a69233e73ef3f9ac27a401aac98632f382fdc716df5432a05f9f5b03,True,1.0,kv_8000,kv_constrained_online,26751,26.751,12875,0.103403,0,,True,0,0.48875,True,0.241423,5,200,0,200,0.470901,"full_prefill,chunked_prefill_small,estimated_service_time_first,weighted_fair_share,least_laxity_first",False,1.0,0.005,sustained+high_valid_pressure,0,952bd353c79bef75dea529eeb46f1ee1ac61a4efb946ed96403fe542a094c856,industry_realism_causal_headroom_phase_d_v1.results.0.0,39.626,0.0,azure_2023_conv,phase_d_v1::azure_2023_conv::w012::kv_capacity::kv_8000::step26751,VALID_STRONGLY_CONSTRAINED,1.0,12
0.005859375,kv_capacity,phase_d_v1::azure_2023_conv::w012::kv_capacity::kv_8000::step27400::sbs_reference,SBS_REFERENCE,"{""admit"":{},""hold_decode"":{},""migrate"":{},""preempt"":{},""prefill_chunk_override"":{},""swap"":{}}",952bd353c79bef75dea529eeb46f1ee1ac61a4efb946ed96403fe542a094c856,,1.0,kv_8000,kv_constrained_online,27400,27.400000000000002,12226,0.112433,0,,True,1,0.532625,True,0.242158,,200,0,200,0.470901,,False,1.0,0.005,sustained+high_valid_pressure,0,952bd353c79bef75dea529eeb46f1ee1ac61a4efb946ed96403fe542a094c856,industry_realism_causal_headroom_phase_d_v1.results.0.0,39.626,0.0,azure_2023_conv,phase_d_v1::azure_2023_conv::w012::kv_capacity::kv_8000::step27400,VALID_STRONGLY_CONSTRAINED,1.0,12
0.005859375,kv_capacity,phase_d_v1::azure_2023_conv::w012::kv_capacity::kv_8000::step27400::alt00::20e745c13834ef9a,COUNTERFACTUAL,"{""admit"":{""0"":[142]},""hold_decode"":{},""migrate"":{},""preempt"":{},""prefill_chunk_override"":{},""swap"":{}}",20e745c13834ef9a5d62ba36fef04b10b7189f067f9e86a3486bacb494bf0c09,True,1.0,kv_8000,kv_constrained_online,27400,27.400000000000002,12226,0.138967,0,,True,0,0.532625,True,0.241733,5,200,0,200,0.470901,"full_prefill,chunked_prefill_small,estimated_service_time_first,weighted_fair_share,least_laxity_first",False,1.0,0.005,sustained+high_valid_pressure,0,952bd353c79bef75dea529eeb46f1ee1ac61a4efb946ed96403fe542a094c856,industry_realism_causal_headroom_phase_d_v1.results.0.0,39.626,0.0,azure_2023_conv,phase_d_v1::azure_2023_conv::w012::kv_capacity::kv_8000::step27400,VALID_STRONGLY_CONSTRAINED,1.0,12
0.0078125,kv_capacity,phase_d_v1::azure_2023_conv::w012::kv_capacity::kv_8000::step27468::sbs_reference,SBS_REFERENCE,"{""admit"":{},""hold_decode"":{},""migrate"":{},""preempt"":{},""prefill_chunk_override"":{},""swap"":{}}",952bd353c79bef75dea529eeb46f1ee1ac61a4efb946ed96403fe542a094c856,,1.0,kv_8000,kv_constrained_online,27468,27.468,12158,0.109502,0,,True,1,0.606875,True,0.242158,,200,0,200,0.470901,,False,1.0,0.005,sustained+high_valid_pressure,0,952bd353c79bef75dea529eeb46f1ee1ac61a4efb946ed96403fe542a094c856,industry_realism_causal_headroom_phase_d_v1.results.0.0,39.626,0.0,azure_2023_conv,phase_d_v1::azure_2023_conv::w012::kv_capacity::kv_8000::step27468,VALID_STRONGLY_CONSTRAINED,1.0,12
0.0078125,kv_capacity,phase_d_v1::azure_2023_conv::w012::kv_capacity::kv_8000::step27468::alt00::20e745c13834ef9a,COUNTERFACTUAL,"{""admit"":{""0"":[142]},""hold_decode"":{},""migrate"":{},""preempt"":{},""prefill_chunk_override"":{},""swap"":{}}",20e745c13834ef9a5d62ba36fef04b10b7189f067f9e86a3486bacb494bf0c09,True,1.0,kv_8000,kv_constrained_online,27468,27.468,12158,0.091448,0,,True,0,0.606875,True,0.242043,5,200,0,200,0.470901,"full_prefill,chunked_prefill_small,estimated_service_time_first,weighted_fair_share,least_laxity_first",False,1.0,0.005,sustained+high_valid_pressure,0,952bd353c79bef75dea529eeb46f1ee1ac61a4efb946ed96403fe542a094c856,industry_realism_causal_headroom_phase_d_v1.results.0.0,39.626,0.0,azure_2023_conv,phase_d_v1::azure_2023_conv::w012::kv_capacity::kv_8000::step27468,VALID_STRONGLY_CONSTRAINED,1.0,12
0.005859375,kv_capacity,phase_d_v1::azure_2023_conv::w012::kv_capacity::kv_8000::step30746::sbs_reference,SBS_REFERENCE,"{""admit"":{},""hold_decode"":{},""migrate"":{},""preempt"":{},""prefill_chunk_override"":{},""swap"":{}}",952bd353c79bef75dea529eeb46f1ee1ac61a4efb946ed96403fe542a094c856,,1.0,kv_8000,kv_constrained_online,30746,30.746000000000002,8880,0.06865,0,,True,1,0.417375,True,0.242158,,200,0,200,0.470901,,False,1.0,0.005,sustained+high_valid_pressure,0,952bd353c79bef75dea529eeb46f1ee1ac61a4efb946ed96403fe542a094c856,industry_realism_causal_headroom_phase_d_v1.results.0.0,39.626,0.0,azure_2023_conv,phase_d_v1::azure_2023_conv::w012::kv_capacity::kv_8000::step30746,VALID_STRONGLY_CONSTRAINED,1.0,12
0.005859375,kv_capacity,phase_d_v1::azure_2023_conv::w012::kv_capacity::kv_8000::step30746::alt00::17c60a48e419f257,COUNTERFACTUAL,"{""admit"":{""0"":[163]},""hold_decode"":{},""migrate"":{},""preempt"":{},""prefill_chunk_override"":{},""swap"":{}}",17c60a48e419f2573c2945b7c029c7f4491737bcf529660e14c63ef5fa92f574,True,1.0,kv_8000,kv_constrained_online,30746,30.746000000000002,8880,0.064882,0,,True,0,0.417375,True,0.241368,5,200,0,200,0.470901,"full_prefill,chunked_prefill_small,estimated_service_time_first,weighted_fair_share,least_laxity_first",False,1.0,0.005,sustained+high_valid_pressure,0,952bd353c79bef75dea529eeb46f1ee1ac61a4efb946ed96403fe542a094c856,industry_realism_causal_headroom_phase_d_v1.results.0.0,39.626,0.0,azure_2023_conv,phase_d_v1::azure_2023_conv::w012::kv_capacity::kv_8000::step30746,VALID_STRONGLY_CONSTRAINED,1.0,12
0.005859375,kv_capacity,phase_d_v1::azure_2023_conv::w012::kv_capacity::kv_8000::step30821::sbs_reference,SBS_REFERENCE,"{""admit"":{},""hold_decode"":{},""migrate"":{},""preempt"":{},""prefill_chunk_override"":{},""swap"":{}}",952bd353c79bef75dea529eeb46f1ee1ac61a4efb946ed96403fe542a094c856,,1.0,kv_8000,kv_constrained_online,30821,30.821,8805,0.059716,0,,True,1,0.4455,True,0.242158,,200,0,200,0.470901,,False,1.0,0.005,sustained+high_valid_pressure,0,952bd353c79bef75dea529eeb46f1ee1ac61a4efb946ed96403fe542a094c856,industry_realism_causal_headroom_phase_d_v1.results.0.0,39.626,0.0,azure_2023_conv,phase_d_v1::azure_2023_conv::w012::kv_capacity::kv_8000::step30821,VALID_STRONGLY_CONSTRAINED,1.0,12
0.005859375,kv_capacity,phase_d_v1::azure_2023_conv::w012::kv_capacity::kv_8000::step30821::alt00::17c60a48e419f257,COUNTERFACTUAL,"{""admit"":{""0"":[163]},""hold_decode"":{},""migrate"":{},""preempt"":{},""prefill_chunk_override"":{},""swap"":{}}",17c60a48e419f2573c2945b7c029c7f4491737bcf529660e14c63ef5fa92f574,True,1.0,kv_8000,kv_constrained_online,30821,30.821,8805,0.05932,0,,True,0,0.4455,True,0.241778,5,200,0,200,0.470901,"full_prefill,chunked_prefill_small,estimated_service_time_first,weighted_fair_share,least_laxity_first",False,1.0,0.005,sustained+high_valid_pressure,0,952bd353c79bef75dea529eeb46f1ee1ac61a4efb946ed96403fe542a094c856,industry_realism_causal_headroom_phase_d_v1.results.0.0,39.626,0.0,azure_2023_conv,phase_d_v1::azure_2023_conv::w012::kv_capacity::kv_8000::step30821,VALID_STRONGLY_CONSTRAINED,1.0,12
0.005859375,kv_capacity,phase_d_v1::azure_2023_conv::w012::kv_capacity::kv_8000::step35839::sbs_reference,SBS_REFERENCE,"{""admit"":{},""hold_decode"":{},""migrate"":{},""preempt"":{},""prefill_chunk_override"":{},""swap"":{}}",952bd353c79bef75dea529eeb46f1ee1ac61a4efb946ed96403fe542a094c856,,1.0,kv_8000,kv_constrained_online,35839,35.839,3787,0.02542,0,,True,1,0.432,True,0.242158,,200,0,200,0.470901,,False,1.0,0.005,sustained+high_valid_pressure,0,952bd353c79bef75dea529eeb46f1ee1ac61a4efb946ed96403fe542a094c856,industry_realism_causal_headroom_phase_d_v1.results.0.0,39.626,0.0,azure_2023_conv,phase_d_v1::azure_2023_conv::w012::kv_capacity::kv_8000::step35839,VALID_STRONGLY_CONSTRAINED,1.0,12
0.005859375,kv_capacity,phase_d_v1::azure_2023_conv::w012::kv_capacity::kv_8000::step35839::alt00::a0704cedd8bbde97,COUNTERFACTUAL,"{""admit"":{""0"":[187]},""hold_decode"":{},""migrate"":{},""preempt"":{},""prefill_chunk_override"":{},""swap"":{}}",a0704cedd8bbde973b304aa8a3c545a1a23f677f5a31f49fd1a5b3a2bd1e1e5a,True,1.0,kv_8000,kv_constrained_online,35839,35.839,3787,0.023808,0,,True,0,0.432,True,0.240368,5,200,0,200,0.470901,"full_prefill,chunked_prefill_small,estimated_service_time_first,weighted_fair_share,least_laxity_first",False,1.0,0.005,sustained+high_valid_pressure,0,952bd353c79bef75dea529eeb46f1ee1ac61a4efb946ed96403fe542a094c856,industry_realism_causal_headroom_phase_d_v1.results.0.0,39.626,0.0,azure_2023_conv,phase_d_v1::azure_2023_conv::w012::kv_capacity::kv_8000::step35839,VALID_STRONGLY_CONSTRAINED,1.0,12
0.005859375,kv_capacity,phase_d_v1::azure_2023_conv::w012::kv_capacity::kv_8000::step35957::sbs_reference,SBS_REFERENCE,"{""admit"":{},""hold_decode"":{},""migrate"":{},""preempt"":{},""prefill_chunk_override"":{},""swap"":{}}",952bd353c79bef75dea529eeb46f1ee1ac61a4efb946ed96403fe542a094c856,,1.0,kv_8000,kv_constrained_online,35957,35.957,3669,0.023031,0,,True,1,0.47625,True,0.242158,,200,0,200,0.470901,,False,1.0,0.005,sustained+high_valid_pressure,0,952bd353c79bef75dea529eeb46f1ee1ac61a4efb946ed96403fe542a094c856,industry_realism_causal_headroom_phase_d_v1.results.0.0,39.626,0.0,azure_2023_conv,phase_d_v1::azure_2023_conv::w012::kv_capacity::kv_8000::step35957,VALID_STRONGLY_CONSTRAINED,1.0,12
0.005859375,kv_capacity,phase_d_v1::azure_2023_conv::w012::kv_capacity::kv_8000::step35957::alt00::a0704cedd8bbde97,COUNTERFACTUAL,"{""admit"":{""0"":[187]},""hold_decode"":{},""migrate"":{},""preempt"":{},""prefill_chunk_override"":{},""swap"":{}}",a0704cedd8bbde973b304aa8a3c545a1a23f677f5a31f49fd1a5b3a2bd1e1e5a,True,1.0,kv_8000,kv_constrained_online,35957,35.957,3669,0.021739,0,,True,0,0.47625,True,0.240838,5,200,0,200,0.470901,"full_prefill,chunked_prefill_small,estimated_service_time_first,weighted_fair_share,least_laxity_first",False,1.0,0.005,sustained+high_valid_pressure,0,952bd353c79bef75dea529eeb46f1ee1ac61a4efb946ed96403fe542a094c856,industry_realism_causal_headroom_phase_d_v1.results.0.0,39.626,0.0,azure_2023_conv,phase_d_v1::azure_2023_conv::w012::kv_capacity::kv_8000::step35957,VALID_STRONGLY_CONSTRAINED,1.0,12
0.00390625,kv_capacity,phase_d_v1::azure_2023_conv::w012::kv_capacity::kv_8000::step36044::sbs_reference,SBS_REFERENCE,"{""admit"":{},""hold_decode"":{},""migrate"":{},""preempt"":{},""prefill_chunk_override"":{},""swap"":{}}",952bd353c79bef75dea529eeb46f1ee1ac61a4efb946ed96403fe542a094c856,,1.0,kv_8000,kv_constrained_online,36044,36.044000000000004,3582,0.021855,0,,True,1,0.317125,True,0.242158,,200,0,200,0.470901,,False,1.0,0.005,sustained+high_valid_pressure,0,952bd353c79bef75dea529eeb46f1ee1ac61a4efb946ed96403fe542a094c856,industry_realism_causal_headroom_phase_d_v1.results.0.0,39.626,0.0,azure_2023_conv,phase_d_v1::azure_2023_conv::w012::kv_capacity::kv_8000::step36044,VALID_STRONGLY_CONSTRAINED,1.0,12
0.00390625,kv_capacity,phase_d_v1::azure_2023_conv::w012::kv_capacity::kv_8000::step36044::alt00::a0704cedd8bbde97,COUNTERFACTUAL,"{""admit"":{""0"":[187]},""hold_decode"":{},""migrate"":{},""preempt"":{},""prefill_chunk_override"":{},""swap"":{}}",a0704cedd8bbde973b304aa8a3c545a1a23f677f5a31f49fd1a5b3a2bd1e1e5a,True,1.0,kv_8000,kv_constrained_online,36044,36.044000000000004,3582,0.020872,0,,True,0,0.317125,True,0.241273,5,200,0,200,0.470901,"full_prefill,chunked_prefill_small,estimated_service_time_first,weighted_fair_share,least_laxity_first",False,1.0,0.005,sustained+high_valid_pressure,0,952bd353c79bef75dea529eeb46f1ee1ac61a4efb946ed96403fe542a094c856,industry_realism_causal_headroom_phase_d_v1.results.0.0,39.626,0.0,azure_2023_conv,phase_d_v1::azure_2023_conv::w012::kv_capacity::kv_8000::step36044,VALID_STRONGLY_CONSTRAINED,1.0,12
0.00390625,kv_capacity,phase_d_v1::azure_2023_conv::w012::kv_capacity::kv_8000::step36078::sbs_reference,SBS_REFERENCE,"{""admit"":{},""hold_decode"":{},""migrate"":{},""preempt"":{},""prefill_chunk_override"":{},""swap"":{}}",952bd353c79bef75dea529eeb46f1ee1ac61a4efb946ed96403fe542a094c856,,1.0,kv_8000,kv_constrained_online,36078,36.078,3548,0.021503,0,,True,1,0.325625,True,0.242158,,200,0,200,0.470901,,False,1.0,0.005,sustained+high_valid_pressure,0,952bd353c79bef75dea529eeb46f1ee1ac61a4efb946ed96403fe542a094c856,industry_realism_causal_headroom_phase_d_v1.results.0.0,39.626,0.0,azure_2023_conv,phase_d_v1::azure_2023_conv::w012::kv_capacity::kv_8000::step36078,VALID_STRONGLY_CONSTRAINED,1.0,12
0.00390625,kv_capacity,phase_d_v1::azure_2023_conv::w012::kv_capacity::kv_8000::step36078::alt00::a0704cedd8bbde97,COUNTERFACTUAL,"{""admit"":{""0"":[187]},""hold_decode"":{},""migrate"":{},""preempt"":{},""prefill_chunk_override"":{},""swap"":{}}",a0704cedd8bbde973b304aa8a3c545a1a23f677f5a31f49fd1a5b3a2bd1e1e5a,True,1.0,kv_8000,kv_constrained_online,36078,36.078,3548,0.02148,0,,True,0,0.325625,True,0.241443,5,200,0,200,0.470901,"full_prefill,chunked_prefill_small,estimated_service_time_first,weighted_fair_share,least_laxity_first",False,1.0,0.005,sustained+high_valid_pressure,0,952bd353c79bef75dea529eeb46f1ee1ac61a4efb946ed96403fe542a094c856,industry_realism_causal_headroom_phase_d_v1.results.0.0,39.626,0.0,azure_2023_conv,phase_d_v1::azure_2023_conv::w012::kv_capacity::kv_8000::step36078,VALID_STRONGLY_CONSTRAINED,1.0,12
0.00390625,kv_capacity,phase_d_v1::azure_2023_conv::w012::kv_capacity::kv_8000::step36149::sbs_reference,SBS_REFERENCE,"{""admit"":{},""hold_decode"":{},""migrate"":{},""preempt"":{},""prefill_chunk_override"":{},""swap"":{}}",952bd353c79bef75dea529eeb46f1ee1ac61a4efb946ed96403fe542a094c856,,1.0,kv_8000,kv_constrained_online,36149,36.149,3477,0.019609,0,,True,1,0.343375,True,0.242158,,200,0,200,0.470901,,False,1.0,0.005,sustained+high_valid_pressure,0,952bd353c79bef75dea529eeb46f1ee1ac61a4efb946ed96403fe542a094c856,industry_realism_causal_headroom_phase_d_v1.results.0.0,39.626,0.0,azure_2023_conv,phase_d_v1::azure_2023_conv::w012::kv_capacity::kv_8000::step36149,VALID_STRONGLY_CONSTRAINED,1.0,12
0.00390625,kv_capacity,phase_d_v1::azure_2023_conv::w012::kv_capacity::kv_8000::step36149::alt00::a0704cedd8bbde97,COUNTERFACTUAL,"{""admit"":{""0"":[187]},""hold_decode"":{},""migrate"":{},""preempt"":{},""prefill_chunk_override"":{},""swap"":{}}",a0704cedd8bbde973b304aa8a3c545a1a23f677f5a31f49fd1a5b3a2bd1e1e5a,True,1.0,kv_8000,kv_constrained_online,36149,36.149,3477,0.066655,0,,True,0,0.343375,True,0.241998,5,200,0,200,0.470901,"full_prefill,chunked_prefill_small,estimated_service_time_first,weighted_fair_share,least_laxity_first",False,1.0,0.005,sustained+high_valid_pressure,0,952bd353c79bef75dea529eeb46f1ee1ac61a4efb946ed96403fe542a094c856,industry_realism_causal_headroom_phase_d_v1.results.0.0,39.626,0.0,azure_2023_conv,phase_d_v1::azure_2023_conv::w012::kv_capacity::kv_8000::step36149,VALID_STRONGLY_CONSTRAINED,1.0,12
0.00390625,kv_capacity,phase_d_v1::azure_2023_conv::w012::kv_capacity::kv_8000::step36205::sbs_reference,SBS_REFERENCE,"{""admit"":{},""hold_decode"":{},""migrate"":{},""preempt"":{},""prefill_chunk_override"":{},""swap"":{}}",952bd353c79bef75dea529eeb46f1ee1ac61a4efb946ed96403fe542a094c856,,1.0,kv_8000,kv_constrained_online,36205,36.205,3421,0.018716,0,,True,1,0.373125,True,0.242158,,200,0,200,0.470901,,False,1.0,0.005,sustained+high_valid_pressure,0,952bd353c79bef75dea529eeb46f1ee1ac61a4efb946ed96403fe542a094c856,industry_realism_causal_headroom_phase_d_v1.results.0.0,39.626,0.0,azure_2023_conv,phase_d_v1::azure_2023_conv::w012::kv_capacity::kv_8000::step36205,VALID_STRONGLY_CONSTRAINED,1.0,12
0.00390625,kv_capacity,phase_d_v1::azure_2023_conv::w012::kv_capacity::kv_8000::step36205::alt00::a0704cedd8bbde97,COUNTERFACTUAL,"{""admit"":{""0"":[187]},""hold_decode"":{},""migrate"":{},""preempt"":{},""prefill_chunk_override"":{},""swap"":{}}",a0704cedd8bbde973b304aa8a3c545a1a23f677f5a31f49fd1a5b3a2bd1e1e5a,True,1.0,kv_8000,kv_constrained_online,36205,36.205,3421,0.018512,0,,True,0,0.373125,True,0.242118,5,200,0,200,0.470901,"full_prefill,chunked_prefill_small,estimated_service_time_first,weighted_fair_share,least_laxity_first",False,1.0,0.005,sustained+high_valid_pressure,0,952bd353c79bef75dea529eeb46f1ee1ac61a4efb946ed96403fe542a094c856,industry_realism_causal_headroom_phase_d_v1.results.0.0,39.626,0.0,azure_2023_conv,phase_d_v1::azure_2023_conv::w012::kv_capacity::kv_8000::step36205,VALID_STRONGLY_CONSTRAINED,1.0,12
0.00390625,kv_capacity,phase_d_v1::azure_2023_conv::w016::kv_capacity::kv_8000::step19727::sbs_reference,SBS_REFERENCE,"{""admit"":{},""hold_decode"":{},""migrate"":{},""preempt"":{},""prefill_chunk_override"":{},""swap"":{}}",952bd353c79bef75dea529eeb46f1ee1ac61a4efb946ed96403fe542a094c856,,1.0,kv_8000,kv_constrained_online,19727,19.727,21139,0.195433,0,,True,1,0.33,True,0.243972,,200,0,200,0.484422,,False,1.0,0.005,sustained+high_valid_pressure,0,952bd353c79bef75dea529eeb46f1ee1ac61a4efb946ed96403fe542a094c856,industry_realism_causal_headroom_phase_d_v1.results.0.0,40.866,0.0,azure_2023_conv,phase_d_v1::azure_2023_conv::w016::kv_capacity::kv_8000::step19727,VALID_STRONGLY_CONSTRAINED,1.0,16
0.00390625,kv_capacity,phase_d_v1::azure_2023_conv::w016::kv_capacity::kv_8000::step19727::alt00::6acc6060e5229a07,COUNTERFACTUAL,"{""admit"":{""0"":[90]},""hold_decode"":{},""migrate"":{},""preempt"":{},""prefill_chunk_override"":{},""swap"":{}}",6acc6060e5229a07d7f1dbdf4d7cb81c6adce4ab4c1453975730beff6724b92f,True,1.0,kv_8000,kv_constrained_online,19727,19.727,21139,0.193054,0,,True,0,0.33,True,0.243217,5,200,0,200,0.484422,"full_prefill,chunked_prefill_small,estimated_service_time_first,weighted_fair_share,least_laxity_first",False,1.0,0.005,sustained+high_valid_pressure,0,952bd353c79bef75dea529eeb46f1ee1ac61a4efb946ed96403fe542a094c856,industry_realism_causal_headroom_phase_d_v1.results.0.0,40.866,0.0,azure_2023_conv,phase_d_v1::azure_2023_conv::w016::kv_capacity::kv_8000::step19727,VALID_STRONGLY_CONSTRAINED,1.0,16
0.00390625,kv_capacity,phase_d_v1::azure_2023_conv::w016::kv_capacity::kv_8000::step19747::sbs_reference,SBS_REFERENCE,"{""admit"":{},""hold_decode"":{},""migrate"":{},""preempt"":{},""prefill_chunk_override"":{},""swap"":{}}",952bd353c79bef75dea529eeb46f1ee1ac61a4efb946ed96403fe542a094c856,,1.0,kv_8000,kv_constrained_online,19747,19.747,21119,0.20875,0,,True,1,0.335,True,0.243972,,200,0,200,0.484422,,False,1.0,0.005,sustained+high_valid_pressure,0,952bd353c79bef75dea529eeb46f1ee1ac61a4efb946ed96403fe542a094c856,industry_realism_causal_headroom_phase_d_v1.results.0.0,40.866,0.0,azure_2023_conv,phase_d_v1::azure_2023_conv::w016::kv_capacity::kv_8000::step19747,VALID_STRONGLY_CONSTRAINED,1.0,16
0.00390625,kv_capacity,phase_d_v1::azure_2023_conv::w016::kv_capacity::kv_8000::step19747::alt00::6acc6060e5229a07,COUNTERFACTUAL,"{""admit"":{""0"":[90]},""hold_decode"":{},""migrate"":{},""preempt"":{},""prefill_chunk_override"":{},""swap"":{}}",6acc6060e5229a07d7f1dbdf4d7cb81c6adce4ab4c1453975730beff6724b92f,True,1.0,kv_8000,kv_constrained_online,19747,19.747,21119,0.191406,0,,True,0,0.335,True,0.243317,5,200,0,200,0.484422,"full_prefill,chunked_prefill_small,estimated_service_time_first,weighted_fair_share,least_laxity_first",False,1.0,0.005,sustained+high_valid_pressure,0,952bd353c79bef75dea529eeb46f1ee1ac61a4efb946ed96403fe542a094c856,industry_realism_causal_headroom_phase_d_v1.results.0.0,40.866,0.0,azure_2023_conv,phase_d_v1::azure_2023_conv::w016::kv_capacity::kv_8000::step19747,VALID_STRONGLY_CONSTRAINED,1.0,16
0.00390625,kv_capacity,phase_d_v1::azure_2023_conv::w016::kv_capacity::kv_8000::step24307::sbs_reference,SBS_REFERENCE,"{""admit"":{},""hold_decode"":{},""migrate"":{},""preempt"":{},""prefill_chunk_override"":{},""swap"":{}}",952bd353c79bef75dea529eeb46f1ee1ac61a4efb946ed96403fe542a094c856,,1.0,kv_8000,kv_constrained_online,24307,24.307000000000002,16559,0.154335,0,,True,1,0.3475,True,0.243972,,200,0,200,0.484422,,False,1.0,0.005,sustained+high_valid_pressure,0,952bd353c79bef75dea529eeb46f1ee1ac61a4efb946ed96403fe542a094c856,industry_realism_causal_headroom_phase_d_v1.results.0.0,40.866,0.0,azure_2023_conv,phase_d_v1::azure_2023_conv::w016::kv_capacity::kv_8000::step24307,VALID_STRONGLY_CONSTRAINED,1.0,16
0.00390625,kv_capacity,phase_d_v1::azure_2023_conv::w016::kv_capacity::kv_8000::step24307::alt00::f170ea774a67650e,COUNTERFACTUAL,"{""admit"":{""0"":[112]},""hold_decode"":{},""migrate"":{},""preempt"":{},""prefill_chunk_override"":{},""swap"":{}}",f170ea774a67650ee8daadb34346399569cb6c63e931634ccd0219842293ce15,True,1.0,kv_8000,kv_constrained_online,24307,24.307000000000002,16559,0.206663,0,,True,0,0.3475,True,0.243902,5,200,0,200,0.484422,"full_prefill,chunked_prefill_small,estimated_service_time_first,weighted_fair_share,least_laxity_first",False,1.0,0.005,sustained+high_valid_pressure,0,952bd353c79bef75dea529eeb46f1ee1ac61a4efb946ed96403fe542a094c856,industry_realism_causal_headroom_phase_d_v1.results.0.0,40.866,0.0,azure_2023_conv,phase_d_v1::azure_2023_conv::w016::kv_capacity::kv_8000::step24307,VALID_STRONGLY_CONSTRAINED,1.0,16
0.00390625,kv_capacity,phase_d_v1::azure_2023_conv::w016::kv_capacity::kv_8000::step26975::sbs_reference,SBS_REFERENCE,"{""admit"":{},""hold_decode"":{},""migrate"":{},""preempt"":{},""prefill_chunk_override"":{},""swap"":{}}",952bd353c79bef75dea529eeb46f1ee1ac61a4efb946ed96403fe542a094c856,,1.0,kv_8000,kv_constrained_online,26975,26.975,13891,0.126283,0,,True,1,0.71925,True,0.243972,,200,0,200,0.484422,,False,1.0,0.005,sustained+high_valid_pressure,0,952bd353c79bef75dea529eeb46f1ee1ac61a4efb946ed96403fe542a094c856,industry_realism_causal_headroom_phase_d_v1.results.0.0,40.866,0.0,azure_2023_conv,phase_d_v1::azure_2023_conv::w016::kv_capacity::kv_8000::step26975,VALID_STRONGLY_CONSTRAINED,1.0,16
0.00390625,kv_capacity,phase_d_v1::azure_2023_conv::w016::kv_capacity::kv_8000::step26975::alt00::6a3a3979973679cb,COUNTERFACTUAL,"{""admit"":{""0"":[127]},""hold_decode"":{},""migrate"":{},""preempt"":{},""prefill_chunk_override"":{},""swap"":{}}",6a3a3979973679cbe241c274bd7248d0ce10c791006d0d2bacc539258377fec4,True,1.0,kv_8000,kv_constrained_online,26975,26.975,13891,0.165656,0,,True,0,0.71925,True,0.243967,5,200,0,200,0.484422,"full_prefill,chunked_prefill_small,estimated_service_time_first,weighted_fair_share,least_laxity_first",False,1.0,0.005,sustained+high_valid_pressure,0,952bd353c79bef75dea529eeb46f1ee1ac61a4efb946ed96403fe542a094c856,industry_realism_causal_headroom_phase_d_v1.results.0.0,40.866,0.0,azure_2023_conv,phase_d_v1::azure_2023_conv::w016::kv_capacity::kv_8000::step26975,VALID_STRONGLY_CONSTRAINED,1.0,16
0.005859375,kv_capacity,phase_d_v1::azure_2023_conv::w016::kv_capacity::kv_8000::step33396::sbs_reference,SBS_REFERENCE,"{""admit"":{},""hold_decode"":{},""migrate"":{},""preempt"":{},""prefill_chunk_override"":{},""swap"":{}}",952bd353c79bef75dea529eeb46f1ee1ac61a4efb946ed96403fe542a094c856,,1.0,kv_8000,kv_constrained_online,33396,33.396,7470,0.064297,0,,True,1,0.359125,True,0.243972,,200,0,200,0.484422,,False,1.0,0.005,sustained+high_valid_pressure,0,952bd353c79bef75dea529eeb46f1ee1ac61a4efb946ed96403fe542a094c856,industry_realism_causal_headroom_phase_d_v1.results.0.0,40.866,0.0,azure_2023_conv,phase_d_v1::azure_2023_conv::w016::kv_capacity::kv_8000::step33396,VALID_STRONGLY_CONSTRAINED,1.0,16
0.005859375,kv_capacity,phase_d_v1::azure_2023_conv::w016::kv_capacity::kv_8000::step33396::alt00::2ab1a09b0ddf2615,COUNTERFACTUAL,"{""admit"":{""0"":[160]},""hold_decode"":{},""migrate"":{},""preempt"":{},""prefill_chunk_override"":{},""swap"":{}}",2ab1a09b0ddf26152bafdf9cffad6cd893e5258da78d531e33b661e1763163eb,True,1.0,kv_8000,kv_constrained_online,33396,33.396,7470,0.064572,0,,True,0,0.359125,True,0.243782,5,200,0,200,0.474556,"full_prefill,chunked_prefill_small,estimated_service_time_first,weighted_fair_share,least_laxity_first",False,1.0,0.005,sustained+high_valid_pressure,0,952bd353c79bef75dea529eeb46f1ee1ac61a4efb946ed96403fe542a094c856,industry_realism_causal_headroom_phase_d_v1.results.0.0,40.866,0.0,azure_2023_conv,phase_d_v1::azure_2023_conv::w016::kv_capacity::kv_8000::step33396,VALID_STRONGLY_CONSTRAINED,1.0,16
0.0078125,kv_capacity,phase_d_v1::azure_2023_conv::w020::kv_capacity::kv_8000::step14487::sbs_reference,SBS_REFERENCE,"{""admit"":{},""hold_decode"":{},""migrate"":{},""preempt"":{},""prefill_chunk_override"":{},""swap"":{}}",952bd353c79bef75dea529eeb46f1ee1ac61a4efb946ed96403fe542a094c856,,1.0,kv_8000,kv_constrained_online,14487,14.487,21929,0.245761,0,,True,1,0.833125,True,0.230424,,200,0,200,0.468097,,False,1.0,0.005,sustained+high_valid_pressure,0,952bd353c79bef75dea529eeb46f1ee1ac61a4efb946ed96403fe542a094c856,industry_realism_causal_headroom_phase_d_v1.results.0.0,36.416,0.0,azure_2023_conv,phase_d_v1::azure_2023_conv::w020::kv_capacity::kv_8000::step14487,VALID_STRONGLY_CONSTRAINED,1.0,20
0.0078125,kv_capacity,phase_d_v1::azure_2023_conv::w020::kv_capacity::kv_8000::step14487::alt00::98fe8068a7a56b78,COUNTERFACTUAL,"{""admit"":{""0"":[81]},""hold_decode"":{},""migrate"":{},""preempt"":{},""prefill_chunk_override"":{},""swap"":{}}",98fe8068a7a56b7842a929a12c5b6411494b44314314b3ebc8e4943124d37ecc,True,1.0,kv_8000,kv_constrained_online,14487,14.487,21929,0.205864,0,,True,0,0.833125,True,0.230164,5,200,0,200,0.468097,"full_prefill,chunked_prefill_small,estimated_service_time_first,weighted_fair_share,least_laxity_first",False,1.0,0.005,sustained+high_valid_pressure,0,952bd353c79bef75dea529eeb46f1ee1ac61a4efb946ed96403fe542a094c856,industry_realism_causal_headroom_phase_d_v1.results.0.0,36.416,0.0,azure_2023_conv,phase_d_v1::azure_2023_conv::w020::kv_capacity::kv_8000::step14487,VALID_STRONGLY_CONSTRAINED,1.0,20
0.00390625,kv_capacity,phase_d_v1::azure_2023_conv::w020::kv_capacity::kv_8000::step14782::sbs_reference,SBS_REFERENCE,"{""admit"":{},""hold_decode"":{},""migrate"":{},""preempt"":{},""prefill_chunk_override"":{},""swap"":{}}",952bd353c79bef75dea529eeb46f1ee1ac61a4efb946ed96403fe542a094c856,,1.0,kv_8000,kv_constrained_online,14782,14.782,21634,0.238968,0,,True,1,0.355,True,0.230424,,200,0,200,0.468097,,False,1.0,0.005,sustained+high_valid_pressure,0,952bd353c79bef75dea529eeb46f1ee1ac61a4efb946ed96403fe542a094c856,industry_realism_causal_headroom_phase_d_v1.results.0.0,36.416,0.0,azure_2023_conv,phase_d_v1::azure_2023_conv::w020::kv_capacity::kv_8000::step14782,VALID_STRONGLY_CONSTRAINED,1.0,20
0.00390625,kv_capacity,phase_d_v1::azure_2023_conv::w020::kv_capacity::kv_8000::step14782::alt00::c2cc8101924352a2,COUNTERFACTUAL,"{""admit"":{""0"":[82]},""hold_decode"":{},""migrate"":{},""preempt"":{},""prefill_chunk_override"":{},""swap"":{}}",c2cc8101924352a22d2f65d37d465c41c64fbd94dbd69d132a6127bae7b393ba,True,1.0,kv_8000,kv_constrained_online,14782,14.782,21634,0.201521,0,,True,0,0.355,True,0.229974,5,200,0,200,0.468097,"full_prefill,chunked_prefill_small,estimated_service_time_first,weighted_fair_share,least_laxity_first",False,1.0,0.005,sustained+high_valid_pressure,0,952bd353c79bef75dea529eeb46f1ee1ac61a4efb946ed96403fe542a094c856,industry_realism_causal_headroom_phase_d_v1.results.0.0,36.416,0.0,azure_2023_conv,phase_d_v1::azure_2023_conv::w020::kv_capacity::kv_8000::step14782,VALID_STRONGLY_CONSTRAINED,1.0,20
0.00390625,kv_capacity,phase_d_v1::azure_2023_conv::w020::kv_capacity::kv_8000::step14823::sbs_reference,SBS_REFERENCE,"{""admit"":{},""hold_decode"":{},""migrate"":{},""preempt"":{},""prefill_chunk_override"":{},""swap"":{}}",952bd353c79bef75dea529eeb46f1ee1ac61a4efb946ed96403fe542a094c856,,1.0,kv_8000,kv_constrained_online,14823,14.823,21593,0.234288,0,,True,1,0.36525,True,0.230424,,200,0,200,0.468097,,False,1.0,0.005,sustained+high_valid_pressure,0,952bd353c79bef75dea529eeb46f1ee1ac61a4efb946ed96403fe542a094c856,industry_realism_causal_headroom_phase_d_v1.results.0.0,36.416,0.0,azure_2023_conv,phase_d_v1::azure_2023_conv::w020::kv_capacity::kv_8000::step14823,VALID_STRONGLY_CONSTRAINED,1.0,20
0.00390625,kv_capacity,phase_d_v1::azure_2023_conv::w020::kv_capacity::kv_8000::step14823::alt00::c2cc8101924352a2,COUNTERFACTUAL,"{""admit"":{""0"":[82]},""hold_decode"":{},""migrate"":{},""preempt"":{},""prefill_chunk_override"":{},""swap"":{}}",c2cc8101924352a22d2f65d37d465c41c64fbd94dbd69d132a6127bae7b393ba,True,1.0,kv_8000,kv_constrained_online,14823,14.823,21593,0.218854,0,,True,0,0.36525,True,0.230179,5,200,0,200,0.468097,"full_prefill,chunked_prefill_small,estimated_service_time_first,weighted_fair_share,least_laxity_first",False,1.0,0.005,sustained+high_valid_pressure,0,952bd353c79bef75dea529eeb46f1ee1ac61a4efb946ed96403fe542a094c856,industry_realism_causal_headroom_phase_d_v1.results.0.0,36.416,0.0,azure_2023_conv,phase_d_v1::azure_2023_conv::w020::kv_capacity::kv_8000::step14823,VALID_STRONGLY_CONSTRAINED,1.0,20
0.005859375,kv_capacity,phase_d_v1::azure_2023_conv::w020::kv_capacity::kv_8000::step16246::sbs_reference,SBS_REFERENCE,"{""admit"":{},""hold_decode"":{},""migrate"":{},""preempt"":{},""prefill_chunk_override"":{},""swap"":{}}",952bd353c79bef75dea529eeb46f1ee1ac61a4efb946ed96403fe542a094c856,,1.0,kv_8000,kv_constrained_online,16246,16.246,20170,0.184841,0,,True,1,0.700375,True,0.230424,,200,0,200,0.468097,,False,1.0,0.005,sustained+high_valid_pressure,0,952bd353c79bef75dea529eeb46f1ee1ac61a4efb946ed96403fe542a094c856,industry_realism_causal_headroom_phase_d_v1.results.0.0,36.416,0.0,azure_2023_conv,phase_d_v1::azure_2023_conv::w020::kv_capacity::kv_8000::step16246,VALID_STRONGLY_CONSTRAINED,1.0,20
0.005859375,kv_capacity,phase_d_v1::azure_2023_conv::w020::kv_capacity::kv_8000::step16246::alt00::e38a3ddd5cde2280,COUNTERFACTUAL,"{""admit"":{""0"":[96]},""hold_decode"":{},""migrate"":{},""preempt"":{},""prefill_chunk_override"":{},""swap"":{}}",e38a3ddd5cde228073b862c37087933835cd6b2f6ba6db392c8fa5ac35fdbdbf,True,1.0,kv_8000,kv_constrained_online,16246,16.246,20170,0.18582,0,,True,0,0.700375,True,0.230359,5,200,0,200,0.468097,"full_prefill,chunked_prefill_small,estimated_service_time_first,weighted_fair_share,least_laxity_first",False,1.0,0.005,sustained+high_valid_pressure,0,952bd353c79bef75dea529eeb46f1ee1ac61a4efb946ed96403fe542a094c856,industry_realism_causal_headroom_phase_d_v1.results.0.0,36.416,0.0,azure_2023_conv,phase_d_v1::azure_2023_conv::w020::kv_capacity::kv_8000::step16246,VALID_STRONGLY_CONSTRAINED,1.0,20
0.00390625,kv_capacity,phase_d_v1::azure_2023_conv::w020::kv_capacity::kv_8000::step17190::sbs_reference,SBS_REFERENCE,"{""admit"":{},""hold_decode"":{},""migrate"":{},""preempt"":{},""prefill_chunk_override"":{},""swap"":{}}",952bd353c79bef75dea529eeb46f1ee1ac61a4efb946ed96403fe542a094c856,,1.0,kv_8000,kv_constrained_online,17190,17.19,19226,0.226373,0,,True,1,0.330125,True,0.230424,,200,0,200,0.468097,,False,1.0,0.005,sustained+high_valid_pressure,0,952bd353c79bef75dea529eeb46f1ee1ac61a4efb946ed96403fe542a094c856,industry_realism_causal_headroom_phase_d_v1.results.0.0,36.416,0.0,azure_2023_conv,phase_d_v1::azure_2023_conv::w020::kv_capacity::kv_8000::step17190,VALID_STRONGLY_CONSTRAINED,1.0,20
0.00390625,kv_capacity,phase_d_v1::azure_2023_conv::w020::kv_capacity::kv_8000::step17190::alt00::92f6aaff637fe185,COUNTERFACTUAL,"{""admit"":{""0"":[101]},""hold_decode"":{},""migrate"":{},""preempt"":{},""prefill_chunk_override"":{},""swap"":{}}",92f6aaff637fe1858d6aae915732cfe09fcf72ba95a0a84f197e13ff904ac37e,True,1.0,kv_8000,kv_constrained_online,17190,17.19,19226,0.175663,0,,True,0,0.330125,True,0.230399,5,200,0,200,0.468097,"full_prefill,chunked_prefill_small,estimated_service_time_first,weighted_fair_share,least_laxity_first",False,1.0,0.005,sustained+high_valid_pressure,0,952bd353c79bef75dea529eeb46f1ee1ac61a4efb946ed96403fe542a094c856,industry_realism_causal_headroom_phase_d_v1.results.0.0,36.416,0.0,azure_2023_conv,phase_d_v1::azure_2023_conv::w020::kv_capacity::kv_8000::step17190,VALID_STRONGLY_CONSTRAINED,1.0,20
0.00390625,kv_capacity,phase_d_v1::azure_2023_conv::w020::kv_capacity::kv_8000::step27131::sbs_reference,SBS_REFERENCE,"{""admit"":{},""hold_decode"":{},""migrate"":{},""preempt"":{},""prefill_chunk_override"":{},""swap"":{}}",952bd353c79bef75dea529eeb46f1ee1ac61a4efb946ed96403fe542a094c856,,1.0,kv_8000,kv_constrained_online,27131,27.131,9285,0.082385,0,,True,1,0.3185,True,0.230424,,200,0,200,0.468097,,False,1.0,0.005,sustained+high_valid_pressure,0,952bd353c79bef75dea529eeb46f1ee1ac61a4efb946ed96403fe542a094c856,industry_realism_causal_headroom_phase_d_v1.results.0.0,36.416,0.0,azure_2023_conv,phase_d_v1::azure_2023_conv::w020::kv_capacity::kv_8000::step27131,VALID_STRONGLY_CONSTRAINED,1.0,20
0.00390625,kv_capacity,phase_d_v1::azure_2023_conv::w020::kv_capacity::kv_8000::step27131::alt00::d6595f28619b645c,COUNTERFACTUAL,"{""admit"":{""0"":[155]},""hold_decode"":{},""migrate"":{},""preempt"":{},""prefill_chunk_override"":{},""swap"":{}}",d6595f28619b645c0b2067a0689055c70a3712438cd7fb45747afffb670e14cb,True,1.0,kv_8000,kv_constrained_online,27131,27.131,9285,0.137649,0,,True,0,0.3185,True,0.230129,5,200,0,200,0.468097,"full_prefill,chunked_prefill_small,estimated_service_time_first,weighted_fair_share,least_laxity_first",False,1.0,0.005,sustained+high_valid_pressure,0,952bd353c79bef75dea529eeb46f1ee1ac61a4efb946ed96403fe542a094c856,industry_realism_causal_headroom_phase_d_v1.results.0.0,36.416,0.0,azure_2023_conv,phase_d_v1::azure_2023_conv::w020::kv_capacity::kv_8000::step27131,VALID_STRONGLY_CONSTRAINED,1.0,20
0.00390625,kv_capacity,phase_d_v1::azure_2023_conv::w024::kv_capacity::kv_8000::step35922::sbs_reference,SBS_REFERENCE,"{""admit"":{},""hold_decode"":{},""migrate"":{},""preempt"":{},""prefill_chunk_override"":{},""swap"":{}}",952bd353c79bef75dea529eeb46f1ee1ac61a4efb946ed96403fe542a094c856,,1.0,kv_8000,kv_constrained_online,35922,35.922000000000004,5252,0.04627,0,,True,1,0.38175,True,0.279763,,200,0,200,0.53964,,False,1.0,0.005,sustained+high_valid_pressure,0,952bd353c79bef75dea529eeb46f1ee1ac61a4efb946ed96403fe542a094c856,industry_realism_causal_headroom_phase_d_v1.results.0.0,41.174,0.0,azure_2023_conv,phase_d_v1::azure_2023_conv::w024::kv_capacity::kv_8000::step35922,VALID_STRONGLY_CONSTRAINED,1.0,24
0.00390625,kv_capacity,phase_d_v1::azure_2023_conv::w024::kv_capacity::kv_8000::step35922::alt00::b9ea4c69560c4716,COUNTERFACTUAL,"{""admit"":{""0"":[174]},""hold_decode"":{},""migrate"":{},""preempt"":{},""prefill_chunk_override"":{},""swap"":{}}",b9ea4c69560c4716ece998abc9b7350c3934f0475295e64dd0313df863ea355b,True,1.0,kv_8000,kv_constrained_online,35922,35.922000000000004,5252,0.045,0,,True,0,0.38175,True,0.279698,5,200,0,200,0.53964,"full_prefill,chunked_prefill_small,estimated_service_time_first,weighted_fair_share,least_laxity_first",False,1.0,0.005,sustained+high_valid_pressure,0,952bd353c79bef75dea529eeb46f1ee1ac61a4efb946ed96403fe542a094c856,industry_realism_causal_headroom_phase_d_v1.results.0.0,41.174,0.0,azure_2023_conv,phase_d_v1::azure_2023_conv::w024::kv_capacity::kv_8000::step35922,VALID_STRONGLY_CONSTRAINED,1.0,24
0.00390625,kv_capacity,phase_d_v1::azure_2023_conv::w024::kv_capacity::kv_8000::step35923::sbs_reference,SBS_REFERENCE,"{""admit"":{},""hold_decode"":{},""migrate"":{},""preempt"":{},""prefill_chunk_override"":{},""swap"":{}}",952bd353c79bef75dea529eeb46f1ee1ac61a4efb946ed96403fe542a094c856,,1.0,kv_8000,kv_constrained_online,35923,35.923,5251,0.045659,0,,True,1,0.382,True,0.279763,,200,0,200,0.53964,,False,1.0,0.005,sustained+high_valid_pressure,0,952bd353c79bef75dea529eeb46f1ee1ac61a4efb946ed96403fe542a094c856,industry_realism_causal_headroom_phase_d_v1.results.0.0,41.174,0.0,azure_2023_conv,phase_d_v1::azure_2023_conv::w024::kv_capacity::kv_8000::step35923,VALID_STRONGLY_CONSTRAINED,1.0,24
0.00390625,kv_capacity,phase_d_v1::azure_2023_conv::w024::kv_capacity::kv_8000::step35923::alt00::b9ea4c69560c4716,COUNTERFACTUAL,"{""admit"":{""0"":[174]},""hold_decode"":{},""migrate"":{},""preempt"":{},""prefill_chunk_override"":{},""swap"":{}}",b9ea4c69560c4716ece998abc9b7350c3934f0475295e64dd0313df863ea355b,True,1.0,kv_8000,kv_constrained_online,35923,35.923,5251,0.045194,0,,True,0,0.382,True,0.279703,5,200,0,200,0.53964,"full_prefill,chunked_prefill_small,estimated_service_time_first,weighted_fair_share,least_laxity_first",False,1.0,0.005,sustained+high_valid_pressure,0,952bd353c79bef75dea529eeb46f1ee1ac61a4efb946ed96403fe542a094c856,industry_realism_causal_headroom_phase_d_v1.results.0.0,41.174,0.0,azure_2023_conv,phase_d_v1::azure_2023_conv::w024::kv_capacity::kv_8000::step35923,VALID_STRONGLY_CONSTRAINED,1.0,24
0.00390625,kv_capacity,phase_d_v1::azure_2023_conv::w028::kv_capacity::kv_8000::step25431::sbs_reference,SBS_REFERENCE,"{""admit"":{},""hold_decode"":{},""migrate"":{},""preempt"":{},""prefill_chunk_override"":{},""swap"":{}}",952bd353c79bef75dea529eeb46f1ee1ac61a4efb946ed96403fe542a094c856,,1.0,kv_8000,kv_constrained_online,25431,25.431,5883,0.043992,0,,True,1,0.374125,True,0.216227,,200,0,200,0.441839,,False,1.0,0.005,sustained+high_valid_pressure,0,952bd353c79bef75dea529eeb46f1ee1ac61a4efb946ed96403fe542a094c856,industry_realism_causal_headroom_phase_d_v1.results.0.0,31.314,0.0,azure_2023_conv,phase_d_v1::azure_2023_conv::w028::kv_capacity::kv_8000::step25431,VALID_STRONGLY_CONSTRAINED,1.0,28
0.00390625,kv_capacity,phase_d_v1::azure_2023_conv::w028::kv_capacity::kv_8000::step25431::alt00::a23292bf00922727,COUNTERFACTUAL,"{""admit"":{""0"":[168]},""hold_decode"":{},""migrate"":{},""preempt"":{},""prefill_chunk_override"":{},""swap"":{}}",a23292bf00922727b68e352dcd734826189f92076b5f0b457c63740987b8cfa5,True,1.0,kv_8000,kv_constrained_online,25431,25.431,5883,0.04375,0,,True,0,0.374125,True,0.216157,5,200,0,200,0.441839,"full_prefill,chunked_prefill_small,estimated_service_time_first,weighted_fair_share,least_laxity_first",False,1.0,0.005,sustained+high_valid_pressure,0,952bd353c79bef75dea529eeb46f1ee1ac61a4efb946ed96403fe542a094c856,industry_realism_causal_headroom_phase_d_v1.results.0.0,31.314,0.0,azure_2023_conv,phase_d_v1::azure_2023_conv::w028::kv_capacity::kv_8000::step25431,VALID_STRONGLY_CONSTRAINED,1.0,28
0.00390625,kv_capacity,phase_d_v1::azure_2023_conv::w032::kv_capacity::kv_8000::step1927::sbs_reference,SBS_REFERENCE,"{""admit"":{},""hold_decode"":{},""migrate"":{},""preempt"":{},""prefill_chunk_override"":{},""swap"":{}}",952bd353c79bef75dea529eeb46f1ee1ac61a4efb946ed96403fe542a094c856,,1.0,kv_8000,kv_constrained_online,1927,1.927,30857,0.294582,0,,True,1,0.3375,True,0.235419,,200,0,200,0.44023,,False,1.0,0.005,sustained+high_valid_pressure,0,952bd353c79bef75dea529eeb46f1ee1ac61a4efb946ed96403fe542a094c856,industry_realism_causal_headroom_phase_d_v1.results.0.0,32.784,0.0,azure_2023_conv,phase_d_v1::azure_2023_conv::w032::kv_capacity::kv_8000::step1927,VALID_STRONGLY_CONSTRAINED,1.0,32
0.00390625,kv_capacity,phase_d_v1::azure_2023_conv::w032::kv_capacity::kv_8000::step1927::alt00::9363520e510af277,COUNTERFACTUAL,"{""admit"":{""0"":[10]},""hold_decode"":{},""migrate"":{},""preempt"":{},""prefill_chunk_override"":{},""swap"":{}}",9363520e510af277a37957f2aa738ac9923771e6b215a35e62bc7d322c529885,True,1.0,kv_8000,kv_constrained_online,1927,1.927,30857,0.288589,0,,True,0,0.3375,True,0.234954,5,200,0,200,0.44023,"full_prefill,chunked_prefill_small,estimated_service_time_first,weighted_fair_share,least_laxity_first",False,1.0,0.005,sustained+high_valid_pressure,0,952bd353c79bef75dea529eeb46f1ee1ac61a4efb946ed96403fe542a094c856,industry_realism_causal_headroom_phase_d_v1.results.0.0,32.784,0.0,azure_2023_conv,phase_d_v1::azure_2023_conv::w032::kv_capacity::kv_8000::step1927,VALID_STRONGLY_CONSTRAINED,1.0,32
0.00390625,kv_capacity,phase_d_v1::azure_2023_conv::w032::kv_capacity::kv_8000::step1977::sbs_reference,SBS_REFERENCE,"{""admit"":{},""hold_decode"":{},""migrate"":{},""preempt"":{},""prefill_chunk_override"":{},""swap"":{}}",952bd353c79bef75dea529eeb46f1ee1ac61a4efb946ed96403fe542a094c856,,1.0,kv_8000,kv_constrained_online,1977,1.977,30807,0.320162,0,,True,1,0.35,True,0.235419,,200,0,200,0.44023,,False,1.0,0.005,sustained+high_valid_pressure,0,952bd353c79bef75dea529eeb46f1ee1ac61a4efb946ed96403fe542a094c856,industry_realism_causal_headroom_phase_d_v1.results.0.0,32.784,0.0,azure_2023_conv,phase_d_v1::azure_2023_conv::w032::kv_capacity::kv_8000::step1977,VALID_STRONGLY_CONSTRAINED,1.0,32
0.00390625,kv_capacity,phase_d_v1::azure_2023_conv::w032::kv_capacity::kv_8000::step1977::alt00::9363520e510af277,COUNTERFACTUAL,"{""admit"":{""0"":[10]},""hold_decode"":{},""migrate"":{},""preempt"":{},""prefill_chunk_override"":{},""swap"":{}}",9363520e510af277a37957f2aa738ac9923771e6b215a35e62bc7d322c529885,True,1.0,kv_8000,kv_constrained_online,1977,1.977,30807,0.327164,0,,True,0,0.35,True,0.235204,5,200,0,200,0.44023,"full_prefill,chunked_prefill_small,estimated_service_time_first,weighted_fair_share,least_laxity_first",False,1.0,0.005,sustained+high_valid_pressure,0,952bd353c79bef75dea529eeb46f1ee1ac61a4efb946ed96403fe542a094c856,industry_realism_causal_headroom_phase_d_v1.results.0.0,32.784,0.0,azure_2023_conv,phase_d_v1::azure_2023_conv::w032::kv_capacity::kv_8000::step1977,VALID_STRONGLY_CONSTRAINED,1.0,32
0.005859375,kv_capacity,phase_d_v1::azure_2023_conv::w032::kv_capacity::kv_8000::step14226::sbs_reference,SBS_REFERENCE,"{""admit"":{},""hold_decode"":{},""migrate"":{},""preempt"":{},""prefill_chunk_override"":{},""swap"":{}}",952bd353c79bef75dea529eeb46f1ee1ac61a4efb946ed96403fe542a094c856,,1.0,kv_8000,kv_constrained_online,14226,14.226,18558,0.20776,0,,True,1,0.386125,True,0.235419,,200,0,200,0.44023,,False,1.0,0.005,sustained+high_valid_pressure,0,952bd353c79bef75dea529eeb46f1ee1ac61a4efb946ed96403fe542a094c856,industry_realism_causal_headroom_phase_d_v1.results.0.0,32.784,0.0,azure_2023_conv,phase_d_v1::azure_2023_conv::w032::kv_capacity::kv_8000::step14226,VALID_STRONGLY_CONSTRAINED,1.0,32
0.005859375,kv_capacity,phase_d_v1::azure_2023_conv::w032::kv_capacity::kv_8000::step14226::alt00::25662c201af5427c,COUNTERFACTUAL,"{""admit"":{""0"":[71]},""hold_decode"":{},""migrate"":{},""preempt"":{},""prefill_chunk_override"":{},""swap"":{}}",25662c201af5427c65bf7b56d80163ddbdb1c96337e9ec84697faa26abef10ff,True,1.0,kv_8000,kv_constrained_online,14226,14.226,18558,0.196377,0,,True,0,0.386125,True,0.235324,5,200,0,200,0.44023,"full_prefill,chunked_prefill_small,estimated_service_time_first,weighted_fair_share,least_laxity_first",False,1.0,0.005,sustained+high_valid_pressure,0,952bd353c79bef75dea529eeb46f1ee1ac61a4efb946ed96403fe542a094c856,industry_realism_causal_headroom_phase_d_v1.results.0.0,32.784,0.0,azure_2023_conv,phase_d_v1::azure_2023_conv::w032::kv_capacity::kv_8000::step14226,VALID_STRONGLY_CONSTRAINED,1.0,32
0.0078125,kv_capacity,phase_d_v1::azure_2023_conv::w032::kv_capacity::kv_8000::step14246::sbs_reference,SBS_REFERENCE,"{""admit"":{},""hold_decode"":{},""migrate"":{},""preempt"":{},""prefill_chunk_override"":{},""swap"":{}}",952bd353c79bef75dea529eeb46f1ee1ac61a4efb946ed96403fe542a094c856,,1.0,kv_8000,kv_constrained_online,14246,14.246,18538,0.225755,0,,True,1,0.419125,True,0.235419,,200,0,200,0.44023,,False,1.0,0.005,sustained+high_valid_pressure,0,952bd353c79bef75dea529eeb46f1ee1ac61a4efb946ed96403fe542a094c856,industry_realism_causal_headroom_phase_d_v1.results.0.0,32.784,0.0,azure_2023_conv,phase_d_v1::azure_2023_conv::w032::kv_capacity::kv_8000::step14246,VALID_STRONGLY_CONSTRAINED,1.0,32
0.0078125,kv_capacity,phase_d_v1::azure_2023_conv::w032::kv_capacity::kv_8000::step14246::alt00::25662c201af5427c,COUNTERFACTUAL,"{""admit"":{""0"":[71]},""hold_decode"":{},""migrate"":{},""preempt"":{},""prefill_chunk_override"":{},""swap"":{}}",25662c201af5427c65bf7b56d80163ddbdb1c96337e9ec84697faa26abef10ff,True,1.0,kv_8000,kv_constrained_online,14246,14.246,18538,0.191276,0,,True,0,0.419125,True,0.235369,5,200,0,200,0.44023,"full_prefill,chunked_prefill_small,estimated_service_time_first,weighted_fair_share,least_laxity_first",False,1.0,0.005,sustained+high_valid_pressure,0,952bd353c79bef75dea529eeb46f1ee1ac61a4efb946ed96403fe542a094c856,industry_realism_causal_headroom_phase_d_v1.results.0.0,32.784,0.0,azure_2023_conv,phase_d_v1::azure_2023_conv::w032::kv_capacity::kv_8000::step14246,VALID_STRONGLY_CONSTRAINED,1.0,32
0.0078125,kv_capacity,phase_d_v1::azure_2023_conv::w032::kv_capacity::kv_8000::step28321::sbs_reference,SBS_REFERENCE,"{""admit"":{},""hold_decode"":{},""migrate"":{},""preempt"":{},""prefill_chunk_override"":{},""swap"":{}}",952bd353c79bef75dea529eeb46f1ee1ac61a4efb946ed96403fe542a094c856,,1.0,kv_8000,kv_constrained_online,28321,28.321,4463,0.051258,0,,True,1,0.66075,True,0.235419,,200,0,200,0.44023,,False,1.0,0.005,sustained+high_valid_pressure,0,952bd353c79bef75dea529eeb46f1ee1ac61a4efb946ed96403fe542a094c856,industry_realism_causal_headroom_phase_d_v1.results.0.0,32.784,0.0,azure_2023_conv,phase_d_v1::azure_2023_conv::w032::kv_capacity::kv_8000::step28321,VALID_STRONGLY_CONSTRAINED,1.0,32
0.0078125,kv_capacity,phase_d_v1::azure_2023_conv::w032::kv_capacity::kv_8000::step28321::alt00::674bc1516320f548,COUNTERFACTUAL,"{""admit"":{""0"":[171]},""hold_decode"":{},""migrate"":{},""preempt"":{},""prefill_chunk_override"":{},""swap"":{}}",674bc1516320f5482574e6b9323bbc5633f82f07539d354c0f428e4533bb5e12,True,1.0,kv_8000,kv_constrained_online,28321,28.321,4463,0.044342,0,,True,0,0.66075,True,0.235204,5,200,0,200,0.44023,"full_prefill,chunked_prefill_small,estimated_service_time_first,weighted_fair_share,least_laxity_first",False,1.0,0.005,sustained+high_valid_pressure,0,952bd353c79bef75dea529eeb46f1ee1ac61a4efb946ed96403fe542a094c856,industry_realism_causal_headroom_phase_d_v1.results.0.0,32.784,0.0,azure_2023_conv,phase_d_v1::azure_2023_conv::w032::kv_capacity::kv_8000::step28321,VALID_STRONGLY_CONSTRAINED,1.0,32
0.0078125,kv_capacity,phase_d_v1::azure_2023_conv::w032::kv_capacity::kv_8000::step28322::sbs_reference,SBS_REFERENCE,"{""admit"":{},""hold_decode"":{},""migrate"":{},""preempt"":{},""prefill_chunk_override"":{},""swap"":{}}",952bd353c79bef75dea529eeb46f1ee1ac61a4efb946ed96403fe542a094c856,,1.0,kv_8000,kv_constrained_online,28322,28.322,4462,0.052509,0,,True,1,0.66125,True,0.235419,,200,0,200,0.44023,,False,1.0,0.005,sustained+high_valid_pressure,0,952bd353c79bef75dea529eeb46f1ee1ac61a4efb946ed96403fe542a094c856,industry_realism_causal_headroom_phase_d_v1.results.0.0,32.784,0.0,azure_2023_conv,phase_d_v1::azure_2023_conv::w032::kv_capacity::kv_8000::step28322,VALID_STRONGLY_CONSTRAINED,1.0,32
0.0078125,kv_capacity,phase_d_v1::azure_2023_conv::w032::kv_capacity::kv_8000::step28322::alt00::674bc1516320f548,COUNTERFACTUAL,"{""admit"":{""0"":[171]},""hold_decode"":{},""migrate"":{},""preempt"":{},""prefill_chunk_override"":{},""swap"":{}}",674bc1516320f5482574e6b9323bbc5633f82f07539d354c0f428e4533bb5e12,True,1.0,kv_8000,kv_constrained_online,28322,28.322,4462,0.098935,0,,True,0,0.66125,True,0.235209,5,200,0,200,0.44023,"full_prefill,chunked_prefill_small,estimated_service_time_first,weighted_fair_share,least_laxity_first",False,1.0,0.005,sustained+high_valid_pressure,0,952bd353c79bef75dea529eeb46f1ee1ac61a4efb946ed96403fe542a094c856,industry_realism_causal_headroom_phase_d_v1.results.0.0,32.784,0.0,azure_2023_conv,phase_d_v1::azure_2023_conv::w032::kv_capacity::kv_8000::step28322,VALID_STRONGLY_CONSTRAINED,1.0,32
0.0078125,kv_capacity,phase_d_v1::azure_2023_conv::w032::kv_capacity::kv_8000::step28341::sbs_reference,SBS_REFERENCE,"{""admit"":{},""hold_decode"":{},""migrate"":{},""preempt"":{},""prefill_chunk_override"":{},""swap"":{}}",952bd353c79bef75dea529eeb46f1ee1ac61a4efb946ed96403fe542a094c856,,1.0,kv_8000,kv_constrained_online,28341,28.341,4443,0.047678,0,,True,1,0.67075,True,0.235419,,200,0,200,0.44023,,False,1.0,0.005,sustained+high_valid_pressure,0,952bd353c79bef75dea529eeb46f1ee1ac61a4efb946ed96403fe542a094c856,industry_realism_causal_headroom_phase_d_v1.results.0.0,32.784,0.0,azure_2023_conv,phase_d_v1::azure_2023_conv::w032::kv_capacity::kv_8000::step28341,VALID_STRONGLY_CONSTRAINED,1.0,32
0.0078125,kv_capacity,phase_d_v1::azure_2023_conv::w032::kv_capacity::kv_8000::step28341::alt00::674bc1516320f548,COUNTERFACTUAL,"{""admit"":{""0"":[171]},""hold_decode"":{},""migrate"":{},""preempt"":{},""prefill_chunk_override"":{},""swap"":{}}",674bc1516320f5482574e6b9323bbc5633f82f07539d354c0f428e4533bb5e12,True,1.0,kv_8000,kv_constrained_online,28341,28.341,4443,0.044402,0,,True,0,0.67075,True,0.235304,5,200,0,200,0.44023,"full_prefill,chunked_prefill_small,estimated_service_time_first,weighted_fair_share,least_laxity_first",False,1.0,0.005,sustained+high_valid_pressure,0,952bd353c79bef75dea529eeb46f1ee1ac61a4efb946ed96403fe542a094c856,industry_realism_causal_headroom_phase_d_v1.results.0.0,32.784,0.0,azure_2023_conv,phase_d_v1::azure_2023_conv::w032::kv_capacity::kv_8000::step28341,VALID_STRONGLY_CONSTRAINED,1.0,32
0.0078125,kv_capacity,phase_d_v1::azure_2023_conv::w032::kv_capacity::kv_8000::step28356::sbs_reference,SBS_REFERENCE,"{""admit"":{},""hold_decode"":{},""migrate"":{},""preempt"":{},""prefill_chunk_override"":{},""swap"":{}}",952bd353c79bef75dea529eeb46f1ee1ac61a4efb946ed96403fe542a094c856,,1.0,kv_8000,kv_constrained_online,28356,28.356,4428,0.043473,0,,True,1,0.67825,True,0.235419,,200,0,200,0.44023,,False,1.0,0.005,sustained+high_valid_pressure,0,952bd353c79bef75dea529eeb46f1ee1ac61a4efb946ed96403fe542a094c856,industry_realism_causal_headroom_phase_d_v1.results.0.0,32.784,0.0,azure_2023_conv,phase_d_v1::azure_2023_conv::w032::kv_capacity::kv_8000::step28356,VALID_STRONGLY_CONSTRAINED,1.0,32
0.0078125,kv_capacity,phase_d_v1::azure_2023_conv::w032::kv_capacity::kv_8000::step28356::alt00::674bc1516320f548,COUNTERFACTUAL,"{""admit"":{""0"":[171]},""hold_decode"":{},""migrate"":{},""preempt"":{},""prefill_chunk_override"":{},""swap"":{}}",674bc1516320f5482574e6b9323bbc5633f82f07539d354c0f428e4533bb5e12,True,1.0,kv_8000,kv_constrained_online,28356,28.356,4428,0.043442,0,,True,0,0.67825,True,0.235379,5,200,0,200,0.44023,"full_prefill,chunked_prefill_small,estimated_service_time_first,weighted_fair_share,least_laxity_first",False,1.0,0.005,sustained+high_valid_pressure,0,952bd353c79bef75dea529eeb46f1ee1ac61a4efb946ed96403fe542a094c856,industry_realism_causal_headroom_phase_d_v1.results.0.0,32.784,0.0,azure_2023_conv,phase_d_v1::azure_2023_conv::w032::kv_capacity::kv_8000::step28356,VALID_STRONGLY_CONSTRAINED,1.0,32
0.00390625,kv_capacity,phase_d_v1::azure_2023_conv::w036::kv_capacity::kv_8000::step3064::sbs_reference,SBS_REFERENCE,"{""admit"":{},""hold_decode"":{},""migrate"":{},""preempt"":{},""prefill_chunk_override"":{},""swap"":{}}",952bd353c79bef75dea529eeb46f1ee1ac61a4efb946ed96403fe542a094c856,,1.0,kv_8000,kv_constrained_online,3064,3.064,26052,0.250819,0,,True,1,0.366125,True,0.174125,,200,0,200,0.438005,,False,1.0,0.005,sustained+high_valid_pressure,0,952bd353c79bef75dea529eeb46f1ee1ac61a4efb946ed96403fe542a094c856,industry_realism_causal_headroom_phase_d_v1.results.0.0,29.116,0.0,azure_2023_conv,phase_d_v1::azure_2023_conv::w036::kv_capacity::kv_8000::step3064,VALID_STRONGLY_CONSTRAINED,1.0,36
0.00390625,kv_capacity,phase_d_v1::azure_2023_conv::w036::kv_capacity::kv_8000::step3064::alt00::8ddfe5eaee5e4944,COUNTERFACTUAL,"{""admit"":{""0"":[22]},""hold_decode"":{},""migrate"":{},""preempt"":{},""prefill_chunk_override"":{},""swap"":{}}",8ddfe5eaee5e494459c42e325205e109b6767251d1547fc551bc01e079cd9157,True,1.0,kv_8000,kv_constrained_online,3064,3.064,26052,0.219686,0,,True,0,0.366125,True,0.17412,5,200,0,200,0.438005,"full_prefill,chunked_prefill_small,estimated_service_time_first,weighted_fair_share,least_laxity_first",False,1.0,0.005,sustained+high_valid_pressure,0,952bd353c79bef75dea529eeb46f1ee1ac61a4efb946ed96403fe542a094c856,industry_realism_causal_headroom_phase_d_v1.results.0.0,29.116,0.0,azure_2023_conv,phase_d_v1::azure_2023_conv::w036::kv_capacity::kv_8000::step3064,VALID_STRONGLY_CONSTRAINED,1.0,36
0.00390625,kv_capacity,phase_d_v1::azure_2023_conv::w036::kv_capacity::kv_8000::step22746::sbs_reference,SBS_REFERENCE,"{""admit"":{},""hold_decode"":{},""migrate"":{},""preempt"":{},""prefill_chunk_override"":{},""swap"":{}}",952bd353c79bef75dea529eeb46f1ee1ac61a4efb946ed96403fe542a094c856,,1.0,kv_8000,kv_constrained_online,22746,22.746000000000002,6370,0.052929,0,,True,1,0.344375,True,0.174125,,200,0,200,0.438005,,False,1.0,0.005,sustained+high_valid_pressure,0,952bd353c79bef75dea529eeb46f1ee1ac61a4efb946ed96403fe542a094c856,industry_realism_causal_headroom_phase_d_v1.results.0.0,29.116,0.0,azure_2023_conv,phase_d_v1::azure_2023_conv::w036::kv_capacity::kv_8000::step22746,VALID_STRONGLY_CONSTRAINED,1.0,36
0.00390625,kv_capacity,phase_d_v1::azure_2023_conv::w036::kv_capacity::kv_8000::step22746::alt00::aee42031f64c04ca,COUNTERFACTUAL,"{""admit"":{""0"":[156]},""hold_decode"":{},""migrate"":{},""preempt"":{},""prefill_chunk_override"":{},""swap"":{}}",aee42031f64c04ca6b323cb79c8a4e809be74b03a47411be3832aa96c21d115b,True,1.0,kv_8000,kv_constrained_online,22746,22.746000000000002,6370,0.055215,0,,True,0,0.344375,True,0.17398,5,200,0,200,0.438005,"full_prefill,chunked_prefill_small,estimated_service_time_first,weighted_fair_share,least_laxity_first",False,1.0,0.005,sustained+high_valid_pressure,0,952bd353c79bef75dea529eeb46f1ee1ac61a4efb946ed96403fe542a094c856,industry_realism_causal_headroom_phase_d_v1.results.0.0,29.116,0.0,azure_2023_conv,phase_d_v1::azure_2023_conv::w036::kv_capacity::kv_8000::step22746,VALID_STRONGLY_CONSTRAINED,1.0,36
0.00390625,kv_capacity,phase_d_v1::azure_2023_conv::w040::kv_capacity::kv_8000::step8498::sbs_reference,SBS_REFERENCE,"{""admit"":{},""hold_decode"":{},""migrate"":{},""preempt"":{},""prefill_chunk_override"":{},""swap"":{}}",952bd353c79bef75dea529eeb46f1ee1ac61a4efb946ed96403fe542a094c856,,1.0,kv_8000,kv_constrained_online,8498,8.498,23889,0.200485,0,,True,1,0.42275,True,0.184959,,200,0,200,0.47384,,False,1.0,0.005,sustained+high_valid_pressure,0,952bd353c79bef75dea529eeb46f1ee1ac61a4efb946ed96403fe542a094c856,industry_realism_causal_headroom_phase_d_v1.results.0.0,32.387,0.0,azure_2023_conv,phase_d_v1::azure_2023_conv::w040::kv_capacity::kv_8000::step8498,VALID_STRONGLY_CONSTRAINED,1.0,40
0.00390625,kv_capacity,phase_d_v1::azure_2023_conv::w040::kv_capacity::kv_8000::step8498::alt00::f190ca7f1f6126b0,COUNTERFACTUAL,"{""admit"":{""0"":[58]},""hold_decode"":{},""migrate"":{},""preempt"":{},""prefill_chunk_override"":{},""swap"":{}}",f190ca7f1f6126b0adb073fe1282dd47a563a7d0033ec2534e7d8534312cc395,True,1.0,kv_8000,kv_constrained_online,8498,8.498,23889,0.195454,0,,True,0,0.42275,True,0.184779,5,200,0,200,0.47384,"full_prefill,chunked_prefill_small,estimated_service_time_first,weighted_fair_share,least_laxity_first",False,1.0,0.005,sustained+high_valid_pressure,0,952bd353c79bef75dea529eeb46f1ee1ac61a4efb946ed96403fe542a094c856,industry_realism_causal_headroom_phase_d_v1.results.0.0,32.387,0.0,azure_2023_conv,phase_d_v1::azure_2023_conv::w040::kv_capacity::kv_8000::step8498,VALID_STRONGLY_CONSTRAINED,1.0,40
0.001953125,kv_capacity,phase_d_v1::azure_2023_conv::w040::kv_capacity::kv_8000::step18165::sbs_reference,SBS_REFERENCE,"{""admit"":{},""hold_decode"":{},""migrate"":{},""preempt"":{},""prefill_chunk_override"":{},""swap"":{}}",952bd353c79bef75dea529eeb46f1ee1ac61a4efb946ed96403fe542a094c856,,1.0,kv_8000,kv_constrained_online,18165,18.165,14222,0.123535,0,,True,1,0.519,True,0.184959,,200,0,200,0.47384,,False,1.0,0.005,sustained+high_valid_pressure,0,952bd353c79bef75dea529eeb46f1ee1ac61a4efb946ed96403fe542a094c856,industry_realism_causal_headroom_phase_d_v1.results.0.0,32.387,0.0,azure_2023_conv,phase_d_v1::azure_2023_conv::w040::kv_capacity::kv_8000::step18165,VALID_STRONGLY_CONSTRAINED,1.0,40
0.001953125,kv_capacity,phase_d_v1::azure_2023_conv::w040::kv_capacity::kv_8000::step18165::alt00::86e57aa227b0d7ce,COUNTERFACTUAL,"{""admit"":{""0"":[124]},""hold_decode"":{},""migrate"":{},""preempt"":{},""prefill_chunk_override"":{},""swap"":{}}",86e57aa227b0d7cec1fb4954c3531695d795edf36c5419b351988ae99571ce31,True,1.0,kv_8000,kv_constrained_online,18165,18.165,14222,0.137015,0,,True,0,0.519,True,0.184869,5,200,0,200,0.47384,"full_prefill,chunked_prefill_small,estimated_service_time_first,weighted_fair_share,least_laxity_first",False,1.0,0.005,sustained+high_valid_pressure,0,952bd353c79bef75dea529eeb46f1ee1ac61a4efb946ed96403fe542a094c856,industry_realism_causal_headroom_phase_d_v1.results.0.0,32.387,0.0,azure_2023_conv,phase_d_v1::azure_2023_conv::w040::kv_capacity::kv_8000::step18165,VALID_STRONGLY_CONSTRAINED,1.0,40
0.005859375,kv_capacity,phase_d_v1::azure_2023_conv::w040::kv_capacity::kv_8000::step21399::sbs_reference,SBS_REFERENCE,"{""admit"":{},""hold_decode"":{},""migrate"":{},""preempt"":{},""prefill_chunk_override"":{},""swap"":{}}",952bd353c79bef75dea529eeb46f1ee1ac61a4efb946ed96403fe542a094c856,,1.0,kv_8000,kv_constrained_online,21399,21.399,10988,0.09318,0,,True,1,0.3755,True,0.184959,,200,0,200,0.47384,,False,1.0,0.005,sustained+high_valid_pressure,0,952bd353c79bef75dea529eeb46f1ee1ac61a4efb946ed96403fe542a094c856,industry_realism_causal_headroom_phase_d_v1.results.0.0,32.387,0.0,azure_2023_conv,phase_d_v1::azure_2023_conv::w040::kv_capacity::kv_8000::step21399,VALID_STRONGLY_CONSTRAINED,1.0,40
0.005859375,kv_capacity,phase_d_v1::azure_2023_conv::w040::kv_capacity::kv_8000::step21399::alt00::905d9b48036364b1,COUNTERFACTUAL,"{""admit"":{""0"":[147]},""hold_decode"":{},""migrate"":{},""preempt"":{},""prefill_chunk_override"":{},""swap"":{}}",905d9b48036364b1b86ebf79faca83e2f34d9d771f4602d1b83238439144905e,True,1.0,kv_8000,kv_constrained_online,21399,21.399,10988,0.100211,0,,True,0,0.3755,True,0.184909,5,200,0,200,0.47384,"full_prefill,chunked_prefill_small,estimated_service_time_first,weighted_fair_share,least_laxity_first",False,1.0,0.005,sustained+high_valid_pressure,0,952bd353c79bef75dea529eeb46f1ee1ac61a4efb946ed96403fe542a094c856,industry_realism_causal_headroom_phase_d_v1.results.0.0,32.387,0.0,azure_2023_conv,phase_d_v1::azure_2023_conv::w040::kv_capacity::kv_8000::step21399,VALID_STRONGLY_CONSTRAINED,1.0,40
0.005859375,kv_capacity,phase_d_v1::azure_2023_conv::w040::kv_capacity::kv_8000::step22377::sbs_reference,SBS_REFERENCE,"{""admit"":{},""hold_decode"":{},""migrate"":{},""preempt"":{},""prefill_chunk_override"":{},""swap"":{}}",952bd353c79bef75dea529eeb46f1ee1ac61a4efb946ed96403fe542a094c856,,1.0,kv_8000,kv_constrained_online,22377,22.377,10010,0.073389,0,,True,1,0.830125,True,0.184959,,200,0,200,0.47384,,False,1.0,0.005,sustained+high_valid_pressure,0,952bd353c79bef75dea529eeb46f1ee1ac61a4efb946ed96403fe542a094c856,industry_realism_causal_headroom_phase_d_v1.results.0.0,32.387,0.0,azure_2023_conv,phase_d_v1::azure_2023_conv::w040::kv_capacity::kv_8000::step22377,VALID_STRONGLY_CONSTRAINED,1.0,40
0.005859375,kv_capacity,phase_d_v1::azure_2023_conv::w040::kv_capacity::kv_8000::step22377::alt00::38b02bc7b98dd11c,COUNTERFACTUAL,"{""admit"":{""0"":[154]},""hold_decode"":{},""migrate"":{},""preempt"":{},""prefill_chunk_override"":{},""swap"":{}}",38b02bc7b98dd11c87ed3b08507d9c726a24a84d763dcc97468e8c4224bf22f5,True,1.0,kv_8000,kv_constrained_online,22377,22.377,10010,0.073489,0,,True,0,0.830125,True,0.184814,5,200,0,200,0.47384,"full_prefill,chunked_prefill_small,estimated_service_time_first,weighted_fair_share,least_laxity_first",False,1.0,0.005,sustained+high_valid_pressure,0,952bd353c79bef75dea529eeb46f1ee1ac61a4efb946ed96403fe542a094c856,industry_realism_causal_headroom_phase_d_v1.results.0.0,32.387,0.0,azure_2023_conv,phase_d_v1::azure_2023_conv::w040::kv_capacity::kv_8000::step22377,VALID_STRONGLY_CONSTRAINED,1.0,40
0.00390625,kv_capacity,phase_d_v1::azure_2023_conv::w040::kv_capacity::kv_8000::step25834::sbs_reference,SBS_REFERENCE,"{""admit"":{},""hold_decode"":{},""migrate"":{},""preempt"":{},""prefill_chunk_override"":{},""swap"":{}}",952bd353c79bef75dea529eeb46f1ee1ac61a4efb946ed96403fe542a094c856,,1.0,kv_8000,kv_constrained_online,25834,25.834,6553,0.05556,0,,True,1,0.714125,True,0.184959,,200,0,200,0.47384,,False,1.0,0.005,sustained+high_valid_pressure,0,952bd353c79bef75dea529eeb46f1ee1ac61a4efb946ed96403fe542a094c856,industry_realism_causal_headroom_phase_d_v1.results.0.0,32.387,0.0,azure_2023_conv,phase_d_v1::azure_2023_conv::w040::kv_capacity::kv_8000::step25834,VALID_STRONGLY_CONSTRAINED,1.0,40
0.00390625,kv_capacity,phase_d_v1::azure_2023_conv::w040::kv_capacity::kv_8000::step25834::alt00::d34416a923201b96,COUNTERFACTUAL,"{""admit"":{""0"":[165]},""hold_decode"":{},""migrate"":{},""preempt"":{},""prefill_chunk_override"":{},""swap"":{}}",d34416a923201b96d793bf9a66606ccb06112b20a6cad65576328ea51cd7dca9,True,1.0,kv_8000,kv_constrained_online,25834,25.834,6553,0.052101,0,,True,0,0.714125,True,0.184854,5,200,0,200,0.47384,"full_prefill,chunked_prefill_small,estimated_service_time_first,weighted_fair_share,least_laxity_first",False,1.0,0.005,sustained+high_valid_pressure,0,952bd353c79bef75dea529eeb46f1ee1ac61a4efb946ed96403fe542a094c856,industry_realism_causal_headroom_phase_d_v1.results.0.0,32.387,0.0,azure_2023_conv,phase_d_v1::azure_2023_conv::w040::kv_capacity::kv_8000::step25834,VALID_STRONGLY_CONSTRAINED,1.0,40
0.005859375,kv_capacity,phase_d_v1::azure_2023_conv::w040::kv_capacity::kv_8000::step26022::sbs_reference,SBS_REFERENCE,"{""admit"":{},""hold_decode"":{},""migrate"":{},""preempt"":{},""prefill_chunk_override"":{},""swap"":{}}",952bd353c79bef75dea529eeb46f1ee1ac61a4efb946ed96403fe542a094c856,,1.0,kv_8000,kv_constrained_online,26022,26.022000000000002,6365,0.049766,0,,True,1,0.427125,True,0.184959,,200,0,200,0.47384,,False,1.0,0.005,sustained+high_valid_pressure,0,952bd353c79bef75dea529eeb46f1ee1ac61a4efb946ed96403fe542a094c856,industry_realism_causal_headroom_phase_d_v1.results.0.0,32.387,0.0,azure_2023_conv,phase_d_v1::azure_2023_conv::w040::kv_capacity::kv_8000::step26022,VALID_STRONGLY_CONSTRAINED,1.0,40
0.005859375,kv_capacity,phase_d_v1::azure_2023_conv::w040::kv_capacity::kv_8000::step26022::alt00::4055b26e0a948de6,COUNTERFACTUAL,"{""admit"":{""0"":[167]},""hold_decode"":{},""migrate"":{},""preempt"":{},""prefill_chunk_override"":{},""swap"":{}}",4055b26e0a948de6a85861c1124e877a9d90c9135cf2e6d6eefa6be9cb6ce5be,True,1.0,kv_8000,kv_constrained_online,26022,26.022000000000002,6365,0.048869,0,,True,0,0.427125,True,0.184794,5,200,0,200,0.47384,"full_prefill,chunked_prefill_small,estimated_service_time_first,weighted_fair_share,least_laxity_first",False,1.0,0.005,sustained+high_valid_pressure,0,952bd353c79bef75dea529eeb46f1ee1ac61a4efb946ed96403fe542a094c856,industry_realism_causal_headroom_phase_d_v1.results.0.0,32.387,0.0,azure_2023_conv,phase_d_v1::azure_2023_conv::w040::kv_capacity::kv_8000::step26022,VALID_STRONGLY_CONSTRAINED,1.0,40
0.00390625,kv_capacity,phase_d_v1::azure_2023_conv::w040::kv_capacity::kv_8000::step31557::sbs_reference,SBS_REFERENCE,"{""admit"":{},""hold_decode"":{},""migrate"":{},""preempt"":{},""prefill_chunk_override"":{},""swap"":{}}",952bd353c79bef75dea529eeb46f1ee1ac61a4efb946ed96403fe542a094c856,,1.0,kv_8000,kv_constrained_online,31557,31.557000000000002,830,0.008993,0,,True,1,0.344625,True,0.184959,,200,0,200,0.47384,,False,1.0,0.005,sustained+high_valid_pressure,0,952bd353c79bef75dea529eeb46f1ee1ac61a4efb946ed96403fe542a094c856,industry_realism_causal_headroom_phase_d_v1.results.0.0,32.387,0.0,azure_2023_conv,phase_d_v1::azure_2023_conv::w040::kv_capacity::kv_8000::step31557,VALID_STRONGLY_CONSTRAINED,1.0,40
0.00390625,kv_capacity,phase_d_v1::azure_2023_conv::w040::kv_capacity::kv_8000::step31557::alt00::f3cafdad2f7c51fd,COUNTERFACTUAL,"{""admit"":{""0"":[196]},""hold_decode"":{},""migrate"":{},""preempt"":{},""prefill_chunk_override"":{},""swap"":{}}",f3cafdad2f7c51fd1c8e7c2f9e0d2f882e0bffb76ab32d61cefa301896374b11,True,1.0,kv_8000,kv_constrained_online,31557,31.557000000000002,830,0.008398,0,,True,0,0.344625,True,0.184059,5,200,0,200,0.47384,"full_prefill,chunked_prefill_small,estimated_service_time_first,weighted_fair_share,least_laxity_first",False,1.0,0.005,sustained+high_valid_pressure,0,952bd353c79bef75dea529eeb46f1ee1ac61a4efb946ed96403fe542a094c856,industry_realism_causal_headroom_phase_d_v1.results.0.0,32.387,0.0,azure_2023_conv,phase_d_v1::azure_2023_conv::w040::kv_capacity::kv_8000::step31557,VALID_STRONGLY_CONSTRAINED,1.0,40
0.00390625,kv_capacity,phase_d_v1::azure_2023_conv::w040::kv_capacity::kv_8000::step31638::sbs_reference,SBS_REFERENCE,"{""admit"":{},""hold_decode"":{},""migrate"":{},""preempt"":{},""prefill_chunk_override"":{},""swap"":{}}",952bd353c79bef75dea529eeb46f1ee1ac61a4efb946ed96403fe542a094c856,,1.0,kv_8000,kv_constrained_online,31638,31.638,749,0.008206,0,,True,1,0.364875,True,0.184959,,200,0,200,0.47384,,False,1.0,0.005,sustained+high_valid_pressure,0,952bd353c79bef75dea529eeb46f1ee1ac61a4efb946ed96403fe542a094c856,industry_realism_causal_headroom_phase_d_v1.results.0.0,32.387,0.0,azure_2023_conv,phase_d_v1::azure_2023_conv::w040::kv_capacity::kv_8000::step31638,VALID_STRONGLY_CONSTRAINED,1.0,40
0.00390625,kv_capacity,phase_d_v1::azure_2023_conv::w040::kv_capacity::kv_8000::step31638::alt00::f3cafdad2f7c51fd,COUNTERFACTUAL,"{""admit"":{""0"":[196]},""hold_decode"":{},""migrate"":{},""preempt"":{},""prefill_chunk_override"":{},""swap"":{}}",f3cafdad2f7c51fd1c8e7c2f9e0d2f882e0bffb76ab32d61cefa301896374b11,True,1.0,kv_8000,kv_constrained_online,31638,31.638,749,0.007957,0,,True,0,0.364875,True,0.184819,5,200,0,200,0.47384,"full_prefill,chunked_prefill_small,estimated_service_time_first,weighted_fair_share,least_laxity_first",False,1.0,0.005,sustained+high_valid_pressure,0,952bd353c79bef75dea529eeb46f1ee1ac61a4efb946ed96403fe542a094c856,industry_realism_causal_headroom_phase_d_v1.results.0.0,32.387,0.0,azure_2023_conv,phase_d_v1::azure_2023_conv::w040::kv_capacity::kv_8000::step31638,VALID_STRONGLY_CONSTRAINED,1.0,40
0.001953125,kv_capacity,phase_d_v1::azure_2023_conv::w044::kv_capacity::kv_8000::step5068::sbs_reference,SBS_REFERENCE,"{""admit"":{},""hold_decode"":{},""migrate"":{},""preempt"":{},""prefill_chunk_override"":{},""swap"":{}}",952bd353c79bef75dea529eeb46f1ee1ac61a4efb946ed96403fe542a094c856,,1.0,kv_8000,kv_constrained_online,5068,5.0680000000000005,19170,0.170024,0,,True,1,0.5235,True,0.141587,,200,0,200,0.411511,,False,1.0,0.005,sustained+high_valid_pressure,0,952bd353c79bef75dea529eeb46f1ee1ac61a4efb946ed96403fe542a094c856,industry_realism_causal_headroom_phase_d_v1.results.0.0,24.238,0.0,azure_2023_conv,phase_d_v1::azure_2023_conv::w044::kv_capacity::kv_8000::step5068,VALID_STRONGLY_CONSTRAINED,1.0,44
0.001953125,kv_capacity,phase_d_v1::azure_2023_conv::w044::kv_capacity::kv_8000::step5068::alt00::f45d6307cb6cd010,COUNTERFACTUAL,"{""admit"":{""0"":[40]},""hold_decode"":{},""migrate"":{},""preempt"":{},""prefill_chunk_override"":{},""swap"":{}}",f45d6307cb6cd010213b08aa2d60eb61645cb664b0fb70a20b881a5b1e94ab54,True,1.0,kv_8000,kv_constrained_online,5068,5.0680000000000005,19170,0.170755,0,,True,0,0.5235,True,0.140662,5,200,0,200,0.411511,"full_prefill,chunked_prefill_small,estimated_service_time_first,weighted_fair_share,least_laxity_first",False,1.0,0.005,sustained+high_valid_pressure,0,952bd353c79bef75dea529eeb46f1ee1ac61a4efb946ed96403fe542a094c856,industry_realism_causal_headroom_phase_d_v1.results.0.0,24.238,0.0,azure_2023_conv,phase_d_v1::azure_2023_conv::w044::kv_capacity::kv_8000::step5068,VALID_STRONGLY_CONSTRAINED,1.0,44
0.001953125,kv_capacity,phase_d_v1::azure_2023_conv::w044::kv_capacity::kv_8000::step5133::sbs_reference,SBS_REFERENCE,"{""admit"":{},""hold_decode"":{},""migrate"":{},""preempt"":{},""prefill_chunk_override"":{},""swap"":{}}",952bd353c79bef75dea529eeb46f1ee1ac61a4efb946ed96403fe542a094c856,,1.0,kv_8000,kv_constrained_online,5133,5.133,19105,0.203679,0,,True,1,0.531625,True,0.141587,,200,0,200,0.411511,,False,1.0,0.005,sustained+high_valid_pressure,0,952bd353c79bef75dea529eeb46f1ee1ac61a4efb946ed96403fe542a094c856,industry_realism_causal_headroom_phase_d_v1.results.0.0,24.238,0.0,azure_2023_conv,phase_d_v1::azure_2023_conv::w044::kv_capacity::kv_8000::step5133,VALID_STRONGLY_CONSTRAINED,1.0,44
0.001953125,kv_capacity,phase_d_v1::azure_2023_conv::w044::kv_capacity::kv_8000::step5133::alt00::f45d6307cb6cd010,COUNTERFACTUAL,"{""admit"":{""0"":[40]},""hold_decode"":{},""migrate"":{},""preempt"":{},""prefill_chunk_override"":{},""swap"":{}}",f45d6307cb6cd010213b08aa2d60eb61645cb664b0fb70a20b881a5b1e94ab54,True,1.0,kv_8000,kv_constrained_online,5133,5.133,19105,0.199292,0,,True,0,0.531625,True,0.140987,5,200,0,200,0.411511,"full_prefill,chunked_prefill_small,estimated_service_time_first,weighted_fair_share,least_laxity_first",False,1.0,0.005,sustained+high_valid_pressure,0,952bd353c79bef75dea529eeb46f1ee1ac61a4efb946ed96403fe542a094c856,industry_realism_causal_headroom_phase_d_v1.results.0.0,24.238,0.0,azure_2023_conv,phase_d_v1::azure_2023_conv::w044::kv_capacity::kv_8000::step5133,VALID_STRONGLY_CONSTRAINED,1.0,44
0.00390625,kv_capacity,phase_d_v1::azure_2023_conv::w044::kv_capacity::kv_8000::step6946::sbs_reference,SBS_REFERENCE,"{""admit"":{},""hold_decode"":{},""migrate"":{},""preempt"":{},""prefill_chunk_override"":{},""swap"":{}}",952bd353c79bef75dea529eeb46f1ee1ac61a4efb946ed96403fe542a094c856,,1.0,kv_8000,kv_constrained_online,6946,6.946,17292,0.157531,0,,True,1,0.482,True,0.141587,,200,0,200,0.411511,,False,1.0,0.005,sustained+high_valid_pressure,0,952bd353c79bef75dea529eeb46f1ee1ac61a4efb946ed96403fe542a094c856,industry_realism_causal_headroom_phase_d_v1.results.0.0,24.238,0.0,azure_2023_conv,phase_d_v1::azure_2023_conv::w044::kv_capacity::kv_8000::step6946,VALID_STRONGLY_CONSTRAINED,1.0,44
0.00390625,kv_capacity,phase_d_v1::azure_2023_conv::w044::kv_capacity::kv_8000::step6946::alt00::a82007f6fec8355f,COUNTERFACTUAL,"{""admit"":{""0"":[52]},""hold_decode"":{},""migrate"":{},""preempt"":{},""prefill_chunk_override"":{},""swap"":{}}",a82007f6fec8355f021c1c65715f0e48d38e8399df4c66640851c068278f023b,True,1.0,kv_8000,kv_constrained_online,6946,6.946,17292,0.161374,0,,True,0,0.482,True,0.141342,5,200,0,200,0.411511,"full_prefill,chunked_prefill_small,estimated_service_time_first,weighted_fair_share,least_laxity_first",False,1.0,0.005,sustained+high_valid_pressure,0,952bd353c79bef75dea529eeb46f1ee1ac61a4efb946ed96403fe542a094c856,industry_realism_causal_headroom_phase_d_v1.results.0.0,24.238,0.0,azure_2023_conv,phase_d_v1::azure_2023_conv::w044::kv_capacity::kv_8000::step6946,VALID_STRONGLY_CONSTRAINED,1.0,44
0.00390625,kv_capacity,phase_d_v1::azure_2023_conv::w044::kv_capacity::kv_8000::step9789::sbs_reference,SBS_REFERENCE,"{""admit"":{},""hold_decode"":{},""migrate"":{},""preempt"":{},""prefill_chunk_override"":{},""swap"":{}}",952bd353c79bef75dea529eeb46f1ee1ac61a4efb946ed96403fe542a094c856,,1.0,kv_8000,kv_constrained_online,9789,9.789,14449,0.13994,0,,True,1,0.402875,True,0.141587,,200,0,200,0.411511,,False,1.0,0.005,sustained+high_valid_pressure,0,952bd353c79bef75dea529eeb46f1ee1ac61a4efb946ed96403fe542a094c856,industry_realism_causal_headroom_phase_d_v1.results.0.0,24.238,0.0,azure_2023_conv,phase_d_v1::azure_2023_conv::w044::kv_capacity::kv_8000::step9789,VALID_STRONGLY_CONSTRAINED,1.0,44
0.00390625,kv_capacity,phase_d_v1::azure_2023_conv::w044::kv_capacity::kv_8000::step9789::alt00::72b80ea2d22beb4f,COUNTERFACTUAL,"{""admit"":{""0"":[78]},""hold_decode"":{},""migrate"":{},""preempt"":{},""prefill_chunk_override"":{},""swap"":{}}",72b80ea2d22beb4fb4cbda7c5b263ff61e16a7e3da9367d58e270afc9c2d5c07,True,1.0,kv_8000,kv_constrained_online,9789,9.789,14449,0.15653,0,,True,0,0.402875,True,0.141387,5,200,0,200,0.411511,"full_prefill,chunked_prefill_small,estimated_service_time_first,weighted_fair_share,least_laxity_first",False,1.0,0.005,sustained+high_valid_pressure,0,952bd353c79bef75dea529eeb46f1ee1ac61a4efb946ed96403fe542a094c856,industry_realism_causal_headroom_phase_d_v1.results.0.0,24.238,0.0,azure_2023_conv,phase_d_v1::azure_2023_conv::w044::kv_capacity::kv_8000::step9789,VALID_STRONGLY_CONSTRAINED,1.0,44
0.005859375,kv_capacity,phase_d_v1::azure_2023_conv::w052::kv_capacity::kv_8000::step6509::sbs_reference,SBS_REFERENCE,"{""admit"":{},""hold_decode"":{},""migrate"":{},""preempt"":{},""prefill_chunk_override"":{},""swap"":{}}",952bd353c79bef75dea529eeb46f1ee1ac61a4efb946ed96403fe542a094c856,,1.0,kv_8000,kv_constrained_online,6509,6.509,18279,0.153469,0,,True,1,0.36075,True,0.136164,,200,0,200,0.428987,,False,1.0,0.005,sustained+high_valid_pressure,0,952bd353c79bef75dea529eeb46f1ee1ac61a4efb946ed96403fe542a094c856,industry_realism_causal_headroom_phase_d_v1.results.0.0,24.788,0.0,azure_2023_conv,phase_d_v1::azure_2023_conv::w052::kv_capacity::kv_8000::step6509,VALID_STRONGLY_CONSTRAINED,1.0,52
0.005859375,kv_capacity,phase_d_v1::azure_2023_conv::w052::kv_capacity::kv_8000::step6509::alt00::de9d4d31c29db46c,COUNTERFACTUAL,"{""admit"":{""0"":[60]},""hold_decode"":{},""migrate"":{},""preempt"":{},""prefill_chunk_override"":{},""swap"":{}}",de9d4d31c29db46c9f805bc907bf54257c720b910fe89f051daf851172c55f6f,True,1.0,kv_8000,kv_constrained_online,6509,6.509,18279,0.17768,0,,True,0,0.36075,True,0.135289,5,200,0,200,0.428987,"full_prefill,chunked_prefill_small,estimated_service_time_first,weighted_fair_share,least_laxity_first",False,1.0,0.005,sustained+high_valid_pressure,0,952bd353c79bef75dea529eeb46f1ee1ac61a4efb946ed96403fe542a094c856,industry_realism_causal_headroom_phase_d_v1.results.0.0,24.788,0.0,azure_2023_conv,phase_d_v1::azure_2023_conv::w052::kv_capacity::kv_8000::step6509,VALID_STRONGLY_CONSTRAINED,1.0,52
0.005859375,kv_capacity,phase_d_v1::azure_2023_conv::w052::kv_capacity::kv_8000::step6537::sbs_reference,SBS_REFERENCE,"{""admit"":{},""hold_decode"":{},""migrate"":{},""preempt"":{},""prefill_chunk_override"":{},""swap"":{}}",952bd353c79bef75dea529eeb46f1ee1ac61a4efb946ed96403fe542a094c856,,1.0,kv_8000,kv_constrained_online,6537,6.537,18251,0.212612,0,,True,1,0.37125,True,0.136164,,200,0,200,0.428987,,False,1.0,0.005,sustained+high_valid_pressure,0,952bd353c79bef75dea529eeb46f1ee1ac61a4efb946ed96403fe542a094c856,industry_realism_causal_headroom_phase_d_v1.results.0.0,24.788,0.0,azure_2023_conv,phase_d_v1::azure_2023_conv::w052::kv_capacity::kv_8000::step6537,VALID_STRONGLY_CONSTRAINED,1.0,52
0.005859375,kv_capacity,phase_d_v1::azure_2023_conv::w052::kv_capacity::kv_8000::step6537::alt00::de9d4d31c29db46c,COUNTERFACTUAL,"{""admit"":{""0"":[60]},""hold_decode"":{},""migrate"":{},""preempt"":{},""prefill_chunk_override"":{},""swap"":{}}",de9d4d31c29db46c9f805bc907bf54257c720b910fe89f051daf851172c55f6f,True,1.0,kv_8000,kv_constrained_online,6537,6.537,18251,0.166018,0,,True,0,0.37125,True,0.135429,5,200,0,200,0.428987,"full_prefill,chunked_prefill_small,estimated_service_time_first,weighted_fair_share,least_laxity_first",False,1.0,0.005,sustained+high_valid_pressure,0,952bd353c79bef75dea529eeb46f1ee1ac61a4efb946ed96403fe542a094c856,industry_realism_causal_headroom_phase_d_v1.results.0.0,24.788,0.0,azure_2023_conv,phase_d_v1::azure_2023_conv::w052::kv_capacity::kv_8000::step6537,VALID_STRONGLY_CONSTRAINED,1.0,52
0.005859375,kv_capacity,phase_d_v1::azure_2023_conv::w052::kv_capacity::kv_8000::step6544::sbs_reference,SBS_REFERENCE,"{""admit"":{},""hold_decode"":{},""migrate"":{},""preempt"":{},""prefill_chunk_override"":{},""swap"":{}}",952bd353c79bef75dea529eeb46f1ee1ac61a4efb946ed96403fe542a094c856,,1.0,kv_8000,kv_constrained_online,6544,6.5440000000000005,18244,0.154574,0,,True,1,0.373875,True,0.136164,,200,0,200,0.428987,,False,1.0,0.005,sustained+high_valid_pressure,0,952bd353c79bef75dea529eeb46f1ee1ac61a4efb946ed96403fe542a094c856,industry_realism_causal_headroom_phase_d_v1.results.0.0,24.788,0.0,azure_2023_conv,phase_d_v1::azure_2023_conv::w052::kv_capacity::kv_8000::step6544,VALID_STRONGLY_CONSTRAINED,1.0,52
0.005859375,kv_capacity,phase_d_v1::azure_2023_conv::w052::kv_capacity::kv_8000::step6544::alt00::de9d4d31c29db46c,COUNTERFACTUAL,"{""admit"":{""0"":[60]},""hold_decode"":{},""migrate"":{},""preempt"":{},""prefill_chunk_override"":{},""swap"":{}}",de9d4d31c29db46c9f805bc907bf54257c720b910fe89f051daf851172c55f6f,True,1.0,kv_8000,kv_constrained_online,6544,6.5440000000000005,18244,0.1755,0,,True,0,0.373875,True,0.135464,5,200,0,200,0.428987,"full_prefill,chunked_prefill_small,estimated_service_time_first,weighted_fair_share,least_laxity_first",False,1.0,0.005,sustained+high_valid_pressure,0,952bd353c79bef75dea529eeb46f1ee1ac61a4efb946ed96403fe542a094c856,industry_realism_causal_headroom_phase_d_v1.results.0.0,24.788,0.0,azure_2023_conv,phase_d_v1::azure_2023_conv::w052::kv_capacity::kv_8000::step6544,VALID_STRONGLY_CONSTRAINED,1.0,52
0.00390625,kv_capacity,phase_d_v1::azure_2023_conv::w052::kv_capacity::kv_8000::step6585::sbs_reference,SBS_REFERENCE,"{""admit"":{},""hold_decode"":{},""migrate"":{},""preempt"":{},""prefill_chunk_override"":{},""swap"":{}}",952bd353c79bef75dea529eeb46f1ee1ac61a4efb946ed96403fe542a094c856,,1.0,kv_8000,kv_constrained_online,6585,6.585,18203,0.197575,0,,True,1,0.324875,True,0.136164,,200,0,200,0.428987,,False,1.0,0.005,sustained+high_valid_pressure,0,952bd353c79bef75dea529eeb46f1ee1ac61a4efb946ed96403fe542a094c856,industry_realism_causal_headroom_phase_d_v1.results.0.0,24.788,0.0,azure_2023_conv,phase_d_v1::azure_2023_conv::w052::kv_capacity::kv_8000::step6585,VALID_STRONGLY_CONSTRAINED,1.0,52
0.00390625,kv_capacity,phase_d_v1::azure_2023_conv::w052::kv_capacity::kv_8000::step6585::alt00::de9d4d31c29db46c,COUNTERFACTUAL,"{""admit"":{""0"":[60]},""hold_decode"":{},""migrate"":{},""preempt"":{},""prefill_chunk_override"":{},""swap"":{}}",de9d4d31c29db46c9f805bc907bf54257c720b910fe89f051daf851172c55f6f,True,1.0,kv_8000,kv_constrained_online,6585,6.585,18203,0.177245,0,,True,0,0.324875,True,0.135669,5,200,0,200,0.428987,"full_prefill,chunked_prefill_small,estimated_service_time_first,weighted_fair_share,least_laxity_first",False,1.0,0.005,sustained+high_valid_pressure,0,952bd353c79bef75dea529eeb46f1ee1ac61a4efb946ed96403fe542a094c856,industry_realism_causal_headroom_phase_d_v1.results.0.0,24.788,0.0,azure_2023_conv,phase_d_v1::azure_2023_conv::w052::kv_capacity::kv_8000::step6585,VALID_STRONGLY_CONSTRAINED,1.0,52
0.00390625,kv_capacity,phase_d_v1::azure_2023_conv::w052::kv_capacity::kv_8000::step6616::sbs_reference,SBS_REFERENCE,"{""admit"":{},""hold_decode"":{},""migrate"":{},""preempt"":{},""prefill_chunk_override"":{},""swap"":{}}",952bd353c79bef75dea529eeb46f1ee1ac61a4efb946ed96403fe542a094c856,,1.0,kv_8000,kv_constrained_online,6616,6.6160000000000005,18172,0.153656,0,,True,1,0.332625,True,0.136164,,200,0,200,0.428987,,False,1.0,0.005,sustained+high_valid_pressure,0,952bd353c79bef75dea529eeb46f1ee1ac61a4efb946ed96403fe542a094c856,industry_realism_causal_headroom_phase_d_v1.results.0.0,24.788,0.0,azure_2023_conv,phase_d_v1::azure_2023_conv::w052::kv_capacity::kv_8000::step6616,VALID_STRONGLY_CONSTRAINED,1.0,52
0.00390625,kv_capacity,phase_d_v1::azure_2023_conv::w052::kv_capacity::kv_8000::step6616::alt00::de9d4d31c29db46c,COUNTERFACTUAL,"{""admit"":{""0"":[60]},""hold_decode"":{},""migrate"":{},""preempt"":{},""prefill_chunk_override"":{},""swap"":{}}",de9d4d31c29db46c9f805bc907bf54257c720b910fe89f051daf851172c55f6f,True,1.0,kv_8000,kv_constrained_online,6616,6.6160000000000005,18172,0.150037,0,,True,0,0.332625,True,0.135824,5,200,0,200,0.428987,"full_prefill,chunked_prefill_small,estimated_service_time_first,weighted_fair_share,least_laxity_first",False,1.0,0.005,sustained+high_valid_pressure,0,952bd353c79bef75dea529eeb46f1ee1ac61a4efb946ed96403fe542a094c856,industry_realism_causal_headroom_phase_d_v1.results.0.0,24.788,0.0,azure_2023_conv,phase_d_v1::azure_2023_conv::w052::kv_capacity::kv_8000::step6616,VALID_STRONGLY_CONSTRAINED,1.0,52
0.00390625,kv_capacity,phase_d_v1::azure_2023_conv::w052::kv_capacity::kv_8000::step6632::sbs_reference,SBS_REFERENCE,"{""admit"":{},""hold_decode"":{},""migrate"":{},""preempt"":{},""prefill_chunk_override"":{},""swap"":{}}",952bd353c79bef75dea529eeb46f1ee1ac61a4efb946ed96403fe542a094c856,,1.0,kv_8000,kv_constrained_online,6632,6.632000000000001,18156,0.153594,0,,True,1,0.336625,True,0.136164,,200,0,200,0.428987,,False,1.0,0.005,sustained+high_valid_pressure,0,952bd353c79bef75dea529eeb46f1ee1ac61a4efb946ed96403fe542a094c856,industry_realism_causal_headroom_phase_d_v1.results.0.0,24.788,0.0,azure_2023_conv,phase_d_v1::azure_2023_conv::w052::kv_capacity::kv_8000::step6632,VALID_STRONGLY_CONSTRAINED,1.0,52
0.00390625,kv_capacity,phase_d_v1::azure_2023_conv::w052::kv_capacity::kv_8000::step6632::alt00::de9d4d31c29db46c,COUNTERFACTUAL,"{""admit"":{""0"":[60]},""hold_decode"":{},""migrate"":{},""preempt"":{},""prefill_chunk_override"":{},""swap"":{}}",de9d4d31c29db46c9f805bc907bf54257c720b910fe89f051daf851172c55f6f,True,1.0,kv_8000,kv_constrained_online,6632,6.632000000000001,18156,0.150792,0,,True,0,0.336625,True,0.135904,5,200,0,200,0.428987,"full_prefill,chunked_prefill_small,estimated_service_time_first,weighted_fair_share,least_laxity_first",False,1.0,0.005,sustained+high_valid_pressure,0,952bd353c79bef75dea529eeb46f1ee1ac61a4efb946ed96403fe542a094c856,industry_realism_causal_headroom_phase_d_v1.results.0.0,24.788,0.0,azure_2023_conv,phase_d_v1::azure_2023_conv::w052::kv_capacity::kv_8000::step6632,VALID_STRONGLY_CONSTRAINED,1.0,52
0.00390625,kv_capacity,phase_d_v1::azure_2023_conv::w052::kv_capacity::kv_8000::step24596::sbs_reference,SBS_REFERENCE,"{""admit"":{},""hold_decode"":{},""migrate"":{},""preempt"":{},""prefill_chunk_override"":{},""swap"":{}}",952bd353c79bef75dea529eeb46f1ee1ac61a4efb946ed96403fe542a094c856,,1.0,kv_8000,kv_constrained_online,24596,24.596,192,0.002932,0,,True,1,0.33025,True,0.136164,,200,0,200,0.428987,,False,1.0,0.005,sustained+high_valid_pressure,0,952bd353c79bef75dea529eeb46f1ee1ac61a4efb946ed96403fe542a094c856,industry_realism_causal_headroom_phase_d_v1.results.0.0,24.788,0.0,azure_2023_conv,phase_d_v1::azure_2023_conv::w052::kv_capacity::kv_8000::step24596,VALID_STRONGLY_CONSTRAINED,1.0,52
0.00390625,kv_capacity,phase_d_v1::azure_2023_conv::w052::kv_capacity::kv_8000::step24596::alt00::066126f938a45645,COUNTERFACTUAL,"{""admit"":{""0"":[195]},""hold_decode"":{},""migrate"":{},""preempt"":{},""prefill_chunk_override"":{},""swap"":{}}",066126f938a456457b9da6c30ea504a851061287d9ecf354e9da9001bbbcf98f,True,1.0,kv_8000,kv_constrained_online,24596,24.596,167,0.002222,0,,True,0,0.33025,True,0.135509,5,200,0,200,0.42699,"full_prefill,chunked_prefill_small,estimated_service_time_first,weighted_fair_share,least_laxity_first",False,1.0,0.005,sustained+high_valid_pressure,0,952bd353c79bef75dea529eeb46f1ee1ac61a4efb946ed96403fe542a094c856,industry_realism_causal_headroom_phase_d_v1.results.0.0,24.763,0.0,azure_2023_conv,phase_d_v1::azure_2023_conv::w052::kv_capacity::kv_8000::step24596,VALID_STRONGLY_CONSTRAINED,1.0,52
0.00390625,kv_capacity,phase_d_v1::azure_2023_conv::w052::kv_capacity::kv_8000::step24604::sbs_reference,SBS_REFERENCE,"{""admit"":{},""hold_decode"":{},""migrate"":{},""preempt"":{},""prefill_chunk_override"":{},""swap"":{}}",952bd353c79bef75dea529eeb46f1ee1ac61a4efb946ed96403fe542a094c856,,1.0,kv_8000,kv_constrained_online,24604,24.604,184,0.002826,0,,True,1,0.33225,True,0.136164,,200,0,200,0.428987,,False,1.0,0.005,sustained+high_valid_pressure,0,952bd353c79bef75dea529eeb46f1ee1ac61a4efb946ed96403fe542a094c856,industry_realism_causal_headroom_phase_d_v1.results.0.0,24.788,0.0,azure_2023_conv,phase_d_v1::azure_2023_conv::w052::kv_capacity::kv_8000::step24604,VALID_STRONGLY_CONSTRAINED,1.0,52
0.00390625,kv_capacity,phase_d_v1::azure_2023_conv::w052::kv_capacity::kv_8000::step24604::alt00::066126f938a45645,COUNTERFACTUAL,"{""admit"":{""0"":[195]},""hold_decode"":{},""migrate"":{},""preempt"":{},""prefill_chunk_override"":{},""swap"":{}}",066126f938a456457b9da6c30ea504a851061287d9ecf354e9da9001bbbcf98f,True,1.0,kv_8000,kv_constrained_online,24604,24.604,159,0.002124,0,,True,0,0.33225,True,0.135549,5,200,0,200,0.42699,"full_prefill,chunked_prefill_small,estimated_service_time_first,weighted_fair_share,least_laxity_first",False,1.0,0.005,sustained+high_valid_pressure,0,952bd353c79bef75dea529eeb46f1ee1ac61a4efb946ed96403fe542a094c856,industry_realism_causal_headroom_phase_d_v1.results.0.0,24.763,0.0,azure_2023_conv,phase_d_v1::azure_2023_conv::w052::kv_capacity::kv_8000::step24604,VALID_STRONGLY_CONSTRAINED,1.0,52
0.00390625,kv_capacity,phase_d_v1::azure_2023_conv::w056::kv_capacity::kv_8000::step16787::sbs_reference,SBS_REFERENCE,"{""admit"":{},""hold_decode"":{},""migrate"":{},""preempt"":{},""prefill_chunk_override"":{},""swap"":{}}",952bd353c79bef75dea529eeb46f1ee1ac61a4efb946ed96403fe542a094c856,,1.0,kv_8000,kv_constrained_online,16787,16.787,10224,0.089085,0,,True,1,0.32725,True,0.135726,,200,0,200,0.430292,,False,1.0,0.005,sustained+high_valid_pressure,0,952bd353c79bef75dea529eeb46f1ee1ac61a4efb946ed96403fe542a094c856,industry_realism_causal_headroom_phase_d_v1.results.0.0,27.011,0.0,azure_2023_conv,phase_d_v1::azure_2023_conv::w056::kv_capacity::kv_8000::step16787,VALID_STRONGLY_CONSTRAINED,1.0,56
0.00390625,kv_capacity,phase_d_v1::azure_2023_conv::w056::kv_capacity::kv_8000::step16787::alt00::e64086d78d0929dc,COUNTERFACTUAL,"{""admit"":{""0"":[132]},""hold_decode"":{},""migrate"":{},""preempt"":{},""prefill_chunk_override"":{},""swap"":{}}",e64086d78d0929dcafc143026509e1f42b06e74354cdd34930cf4e2ea0aa9f0c,True,1.0,kv_8000,kv_constrained_online,16787,16.787,10224,0.08382,0,,True,0,0.32725,True,0.134306,5,200,0,200,0.430292,"full_prefill,chunked_prefill_small,estimated_service_time_first,weighted_fair_share,least_laxity_first",False,1.0,0.005,sustained+high_valid_pressure,0,952bd353c79bef75dea529eeb46f1ee1ac61a4efb946ed96403fe542a094c856,industry_realism_causal_headroom_phase_d_v1.results.0.0,27.011,0.0,azure_2023_conv,phase_d_v1::azure_2023_conv::w056::kv_capacity::kv_8000::step16787,VALID_STRONGLY_CONSTRAINED,1.0,56
0.00390625,kv_capacity,phase_d_v1::azure_2023_conv::w056::kv_capacity::kv_8000::step16802::sbs_reference,SBS_REFERENCE,"{""admit"":{},""hold_decode"":{},""migrate"":{},""preempt"":{},""prefill_chunk_override"":{},""swap"":{}}",952bd353c79bef75dea529eeb46f1ee1ac61a4efb946ed96403fe542a094c856,,1.0,kv_8000,kv_constrained_online,16802,16.802,10209,0.087884,0,,True,1,0.331,True,0.135726,,200,0,200,0.430292,,False,1.0,0.005,sustained+high_valid_pressure,0,952bd353c79bef75dea529eeb46f1ee1ac61a4efb946ed96403fe542a094c856,industry_realism_causal_headroom_phase_d_v1.results.0.0,27.011,0.0,azure_2023_conv,phase_d_v1::azure_2023_conv::w056::kv_capacity::kv_8000::step16802,VALID_STRONGLY_CONSTRAINED,1.0,56
0.00390625,kv_capacity,phase_d_v1::azure_2023_conv::w056::kv_capacity::kv_8000::step16802::alt00::e64086d78d0929dc,COUNTERFACTUAL,"{""admit"":{""0"":[132]},""hold_decode"":{},""migrate"":{},""preempt"":{},""prefill_chunk_override"":{},""swap"":{}}",e64086d78d0929dcafc143026509e1f42b06e74354cdd34930cf4e2ea0aa9f0c,True,1.0,kv_8000,kv_constrained_online,16802,16.802,10209,0.120025,0,,True,0,0.331,True,0.134381,5,200,0,200,0.430292,"full_prefill,chunked_prefill_small,estimated_service_time_first,weighted_fair_share,least_laxity_first",False,1.0,0.005,sustained+high_valid_pressure,0,952bd353c79bef75dea529eeb46f1ee1ac61a4efb946ed96403fe542a094c856,industry_realism_causal_headroom_phase_d_v1.results.0.0,27.011,0.0,azure_2023_conv,phase_d_v1::azure_2023_conv::w056::kv_capacity::kv_8000::step16802,VALID_STRONGLY_CONSTRAINED,1.0,56
0.00390625,kv_capacity,phase_d_v1::azure_2023_conv::w056::kv_capacity::kv_8000::step16821::sbs_reference,SBS_REFERENCE,"{""admit"":{},""hold_decode"":{},""migrate"":{},""preempt"":{},""prefill_chunk_override"":{},""swap"":{}}",952bd353c79bef75dea529eeb46f1ee1ac61a4efb946ed96403fe542a094c856,,1.0,kv_8000,kv_constrained_online,16821,16.821,10190,0.085989,0,,True,1,0.33575,True,0.135726,,200,0,200,0.430292,,False,1.0,0.005,sustained+high_valid_pressure,0,952bd353c79bef75dea529eeb46f1ee1ac61a4efb946ed96403fe542a094c856,industry_realism_causal_headroom_phase_d_v1.results.0.0,27.011,0.0,azure_2023_conv,phase_d_v1::azure_2023_conv::w056::kv_capacity::kv_8000::step16821,VALID_STRONGLY_CONSTRAINED,1.0,56
0.00390625,kv_capacity,phase_d_v1::azure_2023_conv::w056::kv_capacity::kv_8000::step16821::alt00::e64086d78d0929dc,COUNTERFACTUAL,"{""admit"":{""0"":[132]},""hold_decode"":{},""migrate"":{},""preempt"":{},""prefill_chunk_override"":{},""swap"":{}}",e64086d78d0929dcafc143026509e1f42b06e74354cdd34930cf4e2ea0aa9f0c,True,1.0,kv_8000,kv_constrained_online,16821,16.821,10190,0.090527,0,,True,0,0.33575,True,0.134506,5,200,0,200,0.430292,"full_prefill,chunked_prefill_small,estimated_service_time_first,weighted_fair_share,least_laxity_first",False,1.0,0.005,sustained+high_valid_pressure,0,952bd353c79bef75dea529eeb46f1ee1ac61a4efb946ed96403fe542a094c856,industry_realism_causal_headroom_phase_d_v1.results.0.0,27.011,0.0,azure_2023_conv,phase_d_v1::azure_2023_conv::w056::kv_capacity::kv_8000::step16821,VALID_STRONGLY_CONSTRAINED,1.0,56
0.00390625,kv_capacity,phase_d_v1::azure_2023_conv::w056::kv_capacity::kv_8000::step16852::sbs_reference,SBS_REFERENCE,"{""admit"":{},""hold_decode"":{},""migrate"":{},""preempt"":{},""prefill_chunk_override"":{},""swap"":{}}",952bd353c79bef75dea529eeb46f1ee1ac61a4efb946ed96403fe542a094c856,,1.0,kv_8000,kv_constrained_online,16852,16.852,10159,0.120834,0,,True,1,0.3435,True,0.135726,,200,0,200,0.430292,,False,1.0,0.005,sustained+high_valid_pressure,0,952bd353c79bef75dea529eeb46f1ee1ac61a4efb946ed96403fe542a094c856,industry_realism_causal_headroom_phase_d_v1.results.0.0,27.011,0.0,azure_2023_conv,phase_d_v1::azure_2023_conv::w056::kv_capacity::kv_8000::step16852,VALID_STRONGLY_CONSTRAINED,1.0,56
0.00390625,kv_capacity,phase_d_v1::azure_2023_conv::w056::kv_capacity::kv_8000::step16852::alt00::e64086d78d0929dc,COUNTERFACTUAL,"{""admit"":{""0"":[132]},""hold_decode"":{},""migrate"":{},""preempt"":{},""prefill_chunk_override"":{},""swap"":{}}",e64086d78d0929dcafc143026509e1f42b06e74354cdd34930cf4e2ea0aa9f0c,True,1.0,kv_8000,kv_constrained_online,16852,16.852,10159,0.103916,0,,True,0,0.3435,True,0.134816,5,200,0,200,0.430292,"full_prefill,chunked_prefill_small,estimated_service_time_first,weighted_fair_share,least_laxity_first",False,1.0,0.005,sustained+high_valid_pressure,0,952bd353c79bef75dea529eeb46f1ee1ac61a4efb946ed96403fe542a094c856,industry_realism_causal_headroom_phase_d_v1.results.0.0,27.011,0.0,azure_2023_conv,phase_d_v1::azure_2023_conv::w056::kv_capacity::kv_8000::step16852,VALID_STRONGLY_CONSTRAINED,1.0,56
0.001953125,kv_capacity,phase_d_v1::azure_2023_conv::w056::kv_capacity::kv_8000::step17263::sbs_reference,SBS_REFERENCE,"{""admit"":{},""hold_decode"":{},""migrate"":{},""preempt"":{},""prefill_chunk_override"":{},""swap"":{}}",952bd353c79bef75dea529eeb46f1ee1ac61a4efb946ed96403fe542a094c856,,1.0,kv_8000,kv_constrained_online,17263,17.263,9748,0.081563,0,,True,1,0.368125,True,0.135726,,200,0,200,0.430292,,False,1.0,0.005,sustained+high_valid_pressure,0,952bd353c79bef75dea529eeb46f1ee1ac61a4efb946ed96403fe542a094c856,industry_realism_causal_headroom_phase_d_v1.results.0.0,27.011,0.0,azure_2023_conv,phase_d_v1::azure_2023_conv::w056::kv_capacity::kv_8000::step17263,VALID_STRONGLY_CONSTRAINED,1.0,56
0.001953125,kv_capacity,phase_d_v1::azure_2023_conv::w056::kv_capacity::kv_8000::step17263::alt00::c84c3abc0cae0115,COUNTERFACTUAL,"{""admit"":{""0"":[136]},""hold_decode"":{},""migrate"":{},""preempt"":{},""prefill_chunk_override"":{},""swap"":{}}",c84c3abc0cae0115933640449c0e4f7ff5c1e107231c627d66896302b18097c4,True,1.0,kv_8000,kv_constrained_online,17263,17.263,9748,0.079233,0,,True,0,0.368125,True,0.135521,5,200,0,200,0.430292,"full_prefill,chunked_prefill_small,estimated_service_time_first,weighted_fair_share,least_laxity_first",False,1.0,0.005,sustained+high_valid_pressure,0,952bd353c79bef75dea529eeb46f1ee1ac61a4efb946ed96403fe542a094c856,industry_realism_causal_headroom_phase_d_v1.results.0.0,27.011,0.0,azure_2023_conv,phase_d_v1::azure_2023_conv::w056::kv_capacity::kv_8000::step17263,VALID_STRONGLY_CONSTRAINED,1.0,56
0.001953125,kv_capacity,phase_d_v1::azure_2023_conv::w076::kv_capacity::kv_8000::step4758::sbs_reference,SBS_REFERENCE,"{""admit"":{},""hold_decode"":{},""migrate"":{},""preempt"":{},""prefill_chunk_override"":{},""swap"":{}}",952bd353c79bef75dea529eeb46f1ee1ac61a4efb946ed96403fe542a094c856,,1.0,kv_8000,kv_constrained_online,4758,4.758,27325,0.245264,0,,True,1,0.168625,True,0.229075,,200,0,200,0.500808,,False,1.0,0.005,sustained+high_valid_pressure,0,952bd353c79bef75dea529eeb46f1ee1ac61a4efb946ed96403fe542a094c856,industry_realism_causal_headroom_phase_d_v1.results.0.0,32.083,0.0,azure_2023_conv,phase_d_v1::azure_2023_conv::w076::kv_capacity::kv_8000::step4758,VALID_STRONGLY_CONSTRAINED,1.0,76
0.001953125,kv_capacity,phase_d_v1::azure_2023_conv::w076::kv_capacity::kv_8000::step4758::alt00::f45d6307cb6cd010,COUNTERFACTUAL,"{""admit"":{""0"":[40]},""hold_decode"":{},""migrate"":{},""preempt"":{},""prefill_chunk_override"":{},""swap"":{}}",f45d6307cb6cd010213b08aa2d60eb61645cb664b0fb70a20b881a5b1e94ab54,True,1.0,kv_8000,kv_constrained_online,4758,4.758,27325,0.294978,0,,True,0,0.168625,True,0.224815,5,200,0,200,0.491326,"full_prefill,chunked_prefill_small,estimated_service_time_first,weighted_fair_share,least_laxity_first",False,1.0,0.005,sustained+high_valid_pressure,0,952bd353c79bef75dea529eeb46f1ee1ac61a4efb946ed96403fe542a094c856,industry_realism_causal_headroom_phase_d_v1.results.0.0,32.083,0.0,azure_2023_conv,phase_d_v1::azure_2023_conv::w076::kv_capacity::kv_8000::step4758,VALID_STRONGLY_CONSTRAINED,1.0,76
0.00390625,kv_capacity,phase_d_v1::azure_2023_conv::w076::kv_capacity::kv_8000::step4911::sbs_reference,SBS_REFERENCE,"{""admit"":{},""hold_decode"":{},""migrate"":{},""preempt"":{},""prefill_chunk_override"":{},""swap"":{}}",952bd353c79bef75dea529eeb46f1ee1ac61a4efb946ed96403fe542a094c856,,1.0,kv_8000,kv_constrained_online,4911,4.9110000000000005,27172,0.279847,0,,True,1,0.28825,True,0.229075,,200,0,200,0.500808,,False,1.0,0.005,sustained+high_valid_pressure,0,952bd353c79bef75dea529eeb46f1ee1ac61a4efb946ed96403fe542a094c856,industry_realism_causal_headroom_phase_d_v1.results.0.0,32.083,0.0,azure_2023_conv,phase_d_v1::azure_2023_conv::w076::kv_capacity::kv_8000::step4911,VALID_STRONGLY_CONSTRAINED,1.0,76
0.00390625,kv_capacity,phase_d_v1::azure_2023_conv::w076::kv_capacity::kv_8000::step4911::alt00::f45d6307cb6cd010,COUNTERFACTUAL,"{""admit"":{""0"":[40]},""hold_decode"":{},""migrate"":{},""preempt"":{},""prefill_chunk_override"":{},""swap"":{}}",f45d6307cb6cd010213b08aa2d60eb61645cb664b0fb70a20b881a5b1e94ab54,True,1.0,kv_8000,kv_constrained_online,4911,4.9110000000000005,27172,0.258396,0,,True,0,0.28825,True,0.22547,5,200,0,200,0.491326,"full_prefill,chunked_prefill_small,estimated_service_time_first,weighted_fair_share,least_laxity_first",False,1.0,0.005,sustained+high_valid_pressure,0,952bd353c79bef75dea529eeb46f1ee1ac61a4efb946ed96403fe542a094c856,industry_realism_causal_headroom_phase_d_v1.results.0.0,32.083,0.0,azure_2023_conv,phase_d_v1::azure_2023_conv::w076::kv_capacity::kv_8000::step4911,VALID_STRONGLY_CONSTRAINED,1.0,76
0.001953125,kv_capacity,phase_d_v1::azure_2023_conv::w076::kv_capacity::kv_8000::step5251::sbs_reference,SBS_REFERENCE,"{""admit"":{},""hold_decode"":{},""migrate"":{},""preempt"":{},""prefill_chunk_override"":{},""swap"":{}}",952bd353c79bef75dea529eeb46f1ee1ac61a4efb946ed96403fe542a094c856,,1.0,kv_8000,kv_constrained_online,5251,5.251,26832,0.291017,0,,True,1,0.182375,True,0.229075,,200,0,200,0.500808,,False,1.0,0.005,sustained+high_valid_pressure,0,952bd353c79bef75dea529eeb46f1ee1ac61a4efb946ed96403fe542a094c856,industry_realism_causal_headroom_phase_d_v1.results.0.0,32.083,0.0,azure_2023_conv,phase_d_v1::azure_2023_conv::w076::kv_capacity::kv_8000::step5251,VALID_STRONGLY_CONSTRAINED,1.0,76
0.001953125,kv_capacity,phase_d_v1::azure_2023_conv::w076::kv_capacity::kv_8000::step5251::alt00::f45d6307cb6cd010,COUNTERFACTUAL,"{""admit"":{""0"":[40]},""hold_decode"":{},""migrate"":{},""preempt"":{},""prefill_chunk_override"":{},""swap"":{}}",f45d6307cb6cd010213b08aa2d60eb61645cb664b0fb70a20b881a5b1e94ab54,True,1.0,kv_8000,kv_constrained_online,5251,5.251,26832,0.258579,0,,True,0,0.182375,True,0.22738,5,200,0,200,0.500808,"full_prefill,chunked_prefill_small,estimated_service_time_first,weighted_fair_share,least_laxity_first",False,1.0,0.005,sustained+high_valid_pressure,0,952bd353c79bef75dea529eeb46f1ee1ac61a4efb946ed96403fe542a094c856,industry_realism_causal_headroom_phase_d_v1.results.0.0,32.083,0.0,azure_2023_conv,phase_d_v1::azure_2023_conv::w076::kv_capacity::kv_8000::step5251,VALID_STRONGLY_CONSTRAINED,1.0,76
0.001953125,kv_capacity,phase_d_v1::azure_2023_conv::w076::kv_capacity::kv_8000::step5347::sbs_reference,SBS_REFERENCE,"{""admit"":{},""hold_decode"":{},""migrate"":{},""preempt"":{},""prefill_chunk_override"":{},""swap"":{}}",952bd353c79bef75dea529eeb46f1ee1ac61a4efb946ed96403fe542a094c856,,1.0,kv_8000,kv_constrained_online,5347,5.347,26736,0.239195,0,,True,1,0.16025,True,0.229075,,200,0,200,0.500808,,False,1.0,0.005,sustained+high_valid_pressure,0,952bd353c79bef75dea529eeb46f1ee1ac61a4efb946ed96403fe542a094c856,industry_realism_causal_headroom_phase_d_v1.results.0.0,32.083,0.0,azure_2023_conv,phase_d_v1::azure_2023_conv::w076::kv_capacity::kv_8000::step5347,VALID_STRONGLY_CONSTRAINED,1.0,76
0.001953125,kv_capacity,phase_d_v1::azure_2023_conv::w076::kv_capacity::kv_8000::step5347::alt00::f45d6307cb6cd010,COUNTERFACTUAL,"{""admit"":{""0"":[40]},""hold_decode"":{},""migrate"":{},""preempt"":{},""prefill_chunk_override"":{},""swap"":{}}",f45d6307cb6cd010213b08aa2d60eb61645cb664b0fb70a20b881a5b1e94ab54,True,1.0,kv_8000,kv_constrained_online,5347,5.347,26736,0.27022,0,,True,0,0.16025,True,0.228115,5,200,0,200,0.500808,"full_prefill,chunked_prefill_small,estimated_service_time_first,weighted_fair_share,least_laxity_first",False,1.0,0.005,sustained+high_valid_pressure,0,952bd353c79bef75dea529eeb46f1ee1ac61a4efb946ed96403fe542a094c856,industry_realism_causal_headroom_phase_d_v1.results.0.0,32.083,0.0,azure_2023_conv,phase_d_v1::azure_2023_conv::w076::kv_capacity::kv_8000::step5347,VALID_STRONGLY_CONSTRAINED,1.0,76
0.001953125,kv_capacity,phase_d_v1::azure_2023_conv::w076::kv_capacity::kv_8000::step5511::sbs_reference,SBS_REFERENCE,"{""admit"":{},""hold_decode"":{},""migrate"":{},""preempt"":{},""prefill_chunk_override"":{},""swap"":{}}",952bd353c79bef75dea529eeb46f1ee1ac61a4efb946ed96403fe542a094c856,,1.0,kv_8000,kv_constrained_online,5511,5.511,26572,0.355859,0,,True,1,0.18075,True,0.229075,,200,0,200,0.500808,,False,1.0,0.005,sustained+high_valid_pressure,0,952bd353c79bef75dea529eeb46f1ee1ac61a4efb946ed96403fe542a094c856,industry_realism_causal_headroom_phase_d_v1.results.0.0,32.083,0.0,azure_2023_conv,phase_d_v1::azure_2023_conv::w076::kv_capacity::kv_8000::step5511,VALID_STRONGLY_CONSTRAINED,1.0,76
0.001953125,kv_capacity,phase_d_v1::azure_2023_conv::w076::kv_capacity::kv_8000::step5511::alt00::f45d6307cb6cd010,COUNTERFACTUAL,"{""admit"":{""0"":[40]},""hold_decode"":{},""migrate"":{},""preempt"":{},""prefill_chunk_override"":{},""swap"":{}}",f45d6307cb6cd010213b08aa2d60eb61645cb664b0fb70a20b881a5b1e94ab54,True,1.0,kv_8000,kv_constrained_online,5511,5.511,26572,0.446208,0,,True,0,0.18075,True,0.22829,5,200,0,200,0.500808,"full_prefill,chunked_prefill_small,estimated_service_time_first,weighted_fair_share,least_laxity_first",False,1.0,0.005,sustained+high_valid_pressure,0,952bd353c79bef75dea529eeb46f1ee1ac61a4efb946ed96403fe542a094c856,industry_realism_causal_headroom_phase_d_v1.results.0.0,32.083,0.0,azure_2023_conv,phase_d_v1::azure_2023_conv::w076::kv_capacity::kv_8000::step5511,VALID_STRONGLY_CONSTRAINED,1.0,76
0.001953125,kv_capacity,phase_d_v1::azure_2023_conv::w076::kv_capacity::kv_8000::step5524::sbs_reference,SBS_REFERENCE,"{""admit"":{},""hold_decode"":{},""migrate"":{},""preempt"":{},""prefill_chunk_override"":{},""swap"":{}}",952bd353c79bef75dea529eeb46f1ee1ac61a4efb946ed96403fe542a094c856,,1.0,kv_8000,kv_constrained_online,5524,5.524,26559,0.240517,0,,True,1,0.182375,True,0.229075,,200,0,200,0.500808,,False,1.0,0.005,sustained+high_valid_pressure,0,952bd353c79bef75dea529eeb46f1ee1ac61a4efb946ed96403fe542a094c856,industry_realism_causal_headroom_phase_d_v1.results.0.0,32.083,0.0,azure_2023_conv,phase_d_v1::azure_2023_conv::w076::kv_capacity::kv_8000::step5524,VALID_STRONGLY_CONSTRAINED,1.0,76
0.001953125,kv_capacity,phase_d_v1::azure_2023_conv::w076::kv_capacity::kv_8000::step5524::alt00::f45d6307cb6cd010,COUNTERFACTUAL,"{""admit"":{""0"":[40]},""hold_decode"":{},""migrate"":{},""preempt"":{},""prefill_chunk_override"":{},""swap"":{}}",f45d6307cb6cd010213b08aa2d60eb61645cb664b0fb70a20b881a5b1e94ab54,True,1.0,kv_8000,kv_constrained_online,5524,5.524,26559,0.234919,0,,True,0,0.182375,True,0.228355,5,200,0,200,0.500808,"full_prefill,chunked_prefill_small,estimated_service_time_first,weighted_fair_share,least_laxity_first",False,1.0,0.005,sustained+high_valid_pressure,0,952bd353c79bef75dea529eeb46f1ee1ac61a4efb946ed96403fe542a094c856,industry_realism_causal_headroom_phase_d_v1.results.0.0,32.083,0.0,azure_2023_conv,phase_d_v1::azure_2023_conv::w076::kv_capacity::kv_8000::step5524,VALID_STRONGLY_CONSTRAINED,1.0,76
0.001953125,kv_capacity,phase_d_v1::azure_2023_conv::w076::kv_capacity::kv_8000::step5631::sbs_reference,SBS_REFERENCE,"{""admit"":{},""hold_decode"":{},""migrate"":{},""preempt"":{},""prefill_chunk_override"":{},""swap"":{}}",952bd353c79bef75dea529eeb46f1ee1ac61a4efb946ed96403fe542a094c856,,1.0,kv_8000,kv_constrained_online,5631,5.631,26452,0.289857,0,,True,1,0.19575,True,0.229075,,200,0,200,0.500808,,False,1.0,0.005,sustained+high_valid_pressure,0,952bd353c79bef75dea529eeb46f1ee1ac61a4efb946ed96403fe542a094c856,industry_realism_causal_headroom_phase_d_v1.results.0.0,32.083,0.0,azure_2023_conv,phase_d_v1::azure_2023_conv::w076::kv_capacity::kv_8000::step5631,VALID_STRONGLY_CONSTRAINED,1.0,76
0.001953125,kv_capacity,phase_d_v1::azure_2023_conv::w076::kv_capacity::kv_8000::step5631::alt00::f45d6307cb6cd010,COUNTERFACTUAL,"{""admit"":{""0"":[40]},""hold_decode"":{},""migrate"":{},""preempt"":{},""prefill_chunk_override"":{},""swap"":{}}",f45d6307cb6cd010213b08aa2d60eb61645cb664b0fb70a20b881a5b1e94ab54,True,1.0,kv_8000,kv_constrained_online,5631,5.631,26452,0.253431,0,,True,0,0.19575,True,0.22889,5,200,0,200,0.500808,"full_prefill,chunked_prefill_small,estimated_service_time_first,weighted_fair_share,least_laxity_first",False,1.0,0.005,sustained+high_valid_pressure,0,952bd353c79bef75dea529eeb46f1ee1ac61a4efb946ed96403fe542a094c856,industry_realism_causal_headroom_phase_d_v1.results.0.0,32.083,0.0,azure_2023_conv,phase_d_v1::azure_2023_conv::w076::kv_capacity::kv_8000::step5631,VALID_STRONGLY_CONSTRAINED,1.0,76
0.001953125,kv_capacity,phase_d_v1::azure_2023_conv::w076::kv_capacity::kv_8000::step5674::sbs_reference,SBS_REFERENCE,"{""admit"":{},""hold_decode"":{},""migrate"":{},""preempt"":{},""prefill_chunk_override"":{},""swap"":{}}",952bd353c79bef75dea529eeb46f1ee1ac61a4efb946ed96403fe542a094c856,,1.0,kv_8000,kv_constrained_online,5674,5.674,26409,0.248024,0,,True,1,0.201125,True,0.229075,,200,0,200,0.500808,,False,1.0,0.005,sustained+high_valid_pressure,0,952bd353c79bef75dea529eeb46f1ee1ac61a4efb946ed96403fe542a094c856,industry_realism_causal_headroom_phase_d_v1.results.0.0,32.083,0.0,azure_2023_conv,phase_d_v1::azure_2023_conv::w076::kv_capacity::kv_8000::step5674,VALID_STRONGLY_CONSTRAINED,1.0,76
0.001953125,kv_capacity,phase_d_v1::azure_2023_conv::w076::kv_capacity::kv_8000::step5674::alt00::f45d6307cb6cd010,COUNTERFACTUAL,"{""admit"":{""0"":[40]},""hold_decode"":{},""migrate"":{},""preempt"":{},""prefill_chunk_override"":{},""swap"":{}}",f45d6307cb6cd010213b08aa2d60eb61645cb664b0fb70a20b881a5b1e94ab54,True,1.0,kv_8000,kv_constrained_online,5674,5.674,26409,0.248736,0,,True,0,0.201125,True,0.229105,5,200,0,200,0.500808,"full_prefill,chunked_prefill_small,estimated_service_time_first,weighted_fair_share,least_laxity_first",False,1.0,0.005,sustained+high_valid_pressure,0,952bd353c79bef75dea529eeb46f1ee1ac61a4efb946ed96403fe542a094c856,industry_realism_causal_headroom_phase_d_v1.results.0.0,32.083,0.0,azure_2023_conv,phase_d_v1::azure_2023_conv::w076::kv_capacity::kv_8000::step5674,VALID_STRONGLY_CONSTRAINED,1.0,76
0.00390625,kv_capacity,phase_d_v1::azure_2023_conv::w076::kv_capacity::kv_8000::step8292::sbs_reference,SBS_REFERENCE,"{""admit"":{},""hold_decode"":{},""migrate"":{},""preempt"":{},""prefill_chunk_override"":{},""swap"":{}}",952bd353c79bef75dea529eeb46f1ee1ac61a4efb946ed96403fe542a094c856,,1.0,kv_8000,kv_constrained_online,8292,8.292,23791,0.278773,0,,True,1,0.813375,True,0.229075,,200,0,200,0.500808,,False,1.0,0.005,sustained+high_valid_pressure,0,952bd353c79bef75dea529eeb46f1ee1ac61a4efb946ed96403fe542a094c856,industry_realism_causal_headroom_phase_d_v1.results.0.0,32.083,0.0,azure_2023_conv,phase_d_v1::azure_2023_conv::w076::kv_capacity::kv_8000::step8292,VALID_STRONGLY_CONSTRAINED,1.0,76
0.00390625,kv_capacity,phase_d_v1::azure_2023_conv::w076::kv_capacity::kv_8000::step8292::alt00::de9d4d31c29db46c,COUNTERFACTUAL,"{""admit"":{""0"":[60]},""hold_decode"":{},""migrate"":{},""preempt"":{},""prefill_chunk_override"":{},""swap"":{}}",de9d4d31c29db46c9f805bc907bf54257c720b910fe89f051daf851172c55f6f,True,1.0,kv_8000,kv_constrained_online,8292,8.292,23791,0.208298,0,,True,0,0.813375,True,0.228955,5,200,0,200,0.500808,"full_prefill,chunked_prefill_small,estimated_service_time_first,weighted_fair_share,least_laxity_first",False,1.0,0.005,sustained+high_valid_pressure,0,952bd353c79bef75dea529eeb46f1ee1ac61a4efb946ed96403fe542a094c856,industry_realism_causal_headroom_phase_d_v1.results.0.0,32.083,0.0,azure_2023_conv,phase_d_v1::azure_2023_conv::w076::kv_capacity::kv_8000::step8292,VALID_STRONGLY_CONSTRAINED,1.0,76
0.00390625,kv_capacity,phase_d_v1::azure_2023_conv::w076::kv_capacity::kv_8000::step14487::sbs_reference,SBS_REFERENCE,"{""admit"":{},""hold_decode"":{},""migrate"":{},""preempt"":{},""prefill_chunk_override"":{},""swap"":{}}",952bd353c79bef75dea529eeb46f1ee1ac61a4efb946ed96403fe542a094c856,,1.0,kv_8000,kv_constrained_online,14487,14.487,17596,0.155655,0,,True,1,0.763375,True,0.229075,,200,0,200,0.500808,,False,1.0,0.01,sustained+high_valid_pressure,0,952bd353c79bef75dea529eeb46f1ee1ac61a4efb946ed96403fe542a094c856,industry_realism_causal_headroom_phase_d_v1.results.0.0,32.083,0.0,azure_2023_conv,phase_d_v1::azure_2023_conv::w076::kv_capacity::kv_8000::step14487,VALID_STRONGLY_CONSTRAINED,1.0,76
0.00390625,kv_capacity,phase_d_v1::azure_2023_conv::w076::kv_capacity::kv_8000::step14487::alt00::e7917086f32372d2,COUNTERFACTUAL,"{""admit"":{""0"":[96,97]},""hold_decode"":{},""migrate"":{},""preempt"":{},""prefill_chunk_override"":{},""swap"":{}}",e7917086f32372d2182f829dbe86d76a45ef398a7f0e74782840a485c4469c5f,True,1.0,kv_8000,kv_constrained_online,14487,14.487,17596,0.248928,0,,True,0,0.763375,True,0.22843,5,200,0,200,0.500808,"full_prefill,chunked_prefill_small,estimated_service_time_first,weighted_fair_share,least_laxity_first",False,1.0,0.01,sustained+high_valid_pressure,0,952bd353c79bef75dea529eeb46f1ee1ac61a4efb946ed96403fe542a094c856,industry_realism_causal_headroom_phase_d_v1.results.0.0,32.083,0.0,azure_2023_conv,phase_d_v1::azure_2023_conv::w076::kv_capacity::kv_8000::step14487,VALID_STRONGLY_CONSTRAINED,1.0,76
0.00390625,kv_capacity,phase_d_v1::azure_2023_conv::w076::kv_capacity::kv_8000::step14491::sbs_reference,SBS_REFERENCE,"{""admit"":{},""hold_decode"":{},""migrate"":{},""preempt"":{},""prefill_chunk_override"":{},""swap"":{}}",952bd353c79bef75dea529eeb46f1ee1ac61a4efb946ed96403fe542a094c856,,1.0,kv_8000,kv_constrained_online,14491,14.491,17592,0.152692,0,,True,1,0.764375,True,0.229075,,200,0,200,0.500808,,False,1.0,0.01,sustained+high_valid_pressure,0,952bd353c79bef75dea529eeb46f1ee1ac61a4efb946ed96403fe542a094c856,industry_realism_causal_headroom_phase_d_v1.results.0.0,32.083,0.0,azure_2023_conv,phase_d_v1::azure_2023_conv::w076::kv_capacity::kv_8000::step14491,VALID_STRONGLY_CONSTRAINED,1.0,76
0.00390625,kv_capacity,phase_d_v1::azure_2023_conv::w076::kv_capacity::kv_8000::step14491::alt00::e7917086f32372d2,COUNTERFACTUAL,"{""admit"":{""0"":[96,97]},""hold_decode"":{},""migrate"":{},""preempt"":{},""prefill_chunk_override"":{},""swap"":{}}",e7917086f32372d2182f829dbe86d76a45ef398a7f0e74782840a485c4469c5f,True,1.0,kv_8000,kv_constrained_online,14491,14.491,17592,0.152314,0,,True,0,0.764375,True,0.22847,5,200,0,200,0.500808,"full_prefill,chunked_prefill_small,estimated_service_time_first,weighted_fair_share,least_laxity_first",False,1.0,0.01,sustained+high_valid_pressure,0,952bd353c79bef75dea529eeb46f1ee1ac61a4efb946ed96403fe542a094c856,industry_realism_causal_headroom_phase_d_v1.results.0.0,32.083,0.0,azure_2023_conv,phase_d_v1::azure_2023_conv::w076::kv_capacity::kv_8000::step14491,VALID_STRONGLY_CONSTRAINED,1.0,76
0.001953125,kv_capacity,phase_d_v1::azure_2023_conv::w076::kv_capacity::kv_8000::step23705::sbs_reference,SBS_REFERENCE,"{""admit"":{},""hold_decode"":{},""migrate"":{},""preempt"":{},""prefill_chunk_override"":{},""swap"":{}}",952bd353c79bef75dea529eeb46f1ee1ac61a4efb946ed96403fe542a094c856,,1.0,kv_8000,kv_constrained_online,23705,23.705000000000002,8378,0.064744,0,,True,1,0.752375,True,0.229075,,200,0,200,0.500808,,False,1.0,0.005,sustained+high_valid_pressure,0,952bd353c79bef75dea529eeb46f1ee1ac61a4efb946ed96403fe542a094c856,industry_realism_causal_headroom_phase_d_v1.results.0.0,32.083,0.0,azure_2023_conv,phase_d_v1::azure_2023_conv::w076::kv_capacity::kv_8000::step23705,VALID_STRONGLY_CONSTRAINED,1.0,76
0.001953125,kv_capacity,phase_d_v1::azure_2023_conv::w076::kv_capacity::kv_8000::step23705::alt00::38b02bc7b98dd11c,COUNTERFACTUAL,"{""admit"":{""0"":[154]},""hold_decode"":{},""migrate"":{},""preempt"":{},""prefill_chunk_override"":{},""swap"":{}}",38b02bc7b98dd11c87ed3b08507d9c726a24a84d763dcc97468e8c4224bf22f5,True,1.0,kv_8000,kv_constrained_online,23705,23.705000000000002,8378,0.064708,0,,True,0,0.752375,True,0.229,5,200,0,200,0.500808,"full_prefill,chunked_prefill_small,estimated_service_time_first,weighted_fair_share,least_laxity_first",False,1.0,0.005,sustained+high_valid_pressure,0,952bd353c79bef75dea529eeb46f1ee1ac61a4efb946ed96403fe542a094c856,industry_realism_causal_headroom_phase_d_v1.results.0.0,32.083,0.0,azure_2023_conv,phase_d_v1::azure_2023_conv::w076::kv_capacity::kv_8000::step23705,VALID_STRONGLY_CONSTRAINED,1.0,76
0.001953125,kv_capacity,phase_d_v1::azure_2023_conv::w076::kv_capacity::kv_8000::step27309::sbs_reference,SBS_REFERENCE,"{""admit"":{},""hold_decode"":{},""migrate"":{},""preempt"":{},""prefill_chunk_override"":{},""swap"":{}}",952bd353c79bef75dea529eeb46f1ee1ac61a4efb946ed96403fe542a094c856,,1.0,kv_8000,kv_constrained_online,27309,27.309,4774,0.034123,0,,True,1,0.176125,True,0.229075,,200,0,200,0.500808,,False,1.0,0.005,sustained+high_valid_pressure,0,952bd353c79bef75dea529eeb46f1ee1ac61a4efb946ed96403fe542a094c856,industry_realism_causal_headroom_phase_d_v1.results.0.0,32.083,0.0,azure_2023_conv,phase_d_v1::azure_2023_conv::w076::kv_capacity::kv_8000::step27309,VALID_STRONGLY_CONSTRAINED,1.0,76
0.001953125,kv_capacity,phase_d_v1::azure_2023_conv::w076::kv_capacity::kv_8000::step27309::alt00::f59cddf74bf1736d,COUNTERFACTUAL,"{""admit"":{""0"":[169]},""hold_decode"":{},""migrate"":{},""preempt"":{},""prefill_chunk_override"":{},""swap"":{}}",f59cddf74bf1736d50937b6e94420871a097970dbe6d91b58fdf4dbf4f1dd4f6,True,1.0,kv_8000,kv_constrained_online,27309,27.309,4774,0.033049,0,,True,0,0.176125,True,0.228735,5,200,0,200,0.491326,"full_prefill,chunked_prefill_small,estimated_service_time_first,weighted_fair_share,least_laxity_first",False,1.0,0.005,sustained+high_valid_pressure,0,952bd353c79bef75dea529eeb46f1ee1ac61a4efb946ed96403fe542a094c856,industry_realism_causal_headroom_phase_d_v1.results.0.0,32.083,0.0,azure_2023_conv,phase_d_v1::azure_2023_conv::w076::kv_capacity::kv_8000::step27309,VALID_STRONGLY_CONSTRAINED,1.0,76
0.001953125,kv_capacity,phase_d_v1::azure_2023_conv::w076::kv_capacity::kv_8000::step27338::sbs_reference,SBS_REFERENCE,"{""admit"":{},""hold_decode"":{},""migrate"":{},""preempt"":{},""prefill_chunk_override"":{},""swap"":{}}",952bd353c79bef75dea529eeb46f1ee1ac61a4efb946ed96403fe542a094c856,,1.0,kv_8000,kv_constrained_online,27338,27.338,4745,0.035024,0,,True,1,0.17975,True,0.229075,,200,0,200,0.500808,,False,1.0,0.005,sustained+high_valid_pressure,0,952bd353c79bef75dea529eeb46f1ee1ac61a4efb946ed96403fe542a094c856,industry_realism_causal_headroom_phase_d_v1.results.0.0,32.083,0.0,azure_2023_conv,phase_d_v1::azure_2023_conv::w076::kv_capacity::kv_8000::step27338,VALID_STRONGLY_CONSTRAINED,1.0,76
0.001953125,kv_capacity,phase_d_v1::azure_2023_conv::w076::kv_capacity::kv_8000::step27338::alt00::f59cddf74bf1736d,COUNTERFACTUAL,"{""admit"":{""0"":[169]},""hold_decode"":{},""migrate"":{},""preempt"":{},""prefill_chunk_override"":{},""swap"":{}}",f59cddf74bf1736d50937b6e94420871a097970dbe6d91b58fdf4dbf4f1dd4f6,True,1.0,kv_8000,kv_constrained_online,27338,27.338,4745,0.033145,0,,True,0,0.17975,True,0.22851,5,200,0,200,0.500808,"full_prefill,chunked_prefill_small,estimated_service_time_first,weighted_fair_share,least_laxity_first",False,1.0,0.005,sustained+high_valid_pressure,0,952bd353c79bef75dea529eeb46f1ee1ac61a4efb946ed96403fe542a094c856,industry_realism_causal_headroom_phase_d_v1.results.0.0,32.083,0.0,azure_2023_conv,phase_d_v1::azure_2023_conv::w076::kv_capacity::kv_8000::step27338,VALID_STRONGLY_CONSTRAINED,1.0,76
0.0,active_sequence_capacity,phase_d_v1::burstgpt::w1053::active_sequence_capacity::active_4::step35000::sbs_reference,SBS_REFERENCE,"{""admit"":{""0"":[137,139,141,142]},""hold_decode"":{},""migrate"":{},""preempt"":{},""prefill_chunk_override"":{},""swap"":{}}",0d4471c75ac5a277cdced7d33b4a155bcc232e410c13a15f3b552bca5f05c89c,,1.0,active_4,kv_constrained_online,35000,35.0,16153,0.043858,0,,True,1,0.0,True,0.144325,,200,0,200,0.265,,False,1.0,0.03,high_valid_pressure,0,0d4471c75ac5a277cdced7d33b4a155bcc232e410c13a15f3b552bca5f05c89c,industry_realism_causal_headroom_phase_d_v1.results.0.0,51.153,0.0,burstgpt,phase_d_v1::burstgpt::w1053::active_sequence_capacity::active_4::step35000,VALID_STRONGLY_CONSTRAINED,1.0,1053
0.0,active_sequence_capacity,phase_d_v1::burstgpt::w1053::active_sequence_capacity::active_4::step35000::alt00::b2957388a86aa70f,COUNTERFACTUAL,"{""admit"":{""0"":[137,138,139,140]},""hold_decode"":{},""migrate"":{},""preempt"":{},""prefill_chunk_override"":{},""swap"":{}}",b2957388a86aa70f00eb394d92a017701333105591ee6aa603d22f33338c9ad4,True,1.0,active_4,kv_constrained_online,35000,35.0,16153,0.042627,0,,True,0,0.0,True,0.144375,2,200,0,200,0.265,"full_prefill,chunked_prefill_small",False,1.0,0.03,high_valid_pressure,0,0d4471c75ac5a277cdced7d33b4a155bcc232e410c13a15f3b552bca5f05c89c,industry_realism_causal_headroom_phase_d_v1.results.0.0,51.153,0.0,burstgpt,phase_d_v1::burstgpt::w1053::active_sequence_capacity::active_4::step35000,VALID_STRONGLY_CONSTRAINED,1.0,1053
0.0,active_sequence_capacity,phase_d_v1::burstgpt::w1053::active_sequence_capacity::active_4::step35000::alt01::a263def5831e71b2,COUNTERFACTUAL,"{""admit"":{""0"":[138,139,140,142]},""hold_decode"":{},""migrate"":{},""preempt"":{},""prefill_chunk_override"":{},""swap"":{}}",a263def5831e71b2acd69cea943e39aa11f20f5c08eb6919a16a2125f0e74d6e,True,1.0,active_4,kv_constrained_online,35000,35.0,16153,0.064271,0,,True,0,0.0,True,0.14439,1,200,0,200,0.265,least_laxity_first,False,1.0,0.03,high_valid_pressure,0,0d4471c75ac5a277cdced7d33b4a155bcc232e410c13a15f3b552bca5f05c89c,industry_realism_causal_headroom_phase_d_v1.results.0.0,51.153,0.0,burstgpt,phase_d_v1::burstgpt::w1053::active_sequence_capacity::active_4::step35000,VALID_STRONGLY_CONSTRAINED,1.0,1053
0.0,kv_capacity,phase_d_v1::burstgpt::w2808::kv_capacity::kv_8000::step51000::sbs_reference,SBS_REFERENCE,"{""admit"":{""0"":[180,183,184,185,186]},""hold_decode"":{},""migrate"":{},""preempt"":{},""prefill_chunk_override"":{},""swap"":{}}",8d1076244468345a9b6ef4926f071895cbb280c853dbaab5ad7053d58f028003,,1.0,kv_8000,kv_constrained_online,51000,51.0,5089,0.008582,0,,True,1,0.0,True,0.082695,,200,0,200,0.129,,False,1.0,0.035,high_valid_pressure,1,8d1076244468345a9b6ef4926f071895cbb280c853dbaab5ad7053d58f028003,industry_realism_causal_headroom_phase_d_v1.results.0.0,56.089,0.0,burstgpt,phase_d_v1::burstgpt::w2808::kv_capacity::kv_8000::step51000,VALID_STRONGLY_CONSTRAINED,1.0,2808
0.0,kv_capacity,phase_d_v1::burstgpt::w2808::kv_capacity::kv_8000::step51000::alt00::7326271c40e7136a,COUNTERFACTUAL,"{""admit"":{""0"":[180,181,182,183]},""hold_decode"":{},""migrate"":{},""preempt"":{},""prefill_chunk_override"":{},""swap"":{}}",7326271c40e7136aac6e398e992bf35ef3383c707b83f74ee427a23bd70becd5,True,1.0,kv_8000,kv_constrained_online,51000,51.0,5089,0.008194,0,,True,0,0.0,True,0.082695,2,200,0,200,0.129,"full_prefill,chunked_prefill_small",False,1.0,0.035,high_valid_pressure,1,8d1076244468345a9b6ef4926f071895cbb280c853dbaab5ad7053d58f028003,industry_realism_causal_headroom_phase_d_v1.results.0.0,56.089,0.0,burstgpt,phase_d_v1::burstgpt::w2808::kv_capacity::kv_8000::step51000,VALID_STRONGLY_CONSTRAINED,1.0,2808
0.0,kv_capacity,phase_d_v1::burstgpt::w2808::kv_capacity::kv_8000::step51000::alt01::0ac5b479c1bb3469,COUNTERFACTUAL,"{""admit"":{""0"":[181,182,183,185]},""hold_decode"":{},""migrate"":{},""preempt"":{},""prefill_chunk_override"":{},""swap"":{}}",0ac5b479c1bb3469b5b6c2e694166a91517ec584cc9c0586a58f514eed2ae041,True,1.0,kv_8000,kv_constrained_online,51000,51.0,5089,0.008479,0,,True,0,0.0,True,0.0827,1,200,0,200,0.129,least_laxity_first,False,1.0,0.035,high_valid_pressure,1,8d1076244468345a9b6ef4926f071895cbb280c853dbaab5ad7053d58f028003,industry_realism_causal_headroom_phase_d_v1.results.0.0,56.089,0.0,burstgpt,phase_d_v1::burstgpt::w2808::kv_capacity::kv_8000::step51000,VALID_STRONGLY_CONSTRAINED,1.0,2808
0.75,active_sequence_capacity,phase_d_v1::burstgpt::w3159::active_sequence_capacity::active_4::step128172::sbs_reference,SBS_REFERENCE,"{""admit"":{""0"":[171]},""hold_decode"":{},""migrate"":{},""preempt"":{},""prefill_chunk_override"":{},""swap"":{}}",674bc1516320f5482574e6b9323bbc5633f82f07539d354c0f428e4533bb5e12,,1.0,active_4,kv_constrained_online,128172,128.172,18694,0.122727,0,,True,1,0.000372625,True,0.794925,,200,0,200,2.12025,,False,1.0,0.135,high_valid_pressure,0,674bc1516320f5482574e6b9323bbc5633f82f07539d354c0f428e4533bb5e12,industry_realism_causal_headroom_phase_d_v1.results.0.0,146.866,0.0,burstgpt,phase_d_v1::burstgpt::w3159::active_sequence_capacity::active_4::step128172,VALID_STRONGLY_CONSTRAINED,1.0,3159
0.75,active_sequence_capacity,phase_d_v1::burstgpt::w3159::active_sequence_capacity::active_4::step128172::alt00::270c884d08d14618,COUNTERFACTUAL,"{""admit"":{""0"":[145]},""hold_decode"":{},""migrate"":{},""preempt"":{},""prefill_chunk_override"":{},""swap"":{}}",270c884d08d146186230f9add072e95ae8327bbd943187e7874c2be6c194b6de,True,1.0,active_4,kv_constrained_online,128172,128.172,18694,0.115961,0,,True,0,0.000372625,True,0.794895,2,200,0,200,2.12005,"full_prefill,chunked_prefill_small",False,1.0,0.135,high_valid_pressure,0,674bc1516320f5482574e6b9323bbc5633f82f07539d354c0f428e4533bb5e12,industry_realism_causal_headroom_phase_d_v1.results.0.0,146.866,0.0,burstgpt,phase_d_v1::burstgpt::w3159::active_sequence_capacity::active_4::step128172,VALID_STRONGLY_CONSTRAINED,1.0,3159
0.75,active_sequence_capacity,phase_d_v1::burstgpt::w3159::active_sequence_capacity::active_4::step128172::alt01::07588f7f4a9b1f46,COUNTERFACTUAL,"{""admit"":{""0"":[159]},""hold_decode"":{},""migrate"":{},""preempt"":{},""prefill_chunk_override"":{},""swap"":{}}",07588f7f4a9b1f46e0a7432b3294fcc27d339d0c142668762d2420373f57e4d7,True,1.0,active_4,kv_constrained_online,128172,128.172,18694,0.121215,0,,True,0,0.000372625,True,0.804075,1,200,0,200,1.9707,least_laxity_first,False,1.0,0.135,high_valid_pressure,0,674bc1516320f5482574e6b9323bbc5633f82f07539d354c0f428e4533bb5e12,industry_realism_causal_headroom_phase_d_v1.results.0.0,146.866,0.0,burstgpt,phase_d_v1::burstgpt::w3159::active_sequence_capacity::active_4::step128172,VALID_STRONGLY_CONSTRAINED,1.0,3159
0.0,active_sequence_capacity,phase_d_v1::burstgpt::w3510::active_sequence_capacity::active_4::step67000::sbs_reference,SBS_REFERENCE,"{""admit"":{""0"":[186,188,189,190]},""hold_decode"":{},""migrate"":{},""preempt"":{},""prefill_chunk_override"":{},""swap"":{}}",100968876a94cec5a65c10183a65b368f26c734b02314b2b86d40f46d77b19ac,,1.0,active_4,kv_constrained_online,67000,67.0,4137,0.007027,0,,True,1,0.0,True,0.09118,,200,0,200,0.163,,False,1.0,0.025,high_valid_pressure,0,100968876a94cec5a65c10183a65b368f26c734b02314b2b86d40f46d77b19ac,industry_realism_causal_headroom_phase_d_v1.results.0.0,71.137,0.0,burstgpt,phase_d_v1::burstgpt::w3510::active_sequence_capacity::active_4::step67000,VALID_STRONGLY_CONSTRAINED,1.0,3510
0.0,active_sequence_capacity,phase_d_v1::burstgpt::w3510::active_sequence_capacity::active_4::step67000::alt00::4a03d00ce54bfbf9,COUNTERFACTUAL,"{""admit"":{""0"":[186,187,188,189]},""hold_decode"":{},""migrate"":{},""preempt"":{},""prefill_chunk_override"":{},""swap"":{}}",4a03d00ce54bfbf944ff943fd35438199906771819743f74642463f55030468f,True,1.0,active_4,kv_constrained_online,67000,67.0,4137,0.00691,0,,True,0,0.0,True,0.091295,3,200,0,200,0.163,"full_prefill,chunked_prefill_small,least_laxity_first",False,1.0,0.025,high_valid_pressure,0,100968876a94cec5a65c10183a65b368f26c734b02314b2b86d40f46d77b19ac,industry_realism_causal_headroom_phase_d_v1.results.0.0,71.137,0.0,burstgpt,phase_d_v1::burstgpt::w3510::active_sequence_capacity::active_4::step67000,VALID_STRONGLY_CONSTRAINED,1.0,3510
0.0,kv_capacity,phase_d_v1::burstgpt::w5265::kv_capacity::kv_8000::step118000::sbs_reference,SBS_REFERENCE,"{""admit"":{""0"":[134,136]},""hold_decode"":{},""migrate"":{},""preempt"":{},""prefill_chunk_override"":{},""swap"":{}}",c9444ebcbe37afbbd0659088889733e07a19f79ebdb9a2fca64ede11e5b8ff9c,,1.0,kv_8000,kv_constrained_online,118000,118.0,45144,0.09029,0,,True,1,0.0,True,0.16242,,200,0,200,0.2851,,False,1.0,0.015,high_valid_pressure,0,c9444ebcbe37afbbd0659088889733e07a19f79ebdb9a2fca64ede11e5b8ff9c,industry_realism_causal_headroom_phase_d_v1.results.0.0,163.144,0.0,burstgpt,phase_d_v1::burstgpt::w5265::kv_capacity::kv_8000::step118000,VALID_STRONGLY_CONSTRAINED,1.0,5265
0.0,kv_capacity,phase_d_v1::burstgpt::w5265::kv_capacity::kv_8000::step118000::alt00::0e83ef83d9027f77,COUNTERFACTUAL,"{""admit"":{""0"":[134,135,136]},""hold_decode"":{},""migrate"":{},""preempt"":{},""prefill_chunk_override"":{},""swap"":{}}",0e83ef83d9027f77af7c6efec01d3fe85b2f7120ee3700e4291bcc7f360c8e31,True,1.0,kv_8000,kv_constrained_online,118000,118.0,45144,0.074481,0,,True,0,0.0,True,0.16242,5,200,0,200,0.2851,"full_prefill,chunked_prefill_small,estimated_service_time_first,weighted_fair_share,least_laxity_first",False,1.0,0.015,high_valid_pressure,0,c9444ebcbe37afbbd0659088889733e07a19f79ebdb9a2fca64ede11e5b8ff9c,industry_realism_causal_headroom_phase_d_v1.results.0.0,163.144,0.0,burstgpt,phase_d_v1::burstgpt::w5265::kv_capacity::kv_8000::step118000,VALID_STRONGLY_CONSTRAINED,1.0,5265
