active_pressure,axis,branch_id,branch_type,candidate_canonical_action,candidate_canonical_action_id,candidate_hash_roundtrip_match,completion_fraction,condition_id,continuation_policy,decision_step,decision_time,extra_steps,extra_wall_clock_s,first_step_warning_count,first_step_warnings,forced_once,is_sbs_reference_branch,kv_pressure,live_fingerprint_unchanged,mean_latency,n_policies_generating_action,num_completed,num_dropped,num_total,p95_latency,policies_generating_action,policy_forever_switch,q_sbs_anwg,queue_pressure_proxy,regime_stage,resource_binding,sbs_canonical_action_id,schema_version,sim_duration,slo_violation_rate,source_dataset,state_id,validity_class,weighted_completion_fraction,window_index
0.75,active_sequence_capacity,phase_d_v1::azure_2023_code::w000::active_sequence_capacity::active_4::step198961::sbs_reference,SBS_REFERENCE,"{""admit"":{""0"":[192]},""hold_decode"":{},""migrate"":{},""preempt"":{},""prefill_chunk_override"":{},""swap"":{}}",e8dd01caf7470d63e0ba2bba343c85a92b22f1d9c2597a2b99d3f1bde8896992,,1.0,active_4,kv_constrained_online,198961,198.961,139,0.001667,0,,True,1,0.00041825,True,0.031598,,200,0,200,0.086145,,False,1.0,0.01,sustained+high_valid_pressure,0,e8dd01caf7470d63e0ba2bba343c85a92b22f1d9c2597a2b99d3f1bde8896992,industry_realism_causal_headroom_phase_d_v1.results.0.0,199.1,0.0,azure_2023_code,phase_d_v1::azure_2023_code::w000::active_sequence_capacity::active_4::step198961,VALID_STRONGLY_CONSTRAINED,1.0,0
0.75,active_sequence_capacity,phase_d_v1::azure_2023_code::w000::active_sequence_capacity::active_4::step198961::alt00::78b6ffce86b8ef99,COUNTERFACTUAL,"{""admit"":{""0"":[191]},""hold_decode"":{},""migrate"":{},""preempt"":{},""prefill_chunk_override"":{},""swap"":{}}",78b6ffce86b8ef997f3be28cf6f1bc6e41d607b0adf8a82a1848cc0b33467fee,True,1.0,active_4,kv_constrained_online,198961,198.961,139,0.001479,0,,True,0,0.00041825,True,0.031488,3,200,0,200,0.086145,"full_prefill,chunked_prefill_small,least_laxity_first",False,1.0,0.01,sustained+high_valid_pressure,0,e8dd01caf7470d63e0ba2bba343c85a92b22f1d9c2597a2b99d3f1bde8896992,industry_realism_causal_headroom_phase_d_v1.results.0.0,199.1,0.0,azure_2023_code,phase_d_v1::azure_2023_code::w000::active_sequence_capacity::active_4::step198961,VALID_STRONGLY_CONSTRAINED,1.0,0
0.00390625,kv_capacity,phase_d_v1::azure_2023_code::w000::kv_capacity::kv_16000::step196476::sbs_reference,SBS_REFERENCE,"{""admit"":{},""hold_decode"":{},""migrate"":{},""preempt"":{},""prefill_chunk_override"":{},""swap"":{}}",952bd353c79bef75dea529eeb46f1ee1ac61a4efb946ed96403fe542a094c856,,1.0,kv_16000,kv_constrained_online,196476,196.476,2624,0.024506,0,,True,1,0.4805625,True,0.033503,,200,0,200,0.099675,,False,1.0,0.005,onset+sustained+high_valid_pressure,0,952bd353c79bef75dea529eeb46f1ee1ac61a4efb946ed96403fe542a094c856,industry_realism_causal_headroom_phase_d_v1.results.0.0,199.1,0.0,azure_2023_code,phase_d_v1::azure_2023_code::w000::kv_capacity::kv_16000::step196476,VALID_STRONGLY_CONSTRAINED,1.0,0
0.00390625,kv_capacity,phase_d_v1::azure_2023_code::w000::kv_capacity::kv_16000::step196476::alt00::14b1775fb1ee31d4,COUNTERFACTUAL,"{""admit"":{""0"":[130]},""hold_decode"":{},""migrate"":{},""preempt"":{},""prefill_chunk_override"":{},""swap"":{}}",14b1775fb1ee31d44660e72fe4dbaa567181f50c2c66b3e19fca21889195bfd3,True,1.0,kv_16000,kv_constrained_online,196476,196.476,2624,0.015142,0,,True,0,0.4805625,True,0.031878,5,200,0,200,0.097202,"full_prefill,chunked_prefill_small,estimated_service_time_first,weighted_fair_share,least_laxity_first",False,1.0,0.005,onset+sustained+high_valid_pressure,0,952bd353c79bef75dea529eeb46f1ee1ac61a4efb946ed96403fe542a094c856,industry_realism_causal_headroom_phase_d_v1.results.0.0,199.1,0.0,azure_2023_code,phase_d_v1::azure_2023_code::w000::kv_capacity::kv_16000::step196476,VALID_STRONGLY_CONSTRAINED,1.0,0
0.00390625,kv_capacity,phase_d_v1::azure_2023_code::w000::kv_capacity::kv_16000::step196586::sbs_reference,SBS_REFERENCE,"{""admit"":{},""hold_decode"":{},""migrate"":{},""preempt"":{},""prefill_chunk_override"":{},""swap"":{}}",952bd353c79bef75dea529eeb46f1ee1ac61a4efb946ed96403fe542a094c856,,1.0,kv_16000,kv_constrained_online,196586,196.586,2514,0.014675,0,,True,1,0.38975,True,0.033503,,200,0,200,0.099675,,False,1.0,0.005,onset+sustained+high_valid_pressure,0,952bd353c79bef75dea529eeb46f1ee1ac61a4efb946ed96403fe542a094c856,industry_realism_causal_headroom_phase_d_v1.results.0.0,199.1,0.0,azure_2023_code,phase_d_v1::azure_2023_code::w000::kv_capacity::kv_16000::step196586,VALID_STRONGLY_CONSTRAINED,1.0,0
0.00390625,kv_capacity,phase_d_v1::azure_2023_code::w000::kv_capacity::kv_16000::step196586::alt00::14b1775fb1ee31d4,COUNTERFACTUAL,"{""admit"":{""0"":[130]},""hold_decode"":{},""migrate"":{},""preempt"":{},""prefill_chunk_override"":{},""swap"":{}}",14b1775fb1ee31d44660e72fe4dbaa567181f50c2c66b3e19fca21889195bfd3,True,1.0,kv_16000,kv_constrained_online,196586,196.586,2514,0.014677,0,,True,0,0.38975,True,0.032428,5,200,0,200,0.097202,"full_prefill,chunked_prefill_small,estimated_service_time_first,weighted_fair_share,least_laxity_first",False,1.0,0.005,onset+sustained+high_valid_pressure,0,952bd353c79bef75dea529eeb46f1ee1ac61a4efb946ed96403fe542a094c856,industry_realism_causal_headroom_phase_d_v1.results.0.0,199.1,0.0,azure_2023_code,phase_d_v1::azure_2023_code::w000::kv_capacity::kv_16000::step196586,VALID_STRONGLY_CONSTRAINED,1.0,0
0.75,active_sequence_capacity,phase_d_v1::azure_2023_code::w020::active_sequence_capacity::active_4::step8014::sbs_reference,SBS_REFERENCE,"{""admit"":{""0"":[57]},""hold_decode"":{},""migrate"":{},""preempt"":{},""prefill_chunk_override"":{},""swap"":{}}",19bea97f52fc2c6f37531960b60798986e4f424f753b41e2755b199518887162,,1.0,active_4,kv_constrained_online,8014,8.014,29013,0.042522,0,,True,1,0.001781125,True,0.036754,,200,0,200,0.082516,,False,1.0,0.02,sustained+high_valid_pressure,0,19bea97f52fc2c6f37531960b60798986e4f424f753b41e2755b199518887162,industry_realism_causal_headroom_phase_d_v1.results.0.0,37.027,0.0,azure_2023_code,phase_d_v1::azure_2023_code::w020::active_sequence_capacity::active_4::step8014,VALID_STRONGLY_CONSTRAINED,1.0,20
0.75,active_sequence_capacity,phase_d_v1::azure_2023_code::w020::active_sequence_capacity::active_4::step8014::alt00::16dd3483fc45d1b3,COUNTERFACTUAL,"{""admit"":{""0"":[53]},""hold_decode"":{},""migrate"":{},""preempt"":{},""prefill_chunk_override"":{},""swap"":{}}",16dd3483fc45d1b39c0d900301dd86d01358f3c11787b1321d39ea58dcbc220c,True,1.0,active_4,kv_constrained_online,8014,8.014,29013,0.042017,0,,True,0,0.001781125,True,0.036779,2,200,0,200,0.082516,"full_prefill,chunked_prefill_small",False,1.0,0.02,sustained+high_valid_pressure,0,19bea97f52fc2c6f37531960b60798986e4f424f753b41e2755b199518887162,industry_realism_causal_headroom_phase_d_v1.results.0.0,37.027,0.0,azure_2023_code,phase_d_v1::azure_2023_code::w020::active_sequence_capacity::active_4::step8014,VALID_STRONGLY_CONSTRAINED,1.0,20
0.75,active_sequence_capacity,phase_d_v1::azure_2023_code::w020::active_sequence_capacity::active_4::step8014::alt01::6cc9ab7cba80c93b,COUNTERFACTUAL,"{""admit"":{""0"":[55]},""hold_decode"":{},""migrate"":{},""preempt"":{},""prefill_chunk_override"":{},""swap"":{}}",6cc9ab7cba80c93b63bd5112565b33b625d1b715af051c6a8f07c3c8a85dc3dc,True,1.0,active_4,kv_constrained_online,8014,8.014,29013,0.042283,0,,True,0,0.001781125,True,0.036704,1,200,0,200,0.082516,least_laxity_first,False,1.0,0.02,sustained+high_valid_pressure,0,19bea97f52fc2c6f37531960b60798986e4f424f753b41e2755b199518887162,industry_realism_causal_headroom_phase_d_v1.results.0.0,37.027,0.0,azure_2023_code,phase_d_v1::azure_2023_code::w020::active_sequence_capacity::active_4::step8014,VALID_STRONGLY_CONSTRAINED,1.0,20
0.00390625,kv_capacity,phase_d_v1::azure_2023_code::w030::kv_capacity::kv_16000::step81261::sbs_reference,SBS_REFERENCE,"{""admit"":{},""hold_decode"":{},""migrate"":{},""preempt"":{},""prefill_chunk_override"":{},""swap"":{}}",952bd353c79bef75dea529eeb46f1ee1ac61a4efb946ed96403fe542a094c856,,1.0,kv_16000,kv_constrained_online,81261,81.261,3122,0.01188,0,,True,1,0.487,True,0.035437,,200,0,200,0.091926,,False,1.0,0.005,onset+sustained+high_valid_pressure,0,952bd353c79bef75dea529eeb46f1ee1ac61a4efb946ed96403fe542a094c856,industry_realism_causal_headroom_phase_d_v1.results.0.0,84.383,0.0,azure_2023_code,phase_d_v1::azure_2023_code::w030::kv_capacity::kv_16000::step81261,VALID_STRONGLY_CONSTRAINED,1.0,30
0.00390625,kv_capacity,phase_d_v1::azure_2023_code::w030::kv_capacity::kv_16000::step81261::alt00::aee42031f64c04ca,COUNTERFACTUAL,"{""admit"":{""0"":[156]},""hold_decode"":{},""migrate"":{},""preempt"":{},""prefill_chunk_override"":{},""swap"":{}}",aee42031f64c04ca6b323cb79c8a4e809be74b03a47411be3832aa96c21d115b,True,1.0,kv_16000,kv_constrained_online,81261,81.261,3122,0.011594,0,,True,0,0.487,True,0.035377,5,200,0,200,0.091926,"full_prefill,chunked_prefill_small,estimated_service_time_first,weighted_fair_share,least_laxity_first",False,1.0,0.005,onset+sustained+high_valid_pressure,0,952bd353c79bef75dea529eeb46f1ee1ac61a4efb946ed96403fe542a094c856,industry_realism_causal_headroom_phase_d_v1.results.0.0,84.383,0.0,azure_2023_code,phase_d_v1::azure_2023_code::w030::kv_capacity::kv_16000::step81261,VALID_STRONGLY_CONSTRAINED,1.0,30
0.009765625,kv_capacity,phase_d_v1::azure_2023_conv::w000::kv_capacity::kv_8000::step42718::sbs_reference,SBS_REFERENCE,"{""admit"":{},""hold_decode"":{},""migrate"":{},""preempt"":{},""prefill_chunk_override"":{},""swap"":{}}",952bd353c79bef75dea529eeb46f1ee1ac61a4efb946ed96403fe542a094c856,,1.0,kv_8000,kv_constrained_online,42718,42.718,18957,0.1909,0,,True,1,0.7005,True,0.243216,,200,0,200,0.449544,,False,1.0,0.005,sustained+high_valid_pressure,0,952bd353c79bef75dea529eeb46f1ee1ac61a4efb946ed96403fe542a094c856,industry_realism_causal_headroom_phase_d_v1.results.0.0,61.675,0.0,azure_2023_conv,phase_d_v1::azure_2023_conv::w000::kv_capacity::kv_8000::step42718,VALID_STRONGLY_CONSTRAINED,1.0,0
0.009765625,kv_capacity,phase_d_v1::azure_2023_conv::w000::kv_capacity::kv_8000::step42718::alt00::92f6aaff637fe185,COUNTERFACTUAL,"{""admit"":{""0"":[101]},""hold_decode"":{},""migrate"":{},""preempt"":{},""prefill_chunk_override"":{},""swap"":{}}",92f6aaff637fe1858d6aae915732cfe09fcf72ba95a0a84f197e13ff904ac37e,True,1.0,kv_8000,kv_constrained_online,42718,42.718,18957,0.202794,0,,True,0,0.7005,True,0.243011,5,200,0,200,0.446699,"full_prefill,chunked_prefill_small,estimated_service_time_first,weighted_fair_share,least_laxity_first",False,1.0,0.005,sustained+high_valid_pressure,0,952bd353c79bef75dea529eeb46f1ee1ac61a4efb946ed96403fe542a094c856,industry_realism_causal_headroom_phase_d_v1.results.0.0,61.675,0.0,azure_2023_conv,phase_d_v1::azure_2023_conv::w000::kv_capacity::kv_8000::step42718,VALID_STRONGLY_CONSTRAINED,1.0,0
0.009765625,kv_capacity,phase_d_v1::azure_2023_conv::w000::kv_capacity::kv_8000::step42735::sbs_reference,SBS_REFERENCE,"{""admit"":{},""hold_decode"":{},""migrate"":{},""preempt"":{},""prefill_chunk_override"":{},""swap"":{}}",952bd353c79bef75dea529eeb46f1ee1ac61a4efb946ed96403fe542a094c856,,1.0,kv_8000,kv_constrained_online,42735,42.735,18940,0.212047,0,,True,1,0.711125,True,0.243216,,200,0,200,0.449544,,False,1.0,0.005,sustained+high_valid_pressure,0,952bd353c79bef75dea529eeb46f1ee1ac61a4efb946ed96403fe542a094c856,industry_realism_causal_headroom_phase_d_v1.results.0.0,61.675,0.0,azure_2023_conv,phase_d_v1::azure_2023_conv::w000::kv_capacity::kv_8000::step42735,VALID_STRONGLY_CONSTRAINED,1.0,0
0.009765625,kv_capacity,phase_d_v1::azure_2023_conv::w000::kv_capacity::kv_8000::step42735::alt00::92f6aaff637fe185,COUNTERFACTUAL,"{""admit"":{""0"":[101]},""hold_decode"":{},""migrate"":{},""preempt"":{},""prefill_chunk_override"":{},""swap"":{}}",92f6aaff637fe1858d6aae915732cfe09fcf72ba95a0a84f197e13ff904ac37e,True,1.0,kv_8000,kv_constrained_online,42735,42.735,18940,0.234017,0,,True,0,0.711125,True,0.243096,5,200,0,200,0.446699,"full_prefill,chunked_prefill_small,estimated_service_time_first,weighted_fair_share,least_laxity_first",False,1.0,0.005,sustained+high_valid_pressure,0,952bd353c79bef75dea529eeb46f1ee1ac61a4efb946ed96403fe542a094c856,industry_realism_causal_headroom_phase_d_v1.results.0.0,61.675,0.0,azure_2023_conv,phase_d_v1::azure_2023_conv::w000::kv_capacity::kv_8000::step42735,VALID_STRONGLY_CONSTRAINED,1.0,0
0.005859375,kv_capacity,phase_d_v1::azure_2023_conv::w000::kv_capacity::kv_8000::step48200::sbs_reference,SBS_REFERENCE,"{""admit"":{},""hold_decode"":{},""migrate"":{},""preempt"":{},""prefill_chunk_override"":{},""swap"":{}}",952bd353c79bef75dea529eeb46f1ee1ac61a4efb946ed96403fe542a094c856,,1.0,kv_8000,kv_constrained_online,48200,48.2,13475,0.140837,0,,True,1,0.475,True,0.243216,,200,0,200,0.449544,,False,1.0,0.005,sustained+high_valid_pressure,0,952bd353c79bef75dea529eeb46f1ee1ac61a4efb946ed96403fe542a094c856,industry_realism_causal_headroom_phase_d_v1.results.0.0,61.675,0.0,azure_2023_conv,phase_d_v1::azure_2023_conv::w000::kv_capacity::kv_8000::step48200,VALID_STRONGLY_CONSTRAINED,1.0,0
0.005859375,kv_capacity,phase_d_v1::azure_2023_conv::w000::kv_capacity::kv_8000::step48200::alt00::7eb3e030d7baa0dc,COUNTERFACTUAL,"{""admit"":{""0"":[133]},""hold_decode"":{},""migrate"":{},""preempt"":{},""prefill_chunk_override"":{},""swap"":{}}",7eb3e030d7baa0dcb2da0c7dab240115b476b773bac34e6458644123cc9ae60b,True,1.0,kv_8000,kv_constrained_online,48200,48.2,13475,0.253513,0,,True,0,0.475,True,0.242011,5,200,0,200,0.446699,"full_prefill,chunked_prefill_small,estimated_service_time_first,weighted_fair_share,least_laxity_first",False,1.0,0.005,sustained+high_valid_pressure,0,952bd353c79bef75dea529eeb46f1ee1ac61a4efb946ed96403fe542a094c856,industry_realism_causal_headroom_phase_d_v1.results.0.0,61.675,0.0,azure_2023_conv,phase_d_v1::azure_2023_conv::w000::kv_capacity::kv_8000::step48200,VALID_STRONGLY_CONSTRAINED,1.0,0
0.005859375,kv_capacity,phase_d_v1::azure_2023_conv::w000::kv_capacity::kv_8000::step48225::sbs_reference,SBS_REFERENCE,"{""admit"":{},""hold_decode"":{},""migrate"":{},""preempt"":{},""prefill_chunk_override"":{},""swap"":{}}",952bd353c79bef75dea529eeb46f1ee1ac61a4efb946ed96403fe542a094c856,,1.0,kv_8000,kv_constrained_online,48225,48.225,13450,0.129977,0,,True,1,0.484375,True,0.243216,,200,0,200,0.449544,,False,1.0,0.005,sustained+high_valid_pressure,0,952bd353c79bef75dea529eeb46f1ee1ac61a4efb946ed96403fe542a094c856,industry_realism_causal_headroom_phase_d_v1.results.0.0,61.675,0.0,azure_2023_conv,phase_d_v1::azure_2023_conv::w000::kv_capacity::kv_8000::step48225,VALID_STRONGLY_CONSTRAINED,1.0,0
0.005859375,kv_capacity,phase_d_v1::azure_2023_conv::w000::kv_capacity::kv_8000::step48225::alt00::7eb3e030d7baa0dc,COUNTERFACTUAL,"{""admit"":{""0"":[133]},""hold_decode"":{},""migrate"":{},""preempt"":{},""prefill_chunk_override"":{},""swap"":{}}",7eb3e030d7baa0dcb2da0c7dab240115b476b773bac34e6458644123cc9ae60b,True,1.0,kv_8000,kv_constrained_online,48225,48.225,13450,0.22833,0,,True,0,0.484375,True,0.242136,5,200,0,200,0.446699,"full_prefill,chunked_prefill_small,estimated_service_time_first,weighted_fair_share,least_laxity_first",False,1.0,0.005,sustained+high_valid_pressure,0,952bd353c79bef75dea529eeb46f1ee1ac61a4efb946ed96403fe542a094c856,industry_realism_causal_headroom_phase_d_v1.results.0.0,61.675,0.0,azure_2023_conv,phase_d_v1::azure_2023_conv::w000::kv_capacity::kv_8000::step48225,VALID_STRONGLY_CONSTRAINED,1.0,0
0.009765625,kv_capacity,phase_d_v1::azure_2023_conv::w000::kv_capacity::kv_8000::step49897::sbs_reference,SBS_REFERENCE,"{""admit"":{},""hold_decode"":{},""migrate"":{},""preempt"":{},""prefill_chunk_override"":{},""swap"":{}}",952bd353c79bef75dea529eeb46f1ee1ac61a4efb946ed96403fe542a094c856,,1.0,kv_8000,kv_constrained_online,49897,49.897,11778,0.113598,0,,True,1,0.760375,True,0.243216,,200,0,200,0.449544,,False,1.0,0.01,sustained+high_valid_pressure,1,952bd353c79bef75dea529eeb46f1ee1ac61a4efb946ed96403fe542a094c856,industry_realism_causal_headroom_phase_d_v1.results.0.0,61.675,0.0,azure_2023_conv,phase_d_v1::azure_2023_conv::w000::kv_capacity::kv_8000::step49897,VALID_STRONGLY_CONSTRAINED,1.0,0
0.009765625,kv_capacity,phase_d_v1::azure_2023_conv::w000::kv_capacity::kv_8000::step49897::alt00::270c884d08d14618,COUNTERFACTUAL,"{""admit"":{""0"":[145]},""hold_decode"":{},""migrate"":{},""preempt"":{},""prefill_chunk_override"":{},""swap"":{}}",270c884d08d146186230f9add072e95ae8327bbd943187e7874c2be6c194b6de,True,1.0,kv_8000,kv_constrained_online,49897,49.897,11778,0.149996,0,,True,0,0.760375,True,0.242806,4,200,0,200,0.449544,"full_prefill,chunked_prefill_small,estimated_service_time_first,weighted_fair_share",False,1.0,0.01,sustained+high_valid_pressure,1,952bd353c79bef75dea529eeb46f1ee1ac61a4efb946ed96403fe542a094c856,industry_realism_causal_headroom_phase_d_v1.results.0.0,61.675,0.0,azure_2023_conv,phase_d_v1::azure_2023_conv::w000::kv_capacity::kv_8000::step49897,VALID_STRONGLY_CONSTRAINED,1.0,0
0.009765625,kv_capacity,phase_d_v1::azure_2023_conv::w000::kv_capacity::kv_8000::step49897::alt01::f4a811b76c4c3f33,COUNTERFACTUAL,"{""admit"":{""0"":[146]},""hold_decode"":{},""migrate"":{},""preempt"":{},""prefill_chunk_override"":{},""swap"":{}}",f4a811b76c4c3f33c897b33ec648dbc6bd81ac1df655ccf4940f826ac0fef104,True,1.0,kv_8000,kv_constrained_online,49897,49.897,11778,0.124347,0,,True,0,0.760375,True,0.242811,1,200,0,200,0.449399,least_laxity_first,False,1.0,0.01,sustained+high_valid_pressure,1,952bd353c79bef75dea529eeb46f1ee1ac61a4efb946ed96403fe542a094c856,industry_realism_causal_headroom_phase_d_v1.results.0.0,61.675,0.0,azure_2023_conv,phase_d_v1::azure_2023_conv::w000::kv_capacity::kv_8000::step49897,VALID_STRONGLY_CONSTRAINED,1.0,0
0.009765625,kv_capacity,phase_d_v1::azure_2023_conv::w000::kv_capacity::kv_8000::step49916::sbs_reference,SBS_REFERENCE,"{""admit"":{},""hold_decode"":{},""migrate"":{},""preempt"":{},""prefill_chunk_override"":{},""swap"":{}}",952bd353c79bef75dea529eeb46f1ee1ac61a4efb946ed96403fe542a094c856,,1.0,kv_8000,kv_constrained_online,49916,49.916000000000004,11759,0.150132,0,,True,1,0.77225,True,0.243216,,200,0,200,0.449544,,False,1.0,0.01,sustained+high_valid_pressure,1,952bd353c79bef75dea529eeb46f1ee1ac61a4efb946ed96403fe542a094c856,industry_realism_causal_headroom_phase_d_v1.results.0.0,61.675,0.0,azure_2023_conv,phase_d_v1::azure_2023_conv::w000::kv_capacity::kv_8000::step49916,VALID_STRONGLY_CONSTRAINED,1.0,0
0.009765625,kv_capacity,phase_d_v1::azure_2023_conv::w000::kv_capacity::kv_8000::step49916::alt00::270c884d08d14618,COUNTERFACTUAL,"{""admit"":{""0"":[145]},""hold_decode"":{},""migrate"":{},""preempt"":{},""prefill_chunk_override"":{},""swap"":{}}",270c884d08d146186230f9add072e95ae8327bbd943187e7874c2be6c194b6de,True,1.0,kv_8000,kv_constrained_online,49916,49.916000000000004,11759,0.10898,0,,True,0,0.77225,True,0.242901,4,200,0,200,0.449544,"full_prefill,chunked_prefill_small,estimated_service_time_first,weighted_fair_share",False,1.0,0.01,sustained+high_valid_pressure,1,952bd353c79bef75dea529eeb46f1ee1ac61a4efb946ed96403fe542a094c856,industry_realism_causal_headroom_phase_d_v1.results.0.0,61.675,0.0,azure_2023_conv,phase_d_v1::azure_2023_conv::w000::kv_capacity::kv_8000::step49916,VALID_STRONGLY_CONSTRAINED,1.0,0
0.009765625,kv_capacity,phase_d_v1::azure_2023_conv::w000::kv_capacity::kv_8000::step49916::alt01::f4a811b76c4c3f33,COUNTERFACTUAL,"{""admit"":{""0"":[146]},""hold_decode"":{},""migrate"":{},""preempt"":{},""prefill_chunk_override"":{},""swap"":{}}",f4a811b76c4c3f33c897b33ec648dbc6bd81ac1df655ccf4940f826ac0fef104,True,1.0,kv_8000,kv_constrained_online,49916,49.916000000000004,11759,0.125359,0,,True,0,0.77225,True,0.242906,1,200,0,200,0.449544,least_laxity_first,False,1.0,0.01,sustained+high_valid_pressure,1,952bd353c79bef75dea529eeb46f1ee1ac61a4efb946ed96403fe542a094c856,industry_realism_causal_headroom_phase_d_v1.results.0.0,61.675,0.0,azure_2023_conv,phase_d_v1::azure_2023_conv::w000::kv_capacity::kv_8000::step49916,VALID_STRONGLY_CONSTRAINED,1.0,0
0.00390625,kv_capacity,phase_d_v1::azure_2023_conv::w000::kv_capacity::kv_8000::step57781::sbs_reference,SBS_REFERENCE,"{""admit"":{},""hold_decode"":{},""migrate"":{},""preempt"":{},""prefill_chunk_override"":{},""swap"":{}}",952bd353c79bef75dea529eeb46f1ee1ac61a4efb946ed96403fe542a094c856,,1.0,kv_8000,kv_constrained_online,57781,57.781,3894,0.036706,0,,True,1,0.317875,True,0.243216,,200,0,200,0.449544,,False,1.0,0.005,sustained+high_valid_pressure,0,952bd353c79bef75dea529eeb46f1ee1ac61a4efb946ed96403fe542a094c856,industry_realism_causal_headroom_phase_d_v1.results.0.0,61.675,0.0,azure_2023_conv,phase_d_v1::azure_2023_conv::w000::kv_capacity::kv_8000::step57781,VALID_STRONGLY_CONSTRAINED,1.0,0
0.00390625,kv_capacity,phase_d_v1::azure_2023_conv::w000::kv_capacity::kv_8000::step57781::alt00::a0704cedd8bbde97,COUNTERFACTUAL,"{""admit"":{""0"":[187]},""hold_decode"":{},""migrate"":{},""preempt"":{},""prefill_chunk_override"":{},""swap"":{}}",a0704cedd8bbde973b304aa8a3c545a1a23f677f5a31f49fd1a5b3a2bd1e1e5a,True,1.0,kv_8000,kv_constrained_online,57781,57.781,3894,0.025625,0,,True,0,0.317875,True,0.242706,5,200,0,200,0.449544,"full_prefill,chunked_prefill_small,estimated_service_time_first,weighted_fair_share,least_laxity_first",False,1.0,0.005,sustained+high_valid_pressure,0,952bd353c79bef75dea529eeb46f1ee1ac61a4efb946ed96403fe542a094c856,industry_realism_causal_headroom_phase_d_v1.results.0.0,61.675,0.0,azure_2023_conv,phase_d_v1::azure_2023_conv::w000::kv_capacity::kv_8000::step57781,VALID_STRONGLY_CONSTRAINED,1.0,0
0.00390625,kv_capacity,phase_d_v1::azure_2023_conv::w000::kv_capacity::kv_8000::step57786::sbs_reference,SBS_REFERENCE,"{""admit"":{},""hold_decode"":{},""migrate"":{},""preempt"":{},""prefill_chunk_override"":{},""swap"":{}}",952bd353c79bef75dea529eeb46f1ee1ac61a4efb946ed96403fe542a094c856,,1.0,kv_8000,kv_constrained_online,57786,57.786,3889,0.025469,0,,True,1,0.319125,True,0.243216,,200,0,200,0.449544,,False,1.0,0.005,sustained+high_valid_pressure,0,952bd353c79bef75dea529eeb46f1ee1ac61a4efb946ed96403fe542a094c856,industry_realism_causal_headroom_phase_d_v1.results.0.0,61.675,0.0,azure_2023_conv,phase_d_v1::azure_2023_conv::w000::kv_capacity::kv_8000::step57786,VALID_STRONGLY_CONSTRAINED,1.0,0
0.00390625,kv_capacity,phase_d_v1::azure_2023_conv::w000::kv_capacity::kv_8000::step57786::alt00::a0704cedd8bbde97,COUNTERFACTUAL,"{""admit"":{""0"":[187]},""hold_decode"":{},""migrate"":{},""preempt"":{},""prefill_chunk_override"":{},""swap"":{}}",a0704cedd8bbde973b304aa8a3c545a1a23f677f5a31f49fd1a5b3a2bd1e1e5a,True,1.0,kv_8000,kv_constrained_online,57786,57.786,3889,0.025152,0,,True,0,0.319125,True,0.242731,5,200,0,200,0.449544,"full_prefill,chunked_prefill_small,estimated_service_time_first,weighted_fair_share,least_laxity_first",False,1.0,0.005,sustained+high_valid_pressure,0,952bd353c79bef75dea529eeb46f1ee1ac61a4efb946ed96403fe542a094c856,industry_realism_causal_headroom_phase_d_v1.results.0.0,61.675,0.0,azure_2023_conv,phase_d_v1::azure_2023_conv::w000::kv_capacity::kv_8000::step57786,VALID_STRONGLY_CONSTRAINED,1.0,0
0.00390625,kv_capacity,phase_d_v1::azure_2023_conv::w000::kv_capacity::kv_8000::step57802::sbs_reference,SBS_REFERENCE,"{""admit"":{},""hold_decode"":{},""migrate"":{},""preempt"":{},""prefill_chunk_override"":{},""swap"":{}}",952bd353c79bef75dea529eeb46f1ee1ac61a4efb946ed96403fe542a094c856,,1.0,kv_8000,kv_constrained_online,57802,57.802,3873,0.026805,0,,True,1,0.323125,True,0.243216,,200,0,200,0.449544,,False,1.0,0.005,sustained+high_valid_pressure,0,952bd353c79bef75dea529eeb46f1ee1ac61a4efb946ed96403fe542a094c856,industry_realism_causal_headroom_phase_d_v1.results.0.0,61.675,0.0,azure_2023_conv,phase_d_v1::azure_2023_conv::w000::kv_capacity::kv_8000::step57802,VALID_STRONGLY_CONSTRAINED,1.0,0
0.00390625,kv_capacity,phase_d_v1::azure_2023_conv::w000::kv_capacity::kv_8000::step57802::alt00::a0704cedd8bbde97,COUNTERFACTUAL,"{""admit"":{""0"":[187]},""hold_decode"":{},""migrate"":{},""preempt"":{},""prefill_chunk_override"":{},""swap"":{}}",a0704cedd8bbde973b304aa8a3c545a1a23f677f5a31f49fd1a5b3a2bd1e1e5a,True,1.0,kv_8000,kv_constrained_online,57802,57.802,3873,0.024863,0,,True,0,0.323125,True,0.242811,5,200,0,200,0.449544,"full_prefill,chunked_prefill_small,estimated_service_time_first,weighted_fair_share,least_laxity_first",False,1.0,0.005,sustained+high_valid_pressure,0,952bd353c79bef75dea529eeb46f1ee1ac61a4efb946ed96403fe542a094c856,industry_realism_causal_headroom_phase_d_v1.results.0.0,61.675,0.0,azure_2023_conv,phase_d_v1::azure_2023_conv::w000::kv_capacity::kv_8000::step57802,VALID_STRONGLY_CONSTRAINED,1.0,0
0.00390625,kv_capacity,phase_d_v1::azure_2023_conv::w004::kv_capacity::kv_8000::step3250::sbs_reference,SBS_REFERENCE,"{""admit"":{},""hold_decode"":{},""migrate"":{},""preempt"":{},""prefill_chunk_override"":{},""swap"":{}}",952bd353c79bef75dea529eeb46f1ee1ac61a4efb946ed96403fe542a094c856,,1.0,kv_8000,kv_constrained_online,3250,3.25,30869,0.254076,0,,True,1,0.34,True,0.210974,,200,0,200,0.434516,,False,1.0,0.005,sustained+high_valid_pressure,0,952bd353c79bef75dea529eeb46f1ee1ac61a4efb946ed96403fe542a094c856,industry_realism_causal_headroom_phase_d_v1.results.0.0,34.119,0.0,azure_2023_conv,phase_d_v1::azure_2023_conv::w004::kv_capacity::kv_8000::step3250,VALID_STRONGLY_CONSTRAINED,1.0,4
0.00390625,kv_capacity,phase_d_v1::azure_2023_conv::w004::kv_capacity::kv_8000::step3250::alt00::9f0b896f3edebfbf,COUNTERFACTUAL,"{""admit"":{""0"":[20]},""hold_decode"":{},""migrate"":{},""preempt"":{},""prefill_chunk_override"":{},""swap"":{}}",9f0b896f3edebfbfbc0b6b36cb8f86d3686a90d043083864eeca462da0505481,True,1.0,kv_8000,kv_constrained_online,3250,3.25,30869,0.288461,0,,True,0,0.34,True,0.210794,5,200,0,200,0.434516,"full_prefill,chunked_prefill_small,estimated_service_time_first,weighted_fair_share,least_laxity_first",False,1.0,0.005,sustained+high_valid_pressure,0,952bd353c79bef75dea529eeb46f1ee1ac61a4efb946ed96403fe542a094c856,industry_realism_causal_headroom_phase_d_v1.results.0.0,34.119,0.0,azure_2023_conv,phase_d_v1::azure_2023_conv::w004::kv_capacity::kv_8000::step3250,VALID_STRONGLY_CONSTRAINED,1.0,4
0.005859375,kv_capacity,phase_d_v1::azure_2023_conv::w004::kv_capacity::kv_8000::step4009::sbs_reference,SBS_REFERENCE,"{""admit"":{},""hold_decode"":{},""migrate"":{},""preempt"":{},""prefill_chunk_override"":{},""swap"":{}}",952bd353c79bef75dea529eeb46f1ee1ac61a4efb946ed96403fe542a094c856,,1.0,kv_8000,kv_constrained_online,4009,4.009,30110,0.247845,0,,True,1,0.352625,True,0.210974,,200,0,200,0.434516,,False,1.0,0.005,sustained+high_valid_pressure,0,952bd353c79bef75dea529eeb46f1ee1ac61a4efb946ed96403fe542a094c856,industry_realism_causal_headroom_phase_d_v1.results.0.0,34.119,0.0,azure_2023_conv,phase_d_v1::azure_2023_conv::w004::kv_capacity::kv_8000::step4009,VALID_STRONGLY_CONSTRAINED,1.0,4
0.005859375,kv_capacity,phase_d_v1::azure_2023_conv::w004::kv_capacity::kv_8000::step4009::alt00::bd022e84eb45ac05,COUNTERFACTUAL,"{""admit"":{""0"":[28]},""hold_decode"":{},""migrate"":{},""preempt"":{},""prefill_chunk_override"":{},""swap"":{}}",bd022e84eb45ac05a64278cd1150e5c7b9d8ced81317231eea26e29e85b93a87,True,1.0,kv_8000,kv_constrained_online,4009,4.009,30110,0.247663,0,,True,0,0.352625,True,0.209569,5,200,0,200,0.434516,"full_prefill,chunked_prefill_small,estimated_service_time_first,weighted_fair_share,least_laxity_first",False,1.0,0.005,sustained+high_valid_pressure,0,952bd353c79bef75dea529eeb46f1ee1ac61a4efb946ed96403fe542a094c856,industry_realism_causal_headroom_phase_d_v1.results.0.0,34.119,0.0,azure_2023_conv,phase_d_v1::azure_2023_conv::w004::kv_capacity::kv_8000::step4009,VALID_STRONGLY_CONSTRAINED,1.0,4
0.005859375,kv_capacity,phase_d_v1::azure_2023_conv::w004::kv_capacity::kv_8000::step4051::sbs_reference,SBS_REFERENCE,"{""admit"":{},""hold_decode"":{},""migrate"":{},""preempt"":{},""prefill_chunk_override"":{},""swap"":{}}",952bd353c79bef75dea529eeb46f1ee1ac61a4efb946ed96403fe542a094c856,,1.0,kv_8000,kv_constrained_online,4051,4.051,30068,0.284695,0,,True,1,0.368375,True,0.210974,,200,0,200,0.434516,,False,1.0,0.005,sustained+high_valid_pressure,0,952bd353c79bef75dea529eeb46f1ee1ac61a4efb946ed96403fe542a094c856,industry_realism_causal_headroom_phase_d_v1.results.0.0,34.119,0.0,azure_2023_conv,phase_d_v1::azure_2023_conv::w004::kv_capacity::kv_8000::step4051,VALID_STRONGLY_CONSTRAINED,1.0,4
0.005859375,kv_capacity,phase_d_v1::azure_2023_conv::w004::kv_capacity::kv_8000::step4051::alt00::bd022e84eb45ac05,COUNTERFACTUAL,"{""admit"":{""0"":[28]},""hold_decode"":{},""migrate"":{},""preempt"":{},""prefill_chunk_override"":{},""swap"":{}}",bd022e84eb45ac05a64278cd1150e5c7b9d8ced81317231eea26e29e85b93a87,True,1.0,kv_8000,kv_constrained_online,4051,4.051,30068,0.246209,0,,True,0,0.368375,True,0.209779,5,200,0,200,0.434516,"full_prefill,chunked_prefill_small,estimated_service_time_first,weighted_fair_share,least_laxity_first",False,1.0,0.005,sustained+high_valid_pressure,0,952bd353c79bef75dea529eeb46f1ee1ac61a4efb946ed96403fe542a094c856,industry_realism_causal_headroom_phase_d_v1.results.0.0,34.119,0.0,azure_2023_conv,phase_d_v1::azure_2023_conv::w004::kv_capacity::kv_8000::step4051,VALID_STRONGLY_CONSTRAINED,1.0,4
0.00390625,kv_capacity,phase_d_v1::azure_2023_conv::w004::kv_capacity::kv_8000::step4228::sbs_reference,SBS_REFERENCE,"{""admit"":{},""hold_decode"":{},""migrate"":{},""preempt"":{},""prefill_chunk_override"":{},""swap"":{}}",952bd353c79bef75dea529eeb46f1ee1ac61a4efb946ed96403fe542a094c856,,1.0,kv_8000,kv_constrained_online,4228,4.228,29891,0.381854,0,,True,1,0.37375,True,0.210974,,200,0,200,0.434516,,False,1.0,0.005,sustained+high_valid_pressure,0,952bd353c79bef75dea529eeb46f1ee1ac61a4efb946ed96403fe542a094c856,industry_realism_causal_headroom_phase_d_v1.results.0.0,34.119,0.0,azure_2023_conv,phase_d_v1::azure_2023_conv::w004::kv_capacity::kv_8000::step4228,VALID_STRONGLY_CONSTRAINED,1.0,4
0.00390625,kv_capacity,phase_d_v1::azure_2023_conv::w004::kv_capacity::kv_8000::step4228::alt00::bd022e84eb45ac05,COUNTERFACTUAL,"{""admit"":{""0"":[28]},""hold_decode"":{},""migrate"":{},""preempt"":{},""prefill_chunk_override"":{},""swap"":{}}",bd022e84eb45ac05a64278cd1150e5c7b9d8ced81317231eea26e29e85b93a87,True,1.0,kv_8000,kv_constrained_online,4228,4.228,29891,0.276737,0,,True,0,0.37375,True,0.210664,5,200,0,200,0.434516,"full_prefill,chunked_prefill_small,estimated_service_time_first,weighted_fair_share,least_laxity_first",False,1.0,0.005,sustained+high_valid_pressure,0,952bd353c79bef75dea529eeb46f1ee1ac61a4efb946ed96403fe542a094c856,industry_realism_causal_headroom_phase_d_v1.results.0.0,34.119,0.0,azure_2023_conv,phase_d_v1::azure_2023_conv::w004::kv_capacity::kv_8000::step4228,VALID_STRONGLY_CONSTRAINED,1.0,4
0.00390625,kv_capacity,phase_d_v1::azure_2023_conv::w004::kv_capacity::kv_8000::step7100::sbs_reference,SBS_REFERENCE,"{""admit"":{},""hold_decode"":{},""migrate"":{},""preempt"":{},""prefill_chunk_override"":{},""swap"":{}}",952bd353c79bef75dea529eeb46f1ee1ac61a4efb946ed96403fe542a094c856,,1.0,kv_8000,kv_constrained_online,7100,7.1000000000000005,27019,0.210821,0,,True,1,0.352625,True,0.210974,,200,0,200,0.434516,,False,1.0,0.005,sustained+high_valid_pressure,0,952bd353c79bef75dea529eeb46f1ee1ac61a4efb946ed96403fe542a094c856,industry_realism_causal_headroom_phase_d_v1.results.0.0,34.119,0.0,azure_2023_conv,phase_d_v1::azure_2023_conv::w004::kv_capacity::kv_8000::step7100,VALID_STRONGLY_CONSTRAINED,1.0,4
0.00390625,kv_capacity,phase_d_v1::azure_2023_conv::w004::kv_capacity::kv_8000::step7100::alt00::a82007f6fec8355f,COUNTERFACTUAL,"{""admit"":{""0"":[52]},""hold_decode"":{},""migrate"":{},""preempt"":{},""prefill_chunk_override"":{},""swap"":{}}",a82007f6fec8355f021c1c65715f0e48d38e8399df4c66640851c068278f023b,True,1.0,kv_8000,kv_constrained_online,7100,7.1000000000000005,27019,0.280333,0,,True,0,0.352625,True,0.210899,5,200,0,200,0.434516,"full_prefill,chunked_prefill_small,estimated_service_time_first,weighted_fair_share,least_laxity_first",False,1.0,0.005,sustained+high_valid_pressure,0,952bd353c79bef75dea529eeb46f1ee1ac61a4efb946ed96403fe542a094c856,industry_realism_causal_headroom_phase_d_v1.results.0.0,34.119,0.0,azure_2023_conv,phase_d_v1::azure_2023_conv::w004::kv_capacity::kv_8000::step7100,VALID_STRONGLY_CONSTRAINED,1.0,4
0.005859375,kv_capacity,phase_d_v1::azure_2023_conv::w004::kv_capacity::kv_8000::step13533::sbs_reference,SBS_REFERENCE,"{""admit"":{},""hold_decode"":{},""migrate"":{},""preempt"":{},""prefill_chunk_override"":{},""swap"":{}}",952bd353c79bef75dea529eeb46f1ee1ac61a4efb946ed96403fe542a094c856,,1.0,kv_8000,kv_constrained_online,13533,13.533,20586,0.166384,0,,True,1,0.47375,True,0.210974,,200,0,200,0.434516,,False,1.0,0.005,sustained+high_valid_pressure,0,952bd353c79bef75dea529eeb46f1ee1ac61a4efb946ed96403fe542a094c856,industry_realism_causal_headroom_phase_d_v1.results.0.0,34.119,0.0,azure_2023_conv,phase_d_v1::azure_2023_conv::w004::kv_capacity::kv_8000::step13533,VALID_STRONGLY_CONSTRAINED,1.0,4
0.005859375,kv_capacity,phase_d_v1::azure_2023_conv::w004::kv_capacity::kv_8000::step13533::alt00::98fe8068a7a56b78,COUNTERFACTUAL,"{""admit"":{""0"":[81]},""hold_decode"":{},""migrate"":{},""preempt"":{},""prefill_chunk_override"":{},""swap"":{}}",98fe8068a7a56b7842a929a12c5b6411494b44314314b3ebc8e4943124d37ecc,True,1.0,kv_8000,kv_constrained_online,13533,13.533,20586,0.191234,0,,True,0,0.47375,True,0.210904,5,200,0,200,0.434516,"full_prefill,chunked_prefill_small,estimated_service_time_first,weighted_fair_share,least_laxity_first",False,1.0,0.005,sustained+high_valid_pressure,0,952bd353c79bef75dea529eeb46f1ee1ac61a4efb946ed96403fe542a094c856,industry_realism_causal_headroom_phase_d_v1.results.0.0,34.119,0.0,azure_2023_conv,phase_d_v1::azure_2023_conv::w004::kv_capacity::kv_8000::step13533,VALID_STRONGLY_CONSTRAINED,1.0,4
0.00390625,kv_capacity,phase_d_v1::azure_2023_conv::w004::kv_capacity::kv_8000::step13602::sbs_reference,SBS_REFERENCE,"{""admit"":{""0"":[83]},""hold_decode"":{},""migrate"":{},""preempt"":{},""prefill_chunk_override"":{},""swap"":{}}",c9799019b08896f6921eaf7da4c11f0732626c860653d64bee28a94b75db253b,,1.0,kv_8000,kv_constrained_online,13602,13.602,20517,0.167975,0,,True,1,0.303625,True,0.210974,,200,0,200,0.434516,,False,1.0,0.01,sustained+high_valid_pressure,0,c9799019b08896f6921eaf7da4c11f0732626c860653d64bee28a94b75db253b,industry_realism_causal_headroom_phase_d_v1.results.0.0,34.119,0.0,azure_2023_conv,phase_d_v1::azure_2023_conv::w004::kv_capacity::kv_8000::step13602,VALID_STRONGLY_CONSTRAINED,1.0,4
0.00390625,kv_capacity,phase_d_v1::azure_2023_conv::w004::kv_capacity::kv_8000::step13602::alt00::9687e546e554f84c,COUNTERFACTUAL,"{""admit"":{""0"":[82,83]},""hold_decode"":{},""migrate"":{},""preempt"":{},""prefill_chunk_override"":{},""swap"":{}}",9687e546e554f84c402c91d0a6c4cfe8c8a26a6fabd00542d239639b4d55508c,True,1.0,kv_8000,kv_constrained_online,13602,13.602,20517,0.164836,0,,True,0,0.303625,True,0.209824,5,200,0,200,0.434516,"full_prefill,chunked_prefill_small,estimated_service_time_first,weighted_fair_share,least_laxity_first",False,1.0,0.01,sustained+high_valid_pressure,0,c9799019b08896f6921eaf7da4c11f0732626c860653d64bee28a94b75db253b,industry_realism_causal_headroom_phase_d_v1.results.0.0,34.119,0.0,azure_2023_conv,phase_d_v1::azure_2023_conv::w004::kv_capacity::kv_8000::step13602,VALID_STRONGLY_CONSTRAINED,1.0,4
0.005859375,kv_capacity,phase_d_v1::azure_2023_conv::w004::kv_capacity::kv_8000::step13632::sbs_reference,SBS_REFERENCE,"{""admit"":{},""hold_decode"":{},""migrate"":{},""preempt"":{},""prefill_chunk_override"":{},""swap"":{}}",952bd353c79bef75dea529eeb46f1ee1ac61a4efb946ed96403fe542a094c856,,1.0,kv_8000,kv_constrained_online,13632,13.632,20487,0.169328,0,,True,1,0.364125,True,0.210974,,200,0,200,0.434516,,False,1.0,0.005,sustained+high_valid_pressure,0,952bd353c79bef75dea529eeb46f1ee1ac61a4efb946ed96403fe542a094c856,industry_realism_causal_headroom_phase_d_v1.results.0.0,34.119,0.0,azure_2023_conv,phase_d_v1::azure_2023_conv::w004::kv_capacity::kv_8000::step13632,VALID_STRONGLY_CONSTRAINED,1.0,4
0.005859375,kv_capacity,phase_d_v1::azure_2023_conv::w004::kv_capacity::kv_8000::step13632::alt00::c2cc8101924352a2,COUNTERFACTUAL,"{""admit"":{""0"":[82]},""hold_decode"":{},""migrate"":{},""preempt"":{},""prefill_chunk_override"":{},""swap"":{}}",c2cc8101924352a22d2f65d37d465c41c64fbd94dbd69d132a6127bae7b393ba,True,1.0,kv_8000,kv_constrained_online,13632,13.632,20487,0.1786,0,,True,0,0.364125,True,0.209974,5,200,0,200,0.434516,"full_prefill,chunked_prefill_small,estimated_service_time_first,weighted_fair_share,least_laxity_first",False,1.0,0.005,sustained+high_valid_pressure,0,952bd353c79bef75dea529eeb46f1ee1ac61a4efb946ed96403fe542a094c856,industry_realism_causal_headroom_phase_d_v1.results.0.0,34.119,0.0,azure_2023_conv,phase_d_v1::azure_2023_conv::w004::kv_capacity::kv_8000::step13632,VALID_STRONGLY_CONSTRAINED,1.0,4
0.005859375,kv_capacity,phase_d_v1::azure_2023_conv::w004::kv_capacity::kv_8000::step13650::sbs_reference,SBS_REFERENCE,"{""admit"":{},""hold_decode"":{},""migrate"":{},""preempt"":{},""prefill_chunk_override"":{},""swap"":{}}",952bd353c79bef75dea529eeb46f1ee1ac61a4efb946ed96403fe542a094c856,,1.0,kv_8000,kv_constrained_online,13650,13.65,20469,0.221204,0,,True,1,0.370875,True,0.210974,,200,0,200,0.434516,,False,1.0,0.005,sustained+high_valid_pressure,0,952bd353c79bef75dea529eeb46f1ee1ac61a4efb946ed96403fe542a094c856,industry_realism_causal_headroom_phase_d_v1.results.0.0,34.119,0.0,azure_2023_conv,phase_d_v1::azure_2023_conv::w004::kv_capacity::kv_8000::step13650,VALID_STRONGLY_CONSTRAINED,1.0,4
0.005859375,kv_capacity,phase_d_v1::azure_2023_conv::w004::kv_capacity::kv_8000::step13650::alt00::c2cc8101924352a2,COUNTERFACTUAL,"{""admit"":{""0"":[82]},""hold_decode"":{},""migrate"":{},""preempt"":{},""prefill_chunk_override"":{},""swap"":{}}",c2cc8101924352a22d2f65d37d465c41c64fbd94dbd69d132a6127bae7b393ba,True,1.0,kv_8000,kv_constrained_online,13650,13.65,20469,0.16651,0,,True,0,0.370875,True,0.210064,5,200,0,200,0.434516,"full_prefill,chunked_prefill_small,estimated_service_time_first,weighted_fair_share,least_laxity_first",False,1.0,0.005,sustained+high_valid_pressure,0,952bd353c79bef75dea529eeb46f1ee1ac61a4efb946ed96403fe542a094c856,industry_realism_causal_headroom_phase_d_v1.results.0.0,34.119,0.0,azure_2023_conv,phase_d_v1::azure_2023_conv::w004::kv_capacity::kv_8000::step13650,VALID_STRONGLY_CONSTRAINED,1.0,4
0.005859375,kv_capacity,phase_d_v1::azure_2023_conv::w004::kv_capacity::kv_8000::step13653::sbs_reference,SBS_REFERENCE,"{""admit"":{},""hold_decode"":{},""migrate"":{},""preempt"":{},""prefill_chunk_override"":{},""swap"":{}}",952bd353c79bef75dea529eeb46f1ee1ac61a4efb946ed96403fe542a094c856,,1.0,kv_8000,kv_constrained_online,13653,13.653,20466,0.164377,0,,True,1,0.372,True,0.210974,,200,0,200,0.434516,,False,1.0,0.005,sustained+high_valid_pressure,0,952bd353c79bef75dea529eeb46f1ee1ac61a4efb946ed96403fe542a094c856,industry_realism_causal_headroom_phase_d_v1.results.0.0,34.119,0.0,azure_2023_conv,phase_d_v1::azure_2023_conv::w004::kv_capacity::kv_8000::step13653,VALID_STRONGLY_CONSTRAINED,1.0,4
0.005859375,kv_capacity,phase_d_v1::azure_2023_conv::w004::kv_capacity::kv_8000::step13653::alt00::c2cc8101924352a2,COUNTERFACTUAL,"{""admit"":{""0"":[82]},""hold_decode"":{},""migrate"":{},""preempt"":{},""prefill_chunk_override"":{},""swap"":{}}",c2cc8101924352a22d2f65d37d465c41c64fbd94dbd69d132a6127bae7b393ba,True,1.0,kv_8000,kv_constrained_online,13653,13.653,20466,0.162445,0,,True,0,0.372,True,0.210079,5,200,0,200,0.434516,"full_prefill,chunked_prefill_small,estimated_service_time_first,weighted_fair_share,least_laxity_first",False,1.0,0.005,sustained+high_valid_pressure,0,952bd353c79bef75dea529eeb46f1ee1ac61a4efb946ed96403fe542a094c856,industry_realism_causal_headroom_phase_d_v1.results.0.0,34.119,0.0,azure_2023_conv,phase_d_v1::azure_2023_conv::w004::kv_capacity::kv_8000::step13653,VALID_STRONGLY_CONSTRAINED,1.0,4
0.005859375,kv_capacity,phase_d_v1::azure_2023_conv::w004::kv_capacity::kv_8000::step13662::sbs_reference,SBS_REFERENCE,"{""admit"":{},""hold_decode"":{},""migrate"":{},""preempt"":{},""prefill_chunk_override"":{},""swap"":{}}",952bd353c79bef75dea529eeb46f1ee1ac61a4efb946ed96403fe542a094c856,,1.0,kv_8000,kv_constrained_online,13662,13.662,20457,0.165052,0,,True,1,0.375375,True,0.210974,,200,0,200,0.434516,,False,1.0,0.005,sustained+high_valid_pressure,0,952bd353c79bef75dea529eeb46f1ee1ac61a4efb946ed96403fe542a094c856,industry_realism_causal_headroom_phase_d_v1.results.0.0,34.119,0.0,azure_2023_conv,phase_d_v1::azure_2023_conv::w004::kv_capacity::kv_8000::step13662,VALID_STRONGLY_CONSTRAINED,1.0,4
0.005859375,kv_capacity,phase_d_v1::azure_2023_conv::w004::kv_capacity::kv_8000::step13662::alt00::c2cc8101924352a2,COUNTERFACTUAL,"{""admit"":{""0"":[82]},""hold_decode"":{},""migrate"":{},""preempt"":{},""prefill_chunk_override"":{},""swap"":{}}",c2cc8101924352a22d2f65d37d465c41c64fbd94dbd69d132a6127bae7b393ba,True,1.0,kv_8000,kv_constrained_online,13662,13.662,20457,0.195502,0,,True,0,0.375375,True,0.210124,5,200,0,200,0.434516,"full_prefill,chunked_prefill_small,estimated_service_time_first,weighted_fair_share,least_laxity_first",False,1.0,0.005,sustained+high_valid_pressure,0,952bd353c79bef75dea529eeb46f1ee1ac61a4efb946ed96403fe542a094c856,industry_realism_causal_headroom_phase_d_v1.results.0.0,34.119,0.0,azure_2023_conv,phase_d_v1::azure_2023_conv::w004::kv_capacity::kv_8000::step13662,VALID_STRONGLY_CONSTRAINED,1.0,4
0.005859375,kv_capacity,phase_d_v1::azure_2023_conv::w004::kv_capacity::kv_8000::step13672::sbs_reference,SBS_REFERENCE,"{""admit"":{},""hold_decode"":{},""migrate"":{},""preempt"":{},""prefill_chunk_override"":{},""swap"":{}}",952bd353c79bef75dea529eeb46f1ee1ac61a4efb946ed96403fe542a094c856,,1.0,kv_8000,kv_constrained_online,13672,13.672,20447,0.177968,0,,True,1,0.379125,True,0.210974,,200,0,200,0.434516,,False,1.0,0.005,sustained+high_valid_pressure,0,952bd353c79bef75dea529eeb46f1ee1ac61a4efb946ed96403fe542a094c856,industry_realism_causal_headroom_phase_d_v1.results.0.0,34.119,0.0,azure_2023_conv,phase_d_v1::azure_2023_conv::w004::kv_capacity::kv_8000::step13672,VALID_STRONGLY_CONSTRAINED,1.0,4
0.005859375,kv_capacity,phase_d_v1::azure_2023_conv::w004::kv_capacity::kv_8000::step13672::alt00::c2cc8101924352a2,COUNTERFACTUAL,"{""admit"":{""0"":[82]},""hold_decode"":{},""migrate"":{},""preempt"":{},""prefill_chunk_override"":{},""swap"":{}}",c2cc8101924352a22d2f65d37d465c41c64fbd94dbd69d132a6127bae7b393ba,True,1.0,kv_8000,kv_constrained_online,13672,13.672,20447,0.200322,0,,True,0,0.379125,True,0.210174,5,200,0,200,0.434516,"full_prefill,chunked_prefill_small,estimated_service_time_first,weighted_fair_share,least_laxity_first",False,1.0,0.005,sustained+high_valid_pressure,0,952bd353c79bef75dea529eeb46f1ee1ac61a4efb946ed96403fe542a094c856,industry_realism_causal_headroom_phase_d_v1.results.0.0,34.119,0.0,azure_2023_conv,phase_d_v1::azure_2023_conv::w004::kv_capacity::kv_8000::step13672,VALID_STRONGLY_CONSTRAINED,1.0,4
0.00390625,kv_capacity,phase_d_v1::azure_2023_conv::w004::kv_capacity::kv_8000::step13740::sbs_reference,SBS_REFERENCE,"{""admit"":{},""hold_decode"":{},""migrate"":{},""preempt"":{},""prefill_chunk_override"":{},""swap"":{}}",952bd353c79bef75dea529eeb46f1ee1ac61a4efb946ed96403fe542a094c856,,1.0,kv_8000,kv_constrained_online,13740,13.74,20379,0.165761,0,,True,1,0.338125,True,0.210974,,200,0,200,0.434516,,False,1.0,0.005,sustained+high_valid_pressure,0,952bd353c79bef75dea529eeb46f1ee1ac61a4efb946ed96403fe542a094c856,industry_realism_causal_headroom_phase_d_v1.results.0.0,34.119,0.0,azure_2023_conv,phase_d_v1::azure_2023_conv::w004::kv_capacity::kv_8000::step13740,VALID_STRONGLY_CONSTRAINED,1.0,4
0.00390625,kv_capacity,phase_d_v1::azure_2023_conv::w004::kv_capacity::kv_8000::step13740::alt00::c2cc8101924352a2,COUNTERFACTUAL,"{""admit"":{""0"":[82]},""hold_decode"":{},""migrate"":{},""preempt"":{},""prefill_chunk_override"":{},""swap"":{}}",c2cc8101924352a22d2f65d37d465c41c64fbd94dbd69d132a6127bae7b393ba,True,1.0,kv_8000,kv_constrained_online,13740,13.74,20379,0.16104,0,,True,0,0.338125,True,0.210474,5,200,0,200,0.434516,"full_prefill,chunked_prefill_small,estimated_service_time_first,weighted_fair_share,least_laxity_first",False,1.0,0.005,sustained+high_valid_pressure,0,952bd353c79bef75dea529eeb46f1ee1ac61a4efb946ed96403fe542a094c856,industry_realism_causal_headroom_phase_d_v1.results.0.0,34.119,0.0,azure_2023_conv,phase_d_v1::azure_2023_conv::w004::kv_capacity::kv_8000::step13740,VALID_STRONGLY_CONSTRAINED,1.0,4
0.00390625,kv_capacity,phase_d_v1::azure_2023_conv::w004::kv_capacity::kv_8000::step13761::sbs_reference,SBS_REFERENCE,"{""admit"":{},""hold_decode"":{},""migrate"":{},""preempt"":{},""prefill_chunk_override"":{},""swap"":{}}",952bd353c79bef75dea529eeb46f1ee1ac61a4efb946ed96403fe542a094c856,,1.0,kv_8000,kv_constrained_online,13761,13.761000000000001,20358,0.163211,0,,True,1,0.343375,True,0.210974,,200,0,200,0.434516,,False,1.0,0.005,sustained+high_valid_pressure,0,952bd353c79bef75dea529eeb46f1ee1ac61a4efb946ed96403fe542a094c856,industry_realism_causal_headroom_phase_d_v1.results.0.0,34.119,0.0,azure_2023_conv,phase_d_v1::azure_2023_conv::w004::kv_capacity::kv_8000::step13761,VALID_STRONGLY_CONSTRAINED,1.0,4
0.00390625,kv_capacity,phase_d_v1::azure_2023_conv::w004::kv_capacity::kv_8000::step13761::alt00::c2cc8101924352a2,COUNTERFACTUAL,"{""admit"":{""0"":[82]},""hold_decode"":{},""migrate"":{},""preempt"":{},""prefill_chunk_override"":{},""swap"":{}}",c2cc8101924352a22d2f65d37d465c41c64fbd94dbd69d132a6127bae7b393ba,True,1.0,kv_8000,kv_constrained_online,13761,13.761000000000001,20358,0.162144,0,,True,0,0.343375,True,0.210579,5,200,0,200,0.434516,"full_prefill,chunked_prefill_small,estimated_service_time_first,weighted_fair_share,least_laxity_first",False,1.0,0.005,sustained+high_valid_pressure,0,952bd353c79bef75dea529eeb46f1ee1ac61a4efb946ed96403fe542a094c856,industry_realism_causal_headroom_phase_d_v1.results.0.0,34.119,0.0,azure_2023_conv,phase_d_v1::azure_2023_conv::w004::kv_capacity::kv_8000::step13761,VALID_STRONGLY_CONSTRAINED,1.0,4
0.00390625,kv_capacity,phase_d_v1::azure_2023_conv::w004::kv_capacity::kv_8000::step31009::sbs_reference,SBS_REFERENCE,"{""admit"":{},""hold_decode"":{},""migrate"":{},""preempt"":{},""prefill_chunk_override"":{},""swap"":{}}",952bd353c79bef75dea529eeb46f1ee1ac61a4efb946ed96403fe542a094c856,,1.0,kv_8000,kv_constrained_online,31009,31.009,3110,0.022661,0,,True,1,0.3545,True,0.210974,,200,0,200,0.434516,,False,1.0,0.005,sustained+high_valid_pressure,0,952bd353c79bef75dea529eeb46f1ee1ac61a4efb946ed96403fe542a094c856,industry_realism_causal_headroom_phase_d_v1.results.0.0,34.119,0.0,azure_2023_conv,phase_d_v1::azure_2023_conv::w004::kv_capacity::kv_8000::step31009,VALID_STRONGLY_CONSTRAINED,1.0,4
0.00390625,kv_capacity,phase_d_v1::azure_2023_conv::w004::kv_capacity::kv_8000::step31009::alt00::e83d7adde5e9f9e7,COUNTERFACTUAL,"{""admit"":{""0"":[180]},""hold_decode"":{},""migrate"":{},""preempt"":{},""prefill_chunk_override"":{},""swap"":{}}",e83d7adde5e9f9e77dd4711b588af5826878fc8d1e668e6176bec1f57325388f,True,1.0,kv_8000,kv_constrained_online,31009,31.009,3110,0.033861,0,,True,0,0.3545,True,0.210984,5,200,0,200,0.434516,"full_prefill,chunked_prefill_small,estimated_service_time_first,weighted_fair_share,least_laxity_first",False,1.0,0.005,sustained+high_valid_pressure,0,952bd353c79bef75dea529eeb46f1ee1ac61a4efb946ed96403fe542a094c856,industry_realism_causal_headroom_phase_d_v1.results.0.0,34.119,0.0,azure_2023_conv,phase_d_v1::azure_2023_conv::w004::kv_capacity::kv_8000::step31009,VALID_STRONGLY_CONSTRAINED,1.0,4
0.005859375,kv_capacity,phase_d_v1::azure_2023_conv::w004::kv_capacity::kv_8000::step32096::sbs_reference,SBS_REFERENCE,"{""admit"":{},""hold_decode"":{},""migrate"":{},""preempt"":{},""prefill_chunk_override"":{},""swap"":{}}",952bd353c79bef75dea529eeb46f1ee1ac61a4efb946ed96403fe542a094c856,,1.0,kv_8000,kv_constrained_online,32096,32.096000000000004,2023,0.010564,0,,True,1,0.403375,True,0.210974,,200,0,200,0.434516,,False,1.0,0.01,sustained+high_valid_pressure,1,952bd353c79bef75dea529eeb46f1ee1ac61a4efb946ed96403fe542a094c856,industry_realism_causal_headroom_phase_d_v1.results.0.0,34.119,0.0,azure_2023_conv,phase_d_v1::azure_2023_conv::w004::kv_capacity::kv_8000::step32096,VALID_STRONGLY_CONSTRAINED,1.0,4
0.005859375,kv_capacity,phase_d_v1::azure_2023_conv::w004::kv_capacity::kv_8000::step32096::alt00::b19658d0194088b3,COUNTERFACTUAL,"{""admit"":{""0"":[190]},""hold_decode"":{},""migrate"":{},""preempt"":{},""prefill_chunk_override"":{},""swap"":{}}",b19658d0194088b34d1c60dacdb745f7ee4483b7a003b489d7741ba4b7e12741,True,1.0,kv_8000,kv_constrained_online,32096,32.096000000000004,2023,0.009797,0,,True,0,0.403375,True,0.210784,4,200,0,200,0.434516,"full_prefill,chunked_prefill_small,estimated_service_time_first,weighted_fair_share",False,1.0,0.01,sustained+high_valid_pressure,1,952bd353c79bef75dea529eeb46f1ee1ac61a4efb946ed96403fe542a094c856,industry_realism_causal_headroom_phase_d_v1.results.0.0,34.119,0.0,azure_2023_conv,phase_d_v1::azure_2023_conv::w004::kv_capacity::kv_8000::step32096,VALID_STRONGLY_CONSTRAINED,1.0,4
0.005859375,kv_capacity,phase_d_v1::azure_2023_conv::w004::kv_capacity::kv_8000::step32096::alt01::78b6ffce86b8ef99,COUNTERFACTUAL,"{""admit"":{""0"":[191]},""hold_decode"":{},""migrate"":{},""preempt"":{},""prefill_chunk_override"":{},""swap"":{}}",78b6ffce86b8ef997f3be28cf6f1bc6e41d607b0adf8a82a1848cc0b33467fee,True,1.0,kv_8000,kv_constrained_online,32096,32.096000000000004,2023,0.01003,0,,True,0,0.403375,True,0.210809,1,200,0,200,0.434516,least_laxity_first,False,1.0,0.01,sustained+high_valid_pressure,1,952bd353c79bef75dea529eeb46f1ee1ac61a4efb946ed96403fe542a094c856,industry_realism_causal_headroom_phase_d_v1.results.0.0,34.119,0.0,azure_2023_conv,phase_d_v1::azure_2023_conv::w004::kv_capacity::kv_8000::step32096,VALID_STRONGLY_CONSTRAINED,1.0,4
0.00390625,kv_capacity,phase_d_v1::azure_2023_conv::w004::kv_capacity::kv_8000::step32108::sbs_reference,SBS_REFERENCE,"{""admit"":{},""hold_decode"":{},""migrate"":{},""preempt"":{},""prefill_chunk_override"":{},""swap"":{}}",952bd353c79bef75dea529eeb46f1ee1ac61a4efb946ed96403fe542a094c856,,1.0,kv_8000,kv_constrained_online,32108,32.108000000000004,2011,0.009985,0,,True,1,0.346625,True,0.210974,,200,0,200,0.434516,,False,1.0,0.01,sustained+high_valid_pressure,1,952bd353c79bef75dea529eeb46f1ee1ac61a4efb946ed96403fe542a094c856,industry_realism_causal_headroom_phase_d_v1.results.0.0,34.119,0.0,azure_2023_conv,phase_d_v1::azure_2023_conv::w004::kv_capacity::kv_8000::step32108,VALID_STRONGLY_CONSTRAINED,1.0,4
0.00390625,kv_capacity,phase_d_v1::azure_2023_conv::w004::kv_capacity::kv_8000::step32108::alt00::b19658d0194088b3,COUNTERFACTUAL,"{""admit"":{""0"":[190]},""hold_decode"":{},""migrate"":{},""preempt"":{},""prefill_chunk_override"":{},""swap"":{}}",b19658d0194088b34d1c60dacdb745f7ee4483b7a003b489d7741ba4b7e12741,True,1.0,kv_8000,kv_constrained_online,32108,32.108000000000004,2011,0.009698,0,,True,0,0.346625,True,0.210749,4,200,0,200,0.434516,"full_prefill,chunked_prefill_small,estimated_service_time_first,weighted_fair_share",False,1.0,0.01,sustained+high_valid_pressure,1,952bd353c79bef75dea529eeb46f1ee1ac61a4efb946ed96403fe542a094c856,industry_realism_causal_headroom_phase_d_v1.results.0.0,34.119,0.0,azure_2023_conv,phase_d_v1::azure_2023_conv::w004::kv_capacity::kv_8000::step32108,VALID_STRONGLY_CONSTRAINED,1.0,4
0.00390625,kv_capacity,phase_d_v1::azure_2023_conv::w004::kv_capacity::kv_8000::step32108::alt01::78b6ffce86b8ef99,COUNTERFACTUAL,"{""admit"":{""0"":[191]},""hold_decode"":{},""migrate"":{},""preempt"":{},""prefill_chunk_override"":{},""swap"":{}}",78b6ffce86b8ef997f3be28cf6f1bc6e41d607b0adf8a82a1848cc0b33467fee,True,1.0,kv_8000,kv_constrained_online,32108,32.108000000000004,2011,0.009824,0,,True,0,0.346625,True,0.210769,1,200,0,200,0.434516,least_laxity_first,False,1.0,0.01,sustained+high_valid_pressure,1,952bd353c79bef75dea529eeb46f1ee1ac61a4efb946ed96403fe542a094c856,industry_realism_causal_headroom_phase_d_v1.results.0.0,34.119,0.0,azure_2023_conv,phase_d_v1::azure_2023_conv::w004::kv_capacity::kv_8000::step32108,VALID_STRONGLY_CONSTRAINED,1.0,4
0.005859375,kv_capacity,phase_d_v1::azure_2023_conv::w004::kv_capacity::kv_8000::step32116::sbs_reference,SBS_REFERENCE,"{""admit"":{},""hold_decode"":{},""migrate"":{},""preempt"":{},""prefill_chunk_override"":{},""swap"":{}}",952bd353c79bef75dea529eeb46f1ee1ac61a4efb946ed96403fe542a094c856,,1.0,kv_8000,kv_constrained_online,32116,32.116,2003,0.010022,0,,True,1,0.395625,True,0.210974,,200,0,200,0.434516,,False,1.0,0.01,sustained+high_valid_pressure,1,952bd353c79bef75dea529eeb46f1ee1ac61a4efb946ed96403fe542a094c856,industry_realism_causal_headroom_phase_d_v1.results.0.0,34.119,0.0,azure_2023_conv,phase_d_v1::azure_2023_conv::w004::kv_capacity::kv_8000::step32116,VALID_STRONGLY_CONSTRAINED,1.0,4
0.005859375,kv_capacity,phase_d_v1::azure_2023_conv::w004::kv_capacity::kv_8000::step32116::alt00::b19658d0194088b3,COUNTERFACTUAL,"{""admit"":{""0"":[190]},""hold_decode"":{},""migrate"":{},""preempt"":{},""prefill_chunk_override"":{},""swap"":{}}",b19658d0194088b34d1c60dacdb745f7ee4483b7a003b489d7741ba4b7e12741,True,1.0,kv_8000,kv_constrained_online,32116,32.116,2003,0.009313,0,,True,0,0.395625,True,0.210854,4,200,0,200,0.434516,"full_prefill,chunked_prefill_small,estimated_service_time_first,weighted_fair_share",False,1.0,0.01,sustained+high_valid_pressure,1,952bd353c79bef75dea529eeb46f1ee1ac61a4efb946ed96403fe542a094c856,industry_realism_causal_headroom_phase_d_v1.results.0.0,34.119,0.0,azure_2023_conv,phase_d_v1::azure_2023_conv::w004::kv_capacity::kv_8000::step32116,VALID_STRONGLY_CONSTRAINED,1.0,4
0.005859375,kv_capacity,phase_d_v1::azure_2023_conv::w004::kv_capacity::kv_8000::step32116::alt01::78b6ffce86b8ef99,COUNTERFACTUAL,"{""admit"":{""0"":[191]},""hold_decode"":{},""migrate"":{},""preempt"":{},""prefill_chunk_override"":{},""swap"":{}}",78b6ffce86b8ef997f3be28cf6f1bc6e41d607b0adf8a82a1848cc0b33467fee,True,1.0,kv_8000,kv_constrained_online,32116,32.116,2003,0.009229,0,,True,0,0.395625,True,0.210874,1,200,0,200,0.434516,least_laxity_first,False,1.0,0.01,sustained+high_valid_pressure,1,952bd353c79bef75dea529eeb46f1ee1ac61a4efb946ed96403fe542a094c856,industry_realism_causal_headroom_phase_d_v1.results.0.0,34.119,0.0,azure_2023_conv,phase_d_v1::azure_2023_conv::w004::kv_capacity::kv_8000::step32116,VALID_STRONGLY_CONSTRAINED,1.0,4
0.00390625,kv_capacity,phase_d_v1::azure_2023_conv::w008::kv_capacity::kv_8000::step11985::sbs_reference,SBS_REFERENCE,"{""admit"":{},""hold_decode"":{},""migrate"":{},""preempt"":{},""prefill_chunk_override"":{},""swap"":{}}",952bd353c79bef75dea529eeb46f1ee1ac61a4efb946ed96403fe542a094c856,,1.0,kv_8000,kv_constrained_online,11985,11.985,33723,0.3373,0,,True,1,0.385,True,0.281227,,200,0,200,0.483552,,False,1.0,0.005,sustained+high_valid_pressure,0,952bd353c79bef75dea529eeb46f1ee1ac61a4efb946ed96403fe542a094c856,industry_realism_causal_headroom_phase_d_v1.results.0.0,45.708,0.0,azure_2023_conv,phase_d_v1::azure_2023_conv::w008::kv_capacity::kv_8000::step11985,VALID_STRONGLY_CONSTRAINED,1.0,8
0.00390625,kv_capacity,phase_d_v1::azure_2023_conv::w008::kv_capacity::kv_8000::step11985::alt00::e4e7e7409ecbd5b9,COUNTERFACTUAL,"{""admit"":{""0"":[54]},""hold_decode"":{},""migrate"":{},""preempt"":{},""prefill_chunk_override"":{},""swap"":{}}",e4e7e7409ecbd5b971853a4edeff1ee9f7f64a2297e9b9a5c2c0c5adc0de45ab,True,1.0,kv_8000,kv_constrained_online,11985,11.985,33723,0.289285,0,,True,0,0.385,True,0.281002,5,200,0,200,0.483552,"full_prefill,chunked_prefill_small,estimated_service_time_first,weighted_fair_share,least_laxity_first",False,1.0,0.005,sustained+high_valid_pressure,0,952bd353c79bef75dea529eeb46f1ee1ac61a4efb946ed96403fe542a094c856,industry_realism_causal_headroom_phase_d_v1.results.0.0,45.708,0.0,azure_2023_conv,phase_d_v1::azure_2023_conv::w008::kv_capacity::kv_8000::step11985,VALID_STRONGLY_CONSTRAINED,1.0,8
0.00390625,kv_capacity,phase_d_v1::azure_2023_conv::w008::kv_capacity::kv_8000::step28342::sbs_reference,SBS_REFERENCE,"{""admit"":{},""hold_decode"":{},""migrate"":{},""preempt"":{},""prefill_chunk_override"":{},""swap"":{}}",952bd353c79bef75dea529eeb46f1ee1ac61a4efb946ed96403fe542a094c856,,1.0,kv_8000,kv_constrained_online,28342,28.342000000000002,17366,0.135473,0,,True,1,0.332375,True,0.281227,,200,0,200,0.483552,,False,1.0,0.005,sustained+high_valid_pressure,0,952bd353c79bef75dea529eeb46f1ee1ac61a4efb946ed96403fe542a094c856,industry_realism_causal_headroom_phase_d_v1.results.0.0,45.708,0.0,azure_2023_conv,phase_d_v1::azure_2023_conv::w008::kv_capacity::kv_8000::step28342,VALID_STRONGLY_CONSTRAINED,1.0,8
0.00390625,kv_capacity,phase_d_v1::azure_2023_conv::w008::kv_capacity::kv_8000::step28342::alt00::b8ddbdc3b2e90533,COUNTERFACTUAL,"{""admit"":{""0"":[131]},""hold_decode"":{},""migrate"":{},""preempt"":{},""prefill_chunk_override"":{},""swap"":{}}",b8ddbdc3b2e9053338d8ab6bda6501d653f818e43bdac5737692cfdb8547059b,True,1.0,kv_8000,kv_constrained_online,28342,28.342000000000002,17366,0.403471,0,,True,0,0.332375,True,0.280752,5,200,0,200,0.483552,"full_prefill,chunked_prefill_small,estimated_service_time_first,weighted_fair_share,least_laxity_first",False,1.0,0.005,sustained+high_valid_pressure,0,952bd353c79bef75dea529eeb46f1ee1ac61a4efb946ed96403fe542a094c856,industry_realism_causal_headroom_phase_d_v1.results.0.0,45.708,0.0,azure_2023_conv,phase_d_v1::azure_2023_conv::w008::kv_capacity::kv_8000::step28342,VALID_STRONGLY_CONSTRAINED,1.0,8
0.001953125,kv_capacity,phase_d_v1::azure_2023_conv::w008::kv_capacity::kv_8000::step43610::sbs_reference,SBS_REFERENCE,"{""admit"":{},""hold_decode"":{},""migrate"":{},""preempt"":{},""prefill_chunk_override"":{},""swap"":{}}",952bd353c79bef75dea529eeb46f1ee1ac61a4efb946ed96403fe542a094c856,,1.0,kv_8000,kv_constrained_online,43610,43.61,2098,0.021615,0,,True,1,0.158375,True,0.281227,,200,0,200,0.483552,,False,1.0,0.005,sustained+high_valid_pressure,0,952bd353c79bef75dea529eeb46f1ee1ac61a4efb946ed96403fe542a094c856,industry_realism_causal_headroom_phase_d_v1.results.0.0,45.708,0.0,azure_2023_conv,phase_d_v1::azure_2023_conv::w008::kv_capacity::kv_8000::step43610,VALID_STRONGLY_CONSTRAINED,1.0,8
0.001953125,kv_capacity,phase_d_v1::azure_2023_conv::w008::kv_capacity::kv_8000::step43610::alt00::1f536539229e95a7,COUNTERFACTUAL,"{""admit"":{""0"":[186]},""hold_decode"":{},""migrate"":{},""preempt"":{},""prefill_chunk_override"":{},""swap"":{}}",1f536539229e95a7f86894f888fb03fb2fde7d55b9a8ffc7e71faccc65af0f87,True,1.0,kv_8000,kv_constrained_online,43610,43.61,2098,0.019781,0,,True,0,0.158375,True,0.277707,5,200,0,200,0.483552,"full_prefill,chunked_prefill_small,estimated_service_time_first,weighted_fair_share,least_laxity_first",False,1.0,0.005,sustained+high_valid_pressure,0,952bd353c79bef75dea529eeb46f1ee1ac61a4efb946ed96403fe542a094c856,industry_realism_causal_headroom_phase_d_v1.results.0.0,45.708,0.0,azure_2023_conv,phase_d_v1::azure_2023_conv::w008::kv_capacity::kv_8000::step43610,VALID_STRONGLY_CONSTRAINED,1.0,8
0.001953125,kv_capacity,phase_d_v1::azure_2023_conv::w008::kv_capacity::kv_8000::step43824::sbs_reference,SBS_REFERENCE,"{""admit"":{},""hold_decode"":{},""migrate"":{},""preempt"":{},""prefill_chunk_override"":{},""swap"":{}}",952bd353c79bef75dea529eeb46f1ee1ac61a4efb946ed96403fe542a094c856,,1.0,kv_8000,kv_constrained_online,43824,43.824,1884,0.018961,0,,True,1,0.15275,True,0.281227,,200,0,200,0.483552,,False,1.0,0.005,sustained+high_valid_pressure,0,952bd353c79bef75dea529eeb46f1ee1ac61a4efb946ed96403fe542a094c856,industry_realism_causal_headroom_phase_d_v1.results.0.0,45.708,0.0,azure_2023_conv,phase_d_v1::azure_2023_conv::w008::kv_capacity::kv_8000::step43824,VALID_STRONGLY_CONSTRAINED,1.0,8
0.001953125,kv_capacity,phase_d_v1::azure_2023_conv::w008::kv_capacity::kv_8000::step43824::alt00::1f536539229e95a7,COUNTERFACTUAL,"{""admit"":{""0"":[186]},""hold_decode"":{},""migrate"":{},""preempt"":{},""prefill_chunk_override"":{},""swap"":{}}",1f536539229e95a7f86894f888fb03fb2fde7d55b9a8ffc7e71faccc65af0f87,True,1.0,kv_8000,kv_constrained_online,43824,43.824,1884,0.017383,0,,True,0,0.15275,True,0.278847,5,200,0,200,0.504656,"full_prefill,chunked_prefill_small,estimated_service_time_first,weighted_fair_share,least_laxity_first",False,1.0,0.005,sustained+high_valid_pressure,0,952bd353c79bef75dea529eeb46f1ee1ac61a4efb946ed96403fe542a094c856,industry_realism_causal_headroom_phase_d_v1.results.0.0,45.708,0.0,azure_2023_conv,phase_d_v1::azure_2023_conv::w008::kv_capacity::kv_8000::step43824,VALID_STRONGLY_CONSTRAINED,1.0,8
0.001953125,kv_capacity,phase_d_v1::azure_2023_conv::w008::kv_capacity::kv_8000::step43842::sbs_reference,SBS_REFERENCE,"{""admit"":{},""hold_decode"":{},""migrate"":{},""preempt"":{},""prefill_chunk_override"":{},""swap"":{}}",952bd353c79bef75dea529eeb46f1ee1ac61a4efb946ed96403fe542a094c856,,1.0,kv_8000,kv_constrained_online,43842,43.842,1866,0.018656,0,,True,1,0.155,True,0.281227,,200,0,200,0.483552,,False,1.0,0.005,sustained+high_valid_pressure,0,952bd353c79bef75dea529eeb46f1ee1ac61a4efb946ed96403fe542a094c856,industry_realism_causal_headroom_phase_d_v1.results.0.0,45.708,0.0,azure_2023_conv,phase_d_v1::azure_2023_conv::w008::kv_capacity::kv_8000::step43842,VALID_STRONGLY_CONSTRAINED,1.0,8
0.001953125,kv_capacity,phase_d_v1::azure_2023_conv::w008::kv_capacity::kv_8000::step43842::alt00::1f536539229e95a7,COUNTERFACTUAL,"{""admit"":{""0"":[186]},""hold_decode"":{},""migrate"":{},""preempt"":{},""prefill_chunk_override"":{},""swap"":{}}",1f536539229e95a7f86894f888fb03fb2fde7d55b9a8ffc7e71faccc65af0f87,True,1.0,kv_8000,kv_constrained_online,43842,43.842,1866,0.017574,0,,True,0,0.155,True,0.278767,5,200,0,200,0.483552,"full_prefill,chunked_prefill_small,estimated_service_time_first,weighted_fair_share,least_laxity_first",False,1.0,0.005,sustained+high_valid_pressure,0,952bd353c79bef75dea529eeb46f1ee1ac61a4efb946ed96403fe542a094c856,industry_realism_causal_headroom_phase_d_v1.results.0.0,45.708,0.0,azure_2023_conv,phase_d_v1::azure_2023_conv::w008::kv_capacity::kv_8000::step43842,VALID_STRONGLY_CONSTRAINED,1.0,8
0.001953125,kv_capacity,phase_d_v1::azure_2023_conv::w008::kv_capacity::kv_8000::step44156::sbs_reference,SBS_REFERENCE,"{""admit"":{},""hold_decode"":{},""migrate"":{},""preempt"":{},""prefill_chunk_override"":{},""swap"":{}}",952bd353c79bef75dea529eeb46f1ee1ac61a4efb946ed96403fe542a094c856,,1.0,kv_8000,kv_constrained_online,44156,44.156,1552,0.013639,0,,True,1,0.18,True,0.281227,,200,0,200,0.483552,,False,1.0,0.005,sustained+high_valid_pressure,0,952bd353c79bef75dea529eeb46f1ee1ac61a4efb946ed96403fe542a094c856,industry_realism_causal_headroom_phase_d_v1.results.0.0,45.708,0.0,azure_2023_conv,phase_d_v1::azure_2023_conv::w008::kv_capacity::kv_8000::step44156,VALID_STRONGLY_CONSTRAINED,1.0,8
0.001953125,kv_capacity,phase_d_v1::azure_2023_conv::w008::kv_capacity::kv_8000::step44156::alt00::1f536539229e95a7,COUNTERFACTUAL,"{""admit"":{""0"":[186]},""hold_decode"":{},""migrate"":{},""preempt"":{},""prefill_chunk_override"":{},""swap"":{}}",1f536539229e95a7f86894f888fb03fb2fde7d55b9a8ffc7e71faccc65af0f87,True,1.0,kv_8000,kv_constrained_online,44156,44.156,1552,0.013476,0,,True,0,0.18,True,0.280282,5,200,0,200,0.483552,"full_prefill,chunked_prefill_small,estimated_service_time_first,weighted_fair_share,least_laxity_first",False,1.0,0.005,sustained+high_valid_pressure,0,952bd353c79bef75dea529eeb46f1ee1ac61a4efb946ed96403fe542a094c856,industry_realism_causal_headroom_phase_d_v1.results.0.0,45.708,0.0,azure_2023_conv,phase_d_v1::azure_2023_conv::w008::kv_capacity::kv_8000::step44156,VALID_STRONGLY_CONSTRAINED,1.0,8
0.00390625,kv_capacity,phase_d_v1::azure_2023_conv::w012::kv_capacity::kv_8000::step10860::sbs_reference,SBS_REFERENCE,"{""admit"":{},""hold_decode"":{},""migrate"":{},""preempt"":{},""prefill_chunk_override"":{},""swap"":{}}",952bd353c79bef75dea529eeb46f1ee1ac61a4efb946ed96403fe542a094c856,,1.0,kv_8000,kv_constrained_online,10860,10.86,28766,0.24531,0,,True,1,0.31175,True,0.242158,,200,0,200,0.470901,,False,1.0,0.005,sustained+high_valid_pressure,0,952bd353c79bef75dea529eeb46f1ee1ac61a4efb946ed96403fe542a094c856,industry_realism_causal_headroom_phase_d_v1.results.0.0,39.626,0.0,azure_2023_conv,phase_d_v1::azure_2023_conv::w012::kv_capacity::kv_8000::step10860,VALID_STRONGLY_CONSTRAINED,1.0,12
0.00390625,kv_capacity,phase_d_v1::azure_2023_conv::w012::kv_capacity::kv_8000::step10860::alt00::16dd3483fc45d1b3,COUNTERFACTUAL,"{""admit"":{""0"":[53]},""hold_decode"":{},""migrate"":{},""preempt"":{},""prefill_chunk_override"":{},""swap"":{}}",16dd3483fc45d1b39c0d900301dd86d01358f3c11787b1321d39ea58dcbc220c,True,1.0,kv_8000,kv_constrained_online,10860,10.86,28766,0.270684,0,,True,0,0.31175,True,0.241338,5,200,0,200,0.470901,"full_prefill,chunked_prefill_small,estimated_service_time_first,weighted_fair_share,least_laxity_first",False,1.0,0.005,sustained+high_valid_pressure,0,952bd353c79bef75dea529eeb46f1ee1ac61a4efb946ed96403fe542a094c856,industry_realism_causal_headroom_phase_d_v1.results.0.0,39.626,0.0,azure_2023_conv,phase_d_v1::azure_2023_conv::w012::kv_capacity::kv_8000::step10860,VALID_STRONGLY_CONSTRAINED,1.0,12
0.00390625,kv_capacity,phase_d_v1::azure_2023_conv::w012::kv_capacity::kv_8000::step23613::sbs_reference,SBS_REFERENCE,"{""admit"":{},""hold_decode"":{},""migrate"":{},""preempt"":{},""prefill_chunk_override"":{},""swap"":{}}",952bd353c79bef75dea529eeb46f1ee1ac61a4efb946ed96403fe542a094c856,,1.0,kv_8000,kv_constrained_online,23613,23.613,16013,0.133893,0,,True,1,0.342125,True,0.242158,,200,0,200,0.470901,,False,1.0,0.005,sustained+high_valid_pressure,0,952bd353c79bef75dea529eeb46f1ee1ac61a4efb946ed96403fe542a094c856,industry_realism_causal_headroom_phase_d_v1.results.0.0,39.626,0.0,azure_2023_conv,phase_d_v1::azure_2023_conv::w012::kv_capacity::kv_8000::step23613,VALID_STRONGLY_CONSTRAINED,1.0,12
0.00390625,kv_capacity,phase_d_v1::azure_2023_conv::w012::kv_capacity::kv_8000::step23613::alt00::5720de9d1046f895,COUNTERFACTUAL,"{""admit"":{""0"":[123]},""hold_decode"":{},""migrate"":{},""preempt"":{},""prefill_chunk_override"":{},""swap"":{}}",5720de9d1046f895845ca10be3e16a48a4ba71309525930ced26b37a001f98d5,True,1.0,kv_8000,kv_constrained_online,23613,23.613,16013,0.175969,0,,True,0,0.342125,True,0.241943,5,200,0,200,0.470901,"full_prefill,chunked_prefill_small,estimated_service_time_first,weighted_fair_share,least_laxity_first",False,1.0,0.005,sustained+high_valid_pressure,0,952bd353c79bef75dea529eeb46f1ee1ac61a4efb946ed96403fe542a094c856,industry_realism_causal_headroom_phase_d_v1.results.0.0,39.626,0.0,azure_2023_conv,phase_d_v1::azure_2023_conv::w012::kv_capacity::kv_8000::step23613,VALID_STRONGLY_CONSTRAINED,1.0,12
0.005859375,kv_capacity,phase_d_v1::azure_2023_conv::w012::kv_capacity::kv_8000::step30736::sbs_reference,SBS_REFERENCE,"{""admit"":{},""hold_decode"":{},""migrate"":{},""preempt"":{},""prefill_chunk_override"":{},""swap"":{}}",952bd353c79bef75dea529eeb46f1ee1ac61a4efb946ed96403fe542a094c856,,1.0,kv_8000,kv_constrained_online,30736,30.736,8890,0.062037,0,,True,1,0.413625,True,0.242158,,200,0,200,0.470901,,False,1.0,0.005,sustained+high_valid_pressure,0,952bd353c79bef75dea529eeb46f1ee1ac61a4efb946ed96403fe542a094c856,industry_realism_causal_headroom_phase_d_v1.results.0.0,39.626,0.0,azure_2023_conv,phase_d_v1::azure_2023_conv::w012::kv_capacity::kv_8000::step30736,VALID_STRONGLY_CONSTRAINED,1.0,12
0.005859375,kv_capacity,phase_d_v1::azure_2023_conv::w012::kv_capacity::kv_8000::step30736::alt00::17c60a48e419f257,COUNTERFACTUAL,"{""admit"":{""0"":[163]},""hold_decode"":{},""migrate"":{},""preempt"":{},""prefill_chunk_override"":{},""swap"":{}}",17c60a48e419f2573c2945b7c029c7f4491737bcf529660e14c63ef5fa92f574,True,1.0,kv_8000,kv_constrained_online,30736,30.736,8890,0.099161,0,,True,0,0.413625,True,0.241318,5,200,0,200,0.470901,"full_prefill,chunked_prefill_small,estimated_service_time_first,weighted_fair_share,least_laxity_first",False,1.0,0.005,sustained+high_valid_pressure,0,952bd353c79bef75dea529eeb46f1ee1ac61a4efb946ed96403fe542a094c856,industry_realism_causal_headroom_phase_d_v1.results.0.0,39.626,0.0,azure_2023_conv,phase_d_v1::azure_2023_conv::w012::kv_capacity::kv_8000::step30736,VALID_STRONGLY_CONSTRAINED,1.0,12
0.005859375,kv_capacity,phase_d_v1::azure_2023_conv::w012::kv_capacity::kv_8000::step35831::sbs_reference,SBS_REFERENCE,"{""admit"":{},""hold_decode"":{},""migrate"":{},""preempt"":{},""prefill_chunk_override"":{},""swap"":{}}",952bd353c79bef75dea529eeb46f1ee1ac61a4efb946ed96403fe542a094c856,,1.0,kv_8000,kv_constrained_online,35831,35.831,3795,0.024594,0,,True,1,0.429,True,0.242158,,200,0,200,0.470901,,False,1.0,0.005,sustained+high_valid_pressure,0,952bd353c79bef75dea529eeb46f1ee1ac61a4efb946ed96403fe542a094c856,industry_realism_causal_headroom_phase_d_v1.results.0.0,39.626,0.0,azure_2023_conv,phase_d_v1::azure_2023_conv::w012::kv_capacity::kv_8000::step35831,VALID_STRONGLY_CONSTRAINED,1.0,12
0.005859375,kv_capacity,phase_d_v1::azure_2023_conv::w012::kv_capacity::kv_8000::step35831::alt00::a0704cedd8bbde97,COUNTERFACTUAL,"{""admit"":{""0"":[187]},""hold_decode"":{},""migrate"":{},""preempt"":{},""prefill_chunk_override"":{},""swap"":{}}",a0704cedd8bbde973b304aa8a3c545a1a23f677f5a31f49fd1a5b3a2bd1e1e5a,True,1.0,kv_8000,kv_constrained_online,35831,35.831,3795,0.023818,0,,True,0,0.429,True,0.240288,5,200,0,200,0.470901,"full_prefill,chunked_prefill_small,estimated_service_time_first,weighted_fair_share,least_laxity_first",False,1.0,0.005,sustained+high_valid_pressure,0,952bd353c79bef75dea529eeb46f1ee1ac61a4efb946ed96403fe542a094c856,industry_realism_causal_headroom_phase_d_v1.results.0.0,39.626,0.0,azure_2023_conv,phase_d_v1::azure_2023_conv::w012::kv_capacity::kv_8000::step35831,VALID_STRONGLY_CONSTRAINED,1.0,12
0.00390625,kv_capacity,phase_d_v1::azure_2023_conv::w012::kv_capacity::kv_8000::step36035::sbs_reference,SBS_REFERENCE,"{""admit"":{},""hold_decode"":{},""migrate"":{},""preempt"":{},""prefill_chunk_override"":{},""swap"":{}}",952bd353c79bef75dea529eeb46f1ee1ac61a4efb946ed96403fe542a094c856,,1.0,kv_8000,kv_constrained_online,36035,36.035000000000004,3591,0.021126,0,,True,1,0.314875,True,0.242158,,200,0,200,0.470901,,False,1.0,0.005,sustained+high_valid_pressure,0,952bd353c79bef75dea529eeb46f1ee1ac61a4efb946ed96403fe542a094c856,industry_realism_causal_headroom_phase_d_v1.results.0.0,39.626,0.0,azure_2023_conv,phase_d_v1::azure_2023_conv::w012::kv_capacity::kv_8000::step36035,VALID_STRONGLY_CONSTRAINED,1.0,12
0.00390625,kv_capacity,phase_d_v1::azure_2023_conv::w012::kv_capacity::kv_8000::step36035::alt00::a0704cedd8bbde97,COUNTERFACTUAL,"{""admit"":{""0"":[187]},""hold_decode"":{},""migrate"":{},""preempt"":{},""prefill_chunk_override"":{},""swap"":{}}",a0704cedd8bbde973b304aa8a3c545a1a23f677f5a31f49fd1a5b3a2bd1e1e5a,True,1.0,kv_8000,kv_constrained_online,36035,36.035000000000004,3591,0.022022,0,,True,0,0.314875,True,0.241228,5,200,0,200,0.470901,"full_prefill,chunked_prefill_small,estimated_service_time_first,weighted_fair_share,least_laxity_first",False,1.0,0.005,sustained+high_valid_pressure,0,952bd353c79bef75dea529eeb46f1ee1ac61a4efb946ed96403fe542a094c856,industry_realism_causal_headroom_phase_d_v1.results.0.0,39.626,0.0,azure_2023_conv,phase_d_v1::azure_2023_conv::w012::kv_capacity::kv_8000::step36035,VALID_STRONGLY_CONSTRAINED,1.0,12
0.00390625,kv_capacity,phase_d_v1::azure_2023_conv::w016::kv_capacity::kv_8000::step19733::sbs_reference,SBS_REFERENCE,"{""admit"":{},""hold_decode"":{},""migrate"":{},""preempt"":{},""prefill_chunk_override"":{},""swap"":{}}",952bd353c79bef75dea529eeb46f1ee1ac61a4efb946ed96403fe542a094c856,,1.0,kv_8000,kv_constrained_online,19733,19.733,21133,0.193483,0,,True,1,0.3315,True,0.243972,,200,0,200,0.484422,,False,1.0,0.005,sustained+high_valid_pressure,0,952bd353c79bef75dea529eeb46f1ee1ac61a4efb946ed96403fe542a094c856,industry_realism_causal_headroom_phase_d_v1.results.0.0,40.866,0.0,azure_2023_conv,phase_d_v1::azure_2023_conv::w016::kv_capacity::kv_8000::step19733,VALID_STRONGLY_CONSTRAINED,1.0,16
0.00390625,kv_capacity,phase_d_v1::azure_2023_conv::w016::kv_capacity::kv_8000::step19733::alt00::6acc6060e5229a07,COUNTERFACTUAL,"{""admit"":{""0"":[90]},""hold_decode"":{},""migrate"":{},""preempt"":{},""prefill_chunk_override"":{},""swap"":{}}",6acc6060e5229a07d7f1dbdf4d7cb81c6adce4ab4c1453975730beff6724b92f,True,1.0,kv_8000,kv_constrained_online,19733,19.733,21133,0.217381,0,,True,0,0.3315,True,0.243247,5,200,0,200,0.484422,"full_prefill,chunked_prefill_small,estimated_service_time_first,weighted_fair_share,least_laxity_first",False,1.0,0.005,sustained+high_valid_pressure,0,952bd353c79bef75dea529eeb46f1ee1ac61a4efb946ed96403fe542a094c856,industry_realism_causal_headroom_phase_d_v1.results.0.0,40.866,0.0,azure_2023_conv,phase_d_v1::azure_2023_conv::w016::kv_capacity::kv_8000::step19733,VALID_STRONGLY_CONSTRAINED,1.0,16
0.00390625,kv_capacity,phase_d_v1::azure_2023_conv::w016::kv_capacity::kv_8000::step19758::sbs_reference,SBS_REFERENCE,"{""admit"":{},""hold_decode"":{},""migrate"":{},""preempt"":{},""prefill_chunk_override"":{},""swap"":{}}",952bd353c79bef75dea529eeb46f1ee1ac61a4efb946ed96403fe542a094c856,,1.0,kv_8000,kv_constrained_online,19758,19.758,21108,0.195399,0,,True,1,0.33775,True,0.243972,,200,0,200,0.484422,,False,1.0,0.005,sustained+high_valid_pressure,0,952bd353c79bef75dea529eeb46f1ee1ac61a4efb946ed96403fe542a094c856,industry_realism_causal_headroom_phase_d_v1.results.0.0,40.866,0.0,azure_2023_conv,phase_d_v1::azure_2023_conv::w016::kv_capacity::kv_8000::step19758,VALID_STRONGLY_CONSTRAINED,1.0,16
0.00390625,kv_capacity,phase_d_v1::azure_2023_conv::w016::kv_capacity::kv_8000::step19758::alt00::6acc6060e5229a07,COUNTERFACTUAL,"{""admit"":{""0"":[90]},""hold_decode"":{},""migrate"":{},""preempt"":{},""prefill_chunk_override"":{},""swap"":{}}",6acc6060e5229a07d7f1dbdf4d7cb81c6adce4ab4c1453975730beff6724b92f,True,1.0,kv_8000,kv_constrained_online,19758,19.758,21108,0.278123,0,,True,0,0.33775,True,0.243372,5,200,0,200,0.484422,"full_prefill,chunked_prefill_small,estimated_service_time_first,weighted_fair_share,least_laxity_first",False,1.0,0.005,sustained+high_valid_pressure,0,952bd353c79bef75dea529eeb46f1ee1ac61a4efb946ed96403fe542a094c856,industry_realism_causal_headroom_phase_d_v1.results.0.0,40.866,0.0,azure_2023_conv,phase_d_v1::azure_2023_conv::w016::kv_capacity::kv_8000::step19758,VALID_STRONGLY_CONSTRAINED,1.0,16
0.00390625,kv_capacity,phase_d_v1::azure_2023_conv::w016::kv_capacity::kv_8000::step19790::sbs_reference,SBS_REFERENCE,"{""admit"":{},""hold_decode"":{},""migrate"":{},""preempt"":{},""prefill_chunk_override"":{},""swap"":{}}",952bd353c79bef75dea529eeb46f1ee1ac61a4efb946ed96403fe542a094c856,,1.0,kv_8000,kv_constrained_online,19790,19.79,21076,0.192493,0,,True,1,0.34575,True,0.243972,,200,0,200,0.484422,,False,1.0,0.005,sustained+high_valid_pressure,0,952bd353c79bef75dea529eeb46f1ee1ac61a4efb946ed96403fe542a094c856,industry_realism_causal_headroom_phase_d_v1.results.0.0,40.866,0.0,azure_2023_conv,phase_d_v1::azure_2023_conv::w016::kv_capacity::kv_8000::step19790,VALID_STRONGLY_CONSTRAINED,1.0,16
0.00390625,kv_capacity,phase_d_v1::azure_2023_conv::w016::kv_capacity::kv_8000::step19790::alt00::6acc6060e5229a07,COUNTERFACTUAL,"{""admit"":{""0"":[90]},""hold_decode"":{},""migrate"":{},""preempt"":{},""prefill_chunk_override"":{},""swap"":{}}",6acc6060e5229a07d7f1dbdf4d7cb81c6adce4ab4c1453975730beff6724b92f,True,1.0,kv_8000,kv_constrained_online,19790,19.79,21076,0.279399,0,,True,0,0.34575,True,0.243532,5,200,0,200,0.484422,"full_prefill,chunked_prefill_small,estimated_service_time_first,weighted_fair_share,least_laxity_first",False,1.0,0.005,sustained+high_valid_pressure,0,952bd353c79bef75dea529eeb46f1ee1ac61a4efb946ed96403fe542a094c856,industry_realism_causal_headroom_phase_d_v1.results.0.0,40.866,0.0,azure_2023_conv,phase_d_v1::azure_2023_conv::w016::kv_capacity::kv_8000::step19790,VALID_STRONGLY_CONSTRAINED,1.0,16
0.00390625,kv_capacity,phase_d_v1::azure_2023_conv::w016::kv_capacity::kv_8000::step24237::sbs_reference,SBS_REFERENCE,"{""admit"":{},""hold_decode"":{},""migrate"":{},""preempt"":{},""prefill_chunk_override"":{},""swap"":{}}",952bd353c79bef75dea529eeb46f1ee1ac61a4efb946ed96403fe542a094c856,,1.0,kv_8000,kv_constrained_online,24237,24.237000000000002,16629,0.178698,0,,True,1,0.33,True,0.243972,,200,0,200,0.484422,,False,1.0,0.005,sustained+high_valid_pressure,0,952bd353c79bef75dea529eeb46f1ee1ac61a4efb946ed96403fe542a094c856,industry_realism_causal_headroom_phase_d_v1.results.0.0,40.866,0.0,azure_2023_conv,phase_d_v1::azure_2023_conv::w016::kv_capacity::kv_8000::step24237,VALID_STRONGLY_CONSTRAINED,1.0,16
0.00390625,kv_capacity,phase_d_v1::azure_2023_conv::w016::kv_capacity::kv_8000::step24237::alt00::f170ea774a67650e,COUNTERFACTUAL,"{""admit"":{""0"":[112]},""hold_decode"":{},""migrate"":{},""preempt"":{},""prefill_chunk_override"":{},""swap"":{}}",f170ea774a67650ee8daadb34346399569cb6c63e931634ccd0219842293ce15,True,1.0,kv_8000,kv_constrained_online,24237,24.237000000000002,16629,0.19675,0,,True,0,0.33,True,0.243552,5,200,0,200,0.484422,"full_prefill,chunked_prefill_small,estimated_service_time_first,weighted_fair_share,least_laxity_first",False,1.0,0.005,sustained+high_valid_pressure,0,952bd353c79bef75dea529eeb46f1ee1ac61a4efb946ed96403fe542a094c856,industry_realism_causal_headroom_phase_d_v1.results.0.0,40.866,0.0,azure_2023_conv,phase_d_v1::azure_2023_conv::w016::kv_capacity::kv_8000::step24237,VALID_STRONGLY_CONSTRAINED,1.0,16
0.005859375,kv_capacity,phase_d_v1::azure_2023_conv::w016::kv_capacity::kv_8000::step26894::sbs_reference,SBS_REFERENCE,"{""admit"":{},""hold_decode"":{},""migrate"":{},""preempt"":{},""prefill_chunk_override"":{},""swap"":{}}",952bd353c79bef75dea529eeb46f1ee1ac61a4efb946ed96403fe542a094c856,,1.0,kv_8000,kv_constrained_online,26894,26.894000000000002,13972,0.13328,0,,True,1,0.735125,True,0.243972,,200,0,200,0.484422,,False,1.0,0.005,sustained+high_valid_pressure,0,952bd353c79bef75dea529eeb46f1ee1ac61a4efb946ed96403fe542a094c856,industry_realism_causal_headroom_phase_d_v1.results.0.0,40.866,0.0,azure_2023_conv,phase_d_v1::azure_2023_conv::w016::kv_capacity::kv_8000::step26894,VALID_STRONGLY_CONSTRAINED,1.0,16
0.005859375,kv_capacity,phase_d_v1::azure_2023_conv::w016::kv_capacity::kv_8000::step26894::alt00::6a3a3979973679cb,COUNTERFACTUAL,"{""admit"":{""0"":[127]},""hold_decode"":{},""migrate"":{},""preempt"":{},""prefill_chunk_override"":{},""swap"":{}}",6a3a3979973679cbe241c274bd7248d0ce10c791006d0d2bacc539258377fec4,True,1.0,kv_8000,kv_constrained_online,26894,26.894000000000002,13972,0.163747,0,,True,0,0.735125,True,0.243562,5,200,0,200,0.474049,"full_prefill,chunked_prefill_small,estimated_service_time_first,weighted_fair_share,least_laxity_first",False,1.0,0.005,sustained+high_valid_pressure,0,952bd353c79bef75dea529eeb46f1ee1ac61a4efb946ed96403fe542a094c856,industry_realism_causal_headroom_phase_d_v1.results.0.0,40.866,0.0,azure_2023_conv,phase_d_v1::azure_2023_conv::w016::kv_capacity::kv_8000::step26894,VALID_STRONGLY_CONSTRAINED,1.0,16
0.005859375,kv_capacity,phase_d_v1::azure_2023_conv::w016::kv_capacity::kv_8000::step26908::sbs_reference,SBS_REFERENCE,"{""admit"":{},""hold_decode"":{},""migrate"":{},""preempt"":{},""prefill_chunk_override"":{},""swap"":{}}",952bd353c79bef75dea529eeb46f1ee1ac61a4efb946ed96403fe542a094c856,,1.0,kv_8000,kv_constrained_online,26908,26.908,13958,0.133135,0,,True,1,0.740375,True,0.243972,,200,0,200,0.484422,,False,1.0,0.005,sustained+high_valid_pressure,0,952bd353c79bef75dea529eeb46f1ee1ac61a4efb946ed96403fe542a094c856,industry_realism_causal_headroom_phase_d_v1.results.0.0,40.866,0.0,azure_2023_conv,phase_d_v1::azure_2023_conv::w016::kv_capacity::kv_8000::step26908,VALID_STRONGLY_CONSTRAINED,1.0,16
0.005859375,kv_capacity,phase_d_v1::azure_2023_conv::w016::kv_capacity::kv_8000::step26908::alt00::6a3a3979973679cb,COUNTERFACTUAL,"{""admit"":{""0"":[127]},""hold_decode"":{},""migrate"":{},""preempt"":{},""prefill_chunk_override"":{},""swap"":{}}",6a3a3979973679cbe241c274bd7248d0ce10c791006d0d2bacc539258377fec4,True,1.0,kv_8000,kv_constrained_online,26908,26.908,13958,0.204053,0,,True,0,0.740375,True,0.243632,5,200,0,200,0.474049,"full_prefill,chunked_prefill_small,estimated_service_time_first,weighted_fair_share,least_laxity_first",False,1.0,0.005,sustained+high_valid_pressure,0,952bd353c79bef75dea529eeb46f1ee1ac61a4efb946ed96403fe542a094c856,industry_realism_causal_headroom_phase_d_v1.results.0.0,40.866,0.0,azure_2023_conv,phase_d_v1::azure_2023_conv::w016::kv_capacity::kv_8000::step26908,VALID_STRONGLY_CONSTRAINED,1.0,16
0.005859375,kv_capacity,phase_d_v1::azure_2023_conv::w016::kv_capacity::kv_8000::step26939::sbs_reference,SBS_REFERENCE,"{""admit"":{},""hold_decode"":{},""migrate"":{},""preempt"":{},""prefill_chunk_override"":{},""swap"":{}}",952bd353c79bef75dea529eeb46f1ee1ac61a4efb946ed96403fe542a094c856,,1.0,kv_8000,kv_constrained_online,26939,26.939,13927,0.13032,0,,True,1,0.752,True,0.243972,,200,0,200,0.484422,,False,1.0,0.005,sustained+high_valid_pressure,0,952bd353c79bef75dea529eeb46f1ee1ac61a4efb946ed96403fe542a094c856,industry_realism_causal_headroom_phase_d_v1.results.0.0,40.866,0.0,azure_2023_conv,phase_d_v1::azure_2023_conv::w016::kv_capacity::kv_8000::step26939,VALID_STRONGLY_CONSTRAINED,1.0,16
0.005859375,kv_capacity,phase_d_v1::azure_2023_conv::w016::kv_capacity::kv_8000::step26939::alt00::6a3a3979973679cb,COUNTERFACTUAL,"{""admit"":{""0"":[127]},""hold_decode"":{},""migrate"":{},""preempt"":{},""prefill_chunk_override"":{},""swap"":{}}",6a3a3979973679cbe241c274bd7248d0ce10c791006d0d2bacc539258377fec4,True,1.0,kv_8000,kv_constrained_online,26939,26.939,13927,0.161886,0,,True,0,0.752,True,0.243787,5,200,0,200,0.480216,"full_prefill,chunked_prefill_small,estimated_service_time_first,weighted_fair_share,least_laxity_first",False,1.0,0.005,sustained+high_valid_pressure,0,952bd353c79bef75dea529eeb46f1ee1ac61a4efb946ed96403fe542a094c856,industry_realism_causal_headroom_phase_d_v1.results.0.0,40.866,0.0,azure_2023_conv,phase_d_v1::azure_2023_conv::w016::kv_capacity::kv_8000::step26939,VALID_STRONGLY_CONSTRAINED,1.0,16
0.00390625,kv_capacity,phase_d_v1::azure_2023_conv::w016::kv_capacity::kv_8000::step30156::sbs_reference,SBS_REFERENCE,"{""admit"":{},""hold_decode"":{},""migrate"":{},""preempt"":{},""prefill_chunk_override"":{},""swap"":{}}",952bd353c79bef75dea529eeb46f1ee1ac61a4efb946ed96403fe542a094c856,,1.0,kv_8000,kv_constrained_online,30156,30.156000000000002,10710,0.100427,0,,True,1,0.322,True,0.243972,,200,0,200,0.484422,,False,1.0,0.005,sustained+high_valid_pressure,0,952bd353c79bef75dea529eeb46f1ee1ac61a4efb946ed96403fe542a094c856,industry_realism_causal_headroom_phase_d_v1.results.0.0,40.866,0.0,azure_2023_conv,phase_d_v1::azure_2023_conv::w016::kv_capacity::kv_8000::step30156,VALID_STRONGLY_CONSTRAINED,1.0,16
0.00390625,kv_capacity,phase_d_v1::azure_2023_conv::w016::kv_capacity::kv_8000::step30156::alt00::581e6d544099e6a0,COUNTERFACTUAL,"{""admit"":{""0"":[140]},""hold_decode"":{},""migrate"":{},""preempt"":{},""prefill_chunk_override"":{},""swap"":{}}",581e6d544099e6a092cd8027f8216e13ae3dc0681f454470f9f42111d14aac09,True,1.0,kv_8000,kv_constrained_online,30156,30.156000000000002,10710,0.136106,0,,True,0,0.322,True,0.243162,5,200,0,200,0.484422,"full_prefill,chunked_prefill_small,estimated_service_time_first,weighted_fair_share,least_laxity_first",False,1.0,0.005,sustained+high_valid_pressure,0,952bd353c79bef75dea529eeb46f1ee1ac61a4efb946ed96403fe542a094c856,industry_realism_causal_headroom_phase_d_v1.results.0.0,40.866,0.0,azure_2023_conv,phase_d_v1::azure_2023_conv::w016::kv_capacity::kv_8000::step30156,VALID_STRONGLY_CONSTRAINED,1.0,16
0.00390625,kv_capacity,phase_d_v1::azure_2023_conv::w016::kv_capacity::kv_8000::step30254::sbs_reference,SBS_REFERENCE,"{""admit"":{},""hold_decode"":{},""migrate"":{},""preempt"":{},""prefill_chunk_override"":{},""swap"":{}}",952bd353c79bef75dea529eeb46f1ee1ac61a4efb946ed96403fe542a094c856,,1.0,kv_8000,kv_constrained_online,30254,30.254,10612,0.124169,0,,True,1,0.3465,True,0.243972,,200,0,200,0.484422,,False,1.0,0.005,sustained+high_valid_pressure,0,952bd353c79bef75dea529eeb46f1ee1ac61a4efb946ed96403fe542a094c856,industry_realism_causal_headroom_phase_d_v1.results.0.0,40.866,0.0,azure_2023_conv,phase_d_v1::azure_2023_conv::w016::kv_capacity::kv_8000::step30254,VALID_STRONGLY_CONSTRAINED,1.0,16
0.00390625,kv_capacity,phase_d_v1::azure_2023_conv::w016::kv_capacity::kv_8000::step30254::alt00::581e6d544099e6a0,COUNTERFACTUAL,"{""admit"":{""0"":[140]},""hold_decode"":{},""migrate"":{},""preempt"":{},""prefill_chunk_override"":{},""swap"":{}}",581e6d544099e6a092cd8027f8216e13ae3dc0681f454470f9f42111d14aac09,True,1.0,kv_8000,kv_constrained_online,30254,30.254,10612,0.145106,0,,True,0,0.3465,True,0.243652,5,200,0,200,0.484422,"full_prefill,chunked_prefill_small,estimated_service_time_first,weighted_fair_share,least_laxity_first",False,1.0,0.005,sustained+high_valid_pressure,0,952bd353c79bef75dea529eeb46f1ee1ac61a4efb946ed96403fe542a094c856,industry_realism_causal_headroom_phase_d_v1.results.0.0,40.866,0.0,azure_2023_conv,phase_d_v1::azure_2023_conv::w016::kv_capacity::kv_8000::step30254,VALID_STRONGLY_CONSTRAINED,1.0,16
0.00390625,kv_capacity,phase_d_v1::azure_2023_conv::w016::kv_capacity::kv_8000::step30278::sbs_reference,SBS_REFERENCE,"{""admit"":{},""hold_decode"":{},""migrate"":{},""preempt"":{},""prefill_chunk_override"":{},""swap"":{}}",952bd353c79bef75dea529eeb46f1ee1ac61a4efb946ed96403fe542a094c856,,1.0,kv_8000,kv_constrained_online,30278,30.278000000000002,10588,0.1023,0,,True,1,0.3525,True,0.243972,,200,0,200,0.484422,,False,1.0,0.005,sustained+high_valid_pressure,0,952bd353c79bef75dea529eeb46f1ee1ac61a4efb946ed96403fe542a094c856,industry_realism_causal_headroom_phase_d_v1.results.0.0,40.866,0.0,azure_2023_conv,phase_d_v1::azure_2023_conv::w016::kv_capacity::kv_8000::step30278,VALID_STRONGLY_CONSTRAINED,1.0,16
0.00390625,kv_capacity,phase_d_v1::azure_2023_conv::w016::kv_capacity::kv_8000::step30278::alt00::581e6d544099e6a0,COUNTERFACTUAL,"{""admit"":{""0"":[140]},""hold_decode"":{},""migrate"":{},""preempt"":{},""prefill_chunk_override"":{},""swap"":{}}",581e6d544099e6a092cd8027f8216e13ae3dc0681f454470f9f42111d14aac09,True,1.0,kv_8000,kv_constrained_online,30278,30.278000000000002,10588,0.136551,0,,True,0,0.3525,True,0.243772,5,200,0,200,0.484422,"full_prefill,chunked_prefill_small,estimated_service_time_first,weighted_fair_share,least_laxity_first",False,1.0,0.005,sustained+high_valid_pressure,0,952bd353c79bef75dea529eeb46f1ee1ac61a4efb946ed96403fe542a094c856,industry_realism_causal_headroom_phase_d_v1.results.0.0,40.866,0.0,azure_2023_conv,phase_d_v1::azure_2023_conv::w016::kv_capacity::kv_8000::step30278,VALID_STRONGLY_CONSTRAINED,1.0,16
0.00390625,kv_capacity,phase_d_v1::azure_2023_conv::w016::kv_capacity::kv_8000::step30301::sbs_reference,SBS_REFERENCE,"{""admit"":{},""hold_decode"":{},""migrate"":{},""preempt"":{},""prefill_chunk_override"":{},""swap"":{}}",952bd353c79bef75dea529eeb46f1ee1ac61a4efb946ed96403fe542a094c856,,1.0,kv_8000,kv_constrained_online,30301,30.301000000000002,10565,0.099651,0,,True,1,0.35825,True,0.243972,,200,0,200,0.484422,,False,1.0,0.005,sustained+high_valid_pressure,0,952bd353c79bef75dea529eeb46f1ee1ac61a4efb946ed96403fe542a094c856,industry_realism_causal_headroom_phase_d_v1.results.0.0,40.866,0.0,azure_2023_conv,phase_d_v1::azure_2023_conv::w016::kv_capacity::kv_8000::step30301,VALID_STRONGLY_CONSTRAINED,1.0,16
0.00390625,kv_capacity,phase_d_v1::azure_2023_conv::w016::kv_capacity::kv_8000::step30301::alt00::581e6d544099e6a0,COUNTERFACTUAL,"{""admit"":{""0"":[140]},""hold_decode"":{},""migrate"":{},""preempt"":{},""prefill_chunk_override"":{},""swap"":{}}",581e6d544099e6a092cd8027f8216e13ae3dc0681f454470f9f42111d14aac09,True,1.0,kv_8000,kv_constrained_online,30301,30.301000000000002,10565,0.135399,0,,True,0,0.35825,True,0.243887,5,200,0,200,0.484422,"full_prefill,chunked_prefill_small,estimated_service_time_first,weighted_fair_share,least_laxity_first",False,1.0,0.005,sustained+high_valid_pressure,0,952bd353c79bef75dea529eeb46f1ee1ac61a4efb946ed96403fe542a094c856,industry_realism_causal_headroom_phase_d_v1.results.0.0,40.866,0.0,azure_2023_conv,phase_d_v1::azure_2023_conv::w016::kv_capacity::kv_8000::step30301,VALID_STRONGLY_CONSTRAINED,1.0,16
0.00390625,kv_capacity,phase_d_v1::azure_2023_conv::w016::kv_capacity::kv_8000::step30303::sbs_reference,SBS_REFERENCE,"{""admit"":{},""hold_decode"":{},""migrate"":{},""preempt"":{},""prefill_chunk_override"":{},""swap"":{}}",952bd353c79bef75dea529eeb46f1ee1ac61a4efb946ed96403fe542a094c856,,1.0,kv_8000,kv_constrained_online,30303,30.303,10563,0.098017,0,,True,1,0.35875,True,0.243972,,200,0,200,0.484422,,False,1.0,0.005,sustained+high_valid_pressure,0,952bd353c79bef75dea529eeb46f1ee1ac61a4efb946ed96403fe542a094c856,industry_realism_causal_headroom_phase_d_v1.results.0.0,40.866,0.0,azure_2023_conv,phase_d_v1::azure_2023_conv::w016::kv_capacity::kv_8000::step30303,VALID_STRONGLY_CONSTRAINED,1.0,16
0.00390625,kv_capacity,phase_d_v1::azure_2023_conv::w016::kv_capacity::kv_8000::step30303::alt00::581e6d544099e6a0,COUNTERFACTUAL,"{""admit"":{""0"":[140]},""hold_decode"":{},""migrate"":{},""preempt"":{},""prefill_chunk_override"":{},""swap"":{}}",581e6d544099e6a092cd8027f8216e13ae3dc0681f454470f9f42111d14aac09,True,1.0,kv_8000,kv_constrained_online,30303,30.303,10563,0.1361,0,,True,0,0.35875,True,0.243897,5,200,0,200,0.484422,"full_prefill,chunked_prefill_small,estimated_service_time_first,weighted_fair_share,least_laxity_first",False,1.0,0.005,sustained+high_valid_pressure,0,952bd353c79bef75dea529eeb46f1ee1ac61a4efb946ed96403fe542a094c856,industry_realism_causal_headroom_phase_d_v1.results.0.0,40.866,0.0,azure_2023_conv,phase_d_v1::azure_2023_conv::w016::kv_capacity::kv_8000::step30303,VALID_STRONGLY_CONSTRAINED,1.0,16
0.005859375,kv_capacity,phase_d_v1::azure_2023_conv::w016::kv_capacity::kv_8000::step33419::sbs_reference,SBS_REFERENCE,"{""admit"":{},""hold_decode"":{},""migrate"":{},""preempt"":{},""prefill_chunk_override"":{},""swap"":{}}",952bd353c79bef75dea529eeb46f1ee1ac61a4efb946ed96403fe542a094c856,,1.0,kv_8000,kv_constrained_online,33419,33.419000000000004,7447,0.064076,0,,True,1,0.36775,True,0.243972,,200,0,200,0.484422,,False,1.0,0.005,sustained+high_valid_pressure,0,952bd353c79bef75dea529eeb46f1ee1ac61a4efb946ed96403fe542a094c856,industry_realism_causal_headroom_phase_d_v1.results.0.0,40.866,0.0,azure_2023_conv,phase_d_v1::azure_2023_conv::w016::kv_capacity::kv_8000::step33419,VALID_STRONGLY_CONSTRAINED,1.0,16
0.005859375,kv_capacity,phase_d_v1::azure_2023_conv::w016::kv_capacity::kv_8000::step33419::alt00::2ab1a09b0ddf2615,COUNTERFACTUAL,"{""admit"":{""0"":[160]},""hold_decode"":{},""migrate"":{},""preempt"":{},""prefill_chunk_override"":{},""swap"":{}}",2ab1a09b0ddf26152bafdf9cffad6cd893e5258da78d531e33b661e1763163eb,True,1.0,kv_8000,kv_constrained_online,33419,33.419000000000004,7447,0.064178,0,,True,0,0.36775,True,0.243897,5,200,0,200,0.474556,"full_prefill,chunked_prefill_small,estimated_service_time_first,weighted_fair_share,least_laxity_first",False,1.0,0.005,sustained+high_valid_pressure,0,952bd353c79bef75dea529eeb46f1ee1ac61a4efb946ed96403fe542a094c856,industry_realism_causal_headroom_phase_d_v1.results.0.0,40.866,0.0,azure_2023_conv,phase_d_v1::azure_2023_conv::w016::kv_capacity::kv_8000::step33419,VALID_STRONGLY_CONSTRAINED,1.0,16
0.005859375,kv_capacity,phase_d_v1::azure_2023_conv::w016::kv_capacity::kv_8000::step33433::sbs_reference,SBS_REFERENCE,"{""admit"":{},""hold_decode"":{},""migrate"":{},""preempt"":{},""prefill_chunk_override"":{},""swap"":{}}",952bd353c79bef75dea529eeb46f1ee1ac61a4efb946ed96403fe542a094c856,,1.0,kv_8000,kv_constrained_online,33433,33.433,7433,0.064906,0,,True,1,0.373,True,0.243972,,200,0,200,0.484422,,False,1.0,0.005,sustained+high_valid_pressure,0,952bd353c79bef75dea529eeb46f1ee1ac61a4efb946ed96403fe542a094c856,industry_realism_causal_headroom_phase_d_v1.results.0.0,40.866,0.0,azure_2023_conv,phase_d_v1::azure_2023_conv::w016::kv_capacity::kv_8000::step33433,VALID_STRONGLY_CONSTRAINED,1.0,16
0.005859375,kv_capacity,phase_d_v1::azure_2023_conv::w016::kv_capacity::kv_8000::step33433::alt00::2ab1a09b0ddf2615,COUNTERFACTUAL,"{""admit"":{""0"":[160]},""hold_decode"":{},""migrate"":{},""preempt"":{},""prefill_chunk_override"":{},""swap"":{}}",2ab1a09b0ddf26152bafdf9cffad6cd893e5258da78d531e33b661e1763163eb,True,1.0,kv_8000,kv_constrained_online,33433,33.433,7433,0.10028,0,,True,0,0.373,True,0.243967,5,200,0,200,0.476822,"full_prefill,chunked_prefill_small,estimated_service_time_first,weighted_fair_share,least_laxity_first",False,1.0,0.005,sustained+high_valid_pressure,0,952bd353c79bef75dea529eeb46f1ee1ac61a4efb946ed96403fe542a094c856,industry_realism_causal_headroom_phase_d_v1.results.0.0,40.866,0.0,azure_2023_conv,phase_d_v1::azure_2023_conv::w016::kv_capacity::kv_8000::step33433,VALID_STRONGLY_CONSTRAINED,1.0,16
0.005859375,kv_capacity,phase_d_v1::azure_2023_conv::w016::kv_capacity::kv_8000::step33434::sbs_reference,SBS_REFERENCE,"{""admit"":{},""hold_decode"":{},""migrate"":{},""preempt"":{},""prefill_chunk_override"":{},""swap"":{}}",952bd353c79bef75dea529eeb46f1ee1ac61a4efb946ed96403fe542a094c856,,1.0,kv_8000,kv_constrained_online,33434,33.434,7432,0.064552,0,,True,1,0.373375,True,0.243972,,200,0,200,0.484422,,False,1.0,0.005,sustained+high_valid_pressure,0,952bd353c79bef75dea529eeb46f1ee1ac61a4efb946ed96403fe542a094c856,industry_realism_causal_headroom_phase_d_v1.results.0.0,40.866,0.0,azure_2023_conv,phase_d_v1::azure_2023_conv::w016::kv_capacity::kv_8000::step33434,VALID_STRONGLY_CONSTRAINED,1.0,16
0.005859375,kv_capacity,phase_d_v1::azure_2023_conv::w016::kv_capacity::kv_8000::step33434::alt00::2ab1a09b0ddf2615,COUNTERFACTUAL,"{""admit"":{""0"":[160]},""hold_decode"":{},""migrate"":{},""preempt"":{},""prefill_chunk_override"":{},""swap"":{}}",2ab1a09b0ddf26152bafdf9cffad6cd893e5258da78d531e33b661e1763163eb,True,1.0,kv_8000,kv_constrained_online,33434,33.434,7432,0.063301,0,,True,0,0.373375,True,0.243972,5,200,0,200,0.477772,"full_prefill,chunked_prefill_small,estimated_service_time_first,weighted_fair_share,least_laxity_first",False,1.0,0.005,sustained+high_valid_pressure,0,952bd353c79bef75dea529eeb46f1ee1ac61a4efb946ed96403fe542a094c856,industry_realism_causal_headroom_phase_d_v1.results.0.0,40.866,0.0,azure_2023_conv,phase_d_v1::azure_2023_conv::w016::kv_capacity::kv_8000::step33434,VALID_STRONGLY_CONSTRAINED,1.0,16
0.0078125,kv_capacity,phase_d_v1::azure_2023_conv::w020::kv_capacity::kv_8000::step9997::sbs_reference,SBS_REFERENCE,"{""admit"":{},""hold_decode"":{},""migrate"":{},""preempt"":{},""prefill_chunk_override"":{},""swap"":{}}",952bd353c79bef75dea529eeb46f1ee1ac61a4efb946ed96403fe542a094c856,,1.0,kv_8000,kv_constrained_online,9997,9.997,26419,0.248999,0,,True,1,0.6905,True,0.230424,,200,0,200,0.468097,,False,1.0,0.005,sustained+high_valid_pressure,0,952bd353c79bef75dea529eeb46f1ee1ac61a4efb946ed96403fe542a094c856,industry_realism_causal_headroom_phase_d_v1.results.0.0,36.416,0.0,azure_2023_conv,phase_d_v1::azure_2023_conv::w020::kv_capacity::kv_8000::step9997,VALID_STRONGLY_CONSTRAINED,1.0,20
0.0078125,kv_capacity,phase_d_v1::azure_2023_conv::w020::kv_capacity::kv_8000::step9997::alt00::e4e7e7409ecbd5b9,COUNTERFACTUAL,"{""admit"":{""0"":[54]},""hold_decode"":{},""migrate"":{},""preempt"":{},""prefill_chunk_override"":{},""swap"":{}}",e4e7e7409ecbd5b971853a4edeff1ee9f7f64a2297e9b9a5c2c0c5adc0de45ab,True,1.0,kv_8000,kv_constrained_online,9997,9.997,26419,0.256973,0,,True,0,0.6905,True,0.230214,5,200,0,200,0.468097,"full_prefill,chunked_prefill_small,estimated_service_time_first,weighted_fair_share,least_laxity_first",False,1.0,0.005,sustained+high_valid_pressure,0,952bd353c79bef75dea529eeb46f1ee1ac61a4efb946ed96403fe542a094c856,industry_realism_causal_headroom_phase_d_v1.results.0.0,36.416,0.0,azure_2023_conv,phase_d_v1::azure_2023_conv::w020::kv_capacity::kv_8000::step9997,VALID_STRONGLY_CONSTRAINED,1.0,20
0.0078125,kv_capacity,phase_d_v1::azure_2023_conv::w020::kv_capacity::kv_8000::step14495::sbs_reference,SBS_REFERENCE,"{""admit"":{},""hold_decode"":{},""migrate"":{},""preempt"":{},""prefill_chunk_override"":{},""swap"":{}}",952bd353c79bef75dea529eeb46f1ee1ac61a4efb946ed96403fe542a094c856,,1.0,kv_8000,kv_constrained_online,14495,14.495000000000001,21921,0.250381,0,,True,1,0.837125,True,0.230424,,200,0,200,0.468097,,False,1.0,0.005,sustained+high_valid_pressure,0,952bd353c79bef75dea529eeb46f1ee1ac61a4efb946ed96403fe542a094c856,industry_realism_causal_headroom_phase_d_v1.results.0.0,36.416,0.0,azure_2023_conv,phase_d_v1::azure_2023_conv::w020::kv_capacity::kv_8000::step14495,VALID_STRONGLY_CONSTRAINED,1.0,20
0.0078125,kv_capacity,phase_d_v1::azure_2023_conv::w020::kv_capacity::kv_8000::step14495::alt00::98fe8068a7a56b78,COUNTERFACTUAL,"{""admit"":{""0"":[81]},""hold_decode"":{},""migrate"":{},""preempt"":{},""prefill_chunk_override"":{},""swap"":{}}",98fe8068a7a56b7842a929a12c5b6411494b44314314b3ebc8e4943124d37ecc,True,1.0,kv_8000,kv_constrained_online,14495,14.495000000000001,21921,0.212701,0,,True,0,0.837125,True,0.230204,5,200,0,200,0.468097,"full_prefill,chunked_prefill_small,estimated_service_time_first,weighted_fair_share,least_laxity_first",False,1.0,0.005,sustained+high_valid_pressure,0,952bd353c79bef75dea529eeb46f1ee1ac61a4efb946ed96403fe542a094c856,industry_realism_causal_headroom_phase_d_v1.results.0.0,36.416,0.0,azure_2023_conv,phase_d_v1::azure_2023_conv::w020::kv_capacity::kv_8000::step14495,VALID_STRONGLY_CONSTRAINED,1.0,20
0.0078125,kv_capacity,phase_d_v1::azure_2023_conv::w020::kv_capacity::kv_8000::step14501::sbs_reference,SBS_REFERENCE,"{""admit"":{},""hold_decode"":{},""migrate"":{},""preempt"":{},""prefill_chunk_override"":{},""swap"":{}}",952bd353c79bef75dea529eeb46f1ee1ac61a4efb946ed96403fe542a094c856,,1.0,kv_8000,kv_constrained_online,14501,14.501,21915,0.243563,0,,True,1,0.840125,True,0.230424,,200,0,200,0.468097,,False,1.0,0.005,sustained+high_valid_pressure,0,952bd353c79bef75dea529eeb46f1ee1ac61a4efb946ed96403fe542a094c856,industry_realism_causal_headroom_phase_d_v1.results.0.0,36.416,0.0,azure_2023_conv,phase_d_v1::azure_2023_conv::w020::kv_capacity::kv_8000::step14501,VALID_STRONGLY_CONSTRAINED,1.0,20
0.0078125,kv_capacity,phase_d_v1::azure_2023_conv::w020::kv_capacity::kv_8000::step14501::alt00::98fe8068a7a56b78,COUNTERFACTUAL,"{""admit"":{""0"":[81]},""hold_decode"":{},""migrate"":{},""preempt"":{},""prefill_chunk_override"":{},""swap"":{}}",98fe8068a7a56b7842a929a12c5b6411494b44314314b3ebc8e4943124d37ecc,True,1.0,kv_8000,kv_constrained_online,14501,14.501,21915,0.204952,0,,True,0,0.840125,True,0.230234,5,200,0,200,0.468097,"full_prefill,chunked_prefill_small,estimated_service_time_first,weighted_fair_share,least_laxity_first",False,1.0,0.005,sustained+high_valid_pressure,0,952bd353c79bef75dea529eeb46f1ee1ac61a4efb946ed96403fe542a094c856,industry_realism_causal_headroom_phase_d_v1.results.0.0,36.416,0.0,azure_2023_conv,phase_d_v1::azure_2023_conv::w020::kv_capacity::kv_8000::step14501,VALID_STRONGLY_CONSTRAINED,1.0,20
0.00390625,kv_capacity,phase_d_v1::azure_2023_conv::w020::kv_capacity::kv_8000::step14783::sbs_reference,SBS_REFERENCE,"{""admit"":{},""hold_decode"":{},""migrate"":{},""preempt"":{},""prefill_chunk_override"":{},""swap"":{}}",952bd353c79bef75dea529eeb46f1ee1ac61a4efb946ed96403fe542a094c856,,1.0,kv_8000,kv_constrained_online,14783,14.783,21633,0.20736,0,,True,1,0.35525,True,0.230424,,200,0,200,0.468097,,False,1.0,0.005,sustained+high_valid_pressure,0,952bd353c79bef75dea529eeb46f1ee1ac61a4efb946ed96403fe542a094c856,industry_realism_causal_headroom_phase_d_v1.results.0.0,36.416,0.0,azure_2023_conv,phase_d_v1::azure_2023_conv::w020::kv_capacity::kv_8000::step14783,VALID_STRONGLY_CONSTRAINED,1.0,20
0.00390625,kv_capacity,phase_d_v1::azure_2023_conv::w020::kv_capacity::kv_8000::step14783::alt00::c2cc8101924352a2,COUNTERFACTUAL,"{""admit"":{""0"":[82]},""hold_decode"":{},""migrate"":{},""preempt"":{},""prefill_chunk_override"":{},""swap"":{}}",c2cc8101924352a22d2f65d37d465c41c64fbd94dbd69d132a6127bae7b393ba,True,1.0,kv_8000,kv_constrained_online,14783,14.783,21633,0.242351,0,,True,0,0.35525,True,0.229979,5,200,0,200,0.468097,"full_prefill,chunked_prefill_small,estimated_service_time_first,weighted_fair_share,least_laxity_first",False,1.0,0.005,sustained+high_valid_pressure,0,952bd353c79bef75dea529eeb46f1ee1ac61a4efb946ed96403fe542a094c856,industry_realism_causal_headroom_phase_d_v1.results.0.0,36.416,0.0,azure_2023_conv,phase_d_v1::azure_2023_conv::w020::kv_capacity::kv_8000::step14783,VALID_STRONGLY_CONSTRAINED,1.0,20
0.00390625,kv_capacity,phase_d_v1::azure_2023_conv::w020::kv_capacity::kv_8000::step14809::sbs_reference,SBS_REFERENCE,"{""admit"":{},""hold_decode"":{},""migrate"":{},""preempt"":{},""prefill_chunk_override"":{},""swap"":{}}",952bd353c79bef75dea529eeb46f1ee1ac61a4efb946ed96403fe542a094c856,,1.0,kv_8000,kv_constrained_online,14809,14.809000000000001,21607,0.208729,0,,True,1,0.36175,True,0.230424,,200,0,200,0.468097,,False,1.0,0.005,sustained+high_valid_pressure,0,952bd353c79bef75dea529eeb46f1ee1ac61a4efb946ed96403fe542a094c856,industry_realism_causal_headroom_phase_d_v1.results.0.0,36.416,0.0,azure_2023_conv,phase_d_v1::azure_2023_conv::w020::kv_capacity::kv_8000::step14809,VALID_STRONGLY_CONSTRAINED,1.0,20
0.00390625,kv_capacity,phase_d_v1::azure_2023_conv::w020::kv_capacity::kv_8000::step14809::alt00::c2cc8101924352a2,COUNTERFACTUAL,"{""admit"":{""0"":[82]},""hold_decode"":{},""migrate"":{},""preempt"":{},""prefill_chunk_override"":{},""swap"":{}}",c2cc8101924352a22d2f65d37d465c41c64fbd94dbd69d132a6127bae7b393ba,True,1.0,kv_8000,kv_constrained_online,14809,14.809000000000001,21607,0.207221,0,,True,0,0.36175,True,0.230109,5,200,0,200,0.468097,"full_prefill,chunked_prefill_small,estimated_service_time_first,weighted_fair_share,least_laxity_first",False,1.0,0.005,sustained+high_valid_pressure,0,952bd353c79bef75dea529eeb46f1ee1ac61a4efb946ed96403fe542a094c856,industry_realism_causal_headroom_phase_d_v1.results.0.0,36.416,0.0,azure_2023_conv,phase_d_v1::azure_2023_conv::w020::kv_capacity::kv_8000::step14809,VALID_STRONGLY_CONSTRAINED,1.0,20
0.00390625,kv_capacity,phase_d_v1::azure_2023_conv::w020::kv_capacity::kv_8000::step14872::sbs_reference,SBS_REFERENCE,"{""admit"":{},""hold_decode"":{},""migrate"":{},""preempt"":{},""prefill_chunk_override"":{},""swap"":{}}",952bd353c79bef75dea529eeb46f1ee1ac61a4efb946ed96403fe542a094c856,,1.0,kv_8000,kv_constrained_online,14872,14.872,21544,0.231742,0,,True,1,0.3775,True,0.230424,,200,0,200,0.468097,,False,1.0,0.005,sustained+high_valid_pressure,0,952bd353c79bef75dea529eeb46f1ee1ac61a4efb946ed96403fe542a094c856,industry_realism_causal_headroom_phase_d_v1.results.0.0,36.416,0.0,azure_2023_conv,phase_d_v1::azure_2023_conv::w020::kv_capacity::kv_8000::step14872,VALID_STRONGLY_CONSTRAINED,1.0,20
0.00390625,kv_capacity,phase_d_v1::azure_2023_conv::w020::kv_capacity::kv_8000::step14872::alt00::c2cc8101924352a2,COUNTERFACTUAL,"{""admit"":{""0"":[82]},""hold_decode"":{},""migrate"":{},""preempt"":{},""prefill_chunk_override"":{},""swap"":{}}",c2cc8101924352a22d2f65d37d465c41c64fbd94dbd69d132a6127bae7b393ba,True,1.0,kv_8000,kv_constrained_online,14872,14.872,21544,0.201874,0,,True,0,0.3775,True,0.230419,5,200,0,200,0.468097,"full_prefill,chunked_prefill_small,estimated_service_time_first,weighted_fair_share,least_laxity_first",False,1.0,0.005,sustained+high_valid_pressure,0,952bd353c79bef75dea529eeb46f1ee1ac61a4efb946ed96403fe542a094c856,industry_realism_causal_headroom_phase_d_v1.results.0.0,36.416,0.0,azure_2023_conv,phase_d_v1::azure_2023_conv::w020::kv_capacity::kv_8000::step14872,VALID_STRONGLY_CONSTRAINED,1.0,20
0.00390625,kv_capacity,phase_d_v1::azure_2023_conv::w020::kv_capacity::kv_8000::step27153::sbs_reference,SBS_REFERENCE,"{""admit"":{},""hold_decode"":{},""migrate"":{},""preempt"":{},""prefill_chunk_override"":{},""swap"":{}}",952bd353c79bef75dea529eeb46f1ee1ac61a4efb946ed96403fe542a094c856,,1.0,kv_8000,kv_constrained_online,27153,27.153000000000002,9263,0.081669,0,,True,1,0.324,True,0.230424,,200,0,200,0.468097,,False,1.0,0.005,sustained+high_valid_pressure,0,952bd353c79bef75dea529eeb46f1ee1ac61a4efb946ed96403fe542a094c856,industry_realism_causal_headroom_phase_d_v1.results.0.0,36.416,0.0,azure_2023_conv,phase_d_v1::azure_2023_conv::w020::kv_capacity::kv_8000::step27153,VALID_STRONGLY_CONSTRAINED,1.0,20
0.00390625,kv_capacity,phase_d_v1::azure_2023_conv::w020::kv_capacity::kv_8000::step27153::alt00::d6595f28619b645c,COUNTERFACTUAL,"{""admit"":{""0"":[155]},""hold_decode"":{},""migrate"":{},""preempt"":{},""prefill_chunk_override"":{},""swap"":{}}",d6595f28619b645c0b2067a0689055c70a3712438cd7fb45747afffb670e14cb,True,1.0,kv_8000,kv_constrained_online,27153,27.153000000000002,9263,0.081021,0,,True,0,0.324,True,0.230239,5,200,0,200,0.468097,"full_prefill,chunked_prefill_small,estimated_service_time_first,weighted_fair_share,least_laxity_first",False,1.0,0.005,sustained+high_valid_pressure,0,952bd353c79bef75dea529eeb46f1ee1ac61a4efb946ed96403fe542a094c856,industry_realism_causal_headroom_phase_d_v1.results.0.0,36.416,0.0,azure_2023_conv,phase_d_v1::azure_2023_conv::w020::kv_capacity::kv_8000::step27153,VALID_STRONGLY_CONSTRAINED,1.0,20
0.0078125,kv_capacity,phase_d_v1::azure_2023_conv::w024::kv_capacity::kv_8000::step5313::sbs_reference,SBS_REFERENCE,"{""admit"":{},""hold_decode"":{},""migrate"":{},""preempt"":{},""prefill_chunk_override"":{},""swap"":{}}",952bd353c79bef75dea529eeb46f1ee1ac61a4efb946ed96403fe542a094c856,,1.0,kv_8000,kv_constrained_online,5313,5.313,35861,0.391631,0,,True,1,0.676,True,0.279763,,200,0,200,0.53964,,False,1.0,0.005,sustained+high_valid_pressure,0,952bd353c79bef75dea529eeb46f1ee1ac61a4efb946ed96403fe542a094c856,industry_realism_causal_headroom_phase_d_v1.results.0.0,41.174,0.0,azure_2023_conv,phase_d_v1::azure_2023_conv::w024::kv_capacity::kv_8000::step5313,VALID_STRONGLY_CONSTRAINED,1.0,24
0.0078125,kv_capacity,phase_d_v1::azure_2023_conv::w024::kv_capacity::kv_8000::step5313::alt00::f914228f9ae45349,COUNTERFACTUAL,"{""admit"":{""0"":[21]},""hold_decode"":{},""migrate"":{},""preempt"":{},""prefill_chunk_override"":{},""swap"":{}}",f914228f9ae453490d74df0c1c11b7945658248e3b6704031db02b7d07f69fe0,True,1.0,kv_8000,kv_constrained_online,5313,5.313,35861,0.392121,0,,True,0,0.676,True,0.279683,5,200,0,200,0.53964,"full_prefill,chunked_prefill_small,estimated_service_time_first,weighted_fair_share,least_laxity_first",False,1.0,0.005,sustained+high_valid_pressure,0,952bd353c79bef75dea529eeb46f1ee1ac61a4efb946ed96403fe542a094c856,industry_realism_causal_headroom_phase_d_v1.results.0.0,41.174,0.0,azure_2023_conv,phase_d_v1::azure_2023_conv::w024::kv_capacity::kv_8000::step5313,VALID_STRONGLY_CONSTRAINED,1.0,24
0.009765625,kv_capacity,phase_d_v1::azure_2023_conv::w024::kv_capacity::kv_8000::step5339::sbs_reference,SBS_REFERENCE,"{""admit"":{},""hold_decode"":{},""migrate"":{},""preempt"":{},""prefill_chunk_override"":{},""swap"":{}}",952bd353c79bef75dea529eeb46f1ee1ac61a4efb946ed96403fe542a094c856,,1.0,kv_8000,kv_constrained_online,5339,5.339,35835,0.344944,0,,True,1,0.817,True,0.279763,,200,0,200,0.53964,,False,1.0,0.005,sustained+high_valid_pressure,0,952bd353c79bef75dea529eeb46f1ee1ac61a4efb946ed96403fe542a094c856,industry_realism_causal_headroom_phase_d_v1.results.0.0,41.174,0.0,azure_2023_conv,phase_d_v1::azure_2023_conv::w024::kv_capacity::kv_8000::step5339,VALID_STRONGLY_CONSTRAINED,1.0,24
0.009765625,kv_capacity,phase_d_v1::azure_2023_conv::w024::kv_capacity::kv_8000::step5339::alt00::f914228f9ae45349,COUNTERFACTUAL,"{""admit"":{""0"":[21]},""hold_decode"":{},""migrate"":{},""preempt"":{},""prefill_chunk_override"":{},""swap"":{}}",f914228f9ae453490d74df0c1c11b7945658248e3b6704031db02b7d07f69fe0,True,1.0,kv_8000,kv_constrained_online,5339,5.339,35835,0.468541,0,,True,0,0.817,True,0.279563,5,200,0,200,0.53964,"full_prefill,chunked_prefill_small,estimated_service_time_first,weighted_fair_share,least_laxity_first",False,1.0,0.005,sustained+high_valid_pressure,0,952bd353c79bef75dea529eeb46f1ee1ac61a4efb946ed96403fe542a094c856,industry_realism_causal_headroom_phase_d_v1.results.0.0,41.174,0.0,azure_2023_conv,phase_d_v1::azure_2023_conv::w024::kv_capacity::kv_8000::step5339,VALID_STRONGLY_CONSTRAINED,1.0,24
0.00390625,kv_capacity,phase_d_v1::azure_2023_conv::w024::kv_capacity::kv_8000::step13966::sbs_reference,SBS_REFERENCE,"{""admit"":{},""hold_decode"":{},""migrate"":{},""preempt"":{},""prefill_chunk_override"":{},""swap"":{}}",952bd353c79bef75dea529eeb46f1ee1ac61a4efb946ed96403fe542a094c856,,1.0,kv_8000,kv_constrained_online,13966,13.966000000000001,27208,0.280393,0,,True,1,0.333875,True,0.279763,,200,0,200,0.53964,,False,1.0,0.005,sustained+high_valid_pressure,0,952bd353c79bef75dea529eeb46f1ee1ac61a4efb946ed96403fe542a094c856,industry_realism_causal_headroom_phase_d_v1.results.0.0,41.174,0.0,azure_2023_conv,phase_d_v1::azure_2023_conv::w024::kv_capacity::kv_8000::step13966,VALID_STRONGLY_CONSTRAINED,1.0,24
0.00390625,kv_capacity,phase_d_v1::azure_2023_conv::w024::kv_capacity::kv_8000::step13966::alt00::8b5e9925b0f0ddf7,COUNTERFACTUAL,"{""admit"":{""0"":[63]},""hold_decode"":{},""migrate"":{},""preempt"":{},""prefill_chunk_override"":{},""swap"":{}}",8b5e9925b0f0ddf7673e86a220bb94af2a06e684fb05ca85473e8cc7524eb2bc,True,1.0,kv_8000,kv_constrained_online,13966,13.966000000000001,27208,0.359309,0,,True,0,0.333875,True,0.279568,5,200,0,200,0.53964,"full_prefill,chunked_prefill_small,estimated_service_time_first,weighted_fair_share,least_laxity_first",False,1.0,0.005,sustained+high_valid_pressure,0,952bd353c79bef75dea529eeb46f1ee1ac61a4efb946ed96403fe542a094c856,industry_realism_causal_headroom_phase_d_v1.results.0.0,41.174,0.0,azure_2023_conv,phase_d_v1::azure_2023_conv::w024::kv_capacity::kv_8000::step13966,VALID_STRONGLY_CONSTRAINED,1.0,24
0.005859375,kv_capacity,phase_d_v1::azure_2023_conv::w028::kv_capacity::kv_8000::step3824::sbs_reference,SBS_REFERENCE,"{""admit"":{},""hold_decode"":{},""migrate"":{},""preempt"":{},""prefill_chunk_override"":{},""swap"":{}}",952bd353c79bef75dea529eeb46f1ee1ac61a4efb946ed96403fe542a094c856,,1.0,kv_8000,kv_constrained_online,3824,3.8240000000000003,27490,0.336291,0,,True,1,0.484,True,0.216227,,200,0,200,0.441839,,False,1.0,0.005,sustained+high_valid_pressure,0,952bd353c79bef75dea529eeb46f1ee1ac61a4efb946ed96403fe542a094c856,industry_realism_causal_headroom_phase_d_v1.results.0.0,31.314,0.0,azure_2023_conv,phase_d_v1::azure_2023_conv::w028::kv_capacity::kv_8000::step3824,VALID_STRONGLY_CONSTRAINED,1.0,28
0.005859375,kv_capacity,phase_d_v1::azure_2023_conv::w028::kv_capacity::kv_8000::step3824::alt00::ff25786f21790978,COUNTERFACTUAL,"{""admit"":{""0"":[29]},""hold_decode"":{},""migrate"":{},""preempt"":{},""prefill_chunk_override"":{},""swap"":{}}",ff25786f2179097826268850cc81c49242c615f0a133869b398998973342d60f,True,1.0,kv_8000,kv_constrained_online,3824,3.8240000000000003,27490,0.288703,0,,True,0,0.484,True,0.216127,5,200,0,200,0.441839,"full_prefill,chunked_prefill_small,estimated_service_time_first,weighted_fair_share,least_laxity_first",False,1.0,0.005,sustained+high_valid_pressure,0,952bd353c79bef75dea529eeb46f1ee1ac61a4efb946ed96403fe542a094c856,industry_realism_causal_headroom_phase_d_v1.results.0.0,31.314,0.0,azure_2023_conv,phase_d_v1::azure_2023_conv::w028::kv_capacity::kv_8000::step3824,VALID_STRONGLY_CONSTRAINED,1.0,28
0.005859375,kv_capacity,phase_d_v1::azure_2023_conv::w028::kv_capacity::kv_8000::step3947::sbs_reference,SBS_REFERENCE,"{""admit"":{},""hold_decode"":{},""migrate"":{},""preempt"":{},""prefill_chunk_override"":{},""swap"":{}}",952bd353c79bef75dea529eeb46f1ee1ac61a4efb946ed96403fe542a094c856,,1.0,kv_8000,kv_constrained_online,3947,3.947,27367,0.242989,0,,True,1,0.834125,True,0.216227,,200,0,200,0.441839,,False,1.0,0.01,sustained+high_valid_pressure,1,952bd353c79bef75dea529eeb46f1ee1ac61a4efb946ed96403fe542a094c856,industry_realism_causal_headroom_phase_d_v1.results.0.0,31.314,0.0,azure_2023_conv,phase_d_v1::azure_2023_conv::w028::kv_capacity::kv_8000::step3947,VALID_STRONGLY_CONSTRAINED,1.0,28
0.005859375,kv_capacity,phase_d_v1::azure_2023_conv::w028::kv_capacity::kv_8000::step3947::alt00::91190b9b8363c67b,COUNTERFACTUAL,"{""admit"":{""0"":[31]},""hold_decode"":{},""migrate"":{},""preempt"":{},""prefill_chunk_override"":{},""swap"":{}}",91190b9b8363c67b376eae47716f6e344da73d3be1379232ca721689136467d9,True,1.0,kv_8000,kv_constrained_online,3947,3.947,27367,0.402079,0,,True,0,0.834125,True,0.215892,3,200,0,200,0.4382,"full_prefill,chunked_prefill_small,least_laxity_first",False,1.0,0.01,sustained+high_valid_pressure,1,952bd353c79bef75dea529eeb46f1ee1ac61a4efb946ed96403fe542a094c856,industry_realism_causal_headroom_phase_d_v1.results.0.0,31.314,0.0,azure_2023_conv,phase_d_v1::azure_2023_conv::w028::kv_capacity::kv_8000::step3947,VALID_STRONGLY_CONSTRAINED,1.0,28
0.005859375,kv_capacity,phase_d_v1::azure_2023_conv::w028::kv_capacity::kv_8000::step3947::alt01::0def93c0112572cb,COUNTERFACTUAL,"{""admit"":{""0"":[32]},""hold_decode"":{},""migrate"":{},""preempt"":{},""prefill_chunk_override"":{},""swap"":{}}",0def93c0112572cb1c25d28680aae3edcd094e18adfe35163e8d02ce31d9fac2,True,1.0,kv_8000,kv_constrained_online,3947,3.947,27367,0.239389,0,,True,0,0.834125,True,0.215902,2,200,0,200,0.441839,"estimated_service_time_first,weighted_fair_share",False,1.0,0.01,sustained+high_valid_pressure,1,952bd353c79bef75dea529eeb46f1ee1ac61a4efb946ed96403fe542a094c856,industry_realism_causal_headroom_phase_d_v1.results.0.0,31.314,0.0,azure_2023_conv,phase_d_v1::azure_2023_conv::w028::kv_capacity::kv_8000::step3947,VALID_STRONGLY_CONSTRAINED,1.0,28
0.00390625,kv_capacity,phase_d_v1::azure_2023_conv::w028::kv_capacity::kv_8000::step6038::sbs_reference,SBS_REFERENCE,"{""admit"":{},""hold_decode"":{},""migrate"":{},""preempt"":{},""prefill_chunk_override"":{},""swap"":{}}",952bd353c79bef75dea529eeb46f1ee1ac61a4efb946ed96403fe542a094c856,,1.0,kv_8000,kv_constrained_online,6038,6.038,25276,0.35144,0,,True,1,0.321,True,0.216227,,200,0,200,0.441839,,False,1.0,0.005,sustained+high_valid_pressure,0,952bd353c79bef75dea529eeb46f1ee1ac61a4efb946ed96403fe542a094c856,industry_realism_causal_headroom_phase_d_v1.results.0.0,31.314,0.0,azure_2023_conv,phase_d_v1::azure_2023_conv::w028::kv_capacity::kv_8000::step6038,VALID_STRONGLY_CONSTRAINED,1.0,28
0.00390625,kv_capacity,phase_d_v1::azure_2023_conv::w028::kv_capacity::kv_8000::step6038::alt00::300e035752a9ec7c,COUNTERFACTUAL,"{""admit"":{""0"":[46]},""hold_decode"":{},""migrate"":{},""preempt"":{},""prefill_chunk_override"":{},""swap"":{}}",300e035752a9ec7cb2bf3d301f341fddd21dc6e467b35aafcdc2175458018510,True,1.0,kv_8000,kv_constrained_online,6038,6.038,25276,0.267576,0,,True,0,0.321,True,0.216172,5,200,0,200,0.441839,"full_prefill,chunked_prefill_small,estimated_service_time_first,weighted_fair_share,least_laxity_first",False,1.0,0.005,sustained+high_valid_pressure,0,952bd353c79bef75dea529eeb46f1ee1ac61a4efb946ed96403fe542a094c856,industry_realism_causal_headroom_phase_d_v1.results.0.0,31.314,0.0,azure_2023_conv,phase_d_v1::azure_2023_conv::w028::kv_capacity::kv_8000::step6038,VALID_STRONGLY_CONSTRAINED,1.0,28
0.00390625,kv_capacity,phase_d_v1::azure_2023_conv::w032::kv_capacity::kv_8000::step6019::sbs_reference,SBS_REFERENCE,"{""admit"":{},""hold_decode"":{},""migrate"":{},""preempt"":{},""prefill_chunk_override"":{},""swap"":{}}",952bd353c79bef75dea529eeb46f1ee1ac61a4efb946ed96403fe542a094c856,,1.0,kv_8000,kv_constrained_online,6019,6.019,26765,0.292817,0,,True,1,0.3775,True,0.235419,,200,0,200,0.44023,,False,1.0,0.005,sustained+high_valid_pressure,0,952bd353c79bef75dea529eeb46f1ee1ac61a4efb946ed96403fe542a094c856,industry_realism_causal_headroom_phase_d_v1.results.0.0,32.784,0.0,azure_2023_conv,phase_d_v1::azure_2023_conv::w032::kv_capacity::kv_8000::step6019,VALID_STRONGLY_CONSTRAINED,1.0,32
0.00390625,kv_capacity,phase_d_v1::azure_2023_conv::w032::kv_capacity::kv_8000::step6019::alt00::a723a4bc6825561c,COUNTERFACTUAL,"{""admit"":{""0"":[27]},""hold_decode"":{},""migrate"":{},""preempt"":{},""prefill_chunk_override"":{},""swap"":{}}",a723a4bc6825561cff1c87c84e2eb1969068a99a97d465c084f206ea11979f1c,True,1.0,kv_8000,kv_constrained_online,6019,6.019,26765,0.260485,0,,True,0,0.3775,True,0.235379,5,200,0,200,0.44023,"full_prefill,chunked_prefill_small,estimated_service_time_first,weighted_fair_share,least_laxity_first",False,1.0,0.005,sustained+high_valid_pressure,0,952bd353c79bef75dea529eeb46f1ee1ac61a4efb946ed96403fe542a094c856,industry_realism_causal_headroom_phase_d_v1.results.0.0,32.784,0.0,azure_2023_conv,phase_d_v1::azure_2023_conv::w032::kv_capacity::kv_8000::step6019,VALID_STRONGLY_CONSTRAINED,1.0,32
0.0078125,kv_capacity,phase_d_v1::azure_2023_conv::w032::kv_capacity::kv_8000::step14243::sbs_reference,SBS_REFERENCE,"{""admit"":{},""hold_decode"":{},""migrate"":{},""preempt"":{},""prefill_chunk_override"":{},""swap"":{}}",952bd353c79bef75dea529eeb46f1ee1ac61a4efb946ed96403fe542a094c856,,1.0,kv_8000,kv_constrained_online,14243,14.243,18541,0.210091,0,,True,1,0.417625,True,0.235419,,200,0,200,0.44023,,False,1.0,0.005,sustained+high_valid_pressure,0,952bd353c79bef75dea529eeb46f1ee1ac61a4efb946ed96403fe542a094c856,industry_realism_causal_headroom_phase_d_v1.results.0.0,32.784,0.0,azure_2023_conv,phase_d_v1::azure_2023_conv::w032::kv_capacity::kv_8000::step14243,VALID_STRONGLY_CONSTRAINED,1.0,32
0.0078125,kv_capacity,phase_d_v1::azure_2023_conv::w032::kv_capacity::kv_8000::step14243::alt00::25662c201af5427c,COUNTERFACTUAL,"{""admit"":{""0"":[71]},""hold_decode"":{},""migrate"":{},""preempt"":{},""prefill_chunk_override"":{},""swap"":{}}",25662c201af5427c65bf7b56d80163ddbdb1c96337e9ec84697faa26abef10ff,True,1.0,kv_8000,kv_constrained_online,14243,14.243,18541,0.192051,0,,True,0,0.417625,True,0.235354,5,200,0,200,0.44023,"full_prefill,chunked_prefill_small,estimated_service_time_first,weighted_fair_share,least_laxity_first",False,1.0,0.005,sustained+high_valid_pressure,0,952bd353c79bef75dea529eeb46f1ee1ac61a4efb946ed96403fe542a094c856,industry_realism_causal_headroom_phase_d_v1.results.0.0,32.784,0.0,azure_2023_conv,phase_d_v1::azure_2023_conv::w032::kv_capacity::kv_8000::step14243,VALID_STRONGLY_CONSTRAINED,1.0,32
0.0078125,kv_capacity,phase_d_v1::azure_2023_conv::w032::kv_capacity::kv_8000::step25189::sbs_reference,SBS_REFERENCE,"{""admit"":{},""hold_decode"":{},""migrate"":{},""preempt"":{},""prefill_chunk_override"":{},""swap"":{}}",952bd353c79bef75dea529eeb46f1ee1ac61a4efb946ed96403fe542a094c856,,1.0,kv_8000,kv_constrained_online,25189,25.189,7595,0.08459,0,,True,1,0.489375,True,0.235419,,200,0,200,0.44023,,False,1.0,0.005,sustained+high_valid_pressure,0,952bd353c79bef75dea529eeb46f1ee1ac61a4efb946ed96403fe542a094c856,industry_realism_causal_headroom_phase_d_v1.results.0.0,32.784,0.0,azure_2023_conv,phase_d_v1::azure_2023_conv::w032::kv_capacity::kv_8000::step25189,VALID_STRONGLY_CONSTRAINED,1.0,32
0.0078125,kv_capacity,phase_d_v1::azure_2023_conv::w032::kv_capacity::kv_8000::step25189::alt00::b465bbe83cdb023d,COUNTERFACTUAL,"{""admit"":{""0"":[144]},""hold_decode"":{},""migrate"":{},""preempt"":{},""prefill_chunk_override"":{},""swap"":{}}",b465bbe83cdb023d90c3d2de4954874c95dc4e7b7e590aae61c30f3f1615603f,True,1.0,kv_8000,kv_constrained_online,25189,25.189,7595,0.08478,0,,True,0,0.489375,True,0.235234,5,200,0,200,0.44023,"full_prefill,chunked_prefill_small,estimated_service_time_first,weighted_fair_share,least_laxity_first",False,1.0,0.005,sustained+high_valid_pressure,0,952bd353c79bef75dea529eeb46f1ee1ac61a4efb946ed96403fe542a094c856,industry_realism_causal_headroom_phase_d_v1.results.0.0,32.784,0.0,azure_2023_conv,phase_d_v1::azure_2023_conv::w032::kv_capacity::kv_8000::step25189,VALID_STRONGLY_CONSTRAINED,1.0,32
0.005859375,kv_capacity,phase_d_v1::azure_2023_conv::w032::kv_capacity::kv_8000::step25214::sbs_reference,SBS_REFERENCE,"{""admit"":{},""hold_decode"":{},""migrate"":{},""preempt"":{},""prefill_chunk_override"":{},""swap"":{}}",952bd353c79bef75dea529eeb46f1ee1ac61a4efb946ed96403fe542a094c856,,1.0,kv_8000,kv_constrained_online,25214,25.214000000000002,7570,0.083473,0,,True,1,0.434875,True,0.235419,,200,0,200,0.44023,,False,1.0,0.005,sustained+high_valid_pressure,0,952bd353c79bef75dea529eeb46f1ee1ac61a4efb946ed96403fe542a094c856,industry_realism_causal_headroom_phase_d_v1.results.0.0,32.784,0.0,azure_2023_conv,phase_d_v1::azure_2023_conv::w032::kv_capacity::kv_8000::step25214,VALID_STRONGLY_CONSTRAINED,1.0,32
0.005859375,kv_capacity,phase_d_v1::azure_2023_conv::w032::kv_capacity::kv_8000::step25214::alt00::b465bbe83cdb023d,COUNTERFACTUAL,"{""admit"":{""0"":[144]},""hold_decode"":{},""migrate"":{},""preempt"":{},""prefill_chunk_override"":{},""swap"":{}}",b465bbe83cdb023d90c3d2de4954874c95dc4e7b7e590aae61c30f3f1615603f,True,1.0,kv_8000,kv_constrained_online,25214,25.214000000000002,7570,0.08599,0,,True,0,0.434875,True,0.235359,5,200,0,200,0.44023,"full_prefill,chunked_prefill_small,estimated_service_time_first,weighted_fair_share,least_laxity_first",False,1.0,0.005,sustained+high_valid_pressure,0,952bd353c79bef75dea529eeb46f1ee1ac61a4efb946ed96403fe542a094c856,industry_realism_causal_headroom_phase_d_v1.results.0.0,32.784,0.0,azure_2023_conv,phase_d_v1::azure_2023_conv::w032::kv_capacity::kv_8000::step25214,VALID_STRONGLY_CONSTRAINED,1.0,32
0.0078125,kv_capacity,phase_d_v1::azure_2023_conv::w036::kv_capacity::kv_8000::step2152::sbs_reference,SBS_REFERENCE,"{""admit"":{},""hold_decode"":{},""migrate"":{},""preempt"":{},""prefill_chunk_override"":{},""swap"":{}}",952bd353c79bef75dea529eeb46f1ee1ac61a4efb946ed96403fe542a094c856,,1.0,kv_8000,kv_constrained_online,2152,2.152,26964,0.37906,0,,True,1,0.70375,True,0.174125,,200,0,200,0.438005,,False,1.0,0.005,sustained+high_valid_pressure,0,952bd353c79bef75dea529eeb46f1ee1ac61a4efb946ed96403fe542a094c856,industry_realism_causal_headroom_phase_d_v1.results.0.0,29.116,0.0,azure_2023_conv,phase_d_v1::azure_2023_conv::w036::kv_capacity::kv_8000::step2152,VALID_STRONGLY_CONSTRAINED,1.0,36
0.0078125,kv_capacity,phase_d_v1::azure_2023_conv::w036::kv_capacity::kv_8000::step2152::alt00::80ab67f8134da5ae,COUNTERFACTUAL,"{""admit"":{""0"":[14]},""hold_decode"":{},""migrate"":{},""preempt"":{},""prefill_chunk_override"":{},""swap"":{}}",80ab67f8134da5aeb5c735436fc3b2a73592eddc87d581b55662421f346a511b,True,1.0,kv_8000,kv_constrained_online,2152,2.152,26964,0.229766,0,,True,0,0.70375,True,0.174,5,200,0,200,0.438005,"full_prefill,chunked_prefill_small,estimated_service_time_first,weighted_fair_share,least_laxity_first",False,1.0,0.005,sustained+high_valid_pressure,0,952bd353c79bef75dea529eeb46f1ee1ac61a4efb946ed96403fe542a094c856,industry_realism_causal_headroom_phase_d_v1.results.0.0,29.116,0.0,azure_2023_conv,phase_d_v1::azure_2023_conv::w036::kv_capacity::kv_8000::step2152,VALID_STRONGLY_CONSTRAINED,1.0,36
0.009765625,kv_capacity,phase_d_v1::azure_2023_conv::w036::kv_capacity::kv_8000::step2178::sbs_reference,SBS_REFERENCE,"{""admit"":{},""hold_decode"":{},""migrate"":{},""preempt"":{},""prefill_chunk_override"":{},""swap"":{}}",952bd353c79bef75dea529eeb46f1ee1ac61a4efb946ed96403fe542a094c856,,1.0,kv_8000,kv_constrained_online,2178,2.178,26938,0.246366,0,,True,1,0.768125,True,0.174125,,200,0,200,0.438005,,False,1.0,0.005,sustained+high_valid_pressure,0,952bd353c79bef75dea529eeb46f1ee1ac61a4efb946ed96403fe542a094c856,industry_realism_causal_headroom_phase_d_v1.results.0.0,29.116,0.0,azure_2023_conv,phase_d_v1::azure_2023_conv::w036::kv_capacity::kv_8000::step2178,VALID_STRONGLY_CONSTRAINED,1.0,36
0.009765625,kv_capacity,phase_d_v1::azure_2023_conv::w036::kv_capacity::kv_8000::step2178::alt00::80ab67f8134da5ae,COUNTERFACTUAL,"{""admit"":{""0"":[14]},""hold_decode"":{},""migrate"":{},""preempt"":{},""prefill_chunk_override"":{},""swap"":{}}",80ab67f8134da5aeb5c735436fc3b2a73592eddc87d581b55662421f346a511b,True,1.0,kv_8000,kv_constrained_online,2178,2.178,26938,0.404211,0,,True,0,0.768125,True,0.173945,5,200,0,200,0.438005,"full_prefill,chunked_prefill_small,estimated_service_time_first,weighted_fair_share,least_laxity_first",False,1.0,0.005,sustained+high_valid_pressure,0,952bd353c79bef75dea529eeb46f1ee1ac61a4efb946ed96403fe542a094c856,industry_realism_causal_headroom_phase_d_v1.results.0.0,29.116,0.0,azure_2023_conv,phase_d_v1::azure_2023_conv::w036::kv_capacity::kv_8000::step2178,VALID_STRONGLY_CONSTRAINED,1.0,36
0.00390625,kv_capacity,phase_d_v1::azure_2023_conv::w036::kv_capacity::kv_8000::step2381::sbs_reference,SBS_REFERENCE,"{""admit"":{},""hold_decode"":{},""migrate"":{},""preempt"":{},""prefill_chunk_override"":{},""swap"":{}}",952bd353c79bef75dea529eeb46f1ee1ac61a4efb946ed96403fe542a094c856,,1.0,kv_8000,kv_constrained_online,2381,2.3810000000000002,26735,0.232013,0,,True,1,0.322375,True,0.174125,,200,0,200,0.438005,,False,1.0,0.005,sustained+high_valid_pressure,0,952bd353c79bef75dea529eeb46f1ee1ac61a4efb946ed96403fe542a094c856,industry_realism_causal_headroom_phase_d_v1.results.0.0,29.116,0.0,azure_2023_conv,phase_d_v1::azure_2023_conv::w036::kv_capacity::kv_8000::step2381,VALID_STRONGLY_CONSTRAINED,1.0,36
0.00390625,kv_capacity,phase_d_v1::azure_2023_conv::w036::kv_capacity::kv_8000::step2381::alt00::0ed16eb1598a87e6,COUNTERFACTUAL,"{""admit"":{""0"":[18]},""hold_decode"":{},""migrate"":{},""preempt"":{},""prefill_chunk_override"":{},""swap"":{}}",0ed16eb1598a87e6a56577c4617a26a3165a4643f8558e8dd38332c0066aae8b,True,1.0,kv_8000,kv_constrained_online,2381,2.3810000000000002,26735,0.22218,0,,True,0,0.322375,True,0.174055,5,200,0,200,0.438005,"full_prefill,chunked_prefill_small,estimated_service_time_first,weighted_fair_share,least_laxity_first",False,1.0,0.005,sustained+high_valid_pressure,0,952bd353c79bef75dea529eeb46f1ee1ac61a4efb946ed96403fe542a094c856,industry_realism_causal_headroom_phase_d_v1.results.0.0,29.116,0.0,azure_2023_conv,phase_d_v1::azure_2023_conv::w036::kv_capacity::kv_8000::step2381,VALID_STRONGLY_CONSTRAINED,1.0,36
0.001953125,kv_capacity,phase_d_v1::azure_2023_conv::w036::kv_capacity::kv_8000::step25931::sbs_reference,SBS_REFERENCE,"{""admit"":{},""hold_decode"":{},""migrate"":{},""preempt"":{},""prefill_chunk_override"":{},""swap"":{}}",952bd353c79bef75dea529eeb46f1ee1ac61a4efb946ed96403fe542a094c856,,1.0,kv_8000,kv_constrained_online,25931,25.931,3185,0.031176,0,,True,1,0.527125,True,0.174125,,200,0,200,0.438005,,False,1.0,0.005,sustained+high_valid_pressure,0,952bd353c79bef75dea529eeb46f1ee1ac61a4efb946ed96403fe542a094c856,industry_realism_causal_headroom_phase_d_v1.results.0.0,29.116,0.0,azure_2023_conv,phase_d_v1::azure_2023_conv::w036::kv_capacity::kv_8000::step25931,VALID_STRONGLY_CONSTRAINED,1.0,36
0.001953125,kv_capacity,phase_d_v1::azure_2023_conv::w036::kv_capacity::kv_8000::step25931::alt00::0ea8a18ee3b4770e,COUNTERFACTUAL,"{""admit"":{""0"":[172]},""hold_decode"":{},""migrate"":{},""preempt"":{},""prefill_chunk_override"":{},""swap"":{}}",0ea8a18ee3b4770e624fa9ec83bb928a333af224143d5a9cb5c3eed91f05df22,True,1.0,kv_8000,kv_constrained_online,25931,25.931,3185,0.031574,0,,True,0,0.527125,True,0.17411,5,200,0,200,0.438005,"full_prefill,chunked_prefill_small,estimated_service_time_first,weighted_fair_share,least_laxity_first",False,1.0,0.005,sustained+high_valid_pressure,0,952bd353c79bef75dea529eeb46f1ee1ac61a4efb946ed96403fe542a094c856,industry_realism_causal_headroom_phase_d_v1.results.0.0,29.116,0.0,azure_2023_conv,phase_d_v1::azure_2023_conv::w036::kv_capacity::kv_8000::step25931,VALID_STRONGLY_CONSTRAINED,1.0,36
0.00390625,kv_capacity,phase_d_v1::azure_2023_conv::w040::kv_capacity::kv_8000::step8501::sbs_reference,SBS_REFERENCE,"{""admit"":{},""hold_decode"":{},""migrate"":{},""preempt"":{},""prefill_chunk_override"":{},""swap"":{}}",952bd353c79bef75dea529eeb46f1ee1ac61a4efb946ed96403fe542a094c856,,1.0,kv_8000,kv_constrained_online,8501,8.501,23886,0.312214,0,,True,1,0.4235,True,0.184959,,200,0,200,0.47384,,False,1.0,0.005,sustained+high_valid_pressure,0,952bd353c79bef75dea529eeb46f1ee1ac61a4efb946ed96403fe542a094c856,industry_realism_causal_headroom_phase_d_v1.results.0.0,32.387,0.0,azure_2023_conv,phase_d_v1::azure_2023_conv::w040::kv_capacity::kv_8000::step8501,VALID_STRONGLY_CONSTRAINED,1.0,40
0.00390625,kv_capacity,phase_d_v1::azure_2023_conv::w040::kv_capacity::kv_8000::step8501::alt00::f190ca7f1f6126b0,COUNTERFACTUAL,"{""admit"":{""0"":[58]},""hold_decode"":{},""migrate"":{},""preempt"":{},""prefill_chunk_override"":{},""swap"":{}}",f190ca7f1f6126b0adb073fe1282dd47a563a7d0033ec2534e7d8534312cc395,True,1.0,kv_8000,kv_constrained_online,8501,8.501,23886,0.198352,0,,True,0,0.4235,True,0.184794,5,200,0,200,0.47384,"full_prefill,chunked_prefill_small,estimated_service_time_first,weighted_fair_share,least_laxity_first",False,1.0,0.005,sustained+high_valid_pressure,0,952bd353c79bef75dea529eeb46f1ee1ac61a4efb946ed96403fe542a094c856,industry_realism_causal_headroom_phase_d_v1.results.0.0,32.387,0.0,azure_2023_conv,phase_d_v1::azure_2023_conv::w040::kv_capacity::kv_8000::step8501,VALID_STRONGLY_CONSTRAINED,1.0,40
0.005859375,kv_capacity,phase_d_v1::azure_2023_conv::w040::kv_capacity::kv_8000::step21329::sbs_reference,SBS_REFERENCE,"{""admit"":{},""hold_decode"":{},""migrate"":{},""preempt"":{},""prefill_chunk_override"":{},""swap"":{}}",952bd353c79bef75dea529eeb46f1ee1ac61a4efb946ed96403fe542a094c856,,1.0,kv_8000,kv_constrained_online,21329,21.329,11058,0.082818,0,,True,1,0.34925,True,0.184959,,200,0,200,0.47384,,False,1.0,0.005,sustained+high_valid_pressure,0,952bd353c79bef75dea529eeb46f1ee1ac61a4efb946ed96403fe542a094c856,industry_realism_causal_headroom_phase_d_v1.results.0.0,32.387,0.0,azure_2023_conv,phase_d_v1::azure_2023_conv::w040::kv_capacity::kv_8000::step21329,VALID_STRONGLY_CONSTRAINED,1.0,40
0.005859375,kv_capacity,phase_d_v1::azure_2023_conv::w040::kv_capacity::kv_8000::step21329::alt00::905d9b48036364b1,COUNTERFACTUAL,"{""admit"":{""0"":[147]},""hold_decode"":{},""migrate"":{},""preempt"":{},""prefill_chunk_override"":{},""swap"":{}}",905d9b48036364b1b86ebf79faca83e2f34d9d771f4602d1b83238439144905e,True,1.0,kv_8000,kv_constrained_online,21329,21.329,11058,0.085455,0,,True,0,0.34925,True,0.184559,5,200,0,200,0.47384,"full_prefill,chunked_prefill_small,estimated_service_time_first,weighted_fair_share,least_laxity_first",False,1.0,0.005,sustained+high_valid_pressure,0,952bd353c79bef75dea529eeb46f1ee1ac61a4efb946ed96403fe542a094c856,industry_realism_causal_headroom_phase_d_v1.results.0.0,32.387,0.0,azure_2023_conv,phase_d_v1::azure_2023_conv::w040::kv_capacity::kv_8000::step21329,VALID_STRONGLY_CONSTRAINED,1.0,40
0.005859375,kv_capacity,phase_d_v1::azure_2023_conv::w040::kv_capacity::kv_8000::step22358::sbs_reference,SBS_REFERENCE,"{""admit"":{},""hold_decode"":{},""migrate"":{},""preempt"":{},""prefill_chunk_override"":{},""swap"":{}}",952bd353c79bef75dea529eeb46f1ee1ac61a4efb946ed96403fe542a094c856,,1.0,kv_8000,kv_constrained_online,22358,22.358,10029,0.085904,0,,True,1,0.823,True,0.184959,,200,0,200,0.47384,,False,1.0,0.005,sustained+high_valid_pressure,0,952bd353c79bef75dea529eeb46f1ee1ac61a4efb946ed96403fe542a094c856,industry_realism_causal_headroom_phase_d_v1.results.0.0,32.387,0.0,azure_2023_conv,phase_d_v1::azure_2023_conv::w040::kv_capacity::kv_8000::step22358,VALID_STRONGLY_CONSTRAINED,1.0,40
0.005859375,kv_capacity,phase_d_v1::azure_2023_conv::w040::kv_capacity::kv_8000::step22358::alt00::38b02bc7b98dd11c,COUNTERFACTUAL,"{""admit"":{""0"":[154]},""hold_decode"":{},""migrate"":{},""preempt"":{},""prefill_chunk_override"":{},""swap"":{}}",38b02bc7b98dd11c87ed3b08507d9c726a24a84d763dcc97468e8c4224bf22f5,True,1.0,kv_8000,kv_constrained_online,22358,22.358,10029,0.077849,0,,True,0,0.823,True,0.184589,5,200,0,200,0.47384,"full_prefill,chunked_prefill_small,estimated_service_time_first,weighted_fair_share,least_laxity_first",False,1.0,0.005,sustained+high_valid_pressure,0,952bd353c79bef75dea529eeb46f1ee1ac61a4efb946ed96403fe542a094c856,industry_realism_causal_headroom_phase_d_v1.results.0.0,32.387,0.0,azure_2023_conv,phase_d_v1::azure_2023_conv::w040::kv_capacity::kv_8000::step22358,VALID_STRONGLY_CONSTRAINED,1.0,40
0.00390625,kv_capacity,phase_d_v1::azure_2023_conv::w040::kv_capacity::kv_8000::step25823::sbs_reference,SBS_REFERENCE,"{""admit"":{},""hold_decode"":{},""migrate"":{},""preempt"":{},""prefill_chunk_override"":{},""swap"":{}}",952bd353c79bef75dea529eeb46f1ee1ac61a4efb946ed96403fe542a094c856,,1.0,kv_8000,kv_constrained_online,25823,25.823,6564,0.051585,0,,True,1,0.711375,True,0.184959,,200,0,200,0.47384,,False,1.0,0.005,sustained+high_valid_pressure,0,952bd353c79bef75dea529eeb46f1ee1ac61a4efb946ed96403fe542a094c856,industry_realism_causal_headroom_phase_d_v1.results.0.0,32.387,0.0,azure_2023_conv,phase_d_v1::azure_2023_conv::w040::kv_capacity::kv_8000::step25823,VALID_STRONGLY_CONSTRAINED,1.0,40
0.00390625,kv_capacity,phase_d_v1::azure_2023_conv::w040::kv_capacity::kv_8000::step25823::alt00::d34416a923201b96,COUNTERFACTUAL,"{""admit"":{""0"":[165]},""hold_decode"":{},""migrate"":{},""preempt"":{},""prefill_chunk_override"":{},""swap"":{}}",d34416a923201b96d793bf9a66606ccb06112b20a6cad65576328ea51cd7dca9,True,1.0,kv_8000,kv_constrained_online,25823,25.823,6564,0.051654,0,,True,0,0.711375,True,0.184799,5,200,0,200,0.47384,"full_prefill,chunked_prefill_small,estimated_service_time_first,weighted_fair_share,least_laxity_first",False,1.0,0.005,sustained+high_valid_pressure,0,952bd353c79bef75dea529eeb46f1ee1ac61a4efb946ed96403fe542a094c856,industry_realism_causal_headroom_phase_d_v1.results.0.0,32.387,0.0,azure_2023_conv,phase_d_v1::azure_2023_conv::w040::kv_capacity::kv_8000::step25823,VALID_STRONGLY_CONSTRAINED,1.0,40
0.005859375,kv_capacity,phase_d_v1::azure_2023_conv::w040::kv_capacity::kv_8000::step26036::sbs_reference,SBS_REFERENCE,"{""admit"":{},""hold_decode"":{},""migrate"":{},""preempt"":{},""prefill_chunk_override"":{},""swap"":{}}",952bd353c79bef75dea529eeb46f1ee1ac61a4efb946ed96403fe542a094c856,,1.0,kv_8000,kv_constrained_online,26036,26.036,6351,0.04801,0,,True,1,0.432375,True,0.184959,,200,0,200,0.47384,,False,1.0,0.005,sustained+high_valid_pressure,0,952bd353c79bef75dea529eeb46f1ee1ac61a4efb946ed96403fe542a094c856,industry_realism_causal_headroom_phase_d_v1.results.0.0,32.387,0.0,azure_2023_conv,phase_d_v1::azure_2023_conv::w040::kv_capacity::kv_8000::step26036,VALID_STRONGLY_CONSTRAINED,1.0,40
0.005859375,kv_capacity,phase_d_v1::azure_2023_conv::w040::kv_capacity::kv_8000::step26036::alt00::4055b26e0a948de6,COUNTERFACTUAL,"{""admit"":{""0"":[167]},""hold_decode"":{},""migrate"":{},""preempt"":{},""prefill_chunk_override"":{},""swap"":{}}",4055b26e0a948de6a85861c1124e877a9d90c9135cf2e6d6eefa6be9cb6ce5be,True,1.0,kv_8000,kv_constrained_online,26036,26.036,6351,0.057258,0,,True,0,0.432375,True,0.184864,5,200,0,200,0.47384,"full_prefill,chunked_prefill_small,estimated_service_time_first,weighted_fair_share,least_laxity_first",False,1.0,0.005,sustained+high_valid_pressure,0,952bd353c79bef75dea529eeb46f1ee1ac61a4efb946ed96403fe542a094c856,industry_realism_causal_headroom_phase_d_v1.results.0.0,32.387,0.0,azure_2023_conv,phase_d_v1::azure_2023_conv::w040::kv_capacity::kv_8000::step26036,VALID_STRONGLY_CONSTRAINED,1.0,40
0.00390625,kv_capacity,phase_d_v1::azure_2023_conv::w044::kv_capacity::kv_8000::step6898::sbs_reference,SBS_REFERENCE,"{""admit"":{},""hold_decode"":{},""migrate"":{},""preempt"":{},""prefill_chunk_override"":{},""swap"":{}}",952bd353c79bef75dea529eeb46f1ee1ac61a4efb946ed96403fe542a094c856,,1.0,kv_8000,kv_constrained_online,6898,6.898000000000001,17340,0.15814,0,,True,1,0.47,True,0.141587,,200,0,200,0.411511,,False,1.0,0.005,sustained+high_valid_pressure,0,952bd353c79bef75dea529eeb46f1ee1ac61a4efb946ed96403fe542a094c856,industry_realism_causal_headroom_phase_d_v1.results.0.0,24.238,0.0,azure_2023_conv,phase_d_v1::azure_2023_conv::w044::kv_capacity::kv_8000::step6898,VALID_STRONGLY_CONSTRAINED,1.0,44
0.00390625,kv_capacity,phase_d_v1::azure_2023_conv::w044::kv_capacity::kv_8000::step6898::alt00::a82007f6fec8355f,COUNTERFACTUAL,"{""admit"":{""0"":[52]},""hold_decode"":{},""migrate"":{},""preempt"":{},""prefill_chunk_override"":{},""swap"":{}}",a82007f6fec8355f021c1c65715f0e48d38e8399df4c66640851c068278f023b,True,1.0,kv_8000,kv_constrained_online,6898,6.898000000000001,17340,0.173866,0,,True,0,0.47,True,0.141102,5,200,0,200,0.411511,"full_prefill,chunked_prefill_small,estimated_service_time_first,weighted_fair_share,least_laxity_first",False,1.0,0.005,sustained+high_valid_pressure,0,952bd353c79bef75dea529eeb46f1ee1ac61a4efb946ed96403fe542a094c856,industry_realism_causal_headroom_phase_d_v1.results.0.0,24.238,0.0,azure_2023_conv,phase_d_v1::azure_2023_conv::w044::kv_capacity::kv_8000::step6898,VALID_STRONGLY_CONSTRAINED,1.0,44
0.00390625,kv_capacity,phase_d_v1::azure_2023_conv::w044::kv_capacity::kv_8000::step6933::sbs_reference,SBS_REFERENCE,"{""admit"":{},""hold_decode"":{},""migrate"":{},""preempt"":{},""prefill_chunk_override"":{},""swap"":{}}",952bd353c79bef75dea529eeb46f1ee1ac61a4efb946ed96403fe542a094c856,,1.0,kv_8000,kv_constrained_online,6933,6.933,17305,0.197433,0,,True,1,0.47875,True,0.141587,,200,0,200,0.411511,,False,1.0,0.005,sustained+high_valid_pressure,0,952bd353c79bef75dea529eeb46f1ee1ac61a4efb946ed96403fe542a094c856,industry_realism_causal_headroom_phase_d_v1.results.0.0,24.238,0.0,azure_2023_conv,phase_d_v1::azure_2023_conv::w044::kv_capacity::kv_8000::step6933,VALID_STRONGLY_CONSTRAINED,1.0,44
0.00390625,kv_capacity,phase_d_v1::azure_2023_conv::w044::kv_capacity::kv_8000::step6933::alt00::a82007f6fec8355f,COUNTERFACTUAL,"{""admit"":{""0"":[52]},""hold_decode"":{},""migrate"":{},""preempt"":{},""prefill_chunk_override"":{},""swap"":{}}",a82007f6fec8355f021c1c65715f0e48d38e8399df4c66640851c068278f023b,True,1.0,kv_8000,kv_constrained_online,6933,6.933,17305,0.247862,0,,True,0,0.47875,True,0.141277,5,200,0,200,0.411511,"full_prefill,chunked_prefill_small,estimated_service_time_first,weighted_fair_share,least_laxity_first",False,1.0,0.005,sustained+high_valid_pressure,0,952bd353c79bef75dea529eeb46f1ee1ac61a4efb946ed96403fe542a094c856,industry_realism_causal_headroom_phase_d_v1.results.0.0,24.238,0.0,azure_2023_conv,phase_d_v1::azure_2023_conv::w044::kv_capacity::kv_8000::step6933,VALID_STRONGLY_CONSTRAINED,1.0,44
0.00390625,kv_capacity,phase_d_v1::azure_2023_conv::w044::kv_capacity::kv_8000::step6974::sbs_reference,SBS_REFERENCE,"{""admit"":{},""hold_decode"":{},""migrate"":{},""preempt"":{},""prefill_chunk_override"":{},""swap"":{}}",952bd353c79bef75dea529eeb46f1ee1ac61a4efb946ed96403fe542a094c856,,1.0,kv_8000,kv_constrained_online,6974,6.974,17264,0.160642,0,,True,1,0.489,True,0.141587,,200,0,200,0.411511,,False,1.0,0.005,sustained+high_valid_pressure,0,952bd353c79bef75dea529eeb46f1ee1ac61a4efb946ed96403fe542a094c856,industry_realism_causal_headroom_phase_d_v1.results.0.0,24.238,0.0,azure_2023_conv,phase_d_v1::azure_2023_conv::w044::kv_capacity::kv_8000::step6974,VALID_STRONGLY_CONSTRAINED,1.0,44
0.00390625,kv_capacity,phase_d_v1::azure_2023_conv::w044::kv_capacity::kv_8000::step6974::alt00::a82007f6fec8355f,COUNTERFACTUAL,"{""admit"":{""0"":[52]},""hold_decode"":{},""migrate"":{},""preempt"":{},""prefill_chunk_override"":{},""swap"":{}}",a82007f6fec8355f021c1c65715f0e48d38e8399df4c66640851c068278f023b,True,1.0,kv_8000,kv_constrained_online,6974,6.974,17264,0.159432,0,,True,0,0.489,True,0.141482,5,200,0,200,0.411511,"full_prefill,chunked_prefill_small,estimated_service_time_first,weighted_fair_share,least_laxity_first",False,1.0,0.005,sustained+high_valid_pressure,0,952bd353c79bef75dea529eeb46f1ee1ac61a4efb946ed96403fe542a094c856,industry_realism_causal_headroom_phase_d_v1.results.0.0,24.238,0.0,azure_2023_conv,phase_d_v1::azure_2023_conv::w044::kv_capacity::kv_8000::step6974,VALID_STRONGLY_CONSTRAINED,1.0,44
0.005859375,kv_capacity,phase_d_v1::azure_2023_conv::w044::kv_capacity::kv_8000::step15731::sbs_reference,SBS_REFERENCE,"{""admit"":{},""hold_decode"":{},""migrate"":{},""preempt"":{},""prefill_chunk_override"":{},""swap"":{}}",952bd353c79bef75dea529eeb46f1ee1ac61a4efb946ed96403fe542a094c856,,1.0,kv_8000,kv_constrained_online,15731,15.731,8507,0.08719,0,,True,1,0.37975,True,0.141587,,200,0,200,0.411511,,False,1.0,0.005,sustained+high_valid_pressure,0,952bd353c79bef75dea529eeb46f1ee1ac61a4efb946ed96403fe542a094c856,industry_realism_causal_headroom_phase_d_v1.results.0.0,24.238,0.0,azure_2023_conv,phase_d_v1::azure_2023_conv::w044::kv_capacity::kv_8000::step15731,VALID_STRONGLY_CONSTRAINED,1.0,44
0.005859375,kv_capacity,phase_d_v1::azure_2023_conv::w044::kv_capacity::kv_8000::step15731::alt00::83a2ff207435961c,COUNTERFACTUAL,"{""admit"":{""0"":[128]},""hold_decode"":{},""migrate"":{},""preempt"":{},""prefill_chunk_override"":{},""swap"":{}}",83a2ff207435961c0bb2edc24bbabc2ec3b1c80ae1652398722c101e684070c2,True,1.0,kv_8000,kv_constrained_online,15731,15.731,8507,0.102219,0,,True,0,0.37975,True,0.141407,5,200,0,200,0.411511,"full_prefill,chunked_prefill_small,estimated_service_time_first,weighted_fair_share,least_laxity_first",False,1.0,0.005,sustained+high_valid_pressure,0,952bd353c79bef75dea529eeb46f1ee1ac61a4efb946ed96403fe542a094c856,industry_realism_causal_headroom_phase_d_v1.results.0.0,24.238,0.0,azure_2023_conv,phase_d_v1::azure_2023_conv::w044::kv_capacity::kv_8000::step15731,VALID_STRONGLY_CONSTRAINED,1.0,44
0.005859375,kv_capacity,phase_d_v1::azure_2023_conv::w048::kv_capacity::kv_8000::step2390::sbs_reference,SBS_REFERENCE,"{""admit"":{},""hold_decode"":{},""migrate"":{},""preempt"":{},""prefill_chunk_override"":{},""swap"":{}}",952bd353c79bef75dea529eeb46f1ee1ac61a4efb946ed96403fe542a094c856,,1.0,kv_8000,kv_constrained_online,2390,2.39,24063,0.180797,0,,True,1,0.3735,True,0.129402,,200,0,200,0.413042,,False,1.0,0.005,sustained+high_valid_pressure,0,952bd353c79bef75dea529eeb46f1ee1ac61a4efb946ed96403fe542a094c856,industry_realism_causal_headroom_phase_d_v1.results.0.0,26.453,0.0,azure_2023_conv,phase_d_v1::azure_2023_conv::w048::kv_capacity::kv_8000::step2390,VALID_STRONGLY_CONSTRAINED,1.0,48
0.005859375,kv_capacity,phase_d_v1::azure_2023_conv::w048::kv_capacity::kv_8000::step2390::alt00::2f02fae541008141,COUNTERFACTUAL,"{""admit"":{""0"":[24]},""hold_decode"":{},""migrate"":{},""preempt"":{},""prefill_chunk_override"":{},""swap"":{}}",2f02fae541008141cab7a20815285ad4e40f3fbb310f74e7102c4e5b00ec060c,True,1.0,kv_8000,kv_constrained_online,2390,2.39,24063,0.180488,0,,True,0,0.3735,True,0.129322,5,200,0,200,0.413042,"full_prefill,chunked_prefill_small,estimated_service_time_first,weighted_fair_share,least_laxity_first",False,1.0,0.005,sustained+high_valid_pressure,0,952bd353c79bef75dea529eeb46f1ee1ac61a4efb946ed96403fe542a094c856,industry_realism_causal_headroom_phase_d_v1.results.0.0,26.453,0.0,azure_2023_conv,phase_d_v1::azure_2023_conv::w048::kv_capacity::kv_8000::step2390,VALID_STRONGLY_CONSTRAINED,1.0,48
0.00390625,kv_capacity,phase_d_v1::azure_2023_conv::w048::kv_capacity::kv_8000::step7517::sbs_reference,SBS_REFERENCE,"{""admit"":{},""hold_decode"":{},""migrate"":{},""preempt"":{},""prefill_chunk_override"":{},""swap"":{}}",952bd353c79bef75dea529eeb46f1ee1ac61a4efb946ed96403fe542a094c856,,1.0,kv_8000,kv_constrained_online,7517,7.517,18936,0.142279,0,,True,1,0.707,True,0.129402,,200,0,200,0.413042,,False,1.0,0.01,sustained+high_valid_pressure,1,952bd353c79bef75dea529eeb46f1ee1ac61a4efb946ed96403fe542a094c856,industry_realism_causal_headroom_phase_d_v1.results.0.0,26.453,0.0,azure_2023_conv,phase_d_v1::azure_2023_conv::w048::kv_capacity::kv_8000::step7517,VALID_STRONGLY_CONSTRAINED,1.0,48
0.00390625,kv_capacity,phase_d_v1::azure_2023_conv::w048::kv_capacity::kv_8000::step7517::alt00::de9d4d31c29db46c,COUNTERFACTUAL,"{""admit"":{""0"":[60]},""hold_decode"":{},""migrate"":{},""preempt"":{},""prefill_chunk_override"":{},""swap"":{}}",de9d4d31c29db46c9f805bc907bf54257c720b910fe89f051daf851172c55f6f,True,1.0,kv_8000,kv_constrained_online,7517,7.517,18936,0.138041,0,,True,0,0.707,True,0.129472,5,200,0,200,0.413042,"full_prefill,chunked_prefill_small,estimated_service_time_first,weighted_fair_share,least_laxity_first",False,1.0,0.01,sustained+high_valid_pressure,1,952bd353c79bef75dea529eeb46f1ee1ac61a4efb946ed96403fe542a094c856,industry_realism_causal_headroom_phase_d_v1.results.0.0,26.453,0.0,azure_2023_conv,phase_d_v1::azure_2023_conv::w048::kv_capacity::kv_8000::step7517,VALID_STRONGLY_CONSTRAINED,1.0,48
0.00390625,kv_capacity,phase_d_v1::azure_2023_conv::w048::kv_capacity::kv_8000::step7540::sbs_reference,SBS_REFERENCE,"{""admit"":{},""hold_decode"":{},""migrate"":{},""preempt"":{},""prefill_chunk_override"":{},""swap"":{}}",952bd353c79bef75dea529eeb46f1ee1ac61a4efb946ed96403fe542a094c856,,1.0,kv_8000,kv_constrained_online,7540,7.54,18913,0.142359,0,,True,1,0.71275,True,0.129402,,200,0,200,0.413042,,False,1.0,0.01,sustained+high_valid_pressure,1,952bd353c79bef75dea529eeb46f1ee1ac61a4efb946ed96403fe542a094c856,industry_realism_causal_headroom_phase_d_v1.results.0.0,26.453,0.0,azure_2023_conv,phase_d_v1::azure_2023_conv::w048::kv_capacity::kv_8000::step7540,VALID_STRONGLY_CONSTRAINED,1.0,48
0.00390625,kv_capacity,phase_d_v1::azure_2023_conv::w048::kv_capacity::kv_8000::step7540::alt00::de9d4d31c29db46c,COUNTERFACTUAL,"{""admit"":{""0"":[60]},""hold_decode"":{},""migrate"":{},""preempt"":{},""prefill_chunk_override"":{},""swap"":{}}",de9d4d31c29db46c9f805bc907bf54257c720b910fe89f051daf851172c55f6f,True,1.0,kv_8000,kv_constrained_online,7540,7.54,18913,0.173795,0,,True,0,0.71275,True,0.129587,5,200,0,200,0.413042,"full_prefill,chunked_prefill_small,estimated_service_time_first,weighted_fair_share,least_laxity_first",False,1.0,0.01,sustained+high_valid_pressure,1,952bd353c79bef75dea529eeb46f1ee1ac61a4efb946ed96403fe542a094c856,industry_realism_causal_headroom_phase_d_v1.results.0.0,26.453,0.0,azure_2023_conv,phase_d_v1::azure_2023_conv::w048::kv_capacity::kv_8000::step7540,VALID_STRONGLY_CONSTRAINED,1.0,48
0.00390625,kv_capacity,phase_d_v1::azure_2023_conv::w052::kv_capacity::kv_8000::step6606::sbs_reference,SBS_REFERENCE,"{""admit"":{},""hold_decode"":{},""migrate"":{},""preempt"":{},""prefill_chunk_override"":{},""swap"":{}}",952bd353c79bef75dea529eeb46f1ee1ac61a4efb946ed96403fe542a094c856,,1.0,kv_8000,kv_constrained_online,6606,6.606,18182,0.155591,0,,True,1,0.330125,True,0.136164,,200,0,200,0.428987,,False,1.0,0.005,sustained+high_valid_pressure,0,952bd353c79bef75dea529eeb46f1ee1ac61a4efb946ed96403fe542a094c856,industry_realism_causal_headroom_phase_d_v1.results.0.0,24.788,0.0,azure_2023_conv,phase_d_v1::azure_2023_conv::w052::kv_capacity::kv_8000::step6606,VALID_STRONGLY_CONSTRAINED,1.0,52
0.00390625,kv_capacity,phase_d_v1::azure_2023_conv::w052::kv_capacity::kv_8000::step6606::alt00::de9d4d31c29db46c,COUNTERFACTUAL,"{""admit"":{""0"":[60]},""hold_decode"":{},""migrate"":{},""preempt"":{},""prefill_chunk_override"":{},""swap"":{}}",de9d4d31c29db46c9f805bc907bf54257c720b910fe89f051daf851172c55f6f,True,1.0,kv_8000,kv_constrained_online,6606,6.606,18182,0.160801,0,,True,0,0.330125,True,0.135774,5,200,0,200,0.428987,"full_prefill,chunked_prefill_small,estimated_service_time_first,weighted_fair_share,least_laxity_first",False,1.0,0.005,sustained+high_valid_pressure,0,952bd353c79bef75dea529eeb46f1ee1ac61a4efb946ed96403fe542a094c856,industry_realism_causal_headroom_phase_d_v1.results.0.0,24.788,0.0,azure_2023_conv,phase_d_v1::azure_2023_conv::w052::kv_capacity::kv_8000::step6606,VALID_STRONGLY_CONSTRAINED,1.0,52
0.00390625,kv_capacity,phase_d_v1::azure_2023_conv::w052::kv_capacity::kv_8000::step24228::sbs_reference,SBS_REFERENCE,"{""admit"":{},""hold_decode"":{},""migrate"":{},""preempt"":{},""prefill_chunk_override"":{},""swap"":{}}",952bd353c79bef75dea529eeb46f1ee1ac61a4efb946ed96403fe542a094c856,,1.0,kv_8000,kv_constrained_online,24228,24.228,560,0.009937,0,,True,1,0.37475,True,0.136164,,200,0,200,0.428987,,False,1.0,0.005,sustained+high_valid_pressure,0,952bd353c79bef75dea529eeb46f1ee1ac61a4efb946ed96403fe542a094c856,industry_realism_causal_headroom_phase_d_v1.results.0.0,24.788,0.0,azure_2023_conv,phase_d_v1::azure_2023_conv::w052::kv_capacity::kv_8000::step24228,VALID_STRONGLY_CONSTRAINED,1.0,52
0.00390625,kv_capacity,phase_d_v1::azure_2023_conv::w052::kv_capacity::kv_8000::step24228::alt00::e8dd01caf7470d63,COUNTERFACTUAL,"{""admit"":{""0"":[192]},""hold_decode"":{},""migrate"":{},""preempt"":{},""prefill_chunk_override"":{},""swap"":{}}",e8dd01caf7470d63e0ba2bba343c85a92b22f1d9c2597a2b99d3f1bde8896992,True,1.0,kv_8000,kv_constrained_online,24228,24.228,551,0.009512,0,,True,0,0.37475,True,0.135984,5,200,0,200,0.426913,"full_prefill,chunked_prefill_small,estimated_service_time_first,weighted_fair_share,least_laxity_first",False,1.0,0.005,sustained+high_valid_pressure,0,952bd353c79bef75dea529eeb46f1ee1ac61a4efb946ed96403fe542a094c856,industry_realism_causal_headroom_phase_d_v1.results.0.0,24.779,0.0,azure_2023_conv,phase_d_v1::azure_2023_conv::w052::kv_capacity::kv_8000::step24228,VALID_STRONGLY_CONSTRAINED,1.0,52
0.00390625,kv_capacity,phase_d_v1::azure_2023_conv::w052::kv_capacity::kv_8000::step24325::sbs_reference,SBS_REFERENCE,"{""admit"":{},""hold_decode"":{},""migrate"":{},""preempt"":{},""prefill_chunk_override"":{},""swap"":{}}",952bd353c79bef75dea529eeb46f1ee1ac61a4efb946ed96403fe542a094c856,,1.0,kv_8000,kv_constrained_online,24325,24.325,463,0.016651,0,,True,1,0.707375,True,0.136164,,200,0,200,0.428987,,False,1.0,0.01,sustained+high_valid_pressure,0,952bd353c79bef75dea529eeb46f1ee1ac61a4efb946ed96403fe542a094c856,industry_realism_causal_headroom_phase_d_v1.results.0.0,24.788,0.0,azure_2023_conv,phase_d_v1::azure_2023_conv::w052::kv_capacity::kv_8000::step24325,VALID_STRONGLY_CONSTRAINED,1.0,52
0.00390625,kv_capacity,phase_d_v1::azure_2023_conv::w052::kv_capacity::kv_8000::step24325::alt00::4619080299f2d454,COUNTERFACTUAL,"{""admit"":{""0"":[193,194]},""hold_decode"":{},""migrate"":{},""preempt"":{},""prefill_chunk_override"":{},""swap"":{}}",4619080299f2d45401d1b9b05c99beb722cd0dbf6fefe79628ea47f4cc2d5f8b,True,1.0,kv_8000,kv_constrained_online,24325,24.325,451,0.007883,0,,True,0,0.707375,True,0.135984,5,200,0,200,0.424226,"full_prefill,chunked_prefill_small,estimated_service_time_first,weighted_fair_share,least_laxity_first",False,1.0,0.01,sustained+high_valid_pressure,0,952bd353c79bef75dea529eeb46f1ee1ac61a4efb946ed96403fe542a094c856,industry_realism_causal_headroom_phase_d_v1.results.0.0,24.776,0.0,azure_2023_conv,phase_d_v1::azure_2023_conv::w052::kv_capacity::kv_8000::step24325,VALID_STRONGLY_CONSTRAINED,1.0,52
0.00390625,kv_capacity,phase_d_v1::azure_2023_conv::w052::kv_capacity::kv_8000::step24634::sbs_reference,SBS_REFERENCE,"{""admit"":{},""hold_decode"":{},""migrate"":{},""preempt"":{},""prefill_chunk_override"":{},""swap"":{}}",952bd353c79bef75dea529eeb46f1ee1ac61a4efb946ed96403fe542a094c856,,1.0,kv_8000,kv_constrained_online,24634,24.634,154,0.004766,0,,True,1,0.33975,True,0.136164,,200,0,200,0.428987,,False,1.0,0.005,sustained+high_valid_pressure,0,952bd353c79bef75dea529eeb46f1ee1ac61a4efb946ed96403fe542a094c856,industry_realism_causal_headroom_phase_d_v1.results.0.0,24.788,0.0,azure_2023_conv,phase_d_v1::azure_2023_conv::w052::kv_capacity::kv_8000::step24634,VALID_STRONGLY_CONSTRAINED,1.0,52
0.00390625,kv_capacity,phase_d_v1::azure_2023_conv::w052::kv_capacity::kv_8000::step24634::alt00::066126f938a45645,COUNTERFACTUAL,"{""admit"":{""0"":[195]},""hold_decode"":{},""migrate"":{},""preempt"":{},""prefill_chunk_override"":{},""swap"":{}}",066126f938a456457b9da6c30ea504a851061287d9ecf354e9da9001bbbcf98f,True,1.0,kv_8000,kv_constrained_online,24634,24.634,129,0.001779,0,,True,0,0.33975,True,0.135699,5,200,0,200,0.42699,"full_prefill,chunked_prefill_small,estimated_service_time_first,weighted_fair_share,least_laxity_first",False,1.0,0.005,sustained+high_valid_pressure,0,952bd353c79bef75dea529eeb46f1ee1ac61a4efb946ed96403fe542a094c856,industry_realism_causal_headroom_phase_d_v1.results.0.0,24.763,0.0,azure_2023_conv,phase_d_v1::azure_2023_conv::w052::kv_capacity::kv_8000::step24634,VALID_STRONGLY_CONSTRAINED,1.0,52
0.00390625,kv_capacity,phase_d_v1::azure_2023_conv::w056::kv_capacity::kv_8000::step1377::sbs_reference,SBS_REFERENCE,"{""admit"":{},""hold_decode"":{},""migrate"":{},""preempt"":{},""prefill_chunk_override"":{},""swap"":{}}",952bd353c79bef75dea529eeb46f1ee1ac61a4efb946ed96403fe542a094c856,,1.0,kv_8000,kv_constrained_online,1377,1.377,25634,0.197678,0,,True,1,0.7,True,0.135726,,200,0,200,0.430292,,False,1.0,0.005,sustained+high_valid_pressure,0,952bd353c79bef75dea529eeb46f1ee1ac61a4efb946ed96403fe542a094c856,industry_realism_causal_headroom_phase_d_v1.results.0.0,27.011,0.0,azure_2023_conv,phase_d_v1::azure_2023_conv::w056::kv_capacity::kv_8000::step1377,VALID_STRONGLY_CONSTRAINED,1.0,56
0.00390625,kv_capacity,phase_d_v1::azure_2023_conv::w056::kv_capacity::kv_8000::step1377::alt00::0066d038b8695f2e,COUNTERFACTUAL,"{""admit"":{""0"":[13]},""hold_decode"":{},""migrate"":{},""preempt"":{},""prefill_chunk_override"":{},""swap"":{}}",0066d038b8695f2e5c8473c15052ee69d50c5f86a617b6a9ca05ee76a957ef5d,True,1.0,kv_8000,kv_constrained_online,1377,1.377,25634,0.255175,0,,True,0,0.7,True,0.135716,5,200,0,200,0.430292,"full_prefill,chunked_prefill_small,estimated_service_time_first,weighted_fair_share,least_laxity_first",False,1.0,0.005,sustained+high_valid_pressure,0,952bd353c79bef75dea529eeb46f1ee1ac61a4efb946ed96403fe542a094c856,industry_realism_causal_headroom_phase_d_v1.results.0.0,27.011,0.0,azure_2023_conv,phase_d_v1::azure_2023_conv::w056::kv_capacity::kv_8000::step1377,VALID_STRONGLY_CONSTRAINED,1.0,56
0.00390625,kv_capacity,phase_d_v1::azure_2023_conv::w056::kv_capacity::kv_8000::step10390::sbs_reference,SBS_REFERENCE,"{""admit"":{},""hold_decode"":{},""migrate"":{},""preempt"":{},""prefill_chunk_override"":{},""swap"":{}}",952bd353c79bef75dea529eeb46f1ee1ac61a4efb946ed96403fe542a094c856,,1.0,kv_8000,kv_constrained_online,10390,10.39,16621,0.133197,0,,True,1,0.82625,True,0.135726,,200,0,200,0.430292,,False,1.0,0.005,sustained+high_valid_pressure,0,952bd353c79bef75dea529eeb46f1ee1ac61a4efb946ed96403fe542a094c856,industry_realism_causal_headroom_phase_d_v1.results.0.0,27.011,0.0,azure_2023_conv,phase_d_v1::azure_2023_conv::w056::kv_capacity::kv_8000::step10390,VALID_STRONGLY_CONSTRAINED,1.0,56
0.00390625,kv_capacity,phase_d_v1::azure_2023_conv::w056::kv_capacity::kv_8000::step10390::alt00::732eebb0b9bc4259,COUNTERFACTUAL,"{""admit"":{""0"":[84]},""hold_decode"":{},""migrate"":{},""preempt"":{},""prefill_chunk_override"":{},""swap"":{}}",732eebb0b9bc4259c8adbe4f77ce55bbf55a1b76e31b2dc7af90b71b52c8031b,True,1.0,kv_8000,kv_constrained_online,10390,10.39,16621,0.131984,0,,True,0,0.82625,True,0.135716,5,200,0,200,0.430292,"full_prefill,chunked_prefill_small,estimated_service_time_first,weighted_fair_share,least_laxity_first",False,1.0,0.005,sustained+high_valid_pressure,0,952bd353c79bef75dea529eeb46f1ee1ac61a4efb946ed96403fe542a094c856,industry_realism_causal_headroom_phase_d_v1.results.0.0,27.011,0.0,azure_2023_conv,phase_d_v1::azure_2023_conv::w056::kv_capacity::kv_8000::step10390,VALID_STRONGLY_CONSTRAINED,1.0,56
0.00390625,kv_capacity,phase_d_v1::azure_2023_conv::w056::kv_capacity::kv_8000::step16745::sbs_reference,SBS_REFERENCE,"{""admit"":{},""hold_decode"":{},""migrate"":{},""preempt"":{},""prefill_chunk_override"":{},""swap"":{}}",952bd353c79bef75dea529eeb46f1ee1ac61a4efb946ed96403fe542a094c856,,1.0,kv_8000,kv_constrained_online,16745,16.745,10266,0.103279,0,,True,1,0.31675,True,0.135726,,200,0,200,0.430292,,False,1.0,0.005,sustained+high_valid_pressure,0,952bd353c79bef75dea529eeb46f1ee1ac61a4efb946ed96403fe542a094c856,industry_realism_causal_headroom_phase_d_v1.results.0.0,27.011,0.0,azure_2023_conv,phase_d_v1::azure_2023_conv::w056::kv_capacity::kv_8000::step16745,VALID_STRONGLY_CONSTRAINED,1.0,56
0.00390625,kv_capacity,phase_d_v1::azure_2023_conv::w056::kv_capacity::kv_8000::step16745::alt00::e64086d78d0929dc,COUNTERFACTUAL,"{""admit"":{""0"":[132]},""hold_decode"":{},""migrate"":{},""preempt"":{},""prefill_chunk_override"":{},""swap"":{}}",e64086d78d0929dcafc143026509e1f42b06e74354cdd34930cf4e2ea0aa9f0c,True,1.0,kv_8000,kv_constrained_online,16745,16.745,10266,0.084609,0,,True,0,0.31675,True,0.134096,5,200,0,200,0.430292,"full_prefill,chunked_prefill_small,estimated_service_time_first,weighted_fair_share,least_laxity_first",False,1.0,0.005,sustained+high_valid_pressure,0,952bd353c79bef75dea529eeb46f1ee1ac61a4efb946ed96403fe542a094c856,industry_realism_causal_headroom_phase_d_v1.results.0.0,27.011,0.0,azure_2023_conv,phase_d_v1::azure_2023_conv::w056::kv_capacity::kv_8000::step16745,VALID_STRONGLY_CONSTRAINED,1.0,56
0.00390625,kv_capacity,phase_d_v1::azure_2023_conv::w056::kv_capacity::kv_8000::step16830::sbs_reference,SBS_REFERENCE,"{""admit"":{},""hold_decode"":{},""migrate"":{},""preempt"":{},""prefill_chunk_override"":{},""swap"":{}}",952bd353c79bef75dea529eeb46f1ee1ac61a4efb946ed96403fe542a094c856,,1.0,kv_8000,kv_constrained_online,16830,16.830000000000002,10181,0.085751,0,,True,1,0.338,True,0.135726,,200,0,200,0.430292,,False,1.0,0.005,sustained+high_valid_pressure,0,952bd353c79bef75dea529eeb46f1ee1ac61a4efb946ed96403fe542a094c856,industry_realism_causal_headroom_phase_d_v1.results.0.0,27.011,0.0,azure_2023_conv,phase_d_v1::azure_2023_conv::w056::kv_capacity::kv_8000::step16830,VALID_STRONGLY_CONSTRAINED,1.0,56
0.00390625,kv_capacity,phase_d_v1::azure_2023_conv::w056::kv_capacity::kv_8000::step16830::alt00::e64086d78d0929dc,COUNTERFACTUAL,"{""admit"":{""0"":[132]},""hold_decode"":{},""migrate"":{},""preempt"":{},""prefill_chunk_override"":{},""swap"":{}}",e64086d78d0929dcafc143026509e1f42b06e74354cdd34930cf4e2ea0aa9f0c,True,1.0,kv_8000,kv_constrained_online,16830,16.830000000000002,10181,0.084356,0,,True,0,0.338,True,0.134596,5,200,0,200,0.430292,"full_prefill,chunked_prefill_small,estimated_service_time_first,weighted_fair_share,least_laxity_first",False,1.0,0.005,sustained+high_valid_pressure,0,952bd353c79bef75dea529eeb46f1ee1ac61a4efb946ed96403fe542a094c856,industry_realism_causal_headroom_phase_d_v1.results.0.0,27.011,0.0,azure_2023_conv,phase_d_v1::azure_2023_conv::w056::kv_capacity::kv_8000::step16830,VALID_STRONGLY_CONSTRAINED,1.0,56
0.005859375,kv_capacity,phase_d_v1::azure_2023_conv::w056::kv_capacity::kv_8000::step16883::sbs_reference,SBS_REFERENCE,"{""admit"":{},""hold_decode"":{},""migrate"":{},""preempt"":{},""prefill_chunk_override"":{},""swap"":{}}",952bd353c79bef75dea529eeb46f1ee1ac61a4efb946ed96403fe542a094c856,,1.0,kv_8000,kv_constrained_online,16883,16.883,10128,0.097962,0,,True,1,0.403,True,0.135726,,200,0,200,0.430292,,False,1.0,0.005,sustained+high_valid_pressure,0,952bd353c79bef75dea529eeb46f1ee1ac61a4efb946ed96403fe542a094c856,industry_realism_causal_headroom_phase_d_v1.results.0.0,27.011,0.0,azure_2023_conv,phase_d_v1::azure_2023_conv::w056::kv_capacity::kv_8000::step16883,VALID_STRONGLY_CONSTRAINED,1.0,56
0.005859375,kv_capacity,phase_d_v1::azure_2023_conv::w056::kv_capacity::kv_8000::step16883::alt00::e64086d78d0929dc,COUNTERFACTUAL,"{""admit"":{""0"":[132]},""hold_decode"":{},""migrate"":{},""preempt"":{},""prefill_chunk_override"":{},""swap"":{}}",e64086d78d0929dcafc143026509e1f42b06e74354cdd34930cf4e2ea0aa9f0c,True,1.0,kv_8000,kv_constrained_online,16883,16.883,10128,0.085492,0,,True,0,0.403,True,0.134826,5,200,0,200,0.430292,"full_prefill,chunked_prefill_small,estimated_service_time_first,weighted_fair_share,least_laxity_first",False,1.0,0.005,sustained+high_valid_pressure,0,952bd353c79bef75dea529eeb46f1ee1ac61a4efb946ed96403fe542a094c856,industry_realism_causal_headroom_phase_d_v1.results.0.0,27.011,0.0,azure_2023_conv,phase_d_v1::azure_2023_conv::w056::kv_capacity::kv_8000::step16883,VALID_STRONGLY_CONSTRAINED,1.0,56
0.001953125,kv_capacity,phase_d_v1::azure_2023_conv::w056::kv_capacity::kv_8000::step17274::sbs_reference,SBS_REFERENCE,"{""admit"":{},""hold_decode"":{},""migrate"":{},""preempt"":{},""prefill_chunk_override"":{},""swap"":{}}",952bd353c79bef75dea529eeb46f1ee1ac61a4efb946ed96403fe542a094c856,,1.0,kv_8000,kv_constrained_online,17274,17.274,9737,0.078759,0,,True,1,0.3695,True,0.135726,,200,0,200,0.430292,,False,1.0,0.005,sustained+high_valid_pressure,0,952bd353c79bef75dea529eeb46f1ee1ac61a4efb946ed96403fe542a094c856,industry_realism_causal_headroom_phase_d_v1.results.0.0,27.011,0.0,azure_2023_conv,phase_d_v1::azure_2023_conv::w056::kv_capacity::kv_8000::step17274,VALID_STRONGLY_CONSTRAINED,1.0,56
0.001953125,kv_capacity,phase_d_v1::azure_2023_conv::w056::kv_capacity::kv_8000::step17274::alt00::c84c3abc0cae0115,COUNTERFACTUAL,"{""admit"":{""0"":[136]},""hold_decode"":{},""migrate"":{},""preempt"":{},""prefill_chunk_override"":{},""swap"":{}}",c84c3abc0cae0115933640449c0e4f7ff5c1e107231c627d66896302b18097c4,True,1.0,kv_8000,kv_constrained_online,17274,17.274,9737,0.087053,0,,True,0,0.3695,True,0.135576,5,200,0,200,0.430292,"full_prefill,chunked_prefill_small,estimated_service_time_first,weighted_fair_share,least_laxity_first",False,1.0,0.005,sustained+high_valid_pressure,0,952bd353c79bef75dea529eeb46f1ee1ac61a4efb946ed96403fe542a094c856,industry_realism_causal_headroom_phase_d_v1.results.0.0,27.011,0.0,azure_2023_conv,phase_d_v1::azure_2023_conv::w056::kv_capacity::kv_8000::step17274,VALID_STRONGLY_CONSTRAINED,1.0,56
0.001953125,kv_capacity,phase_d_v1::azure_2023_conv::w056::kv_capacity::kv_8000::step17298::sbs_reference,SBS_REFERENCE,"{""admit"":{},""hold_decode"":{},""migrate"":{},""preempt"":{},""prefill_chunk_override"":{},""swap"":{}}",952bd353c79bef75dea529eeb46f1ee1ac61a4efb946ed96403fe542a094c856,,1.0,kv_8000,kv_constrained_online,17298,17.298000000000002,9713,0.07729,0,,True,1,0.3725,True,0.135726,,200,0,200,0.430292,,False,1.0,0.005,sustained+high_valid_pressure,0,952bd353c79bef75dea529eeb46f1ee1ac61a4efb946ed96403fe542a094c856,industry_realism_causal_headroom_phase_d_v1.results.0.0,27.011,0.0,azure_2023_conv,phase_d_v1::azure_2023_conv::w056::kv_capacity::kv_8000::step17298,VALID_STRONGLY_CONSTRAINED,1.0,56
0.001953125,kv_capacity,phase_d_v1::azure_2023_conv::w056::kv_capacity::kv_8000::step17298::alt00::c84c3abc0cae0115,COUNTERFACTUAL,"{""admit"":{""0"":[136]},""hold_decode"":{},""migrate"":{},""preempt"":{},""prefill_chunk_override"":{},""swap"":{}}",c84c3abc0cae0115933640449c0e4f7ff5c1e107231c627d66896302b18097c4,True,1.0,kv_8000,kv_constrained_online,17298,17.298000000000002,9713,0.08019,0,,True,0,0.3725,True,0.135691,5,200,0,200,0.430292,"full_prefill,chunked_prefill_small,estimated_service_time_first,weighted_fair_share,least_laxity_first",False,1.0,0.005,sustained+high_valid_pressure,0,952bd353c79bef75dea529eeb46f1ee1ac61a4efb946ed96403fe542a094c856,industry_realism_causal_headroom_phase_d_v1.results.0.0,27.011,0.0,azure_2023_conv,phase_d_v1::azure_2023_conv::w056::kv_capacity::kv_8000::step17298,VALID_STRONGLY_CONSTRAINED,1.0,56
0.005859375,kv_capacity,phase_d_v1::azure_2023_conv::w060::kv_capacity::kv_8000::step2264::sbs_reference,SBS_REFERENCE,"{""admit"":{},""hold_decode"":{},""migrate"":{},""preempt"":{},""prefill_chunk_override"":{},""swap"":{}}",952bd353c79bef75dea529eeb46f1ee1ac61a4efb946ed96403fe542a094c856,,1.0,kv_8000,kv_constrained_online,2264,2.2640000000000002,25213,0.226107,0,,True,1,0.696875,True,0.165607,,200,0,200,0.41818,,False,1.0,0.005,sustained+high_valid_pressure,0,952bd353c79bef75dea529eeb46f1ee1ac61a4efb946ed96403fe542a094c856,industry_realism_causal_headroom_phase_d_v1.results.0.0,27.477,0.0,azure_2023_conv,phase_d_v1::azure_2023_conv::w060::kv_capacity::kv_8000::step2264,VALID_PARTIALLY_CONSTRAINED,1.0,60
0.005859375,kv_capacity,phase_d_v1::azure_2023_conv::w060::kv_capacity::kv_8000::step2264::alt00::8ddfe5eaee5e4944,COUNTERFACTUAL,"{""admit"":{""0"":[22]},""hold_decode"":{},""migrate"":{},""preempt"":{},""prefill_chunk_override"":{},""swap"":{}}",8ddfe5eaee5e494459c42e325205e109b6767251d1547fc551bc01e079cd9157,True,1.0,kv_8000,kv_constrained_online,2264,2.2640000000000002,25213,0.311446,0,,True,0,0.696875,True,0.165587,5,200,0,200,0.41818,"full_prefill,chunked_prefill_small,estimated_service_time_first,weighted_fair_share,least_laxity_first",False,1.0,0.005,sustained+high_valid_pressure,0,952bd353c79bef75dea529eeb46f1ee1ac61a4efb946ed96403fe542a094c856,industry_realism_causal_headroom_phase_d_v1.results.0.0,27.477,0.0,azure_2023_conv,phase_d_v1::azure_2023_conv::w060::kv_capacity::kv_8000::step2264,VALID_PARTIALLY_CONSTRAINED,1.0,60
0.005859375,kv_capacity,phase_d_v1::azure_2023_conv::w076::kv_capacity::kv_8000::step3069::sbs_reference,SBS_REFERENCE,"{""admit"":{},""hold_decode"":{},""migrate"":{},""preempt"":{},""prefill_chunk_override"":{},""swap"":{}}",952bd353c79bef75dea529eeb46f1ee1ac61a4efb946ed96403fe542a094c856,,1.0,kv_8000,kv_constrained_online,3069,3.069,29014,0.364441,0,,True,1,0.501875,True,0.229075,,200,0,200,0.500808,,False,1.0,0.005,sustained+high_valid_pressure,0,952bd353c79bef75dea529eeb46f1ee1ac61a4efb946ed96403fe542a094c856,industry_realism_causal_headroom_phase_d_v1.results.0.0,32.083,0.0,azure_2023_conv,phase_d_v1::azure_2023_conv::w076::kv_capacity::kv_8000::step3069,VALID_STRONGLY_CONSTRAINED,1.0,76
0.005859375,kv_capacity,phase_d_v1::azure_2023_conv::w076::kv_capacity::kv_8000::step3069::alt00::a7d1aaaee1024763,COUNTERFACTUAL,"{""admit"":{""0"":[25]},""hold_decode"":{},""migrate"":{},""preempt"":{},""prefill_chunk_override"":{},""swap"":{}}",a7d1aaaee10247633d3032284795af397f60b47d97fc24fe1571a212c03223c8,True,1.0,kv_8000,kv_constrained_online,3069,3.069,29014,0.269935,0,,True,0,0.501875,True,0.228955,5,200,0,200,0.500808,"full_prefill,chunked_prefill_small,estimated_service_time_first,weighted_fair_share,least_laxity_first",False,1.0,0.005,sustained+high_valid_pressure,0,952bd353c79bef75dea529eeb46f1ee1ac61a4efb946ed96403fe542a094c856,industry_realism_causal_headroom_phase_d_v1.results.0.0,32.083,0.0,azure_2023_conv,phase_d_v1::azure_2023_conv::w076::kv_capacity::kv_8000::step3069,VALID_STRONGLY_CONSTRAINED,1.0,76
0.001953125,kv_capacity,phase_d_v1::azure_2023_conv::w076::kv_capacity::kv_8000::step4775::sbs_reference,SBS_REFERENCE,"{""admit"":{},""hold_decode"":{},""migrate"":{},""preempt"":{},""prefill_chunk_override"":{},""swap"":{}}",952bd353c79bef75dea529eeb46f1ee1ac61a4efb946ed96403fe542a094c856,,1.0,kv_8000,kv_constrained_online,4775,4.775,27308,0.244545,0,,True,1,0.17075,True,0.229075,,200,0,200,0.500808,,False,1.0,0.005,sustained+high_valid_pressure,0,952bd353c79bef75dea529eeb46f1ee1ac61a4efb946ed96403fe542a094c856,industry_realism_causal_headroom_phase_d_v1.results.0.0,32.083,0.0,azure_2023_conv,phase_d_v1::azure_2023_conv::w076::kv_capacity::kv_8000::step4775,VALID_STRONGLY_CONSTRAINED,1.0,76
0.001953125,kv_capacity,phase_d_v1::azure_2023_conv::w076::kv_capacity::kv_8000::step4775::alt00::f45d6307cb6cd010,COUNTERFACTUAL,"{""admit"":{""0"":[40]},""hold_decode"":{},""migrate"":{},""preempt"":{},""prefill_chunk_override"":{},""swap"":{}}",f45d6307cb6cd010213b08aa2d60eb61645cb664b0fb70a20b881a5b1e94ab54,True,1.0,kv_8000,kv_constrained_online,4775,4.775,27308,0.298868,0,,True,0,0.17075,True,0.224985,5,200,0,200,0.496725,"full_prefill,chunked_prefill_small,estimated_service_time_first,weighted_fair_share,least_laxity_first",False,1.0,0.005,sustained+high_valid_pressure,0,952bd353c79bef75dea529eeb46f1ee1ac61a4efb946ed96403fe542a094c856,industry_realism_causal_headroom_phase_d_v1.results.0.0,32.083,0.0,azure_2023_conv,phase_d_v1::azure_2023_conv::w076::kv_capacity::kv_8000::step4775,VALID_STRONGLY_CONSTRAINED,1.0,76
0.001953125,kv_capacity,phase_d_v1::azure_2023_conv::w076::kv_capacity::kv_8000::step4787::sbs_reference,SBS_REFERENCE,"{""admit"":{},""hold_decode"":{},""migrate"":{},""preempt"":{},""prefill_chunk_override"":{},""swap"":{}}",952bd353c79bef75dea529eeb46f1ee1ac61a4efb946ed96403fe542a094c856,,1.0,kv_8000,kv_constrained_online,4787,4.787,27296,0.254322,0,,True,1,0.17225,True,0.229075,,200,0,200,0.500808,,False,1.0,0.005,sustained+high_valid_pressure,0,952bd353c79bef75dea529eeb46f1ee1ac61a4efb946ed96403fe542a094c856,industry_realism_causal_headroom_phase_d_v1.results.0.0,32.083,0.0,azure_2023_conv,phase_d_v1::azure_2023_conv::w076::kv_capacity::kv_8000::step4787,VALID_STRONGLY_CONSTRAINED,1.0,76
0.001953125,kv_capacity,phase_d_v1::azure_2023_conv::w076::kv_capacity::kv_8000::step4787::alt00::f45d6307cb6cd010,COUNTERFACTUAL,"{""admit"":{""0"":[40]},""hold_decode"":{},""migrate"":{},""preempt"":{},""prefill_chunk_override"":{},""swap"":{}}",f45d6307cb6cd010213b08aa2d60eb61645cb664b0fb70a20b881a5b1e94ab54,True,1.0,kv_8000,kv_constrained_online,4787,4.787,27296,0.329424,0,,True,0,0.17225,True,0.225135,5,200,0,200,0.500808,"full_prefill,chunked_prefill_small,estimated_service_time_first,weighted_fair_share,least_laxity_first",False,1.0,0.005,sustained+high_valid_pressure,0,952bd353c79bef75dea529eeb46f1ee1ac61a4efb946ed96403fe542a094c856,industry_realism_causal_headroom_phase_d_v1.results.0.0,32.083,0.0,azure_2023_conv,phase_d_v1::azure_2023_conv::w076::kv_capacity::kv_8000::step4787,VALID_STRONGLY_CONSTRAINED,1.0,76
0.00390625,kv_capacity,phase_d_v1::azure_2023_conv::w076::kv_capacity::kv_8000::step4907::sbs_reference,SBS_REFERENCE,"{""admit"":{},""hold_decode"":{},""migrate"":{},""preempt"":{},""prefill_chunk_override"":{},""swap"":{}}",952bd353c79bef75dea529eeb46f1ee1ac61a4efb946ed96403fe542a094c856,,1.0,kv_8000,kv_constrained_online,4907,4.907,27176,0.300798,0,,True,1,0.28725,True,0.229075,,200,0,200,0.500808,,False,1.0,0.005,sustained+high_valid_pressure,0,952bd353c79bef75dea529eeb46f1ee1ac61a4efb946ed96403fe542a094c856,industry_realism_causal_headroom_phase_d_v1.results.0.0,32.083,0.0,azure_2023_conv,phase_d_v1::azure_2023_conv::w076::kv_capacity::kv_8000::step4907,VALID_STRONGLY_CONSTRAINED,1.0,76
0.00390625,kv_capacity,phase_d_v1::azure_2023_conv::w076::kv_capacity::kv_8000::step4907::alt00::f45d6307cb6cd010,COUNTERFACTUAL,"{""admit"":{""0"":[40]},""hold_decode"":{},""migrate"":{},""preempt"":{},""prefill_chunk_override"":{},""swap"":{}}",f45d6307cb6cd010213b08aa2d60eb61645cb664b0fb70a20b881a5b1e94ab54,True,1.0,kv_8000,kv_constrained_online,4907,4.907,27176,0.245436,0,,True,0,0.28725,True,0.22543,5,200,0,200,0.491326,"full_prefill,chunked_prefill_small,estimated_service_time_first,weighted_fair_share,least_laxity_first",False,1.0,0.005,sustained+high_valid_pressure,0,952bd353c79bef75dea529eeb46f1ee1ac61a4efb946ed96403fe542a094c856,industry_realism_causal_headroom_phase_d_v1.results.0.0,32.083,0.0,azure_2023_conv,phase_d_v1::azure_2023_conv::w076::kv_capacity::kv_8000::step4907,VALID_STRONGLY_CONSTRAINED,1.0,76
0.00390625,kv_capacity,phase_d_v1::azure_2023_conv::w076::kv_capacity::kv_8000::step5281::sbs_reference,SBS_REFERENCE,"{""admit"":{},""hold_decode"":{},""migrate"":{},""preempt"":{},""prefill_chunk_override"":{},""swap"":{}}",952bd353c79bef75dea529eeb46f1ee1ac61a4efb946ed96403fe542a094c856,,1.0,kv_8000,kv_constrained_online,5281,5.281,26802,0.24138,0,,True,1,0.313875,True,0.229075,,200,0,200,0.500808,,False,1.0,0.005,sustained+high_valid_pressure,0,952bd353c79bef75dea529eeb46f1ee1ac61a4efb946ed96403fe542a094c856,industry_realism_causal_headroom_phase_d_v1.results.0.0,32.083,0.0,azure_2023_conv,phase_d_v1::azure_2023_conv::w076::kv_capacity::kv_8000::step5281,VALID_STRONGLY_CONSTRAINED,1.0,76
0.00390625,kv_capacity,phase_d_v1::azure_2023_conv::w076::kv_capacity::kv_8000::step5281::alt00::f45d6307cb6cd010,COUNTERFACTUAL,"{""admit"":{""0"":[40]},""hold_decode"":{},""migrate"":{},""preempt"":{},""prefill_chunk_override"":{},""swap"":{}}",f45d6307cb6cd010213b08aa2d60eb61645cb664b0fb70a20b881a5b1e94ab54,True,1.0,kv_8000,kv_constrained_online,5281,5.281,26802,0.327763,0,,True,0,0.313875,True,0.227215,5,200,0,200,0.500808,"full_prefill,chunked_prefill_small,estimated_service_time_first,weighted_fair_share,least_laxity_first",False,1.0,0.005,sustained+high_valid_pressure,0,952bd353c79bef75dea529eeb46f1ee1ac61a4efb946ed96403fe542a094c856,industry_realism_causal_headroom_phase_d_v1.results.0.0,32.083,0.0,azure_2023_conv,phase_d_v1::azure_2023_conv::w076::kv_capacity::kv_8000::step5281,VALID_STRONGLY_CONSTRAINED,1.0,76
0.001953125,kv_capacity,phase_d_v1::azure_2023_conv::w076::kv_capacity::kv_8000::step5340::sbs_reference,SBS_REFERENCE,"{""admit"":{},""hold_decode"":{},""migrate"":{},""preempt"":{},""prefill_chunk_override"":{},""swap"":{}}",952bd353c79bef75dea529eeb46f1ee1ac61a4efb946ed96403fe542a094c856,,1.0,kv_8000,kv_constrained_online,5340,5.34,26743,0.246706,0,,True,1,0.159375,True,0.229075,,200,0,200,0.500808,,False,1.0,0.005,sustained+high_valid_pressure,0,952bd353c79bef75dea529eeb46f1ee1ac61a4efb946ed96403fe542a094c856,industry_realism_causal_headroom_phase_d_v1.results.0.0,32.083,0.0,azure_2023_conv,phase_d_v1::azure_2023_conv::w076::kv_capacity::kv_8000::step5340,VALID_STRONGLY_CONSTRAINED,1.0,76
0.001953125,kv_capacity,phase_d_v1::azure_2023_conv::w076::kv_capacity::kv_8000::step5340::alt00::f45d6307cb6cd010,COUNTERFACTUAL,"{""admit"":{""0"":[40]},""hold_decode"":{},""migrate"":{},""preempt"":{},""prefill_chunk_override"":{},""swap"":{}}",f45d6307cb6cd010213b08aa2d60eb61645cb664b0fb70a20b881a5b1e94ab54,True,1.0,kv_8000,kv_constrained_online,5340,5.34,26743,0.268335,0,,True,0,0.159375,True,0.22801,5,200,0,200,0.500808,"full_prefill,chunked_prefill_small,estimated_service_time_first,weighted_fair_share,least_laxity_first",False,1.0,0.005,sustained+high_valid_pressure,0,952bd353c79bef75dea529eeb46f1ee1ac61a4efb946ed96403fe542a094c856,industry_realism_causal_headroom_phase_d_v1.results.0.0,32.083,0.0,azure_2023_conv,phase_d_v1::azure_2023_conv::w076::kv_capacity::kv_8000::step5340,VALID_STRONGLY_CONSTRAINED,1.0,76
0.001953125,kv_capacity,phase_d_v1::azure_2023_conv::w076::kv_capacity::kv_8000::step5593::sbs_reference,SBS_REFERENCE,"{""admit"":{},""hold_decode"":{},""migrate"":{},""preempt"":{},""prefill_chunk_override"":{},""swap"":{}}",952bd353c79bef75dea529eeb46f1ee1ac61a4efb946ed96403fe542a094c856,,1.0,kv_8000,kv_constrained_online,5593,5.593,26490,0.314357,0,,True,1,0.191,True,0.229075,,200,0,200,0.500808,,False,1.0,0.005,sustained+high_valid_pressure,0,952bd353c79bef75dea529eeb46f1ee1ac61a4efb946ed96403fe542a094c856,industry_realism_causal_headroom_phase_d_v1.results.0.0,32.083,0.0,azure_2023_conv,phase_d_v1::azure_2023_conv::w076::kv_capacity::kv_8000::step5593,VALID_STRONGLY_CONSTRAINED,1.0,76
0.001953125,kv_capacity,phase_d_v1::azure_2023_conv::w076::kv_capacity::kv_8000::step5593::alt00::f45d6307cb6cd010,COUNTERFACTUAL,"{""admit"":{""0"":[40]},""hold_decode"":{},""migrate"":{},""preempt"":{},""prefill_chunk_override"":{},""swap"":{}}",f45d6307cb6cd010213b08aa2d60eb61645cb664b0fb70a20b881a5b1e94ab54,True,1.0,kv_8000,kv_constrained_online,5593,5.593,26490,0.260989,0,,True,0,0.191,True,0.2287,5,200,0,200,0.500808,"full_prefill,chunked_prefill_small,estimated_service_time_first,weighted_fair_share,least_laxity_first",False,1.0,0.005,sustained+high_valid_pressure,0,952bd353c79bef75dea529eeb46f1ee1ac61a4efb946ed96403fe542a094c856,industry_realism_causal_headroom_phase_d_v1.results.0.0,32.083,0.0,azure_2023_conv,phase_d_v1::azure_2023_conv::w076::kv_capacity::kv_8000::step5593,VALID_STRONGLY_CONSTRAINED,1.0,76
0.001953125,kv_capacity,phase_d_v1::azure_2023_conv::w076::kv_capacity::kv_8000::step5656::sbs_reference,SBS_REFERENCE,"{""admit"":{},""hold_decode"":{},""migrate"":{},""preempt"":{},""prefill_chunk_override"":{},""swap"":{}}",952bd353c79bef75dea529eeb46f1ee1ac61a4efb946ed96403fe542a094c856,,1.0,kv_8000,kv_constrained_online,5656,5.656,26427,0.278796,0,,True,1,0.198875,True,0.229075,,200,0,200,0.500808,,False,1.0,0.005,sustained+high_valid_pressure,0,952bd353c79bef75dea529eeb46f1ee1ac61a4efb946ed96403fe542a094c856,industry_realism_causal_headroom_phase_d_v1.results.0.0,32.083,0.0,azure_2023_conv,phase_d_v1::azure_2023_conv::w076::kv_capacity::kv_8000::step5656,VALID_STRONGLY_CONSTRAINED,1.0,76
0.001953125,kv_capacity,phase_d_v1::azure_2023_conv::w076::kv_capacity::kv_8000::step5656::alt00::f45d6307cb6cd010,COUNTERFACTUAL,"{""admit"":{""0"":[40]},""hold_decode"":{},""migrate"":{},""preempt"":{},""prefill_chunk_override"":{},""swap"":{}}",f45d6307cb6cd010213b08aa2d60eb61645cb664b0fb70a20b881a5b1e94ab54,True,1.0,kv_8000,kv_constrained_online,5656,5.656,26427,0.267117,0,,True,0,0.198875,True,0.229015,5,200,0,200,0.500808,"full_prefill,chunked_prefill_small,estimated_service_time_first,weighted_fair_share,least_laxity_first",False,1.0,0.005,sustained+high_valid_pressure,0,952bd353c79bef75dea529eeb46f1ee1ac61a4efb946ed96403fe542a094c856,industry_realism_causal_headroom_phase_d_v1.results.0.0,32.083,0.0,azure_2023_conv,phase_d_v1::azure_2023_conv::w076::kv_capacity::kv_8000::step5656,VALID_STRONGLY_CONSTRAINED,1.0,76
0.001953125,kv_capacity,phase_d_v1::azure_2023_conv::w076::kv_capacity::kv_8000::step5669::sbs_reference,SBS_REFERENCE,"{""admit"":{},""hold_decode"":{},""migrate"":{},""preempt"":{},""prefill_chunk_override"":{},""swap"":{}}",952bd353c79bef75dea529eeb46f1ee1ac61a4efb946ed96403fe542a094c856,,1.0,kv_8000,kv_constrained_online,5669,5.6690000000000005,26414,0.362308,0,,True,1,0.2005,True,0.229075,,200,0,200,0.500808,,False,1.0,0.005,sustained+high_valid_pressure,0,952bd353c79bef75dea529eeb46f1ee1ac61a4efb946ed96403fe542a094c856,industry_realism_causal_headroom_phase_d_v1.results.0.0,32.083,0.0,azure_2023_conv,phase_d_v1::azure_2023_conv::w076::kv_capacity::kv_8000::step5669,VALID_STRONGLY_CONSTRAINED,1.0,76
0.001953125,kv_capacity,phase_d_v1::azure_2023_conv::w076::kv_capacity::kv_8000::step5669::alt00::f45d6307cb6cd010,COUNTERFACTUAL,"{""admit"":{""0"":[40]},""hold_decode"":{},""migrate"":{},""preempt"":{},""prefill_chunk_override"":{},""swap"":{}}",f45d6307cb6cd010213b08aa2d60eb61645cb664b0fb70a20b881a5b1e94ab54,True,1.0,kv_8000,kv_constrained_online,5669,5.6690000000000005,26414,0.240228,0,,True,0,0.2005,True,0.22908,5,200,0,200,0.500808,"full_prefill,chunked_prefill_small,estimated_service_time_first,weighted_fair_share,least_laxity_first",False,1.0,0.005,sustained+high_valid_pressure,0,952bd353c79bef75dea529eeb46f1ee1ac61a4efb946ed96403fe542a094c856,industry_realism_causal_headroom_phase_d_v1.results.0.0,32.083,0.0,azure_2023_conv,phase_d_v1::azure_2023_conv::w076::kv_capacity::kv_8000::step5669,VALID_STRONGLY_CONSTRAINED,1.0,76
0.001953125,kv_capacity,phase_d_v1::azure_2023_conv::w076::kv_capacity::kv_8000::step23708::sbs_reference,SBS_REFERENCE,"{""admit"":{},""hold_decode"":{},""migrate"":{},""preempt"":{},""prefill_chunk_override"":{},""swap"":{}}",952bd353c79bef75dea529eeb46f1ee1ac61a4efb946ed96403fe542a094c856,,1.0,kv_8000,kv_constrained_online,23708,23.708000000000002,8375,0.065043,0,,True,1,0.75275,True,0.229075,,200,0,200,0.500808,,False,1.0,0.005,sustained+high_valid_pressure,0,952bd353c79bef75dea529eeb46f1ee1ac61a4efb946ed96403fe542a094c856,industry_realism_causal_headroom_phase_d_v1.results.0.0,32.083,0.0,azure_2023_conv,phase_d_v1::azure_2023_conv::w076::kv_capacity::kv_8000::step23708,VALID_STRONGLY_CONSTRAINED,1.0,76
0.001953125,kv_capacity,phase_d_v1::azure_2023_conv::w076::kv_capacity::kv_8000::step23708::alt00::38b02bc7b98dd11c,COUNTERFACTUAL,"{""admit"":{""0"":[154]},""hold_decode"":{},""migrate"":{},""preempt"":{},""prefill_chunk_override"":{},""swap"":{}}",38b02bc7b98dd11c87ed3b08507d9c726a24a84d763dcc97468e8c4224bf22f5,True,1.0,kv_8000,kv_constrained_online,23708,23.708000000000002,8375,0.063572,0,,True,0,0.75275,True,0.229015,5,200,0,200,0.500808,"full_prefill,chunked_prefill_small,estimated_service_time_first,weighted_fair_share,least_laxity_first",False,1.0,0.005,sustained+high_valid_pressure,0,952bd353c79bef75dea529eeb46f1ee1ac61a4efb946ed96403fe542a094c856,industry_realism_causal_headroom_phase_d_v1.results.0.0,32.083,0.0,azure_2023_conv,phase_d_v1::azure_2023_conv::w076::kv_capacity::kv_8000::step23708,VALID_STRONGLY_CONSTRAINED,1.0,76
0.00390625,kv_capacity,phase_d_v1::azure_2023_conv::w076::kv_capacity::kv_8000::step27343::sbs_reference,SBS_REFERENCE,"{""admit"":{},""hold_decode"":{},""migrate"":{},""preempt"":{},""prefill_chunk_override"":{},""swap"":{}}",952bd353c79bef75dea529eeb46f1ee1ac61a4efb946ed96403fe542a094c856,,1.0,kv_8000,kv_constrained_online,27343,27.343,4740,0.034196,0,,True,1,0.308125,True,0.229075,,200,0,200,0.500808,,False,1.0,0.005,sustained+high_valid_pressure,0,952bd353c79bef75dea529eeb46f1ee1ac61a4efb946ed96403fe542a094c856,industry_realism_causal_headroom_phase_d_v1.results.0.0,32.083,0.0,azure_2023_conv,phase_d_v1::azure_2023_conv::w076::kv_capacity::kv_8000::step27343,VALID_STRONGLY_CONSTRAINED,1.0,76
0.00390625,kv_capacity,phase_d_v1::azure_2023_conv::w076::kv_capacity::kv_8000::step27343::alt00::f59cddf74bf1736d,COUNTERFACTUAL,"{""admit"":{""0"":[169]},""hold_decode"":{},""migrate"":{},""preempt"":{},""prefill_chunk_override"":{},""swap"":{}}",f59cddf74bf1736d50937b6e94420871a097970dbe6d91b58fdf4dbf4f1dd4f6,True,1.0,kv_8000,kv_constrained_online,27343,27.343,4740,0.032706,0,,True,0,0.308125,True,0.22855,5,200,0,200,0.500808,"full_prefill,chunked_prefill_small,estimated_service_time_first,weighted_fair_share,least_laxity_first",False,1.0,0.005,sustained+high_valid_pressure,0,952bd353c79bef75dea529eeb46f1ee1ac61a4efb946ed96403fe542a094c856,industry_realism_causal_headroom_phase_d_v1.results.0.0,32.083,0.0,azure_2023_conv,phase_d_v1::azure_2023_conv::w076::kv_capacity::kv_8000::step27343,VALID_STRONGLY_CONSTRAINED,1.0,76
0.001953125,kv_capacity,phase_d_v1::azure_2023_conv::w076::kv_capacity::kv_8000::step27453::sbs_reference,SBS_REFERENCE,"{""admit"":{},""hold_decode"":{},""migrate"":{},""preempt"":{},""prefill_chunk_override"":{},""swap"":{}}",952bd353c79bef75dea529eeb46f1ee1ac61a4efb946ed96403fe542a094c856,,1.0,kv_8000,kv_constrained_online,27453,27.453,4630,0.034384,0,,True,1,0.325625,True,0.229075,,200,0,200,0.500808,,False,1.0,0.005,sustained+high_valid_pressure,0,952bd353c79bef75dea529eeb46f1ee1ac61a4efb946ed96403fe542a094c856,industry_realism_causal_headroom_phase_d_v1.results.0.0,32.083,0.0,azure_2023_conv,phase_d_v1::azure_2023_conv::w076::kv_capacity::kv_8000::step27453,VALID_STRONGLY_CONSTRAINED,1.0,76
0.001953125,kv_capacity,phase_d_v1::azure_2023_conv::w076::kv_capacity::kv_8000::step27453::alt00::f59cddf74bf1736d,COUNTERFACTUAL,"{""admit"":{""0"":[169]},""hold_decode"":{},""migrate"":{},""preempt"":{},""prefill_chunk_override"":{},""swap"":{}}",f59cddf74bf1736d50937b6e94420871a097970dbe6d91b58fdf4dbf4f1dd4f6,True,1.0,kv_8000,kv_constrained_online,27453,27.453,4630,0.033253,0,,True,0,0.325625,True,0.229045,5,200,0,200,0.500808,"full_prefill,chunked_prefill_small,estimated_service_time_first,weighted_fair_share,least_laxity_first",False,1.0,0.005,sustained+high_valid_pressure,0,952bd353c79bef75dea529eeb46f1ee1ac61a4efb946ed96403fe542a094c856,industry_realism_causal_headroom_phase_d_v1.results.0.0,32.083,0.0,azure_2023_conv,phase_d_v1::azure_2023_conv::w076::kv_capacity::kv_8000::step27453,VALID_STRONGLY_CONSTRAINED,1.0,76
0.75,active_sequence_capacity,phase_d_v1::burstgpt::w702::active_sequence_capacity::active_4::step50137::sbs_reference,SBS_REFERENCE,"{""admit"":{""0"":[175]},""hold_decode"":{},""migrate"":{},""preempt"":{},""prefill_chunk_override"":{},""swap"":{}}",4c507c946cd24cfb2f33d5bfad4f45dffaac41bd7227826f941599e28bd23346,,1.0,active_4,kv_constrained_online,50137,50.137,10033,0.025851,0,,True,1,9.525e-05,True,0.174665,,200,0,200,0.3136,,False,1.0,0.01,high_valid_pressure,0,4c507c946cd24cfb2f33d5bfad4f45dffaac41bd7227826f941599e28bd23346,industry_realism_causal_headroom_phase_d_v1.results.0.0,60.17,0.0,burstgpt,phase_d_v1::burstgpt::w702::active_sequence_capacity::active_4::step50137,VALID_STRONGLY_CONSTRAINED,1.0,702
0.75,active_sequence_capacity,phase_d_v1::burstgpt::w702::active_sequence_capacity::active_4::step50137::alt00::dc90bb4f72b23e37,COUNTERFACTUAL,"{""admit"":{""0"":[173]},""hold_decode"":{},""migrate"":{},""preempt"":{},""prefill_chunk_override"":{},""swap"":{}}",dc90bb4f72b23e3734b83728c551e8ce02afb0f9000b3e831a895667d7442dfc,True,1.0,active_4,kv_constrained_online,50137,50.137,10033,0.025059,0,,True,0,9.525e-05,True,0.174665,3,200,0,200,0.3136,"full_prefill,chunked_prefill_small,least_laxity_first",False,1.0,0.01,high_valid_pressure,0,4c507c946cd24cfb2f33d5bfad4f45dffaac41bd7227826f941599e28bd23346,industry_realism_causal_headroom_phase_d_v1.results.0.0,60.17,0.0,burstgpt,phase_d_v1::burstgpt::w702::active_sequence_capacity::active_4::step50137,VALID_STRONGLY_CONSTRAINED,1.0,702
0.0,active_sequence_capacity,phase_d_v1::burstgpt::w2808::active_sequence_capacity::active_4::step28000::sbs_reference,SBS_REFERENCE,"{""admit"":{""0"":[88,89,90,91]},""hold_decode"":{},""migrate"":{},""preempt"":{},""prefill_chunk_override"":{},""swap"":{}}",03f87df7f4eda62fb31472cfeeaa94e49e9973ae27166bf6c7da6712e6f703ad,,1.0,active_4,kv_constrained_online,28000,28.0,28089,0.080029,0,,True,1,0.0,True,0.090035,,200,0,200,0.14825,,False,1.0,0.025,high_valid_pressure,0,03f87df7f4eda62fb31472cfeeaa94e49e9973ae27166bf6c7da6712e6f703ad,industry_realism_causal_headroom_phase_d_v1.results.0.0,56.089,0.0,burstgpt,phase_d_v1::burstgpt::w2808::active_sequence_capacity::active_4::step28000,VALID_STRONGLY_CONSTRAINED,1.0,2808
0.0,active_sequence_capacity,phase_d_v1::burstgpt::w2808::active_sequence_capacity::active_4::step28000::alt00::770b602ce1addd7d,COUNTERFACTUAL,"{""admit"":{""0"":[88,89,90,92]},""hold_decode"":{},""migrate"":{},""preempt"":{},""prefill_chunk_override"":{},""swap"":{}}",770b602ce1addd7dc5dc8887124816fe6b0e75a361ad4451c27acd8e6f864ff4,True,1.0,active_4,kv_constrained_online,28000,28.0,28089,0.058925,0,,True,0,0.0,True,0.09013,1,200,0,200,0.14825,least_laxity_first,False,1.0,0.025,high_valid_pressure,0,03f87df7f4eda62fb31472cfeeaa94e49e9973ae27166bf6c7da6712e6f703ad,industry_realism_causal_headroom_phase_d_v1.results.0.0,56.089,0.0,burstgpt,phase_d_v1::burstgpt::w2808::active_sequence_capacity::active_4::step28000,VALID_STRONGLY_CONSTRAINED,1.0,2808
0.0,active_sequence_capacity,phase_d_v1::burstgpt::w3159::active_sequence_capacity::active_4::step38000::sbs_reference,SBS_REFERENCE,"{""admit"":{""0"":[63,64,65,69]},""hold_decode"":{},""migrate"":{},""preempt"":{},""prefill_chunk_override"":{},""swap"":{}}",dc2b08e9bcec1a047ff57fcc6decfbc8403c7b4986a701336b606d1ec8ce5d1e,,1.0,active_4,kv_constrained_online,38000,38.0,108866,0.436732,0,,True,1,0.0,True,0.794925,,200,0,200,2.12025,,False,1.0,0.08,high_valid_pressure,0,dc2b08e9bcec1a047ff57fcc6decfbc8403c7b4986a701336b606d1ec8ce5d1e,industry_realism_causal_headroom_phase_d_v1.results.0.0,146.866,0.0,burstgpt,phase_d_v1::burstgpt::w3159::active_sequence_capacity::active_4::step38000,VALID_STRONGLY_CONSTRAINED,1.0,3159
0.0,active_sequence_capacity,phase_d_v1::burstgpt::w3159::active_sequence_capacity::active_4::step38000::alt00::1db04db3d3492bcf,COUNTERFACTUAL,"{""admit"":{""0"":[57,58,59,60]},""hold_decode"":{},""migrate"":{},""preempt"":{},""prefill_chunk_override"":{},""swap"":{}}",1db04db3d3492bcf1f75623b23c8c5c4bc6ffc3dc4ddbbe05308a42dd0686f25,True,1.0,active_4,kv_constrained_online,38000,38.0,108866,0.504675,0,,True,0,0.0,True,0.80023,2,200,0,200,2.12025,"full_prefill,chunked_prefill_small",False,1.0,0.08,high_valid_pressure,0,dc2b08e9bcec1a047ff57fcc6decfbc8403c7b4986a701336b606d1ec8ce5d1e,industry_realism_causal_headroom_phase_d_v1.results.0.0,146.866,0.0,burstgpt,phase_d_v1::burstgpt::w3159::active_sequence_capacity::active_4::step38000,VALID_STRONGLY_CONSTRAINED,1.0,3159
0.0,active_sequence_capacity,phase_d_v1::burstgpt::w3159::active_sequence_capacity::active_4::step38000::alt01::a028d1e7e2023d94,COUNTERFACTUAL,"{""admit"":{""0"":[57,60,68,71]},""hold_decode"":{},""migrate"":{},""preempt"":{},""prefill_chunk_override"":{},""swap"":{}}",a028d1e7e2023d94f8cd6b46bf3e5507ac07ffacab1a904f45da11219403ce7e,True,1.0,active_4,kv_constrained_online,38000,38.0,108866,0.477088,0,,True,0,0.0,True,0.80631,1,200,0,200,2.12025,least_laxity_first,False,1.0,0.08,high_valid_pressure,0,dc2b08e9bcec1a047ff57fcc6decfbc8403c7b4986a701336b606d1ec8ce5d1e,industry_realism_causal_headroom_phase_d_v1.results.0.0,146.866,0.0,burstgpt,phase_d_v1::burstgpt::w3159::active_sequence_capacity::active_4::step38000,VALID_STRONGLY_CONSTRAINED,1.0,3159
0.013671875,kv_capacity,phase_d_v1::burstgpt::w3159::kv_capacity::kv_8000::step140001::sbs_reference,SBS_REFERENCE,"{""admit"":{""0"":[182,183,186,188,189,190,193]},""hold_decode"":{},""migrate"":{},""preempt"":{},""prefill_chunk_override"":{},""swap"":{}}",e3dcad6ac82eb98e57a26edac27870ad2f143f1e6286f305a4256acb30a7fdf3,,1.0,kv_8000,kv_constrained_online,140001,140.001,6865,0.048339,0,,True,1,0.064,True,0.405665,,200,0,200,1.7367,,False,1.0,0.045,high_valid_pressure,0,e3dcad6ac82eb98e57a26edac27870ad2f143f1e6286f305a4256acb30a7fdf3,industry_realism_causal_headroom_phase_d_v1.results.0.0,146.866,0.0,burstgpt,phase_d_v1::burstgpt::w3159::kv_capacity::kv_8000::step140001,VALID_STRONGLY_CONSTRAINED,1.0,3159
0.013671875,kv_capacity,phase_d_v1::burstgpt::w3159::kv_capacity::kv_8000::step140001::alt00::4bf8645185c51d26,COUNTERFACTUAL,"{""admit"":{""0"":[182,183,185,186,188,189,190,192,193]},""hold_decode"":{},""migrate"":{},""preempt"":{},""prefill_chunk_override"":{},""swap"":{}}",4bf8645185c51d2680fd3db0e1de592910424cc4fe790084a8e287a3c5e6dbd1,True,1.0,kv_8000,kv_constrained_online,140001,140.001,6865,0.046842,0,,True,0,0.064,True,0.405665,5,200,0,200,1.7367,"full_prefill,chunked_prefill_small,estimated_service_time_first,weighted_fair_share,least_laxity_first",False,1.0,0.045,high_valid_pressure,0,e3dcad6ac82eb98e57a26edac27870ad2f143f1e6286f305a4256acb30a7fdf3,industry_realism_causal_headroom_phase_d_v1.results.0.0,146.866,0.0,burstgpt,phase_d_v1::burstgpt::w3159::kv_capacity::kv_8000::step140001,VALID_STRONGLY_CONSTRAINED,1.0,3159
