active_pressure,axis,branch_id,branch_type,candidate_canonical_action,candidate_canonical_action_id,candidate_hash_roundtrip_match,completion_fraction,condition_id,continuation_policy,decision_step,decision_time,extra_steps,extra_wall_clock_s,first_step_warning_count,first_step_warnings,forced_once,is_sbs_reference_branch,kv_pressure,live_fingerprint_unchanged,mean_latency,n_policies_generating_action,num_completed,num_dropped,num_total,p95_latency,policies_generating_action,policy_forever_switch,q_sbs_anwg,queue_pressure_proxy,regime_stage,resource_binding,sbs_canonical_action_id,schema_version,sim_duration,slo_violation_rate,source_dataset,state_id,validity_class,weighted_completion_fraction,window_index
0.00390625,kv_capacity,phase_d_v1::azure_2023_code::w000::kv_capacity::kv_16000::step196387::sbs_reference,SBS_REFERENCE,"{""admit"":{},""hold_decode"":{},""migrate"":{},""preempt"":{},""prefill_chunk_override"":{},""swap"":{}}",952bd353c79bef75dea529eeb46f1ee1ac61a4efb946ed96403fe542a094c856,,1.0,kv_16000,kv_constrained_online,196387,196.387,2713,0.018118,0,,True,1,0.3705625,True,0.033503,,200,0,200,0.099675,,False,1.0,0.005,onset+sustained+high_valid_pressure,0,952bd353c79bef75dea529eeb46f1ee1ac61a4efb946ed96403fe542a094c856,industry_realism_causal_headroom_phase_d_v1.results.0.0,199.1,0.0,azure_2023_code,phase_d_v1::azure_2023_code::w000::kv_capacity::kv_16000::step196387,VALID_STRONGLY_CONSTRAINED,1.0,0
0.00390625,kv_capacity,phase_d_v1::azure_2023_code::w000::kv_capacity::kv_16000::step196387::alt00::14b1775fb1ee31d4,COUNTERFACTUAL,"{""admit"":{""0"":[130]},""hold_decode"":{},""migrate"":{},""preempt"":{},""prefill_chunk_override"":{},""swap"":{}}",14b1775fb1ee31d44660e72fe4dbaa567181f50c2c66b3e19fca21889195bfd3,True,1.0,kv_16000,kv_constrained_online,196387,196.387,2713,0.016427,0,,True,0,0.3705625,True,0.031433,5,200,0,200,0.086145,"full_prefill,chunked_prefill_small,estimated_service_time_first,weighted_fair_share,least_laxity_first",False,1.0,0.005,onset+sustained+high_valid_pressure,0,952bd353c79bef75dea529eeb46f1ee1ac61a4efb946ed96403fe542a094c856,industry_realism_causal_headroom_phase_d_v1.results.0.0,199.1,0.0,azure_2023_code,phase_d_v1::azure_2023_code::w000::kv_capacity::kv_16000::step196387,VALID_STRONGLY_CONSTRAINED,1.0,0
0.001953125,kv_capacity,phase_d_v1::azure_2023_code::w000::kv_capacity::kv_16000::step196450::sbs_reference,SBS_REFERENCE,"{""admit"":{},""hold_decode"":{},""migrate"":{},""preempt"":{},""prefill_chunk_override"":{},""swap"":{}}",952bd353c79bef75dea529eeb46f1ee1ac61a4efb946ed96403fe542a094c856,,1.0,kv_16000,kv_constrained_online,196450,196.45000000000002,2650,0.016325,0,,True,1,0.370125,True,0.033503,,200,0,200,0.099675,,False,1.0,0.005,onset+sustained+high_valid_pressure,0,952bd353c79bef75dea529eeb46f1ee1ac61a4efb946ed96403fe542a094c856,industry_realism_causal_headroom_phase_d_v1.results.0.0,199.1,0.0,azure_2023_code,phase_d_v1::azure_2023_code::w000::kv_capacity::kv_16000::step196450,VALID_STRONGLY_CONSTRAINED,1.0,0
0.001953125,kv_capacity,phase_d_v1::azure_2023_code::w000::kv_capacity::kv_16000::step196450::alt00::14b1775fb1ee31d4,COUNTERFACTUAL,"{""admit"":{""0"":[130]},""hold_decode"":{},""migrate"":{},""preempt"":{},""prefill_chunk_override"":{},""swap"":{}}",14b1775fb1ee31d44660e72fe4dbaa567181f50c2c66b3e19fca21889195bfd3,True,1.0,kv_16000,kv_constrained_online,196450,196.45000000000002,2650,0.015673,0,,True,0,0.370125,True,0.031723,5,200,0,200,0.097202,"full_prefill,chunked_prefill_small,estimated_service_time_first,weighted_fair_share,least_laxity_first",False,1.0,0.005,onset+sustained+high_valid_pressure,0,952bd353c79bef75dea529eeb46f1ee1ac61a4efb946ed96403fe542a094c856,industry_realism_causal_headroom_phase_d_v1.results.0.0,199.1,0.0,azure_2023_code,phase_d_v1::azure_2023_code::w000::kv_capacity::kv_16000::step196450,VALID_STRONGLY_CONSTRAINED,1.0,0
0.001953125,kv_capacity,phase_d_v1::azure_2023_code::w000::kv_capacity::kv_16000::step196520::sbs_reference,SBS_REFERENCE,"{""admit"":{},""hold_decode"":{},""migrate"":{},""preempt"":{},""prefill_chunk_override"":{},""swap"":{}}",952bd353c79bef75dea529eeb46f1ee1ac61a4efb946ed96403fe542a094c856,,1.0,kv_16000,kv_constrained_online,196520,196.52,2580,0.015759,0,,True,1,0.3745,True,0.033503,,200,0,200,0.099675,,False,1.0,0.005,onset+sustained+high_valid_pressure,0,952bd353c79bef75dea529eeb46f1ee1ac61a4efb946ed96403fe542a094c856,industry_realism_causal_headroom_phase_d_v1.results.0.0,199.1,0.0,azure_2023_code,phase_d_v1::azure_2023_code::w000::kv_capacity::kv_16000::step196520,VALID_STRONGLY_CONSTRAINED,1.0,0
0.001953125,kv_capacity,phase_d_v1::azure_2023_code::w000::kv_capacity::kv_16000::step196520::alt00::14b1775fb1ee31d4,COUNTERFACTUAL,"{""admit"":{""0"":[130]},""hold_decode"":{},""migrate"":{},""preempt"":{},""prefill_chunk_override"":{},""swap"":{}}",14b1775fb1ee31d44660e72fe4dbaa567181f50c2c66b3e19fca21889195bfd3,True,1.0,kv_16000,kv_constrained_online,196520,196.52,2580,0.01441,0,,True,0,0.3745,True,0.032028,5,200,0,200,0.097202,"full_prefill,chunked_prefill_small,estimated_service_time_first,weighted_fair_share,least_laxity_first",False,1.0,0.005,onset+sustained+high_valid_pressure,0,952bd353c79bef75dea529eeb46f1ee1ac61a4efb946ed96403fe542a094c856,industry_realism_causal_headroom_phase_d_v1.results.0.0,199.1,0.0,azure_2023_code,phase_d_v1::azure_2023_code::w000::kv_capacity::kv_16000::step196520,VALID_STRONGLY_CONSTRAINED,1.0,0
0.001953125,kv_capacity,phase_d_v1::azure_2023_code::w000::kv_capacity::kv_16000::step196737::sbs_reference,SBS_REFERENCE,"{""admit"":{},""hold_decode"":{},""migrate"":{},""preempt"":{},""prefill_chunk_override"":{},""swap"":{}}",952bd353c79bef75dea529eeb46f1ee1ac61a4efb946ed96403fe542a094c856,,1.0,kv_16000,kv_constrained_online,196737,196.737,2363,0.014339,0,,True,1,0.3880625,True,0.033503,,200,0,200,0.099675,,False,1.0,0.005,onset+sustained+high_valid_pressure,0,952bd353c79bef75dea529eeb46f1ee1ac61a4efb946ed96403fe542a094c856,industry_realism_causal_headroom_phase_d_v1.results.0.0,199.1,0.0,azure_2023_code,phase_d_v1::azure_2023_code::w000::kv_capacity::kv_16000::step196737,VALID_STRONGLY_CONSTRAINED,1.0,0
0.001953125,kv_capacity,phase_d_v1::azure_2023_code::w000::kv_capacity::kv_16000::step196737::alt00::14b1775fb1ee31d4,COUNTERFACTUAL,"{""admit"":{""0"":[130]},""hold_decode"":{},""migrate"":{},""preempt"":{},""prefill_chunk_override"":{},""swap"":{}}",14b1775fb1ee31d44660e72fe4dbaa567181f50c2c66b3e19fca21889195bfd3,True,1.0,kv_16000,kv_constrained_online,196737,196.737,2363,0.011943,0,,True,0,0.3880625,True,0.033128,5,200,0,200,0.097202,"full_prefill,chunked_prefill_small,estimated_service_time_first,weighted_fair_share,least_laxity_first",False,1.0,0.005,onset+sustained+high_valid_pressure,0,952bd353c79bef75dea529eeb46f1ee1ac61a4efb946ed96403fe542a094c856,industry_realism_causal_headroom_phase_d_v1.results.0.0,199.1,0.0,azure_2023_code,phase_d_v1::azure_2023_code::w000::kv_capacity::kv_16000::step196737,VALID_STRONGLY_CONSTRAINED,1.0,0
0.009765625,kv_capacity,phase_d_v1::azure_2023_conv::w000::kv_capacity::kv_8000::step42877::sbs_reference,SBS_REFERENCE,"{""admit"":{},""hold_decode"":{},""migrate"":{},""preempt"":{},""prefill_chunk_override"":{},""swap"":{}}",952bd353c79bef75dea529eeb46f1ee1ac61a4efb946ed96403fe542a094c856,,1.0,kv_8000,kv_constrained_online,42877,42.877,18798,0.192795,0,,True,1,0.7565,True,0.243216,,200,0,200,0.449544,,False,1.0,0.005,sustained+high_valid_pressure,0,952bd353c79bef75dea529eeb46f1ee1ac61a4efb946ed96403fe542a094c856,industry_realism_causal_headroom_phase_d_v1.results.0.0,61.675,0.0,azure_2023_conv,phase_d_v1::azure_2023_conv::w000::kv_capacity::kv_8000::step42877,VALID_STRONGLY_CONSTRAINED,1.0,0
0.009765625,kv_capacity,phase_d_v1::azure_2023_conv::w000::kv_capacity::kv_8000::step42877::alt00::7e7b176986d97024,COUNTERFACTUAL,"{""admit"":{""0"":[102]},""hold_decode"":{},""migrate"":{},""preempt"":{},""prefill_chunk_override"":{},""swap"":{}}",7e7b176986d97024d2cc132048da0f6d49fcf5a8c6c3f42fff168b64696f538a,True,1.0,kv_8000,kv_constrained_online,42877,42.877,18798,0.188616,0,,True,0,0.7565,True,0.242876,5,200,0,200,0.449544,"full_prefill,chunked_prefill_small,estimated_service_time_first,weighted_fair_share,least_laxity_first",False,1.0,0.005,sustained+high_valid_pressure,0,952bd353c79bef75dea529eeb46f1ee1ac61a4efb946ed96403fe542a094c856,industry_realism_causal_headroom_phase_d_v1.results.0.0,61.675,0.0,azure_2023_conv,phase_d_v1::azure_2023_conv::w000::kv_capacity::kv_8000::step42877,VALID_STRONGLY_CONSTRAINED,1.0,0
0.009765625,kv_capacity,phase_d_v1::azure_2023_conv::w000::kv_capacity::kv_8000::step42894::sbs_reference,SBS_REFERENCE,"{""admit"":{},""hold_decode"":{},""migrate"":{},""preempt"":{},""prefill_chunk_override"":{},""swap"":{}}",952bd353c79bef75dea529eeb46f1ee1ac61a4efb946ed96403fe542a094c856,,1.0,kv_8000,kv_constrained_online,42894,42.894,18781,0.360484,0,,True,1,0.767125,True,0.243216,,200,0,200,0.449544,,False,1.0,0.005,sustained+high_valid_pressure,0,952bd353c79bef75dea529eeb46f1ee1ac61a4efb946ed96403fe542a094c856,industry_realism_causal_headroom_phase_d_v1.results.0.0,61.675,0.0,azure_2023_conv,phase_d_v1::azure_2023_conv::w000::kv_capacity::kv_8000::step42894,VALID_STRONGLY_CONSTRAINED,1.0,0
0.009765625,kv_capacity,phase_d_v1::azure_2023_conv::w000::kv_capacity::kv_8000::step42894::alt00::7e7b176986d97024,COUNTERFACTUAL,"{""admit"":{""0"":[102]},""hold_decode"":{},""migrate"":{},""preempt"":{},""prefill_chunk_override"":{},""swap"":{}}",7e7b176986d97024d2cc132048da0f6d49fcf5a8c6c3f42fff168b64696f538a,True,1.0,kv_8000,kv_constrained_online,42894,42.894,18781,0.191659,0,,True,0,0.767125,True,0.242961,5,200,0,200,0.449544,"full_prefill,chunked_prefill_small,estimated_service_time_first,weighted_fair_share,least_laxity_first",False,1.0,0.005,sustained+high_valid_pressure,0,952bd353c79bef75dea529eeb46f1ee1ac61a4efb946ed96403fe542a094c856,industry_realism_causal_headroom_phase_d_v1.results.0.0,61.675,0.0,azure_2023_conv,phase_d_v1::azure_2023_conv::w000::kv_capacity::kv_8000::step42894,VALID_STRONGLY_CONSTRAINED,1.0,0
0.009765625,kv_capacity,phase_d_v1::azure_2023_conv::w000::kv_capacity::kv_8000::step42923::sbs_reference,SBS_REFERENCE,"{""admit"":{},""hold_decode"":{},""migrate"":{},""preempt"":{},""prefill_chunk_override"":{},""swap"":{}}",952bd353c79bef75dea529eeb46f1ee1ac61a4efb946ed96403fe542a094c856,,1.0,kv_8000,kv_constrained_online,42923,42.923,18752,0.223223,0,,True,1,0.78525,True,0.243216,,200,0,200,0.449544,,False,1.0,0.005,sustained+high_valid_pressure,0,952bd353c79bef75dea529eeb46f1ee1ac61a4efb946ed96403fe542a094c856,industry_realism_causal_headroom_phase_d_v1.results.0.0,61.675,0.0,azure_2023_conv,phase_d_v1::azure_2023_conv::w000::kv_capacity::kv_8000::step42923,VALID_STRONGLY_CONSTRAINED,1.0,0
0.009765625,kv_capacity,phase_d_v1::azure_2023_conv::w000::kv_capacity::kv_8000::step42923::alt00::7e7b176986d97024,COUNTERFACTUAL,"{""admit"":{""0"":[102]},""hold_decode"":{},""migrate"":{},""preempt"":{},""prefill_chunk_override"":{},""swap"":{}}",7e7b176986d97024d2cc132048da0f6d49fcf5a8c6c3f42fff168b64696f538a,True,1.0,kv_8000,kv_constrained_online,42923,42.923,18752,0.188786,0,,True,0,0.78525,True,0.243106,5,200,0,200,0.449544,"full_prefill,chunked_prefill_small,estimated_service_time_first,weighted_fair_share,least_laxity_first",False,1.0,0.005,sustained+high_valid_pressure,0,952bd353c79bef75dea529eeb46f1ee1ac61a4efb946ed96403fe542a094c856,industry_realism_causal_headroom_phase_d_v1.results.0.0,61.675,0.0,azure_2023_conv,phase_d_v1::azure_2023_conv::w000::kv_capacity::kv_8000::step42923,VALID_STRONGLY_CONSTRAINED,1.0,0
0.005859375,kv_capacity,phase_d_v1::azure_2023_conv::w000::kv_capacity::kv_8000::step48050::sbs_reference,SBS_REFERENCE,"{""admit"":{},""hold_decode"":{},""migrate"":{},""preempt"":{},""prefill_chunk_override"":{},""swap"":{}}",952bd353c79bef75dea529eeb46f1ee1ac61a4efb946ed96403fe542a094c856,,1.0,kv_8000,kv_constrained_online,48050,48.050000000000004,13625,0.14971,0,,True,1,0.483,True,0.243216,,200,0,200,0.449544,,False,1.0,0.005,sustained+high_valid_pressure,0,952bd353c79bef75dea529eeb46f1ee1ac61a4efb946ed96403fe542a094c856,industry_realism_causal_headroom_phase_d_v1.results.0.0,61.675,0.0,azure_2023_conv,phase_d_v1::azure_2023_conv::w000::kv_capacity::kv_8000::step48050,VALID_STRONGLY_CONSTRAINED,1.0,0
0.005859375,kv_capacity,phase_d_v1::azure_2023_conv::w000::kv_capacity::kv_8000::step48050::alt00::7eb3e030d7baa0dc,COUNTERFACTUAL,"{""admit"":{""0"":[133]},""hold_decode"":{},""migrate"":{},""preempt"":{},""prefill_chunk_override"":{},""swap"":{}}",7eb3e030d7baa0dcb2da0c7dab240115b476b773bac34e6458644123cc9ae60b,True,1.0,kv_8000,kv_constrained_online,48050,48.050000000000004,13625,0.171733,0,,True,0,0.483,True,0.241231,5,200,0,200,0.446699,"full_prefill,chunked_prefill_small,estimated_service_time_first,weighted_fair_share,least_laxity_first",False,1.0,0.005,sustained+high_valid_pressure,0,952bd353c79bef75dea529eeb46f1ee1ac61a4efb946ed96403fe542a094c856,industry_realism_causal_headroom_phase_d_v1.results.0.0,61.675,0.0,azure_2023_conv,phase_d_v1::azure_2023_conv::w000::kv_capacity::kv_8000::step48050,VALID_STRONGLY_CONSTRAINED,1.0,0
0.005859375,kv_capacity,phase_d_v1::azure_2023_conv::w000::kv_capacity::kv_8000::step48406::sbs_reference,SBS_REFERENCE,"{""admit"":{},""hold_decode"":{},""migrate"":{},""preempt"":{},""prefill_chunk_override"":{},""swap"":{}}",952bd353c79bef75dea529eeb46f1ee1ac61a4efb946ed96403fe542a094c856,,1.0,kv_8000,kv_constrained_online,48406,48.406,13269,0.127511,0,,True,1,0.40625,True,0.243216,,200,0,200,0.449544,,False,1.0,0.005,sustained+high_valid_pressure,0,952bd353c79bef75dea529eeb46f1ee1ac61a4efb946ed96403fe542a094c856,industry_realism_causal_headroom_phase_d_v1.results.0.0,61.675,0.0,azure_2023_conv,phase_d_v1::azure_2023_conv::w000::kv_capacity::kv_8000::step48406,VALID_STRONGLY_CONSTRAINED,1.0,0
0.005859375,kv_capacity,phase_d_v1::azure_2023_conv::w000::kv_capacity::kv_8000::step48406::alt00::7eb3e030d7baa0dc,COUNTERFACTUAL,"{""admit"":{""0"":[133]},""hold_decode"":{},""migrate"":{},""preempt"":{},""prefill_chunk_override"":{},""swap"":{}}",7eb3e030d7baa0dcb2da0c7dab240115b476b773bac34e6458644123cc9ae60b,True,1.0,kv_8000,kv_constrained_online,48406,48.406,13269,0.145213,0,,True,0,0.40625,True,0.243076,5,200,0,200,0.446699,"full_prefill,chunked_prefill_small,estimated_service_time_first,weighted_fair_share,least_laxity_first",False,1.0,0.005,sustained+high_valid_pressure,0,952bd353c79bef75dea529eeb46f1ee1ac61a4efb946ed96403fe542a094c856,industry_realism_causal_headroom_phase_d_v1.results.0.0,61.675,0.0,azure_2023_conv,phase_d_v1::azure_2023_conv::w000::kv_capacity::kv_8000::step48406,VALID_STRONGLY_CONSTRAINED,1.0,0
0.00390625,kv_capacity,phase_d_v1::azure_2023_conv::w000::kv_capacity::kv_8000::step57787::sbs_reference,SBS_REFERENCE,"{""admit"":{},""hold_decode"":{},""migrate"":{},""preempt"":{},""prefill_chunk_override"":{},""swap"":{}}",952bd353c79bef75dea529eeb46f1ee1ac61a4efb946ed96403fe542a094c856,,1.0,kv_8000,kv_constrained_online,57787,57.787,3888,0.025577,0,,True,1,0.319375,True,0.243216,,200,0,200,0.449544,,False,1.0,0.005,sustained+high_valid_pressure,0,952bd353c79bef75dea529eeb46f1ee1ac61a4efb946ed96403fe542a094c856,industry_realism_causal_headroom_phase_d_v1.results.0.0,61.675,0.0,azure_2023_conv,phase_d_v1::azure_2023_conv::w000::kv_capacity::kv_8000::step57787,VALID_STRONGLY_CONSTRAINED,1.0,0
0.00390625,kv_capacity,phase_d_v1::azure_2023_conv::w000::kv_capacity::kv_8000::step57787::alt00::a0704cedd8bbde97,COUNTERFACTUAL,"{""admit"":{""0"":[187]},""hold_decode"":{},""migrate"":{},""preempt"":{},""prefill_chunk_override"":{},""swap"":{}}",a0704cedd8bbde973b304aa8a3c545a1a23f677f5a31f49fd1a5b3a2bd1e1e5a,True,1.0,kv_8000,kv_constrained_online,57787,57.787,3888,0.038031,0,,True,0,0.319375,True,0.242736,5,200,0,200,0.449544,"full_prefill,chunked_prefill_small,estimated_service_time_first,weighted_fair_share,least_laxity_first",False,1.0,0.005,sustained+high_valid_pressure,0,952bd353c79bef75dea529eeb46f1ee1ac61a4efb946ed96403fe542a094c856,industry_realism_causal_headroom_phase_d_v1.results.0.0,61.675,0.0,azure_2023_conv,phase_d_v1::azure_2023_conv::w000::kv_capacity::kv_8000::step57787,VALID_STRONGLY_CONSTRAINED,1.0,0
0.00390625,kv_capacity,phase_d_v1::azure_2023_conv::w004::kv_capacity::kv_8000::step3245::sbs_reference,SBS_REFERENCE,"{""admit"":{},""hold_decode"":{},""migrate"":{},""preempt"":{},""prefill_chunk_override"":{},""swap"":{}}",952bd353c79bef75dea529eeb46f1ee1ac61a4efb946ed96403fe542a094c856,,1.0,kv_8000,kv_constrained_online,3245,3.245,30874,0.27438,0,,True,1,0.33875,True,0.210974,,200,0,200,0.434516,,False,1.0,0.005,sustained+high_valid_pressure,0,952bd353c79bef75dea529eeb46f1ee1ac61a4efb946ed96403fe542a094c856,industry_realism_causal_headroom_phase_d_v1.results.0.0,34.119,0.0,azure_2023_conv,phase_d_v1::azure_2023_conv::w004::kv_capacity::kv_8000::step3245,VALID_STRONGLY_CONSTRAINED,1.0,4
0.00390625,kv_capacity,phase_d_v1::azure_2023_conv::w004::kv_capacity::kv_8000::step3245::alt00::9f0b896f3edebfbf,COUNTERFACTUAL,"{""admit"":{""0"":[20]},""hold_decode"":{},""migrate"":{},""preempt"":{},""prefill_chunk_override"":{},""swap"":{}}",9f0b896f3edebfbfbc0b6b36cb8f86d3686a90d043083864eeca462da0505481,True,1.0,kv_8000,kv_constrained_online,3245,3.245,30874,0.255581,0,,True,0,0.33875,True,0.210769,5,200,0,200,0.434516,"full_prefill,chunked_prefill_small,estimated_service_time_first,weighted_fair_share,least_laxity_first",False,1.0,0.005,sustained+high_valid_pressure,0,952bd353c79bef75dea529eeb46f1ee1ac61a4efb946ed96403fe542a094c856,industry_realism_causal_headroom_phase_d_v1.results.0.0,34.119,0.0,azure_2023_conv,phase_d_v1::azure_2023_conv::w004::kv_capacity::kv_8000::step3245,VALID_STRONGLY_CONSTRAINED,1.0,4
0.00390625,kv_capacity,phase_d_v1::azure_2023_conv::w004::kv_capacity::kv_8000::step3274::sbs_reference,SBS_REFERENCE,"{""admit"":{},""hold_decode"":{},""migrate"":{},""preempt"":{},""prefill_chunk_override"":{},""swap"":{}}",952bd353c79bef75dea529eeb46f1ee1ac61a4efb946ed96403fe542a094c856,,1.0,kv_8000,kv_constrained_online,3274,3.274,30845,0.259979,0,,True,1,0.346,True,0.210974,,200,0,200,0.434516,,False,1.0,0.005,sustained+high_valid_pressure,0,952bd353c79bef75dea529eeb46f1ee1ac61a4efb946ed96403fe542a094c856,industry_realism_causal_headroom_phase_d_v1.results.0.0,34.119,0.0,azure_2023_conv,phase_d_v1::azure_2023_conv::w004::kv_capacity::kv_8000::step3274,VALID_STRONGLY_CONSTRAINED,1.0,4
0.00390625,kv_capacity,phase_d_v1::azure_2023_conv::w004::kv_capacity::kv_8000::step3274::alt00::9f0b896f3edebfbf,COUNTERFACTUAL,"{""admit"":{""0"":[20]},""hold_decode"":{},""migrate"":{},""preempt"":{},""prefill_chunk_override"":{},""swap"":{}}",9f0b896f3edebfbfbc0b6b36cb8f86d3686a90d043083864eeca462da0505481,True,1.0,kv_8000,kv_constrained_online,3274,3.274,30845,0.273906,0,,True,0,0.346,True,0.210914,5,200,0,200,0.434516,"full_prefill,chunked_prefill_small,estimated_service_time_first,weighted_fair_share,least_laxity_first",False,1.0,0.005,sustained+high_valid_pressure,0,952bd353c79bef75dea529eeb46f1ee1ac61a4efb946ed96403fe542a094c856,industry_realism_causal_headroom_phase_d_v1.results.0.0,34.119,0.0,azure_2023_conv,phase_d_v1::azure_2023_conv::w004::kv_capacity::kv_8000::step3274,VALID_STRONGLY_CONSTRAINED,1.0,4
0.005859375,kv_capacity,phase_d_v1::azure_2023_conv::w004::kv_capacity::kv_8000::step4029::sbs_reference,SBS_REFERENCE,"{""admit"":{},""hold_decode"":{},""migrate"":{},""preempt"":{},""prefill_chunk_override"":{},""swap"":{}}",952bd353c79bef75dea529eeb46f1ee1ac61a4efb946ed96403fe542a094c856,,1.0,kv_8000,kv_constrained_online,4029,4.029,30090,0.24859,0,,True,1,0.360125,True,0.210974,,200,0,200,0.434516,,False,1.0,0.005,sustained+high_valid_pressure,0,952bd353c79bef75dea529eeb46f1ee1ac61a4efb946ed96403fe542a094c856,industry_realism_causal_headroom_phase_d_v1.results.0.0,34.119,0.0,azure_2023_conv,phase_d_v1::azure_2023_conv::w004::kv_capacity::kv_8000::step4029,VALID_STRONGLY_CONSTRAINED,1.0,4
0.005859375,kv_capacity,phase_d_v1::azure_2023_conv::w004::kv_capacity::kv_8000::step4029::alt00::bd022e84eb45ac05,COUNTERFACTUAL,"{""admit"":{""0"":[28]},""hold_decode"":{},""migrate"":{},""preempt"":{},""prefill_chunk_override"":{},""swap"":{}}",bd022e84eb45ac05a64278cd1150e5c7b9d8ced81317231eea26e29e85b93a87,True,1.0,kv_8000,kv_constrained_online,4029,4.029,30090,0.250171,0,,True,0,0.360125,True,0.209669,5,200,0,200,0.434516,"full_prefill,chunked_prefill_small,estimated_service_time_first,weighted_fair_share,least_laxity_first",False,1.0,0.005,sustained+high_valid_pressure,0,952bd353c79bef75dea529eeb46f1ee1ac61a4efb946ed96403fe542a094c856,industry_realism_causal_headroom_phase_d_v1.results.0.0,34.119,0.0,azure_2023_conv,phase_d_v1::azure_2023_conv::w004::kv_capacity::kv_8000::step4029,VALID_STRONGLY_CONSTRAINED,1.0,4
0.00390625,kv_capacity,phase_d_v1::azure_2023_conv::w004::kv_capacity::kv_8000::step4243::sbs_reference,SBS_REFERENCE,"{""admit"":{},""hold_decode"":{},""migrate"":{},""preempt"":{},""prefill_chunk_override"":{},""swap"":{}}",952bd353c79bef75dea529eeb46f1ee1ac61a4efb946ed96403fe542a094c856,,1.0,kv_8000,kv_constrained_online,4243,4.243,29876,0.258393,0,,True,1,0.3775,True,0.210974,,200,0,200,0.434516,,False,1.0,0.005,sustained+high_valid_pressure,0,952bd353c79bef75dea529eeb46f1ee1ac61a4efb946ed96403fe542a094c856,industry_realism_causal_headroom_phase_d_v1.results.0.0,34.119,0.0,azure_2023_conv,phase_d_v1::azure_2023_conv::w004::kv_capacity::kv_8000::step4243,VALID_STRONGLY_CONSTRAINED,1.0,4
0.00390625,kv_capacity,phase_d_v1::azure_2023_conv::w004::kv_capacity::kv_8000::step4243::alt00::bd022e84eb45ac05,COUNTERFACTUAL,"{""admit"":{""0"":[28]},""hold_decode"":{},""migrate"":{},""preempt"":{},""prefill_chunk_override"":{},""swap"":{}}",bd022e84eb45ac05a64278cd1150e5c7b9d8ced81317231eea26e29e85b93a87,True,1.0,kv_8000,kv_constrained_online,4243,4.243,29876,0.24541,0,,True,0,0.3775,True,0.210739,5,200,0,200,0.434516,"full_prefill,chunked_prefill_small,estimated_service_time_first,weighted_fair_share,least_laxity_first",False,1.0,0.005,sustained+high_valid_pressure,0,952bd353c79bef75dea529eeb46f1ee1ac61a4efb946ed96403fe542a094c856,industry_realism_causal_headroom_phase_d_v1.results.0.0,34.119,0.0,azure_2023_conv,phase_d_v1::azure_2023_conv::w004::kv_capacity::kv_8000::step4243,VALID_STRONGLY_CONSTRAINED,1.0,4
0.00390625,kv_capacity,phase_d_v1::azure_2023_conv::w004::kv_capacity::kv_8000::step7107::sbs_reference,SBS_REFERENCE,"{""admit"":{},""hold_decode"":{},""migrate"":{},""preempt"":{},""prefill_chunk_override"":{},""swap"":{}}",952bd353c79bef75dea529eeb46f1ee1ac61a4efb946ed96403fe542a094c856,,1.0,kv_8000,kv_constrained_online,7107,7.107,27012,0.215394,0,,True,1,0.354375,True,0.210974,,200,0,200,0.434516,,False,1.0,0.005,sustained+high_valid_pressure,0,952bd353c79bef75dea529eeb46f1ee1ac61a4efb946ed96403fe542a094c856,industry_realism_causal_headroom_phase_d_v1.results.0.0,34.119,0.0,azure_2023_conv,phase_d_v1::azure_2023_conv::w004::kv_capacity::kv_8000::step7107,VALID_STRONGLY_CONSTRAINED,1.0,4
0.00390625,kv_capacity,phase_d_v1::azure_2023_conv::w004::kv_capacity::kv_8000::step7107::alt00::a82007f6fec8355f,COUNTERFACTUAL,"{""admit"":{""0"":[52]},""hold_decode"":{},""migrate"":{},""preempt"":{},""prefill_chunk_override"":{},""swap"":{}}",a82007f6fec8355f021c1c65715f0e48d38e8399df4c66640851c068278f023b,True,1.0,kv_8000,kv_constrained_online,7107,7.107,27012,0.258197,0,,True,0,0.354375,True,0.210934,5,200,0,200,0.434516,"full_prefill,chunked_prefill_small,estimated_service_time_first,weighted_fair_share,least_laxity_first",False,1.0,0.005,sustained+high_valid_pressure,0,952bd353c79bef75dea529eeb46f1ee1ac61a4efb946ed96403fe542a094c856,industry_realism_causal_headroom_phase_d_v1.results.0.0,34.119,0.0,azure_2023_conv,phase_d_v1::azure_2023_conv::w004::kv_capacity::kv_8000::step7107,VALID_STRONGLY_CONSTRAINED,1.0,4
0.005859375,kv_capacity,phase_d_v1::azure_2023_conv::w004::kv_capacity::kv_8000::step13610::sbs_reference,SBS_REFERENCE,"{""admit"":{},""hold_decode"":{},""migrate"":{},""preempt"":{},""prefill_chunk_override"":{},""swap"":{}}",952bd353c79bef75dea529eeb46f1ee1ac61a4efb946ed96403fe542a094c856,,1.0,kv_8000,kv_constrained_online,13610,13.61,20509,0.166163,0,,True,1,0.355875,True,0.210974,,200,0,200,0.434516,,False,1.0,0.005,sustained+high_valid_pressure,0,952bd353c79bef75dea529eeb46f1ee1ac61a4efb946ed96403fe542a094c856,industry_realism_causal_headroom_phase_d_v1.results.0.0,34.119,0.0,azure_2023_conv,phase_d_v1::azure_2023_conv::w004::kv_capacity::kv_8000::step13610,VALID_STRONGLY_CONSTRAINED,1.0,4
0.005859375,kv_capacity,phase_d_v1::azure_2023_conv::w004::kv_capacity::kv_8000::step13610::alt00::c2cc8101924352a2,COUNTERFACTUAL,"{""admit"":{""0"":[82]},""hold_decode"":{},""migrate"":{},""preempt"":{},""prefill_chunk_override"":{},""swap"":{}}",c2cc8101924352a22d2f65d37d465c41c64fbd94dbd69d132a6127bae7b393ba,True,1.0,kv_8000,kv_constrained_online,13610,13.61,20509,0.164359,0,,True,0,0.355875,True,0.209864,5,200,0,200,0.434516,"full_prefill,chunked_prefill_small,estimated_service_time_first,weighted_fair_share,least_laxity_first",False,1.0,0.005,sustained+high_valid_pressure,0,952bd353c79bef75dea529eeb46f1ee1ac61a4efb946ed96403fe542a094c856,industry_realism_causal_headroom_phase_d_v1.results.0.0,34.119,0.0,azure_2023_conv,phase_d_v1::azure_2023_conv::w004::kv_capacity::kv_8000::step13610,VALID_STRONGLY_CONSTRAINED,1.0,4
0.005859375,kv_capacity,phase_d_v1::azure_2023_conv::w004::kv_capacity::kv_8000::step13625::sbs_reference,SBS_REFERENCE,"{""admit"":{},""hold_decode"":{},""migrate"":{},""preempt"":{},""prefill_chunk_override"":{},""swap"":{}}",952bd353c79bef75dea529eeb46f1ee1ac61a4efb946ed96403fe542a094c856,,1.0,kv_8000,kv_constrained_online,13625,13.625,20494,0.222314,0,,True,1,0.3615,True,0.210974,,200,0,200,0.434516,,False,1.0,0.005,sustained+high_valid_pressure,0,952bd353c79bef75dea529eeb46f1ee1ac61a4efb946ed96403fe542a094c856,industry_realism_causal_headroom_phase_d_v1.results.0.0,34.119,0.0,azure_2023_conv,phase_d_v1::azure_2023_conv::w004::kv_capacity::kv_8000::step13625,VALID_STRONGLY_CONSTRAINED,1.0,4
0.005859375,kv_capacity,phase_d_v1::azure_2023_conv::w004::kv_capacity::kv_8000::step13625::alt00::c2cc8101924352a2,COUNTERFACTUAL,"{""admit"":{""0"":[82]},""hold_decode"":{},""migrate"":{},""preempt"":{},""prefill_chunk_override"":{},""swap"":{}}",c2cc8101924352a22d2f65d37d465c41c64fbd94dbd69d132a6127bae7b393ba,True,1.0,kv_8000,kv_constrained_online,13625,13.625,20494,0.203573,0,,True,0,0.3615,True,0.209939,5,200,0,200,0.434516,"full_prefill,chunked_prefill_small,estimated_service_time_first,weighted_fair_share,least_laxity_first",False,1.0,0.005,sustained+high_valid_pressure,0,952bd353c79bef75dea529eeb46f1ee1ac61a4efb946ed96403fe542a094c856,industry_realism_causal_headroom_phase_d_v1.results.0.0,34.119,0.0,azure_2023_conv,phase_d_v1::azure_2023_conv::w004::kv_capacity::kv_8000::step13625,VALID_STRONGLY_CONSTRAINED,1.0,4
0.00390625,kv_capacity,phase_d_v1::azure_2023_conv::w004::kv_capacity::kv_8000::step30983::sbs_reference,SBS_REFERENCE,"{""admit"":{},""hold_decode"":{},""migrate"":{},""preempt"":{},""prefill_chunk_override"":{},""swap"":{}}",952bd353c79bef75dea529eeb46f1ee1ac61a4efb946ed96403fe542a094c856,,1.0,kv_8000,kv_constrained_online,30983,30.983,3136,0.02237,0,,True,1,0.348,True,0.210974,,200,0,200,0.434516,,False,1.0,0.005,sustained+high_valid_pressure,0,952bd353c79bef75dea529eeb46f1ee1ac61a4efb946ed96403fe542a094c856,industry_realism_causal_headroom_phase_d_v1.results.0.0,34.119,0.0,azure_2023_conv,phase_d_v1::azure_2023_conv::w004::kv_capacity::kv_8000::step30983,VALID_STRONGLY_CONSTRAINED,1.0,4
0.00390625,kv_capacity,phase_d_v1::azure_2023_conv::w004::kv_capacity::kv_8000::step30983::alt00::e83d7adde5e9f9e7,COUNTERFACTUAL,"{""admit"":{""0"":[180]},""hold_decode"":{},""migrate"":{},""preempt"":{},""prefill_chunk_override"":{},""swap"":{}}",e83d7adde5e9f9e77dd4711b588af5826878fc8d1e668e6176bec1f57325388f,True,1.0,kv_8000,kv_constrained_online,30983,30.983,3136,0.031735,0,,True,0,0.348,True,0.210724,5,200,0,200,0.434516,"full_prefill,chunked_prefill_small,estimated_service_time_first,weighted_fair_share,least_laxity_first",False,1.0,0.005,sustained+high_valid_pressure,0,952bd353c79bef75dea529eeb46f1ee1ac61a4efb946ed96403fe542a094c856,industry_realism_causal_headroom_phase_d_v1.results.0.0,34.119,0.0,azure_2023_conv,phase_d_v1::azure_2023_conv::w004::kv_capacity::kv_8000::step30983,VALID_STRONGLY_CONSTRAINED,1.0,4
0.00390625,kv_capacity,phase_d_v1::azure_2023_conv::w004::kv_capacity::kv_8000::step32107::sbs_reference,SBS_REFERENCE,"{""admit"":{},""hold_decode"":{},""migrate"":{},""preempt"":{},""prefill_chunk_override"":{},""swap"":{}}",952bd353c79bef75dea529eeb46f1ee1ac61a4efb946ed96403fe542a094c856,,1.0,kv_8000,kv_constrained_online,32107,32.107,2012,0.009903,0,,True,1,0.346375,True,0.210974,,200,0,200,0.434516,,False,1.0,0.01,sustained+high_valid_pressure,1,952bd353c79bef75dea529eeb46f1ee1ac61a4efb946ed96403fe542a094c856,industry_realism_causal_headroom_phase_d_v1.results.0.0,34.119,0.0,azure_2023_conv,phase_d_v1::azure_2023_conv::w004::kv_capacity::kv_8000::step32107,VALID_STRONGLY_CONSTRAINED,1.0,4
0.00390625,kv_capacity,phase_d_v1::azure_2023_conv::w004::kv_capacity::kv_8000::step32107::alt00::b19658d0194088b3,COUNTERFACTUAL,"{""admit"":{""0"":[190]},""hold_decode"":{},""migrate"":{},""preempt"":{},""prefill_chunk_override"":{},""swap"":{}}",b19658d0194088b34d1c60dacdb745f7ee4483b7a003b489d7741ba4b7e12741,True,1.0,kv_8000,kv_constrained_online,32107,32.107,2012,0.009798,0,,True,0,0.346375,True,0.210734,4,200,0,200,0.434516,"full_prefill,chunked_prefill_small,estimated_service_time_first,weighted_fair_share",False,1.0,0.01,sustained+high_valid_pressure,1,952bd353c79bef75dea529eeb46f1ee1ac61a4efb946ed96403fe542a094c856,industry_realism_causal_headroom_phase_d_v1.results.0.0,34.119,0.0,azure_2023_conv,phase_d_v1::azure_2023_conv::w004::kv_capacity::kv_8000::step32107,VALID_STRONGLY_CONSTRAINED,1.0,4
0.00390625,kv_capacity,phase_d_v1::azure_2023_conv::w004::kv_capacity::kv_8000::step32107::alt01::78b6ffce86b8ef99,COUNTERFACTUAL,"{""admit"":{""0"":[191]},""hold_decode"":{},""migrate"":{},""preempt"":{},""prefill_chunk_override"":{},""swap"":{}}",78b6ffce86b8ef997f3be28cf6f1bc6e41d607b0adf8a82a1848cc0b33467fee,True,1.0,kv_8000,kv_constrained_online,32107,32.107,2012,0.009937,0,,True,0,0.346375,True,0.210754,1,200,0,200,0.434516,least_laxity_first,False,1.0,0.01,sustained+high_valid_pressure,1,952bd353c79bef75dea529eeb46f1ee1ac61a4efb946ed96403fe542a094c856,industry_realism_causal_headroom_phase_d_v1.results.0.0,34.119,0.0,azure_2023_conv,phase_d_v1::azure_2023_conv::w004::kv_capacity::kv_8000::step32107,VALID_STRONGLY_CONSTRAINED,1.0,4
0.0078125,kv_capacity,phase_d_v1::azure_2023_conv::w008::kv_capacity::kv_8000::step3129::sbs_reference,SBS_REFERENCE,"{""admit"":{},""hold_decode"":{},""migrate"":{},""preempt"":{},""prefill_chunk_override"":{},""swap"":{}}",952bd353c79bef75dea529eeb46f1ee1ac61a4efb946ed96403fe542a094c856,,1.0,kv_8000,kv_constrained_online,3129,3.129,42579,0.501594,0,,True,1,0.78025,True,0.281227,,200,0,200,0.483552,,False,1.0,0.005,sustained+high_valid_pressure,0,952bd353c79bef75dea529eeb46f1ee1ac61a4efb946ed96403fe542a094c856,industry_realism_causal_headroom_phase_d_v1.results.0.0,45.708,0.0,azure_2023_conv,phase_d_v1::azure_2023_conv::w008::kv_capacity::kv_8000::step3129,VALID_STRONGLY_CONSTRAINED,1.0,8
0.0078125,kv_capacity,phase_d_v1::azure_2023_conv::w008::kv_capacity::kv_8000::step3129::alt00::80ab67f8134da5ae,COUNTERFACTUAL,"{""admit"":{""0"":[14]},""hold_decode"":{},""migrate"":{},""preempt"":{},""prefill_chunk_override"":{},""swap"":{}}",80ab67f8134da5aeb5c735436fc3b2a73592eddc87d581b55662421f346a511b,True,1.0,kv_8000,kv_constrained_online,3129,3.129,42579,0.370381,0,,True,0,0.78025,True,0.281197,5,200,0,200,0.483552,"full_prefill,chunked_prefill_small,estimated_service_time_first,weighted_fair_share,least_laxity_first",False,1.0,0.005,sustained+high_valid_pressure,0,952bd353c79bef75dea529eeb46f1ee1ac61a4efb946ed96403fe542a094c856,industry_realism_causal_headroom_phase_d_v1.results.0.0,45.708,0.0,azure_2023_conv,phase_d_v1::azure_2023_conv::w008::kv_capacity::kv_8000::step3129,VALID_STRONGLY_CONSTRAINED,1.0,8
0.00390625,kv_capacity,phase_d_v1::azure_2023_conv::w008::kv_capacity::kv_8000::step11951::sbs_reference,SBS_REFERENCE,"{""admit"":{},""hold_decode"":{},""migrate"":{},""preempt"":{},""prefill_chunk_override"":{},""swap"":{}}",952bd353c79bef75dea529eeb46f1ee1ac61a4efb946ed96403fe542a094c856,,1.0,kv_8000,kv_constrained_online,11951,11.951,33757,0.283737,0,,True,1,0.3765,True,0.281227,,200,0,200,0.483552,,False,1.0,0.005,sustained+high_valid_pressure,0,952bd353c79bef75dea529eeb46f1ee1ac61a4efb946ed96403fe542a094c856,industry_realism_causal_headroom_phase_d_v1.results.0.0,45.708,0.0,azure_2023_conv,phase_d_v1::azure_2023_conv::w008::kv_capacity::kv_8000::step11951,VALID_STRONGLY_CONSTRAINED,1.0,8
0.00390625,kv_capacity,phase_d_v1::azure_2023_conv::w008::kv_capacity::kv_8000::step11951::alt00::e4e7e7409ecbd5b9,COUNTERFACTUAL,"{""admit"":{""0"":[54]},""hold_decode"":{},""migrate"":{},""preempt"":{},""prefill_chunk_override"":{},""swap"":{}}",e4e7e7409ecbd5b971853a4edeff1ee9f7f64a2297e9b9a5c2c0c5adc0de45ab,True,1.0,kv_8000,kv_constrained_online,11951,11.951,33757,0.315882,0,,True,0,0.3765,True,0.280832,5,200,0,200,0.483552,"full_prefill,chunked_prefill_small,estimated_service_time_first,weighted_fair_share,least_laxity_first",False,1.0,0.005,sustained+high_valid_pressure,0,952bd353c79bef75dea529eeb46f1ee1ac61a4efb946ed96403fe542a094c856,industry_realism_causal_headroom_phase_d_v1.results.0.0,45.708,0.0,azure_2023_conv,phase_d_v1::azure_2023_conv::w008::kv_capacity::kv_8000::step11951,VALID_STRONGLY_CONSTRAINED,1.0,8
0.00390625,kv_capacity,phase_d_v1::azure_2023_conv::w008::kv_capacity::kv_8000::step11970::sbs_reference,SBS_REFERENCE,"{""admit"":{},""hold_decode"":{},""migrate"":{},""preempt"":{},""prefill_chunk_override"":{},""swap"":{}}",952bd353c79bef75dea529eeb46f1ee1ac61a4efb946ed96403fe542a094c856,,1.0,kv_8000,kv_constrained_online,11970,11.97,33738,0.304421,0,,True,1,0.38125,True,0.281227,,200,0,200,0.483552,,False,1.0,0.005,sustained+high_valid_pressure,0,952bd353c79bef75dea529eeb46f1ee1ac61a4efb946ed96403fe542a094c856,industry_realism_causal_headroom_phase_d_v1.results.0.0,45.708,0.0,azure_2023_conv,phase_d_v1::azure_2023_conv::w008::kv_capacity::kv_8000::step11970,VALID_STRONGLY_CONSTRAINED,1.0,8
0.00390625,kv_capacity,phase_d_v1::azure_2023_conv::w008::kv_capacity::kv_8000::step11970::alt00::e4e7e7409ecbd5b9,COUNTERFACTUAL,"{""admit"":{""0"":[54]},""hold_decode"":{},""migrate"":{},""preempt"":{},""prefill_chunk_override"":{},""swap"":{}}",e4e7e7409ecbd5b971853a4edeff1ee9f7f64a2297e9b9a5c2c0c5adc0de45ab,True,1.0,kv_8000,kv_constrained_online,11970,11.97,33738,0.330186,0,,True,0,0.38125,True,0.280927,5,200,0,200,0.483552,"full_prefill,chunked_prefill_small,estimated_service_time_first,weighted_fair_share,least_laxity_first",False,1.0,0.005,sustained+high_valid_pressure,0,952bd353c79bef75dea529eeb46f1ee1ac61a4efb946ed96403fe542a094c856,industry_realism_causal_headroom_phase_d_v1.results.0.0,45.708,0.0,azure_2023_conv,phase_d_v1::azure_2023_conv::w008::kv_capacity::kv_8000::step11970,VALID_STRONGLY_CONSTRAINED,1.0,8
0.00390625,kv_capacity,phase_d_v1::azure_2023_conv::w008::kv_capacity::kv_8000::step28311::sbs_reference,SBS_REFERENCE,"{""admit"":{},""hold_decode"":{},""migrate"":{},""preempt"":{},""prefill_chunk_override"":{},""swap"":{}}",952bd353c79bef75dea529eeb46f1ee1ac61a4efb946ed96403fe542a094c856,,1.0,kv_8000,kv_constrained_online,28311,28.311,17397,0.17448,0,,True,1,0.324625,True,0.281227,,200,0,200,0.483552,,False,1.0,0.005,sustained+high_valid_pressure,0,952bd353c79bef75dea529eeb46f1ee1ac61a4efb946ed96403fe542a094c856,industry_realism_causal_headroom_phase_d_v1.results.0.0,45.708,0.0,azure_2023_conv,phase_d_v1::azure_2023_conv::w008::kv_capacity::kv_8000::step28311,VALID_STRONGLY_CONSTRAINED,1.0,8
0.00390625,kv_capacity,phase_d_v1::azure_2023_conv::w008::kv_capacity::kv_8000::step28311::alt00::b8ddbdc3b2e90533,COUNTERFACTUAL,"{""admit"":{""0"":[131]},""hold_decode"":{},""migrate"":{},""preempt"":{},""prefill_chunk_override"":{},""swap"":{}}",b8ddbdc3b2e9053338d8ab6bda6501d653f818e43bdac5737692cfdb8547059b,True,1.0,kv_8000,kv_constrained_online,28311,28.311,17397,0.132955,0,,True,0,0.324625,True,0.280597,5,200,0,200,0.483552,"full_prefill,chunked_prefill_small,estimated_service_time_first,weighted_fair_share,least_laxity_first",False,1.0,0.005,sustained+high_valid_pressure,0,952bd353c79bef75dea529eeb46f1ee1ac61a4efb946ed96403fe542a094c856,industry_realism_causal_headroom_phase_d_v1.results.0.0,45.708,0.0,azure_2023_conv,phase_d_v1::azure_2023_conv::w008::kv_capacity::kv_8000::step28311,VALID_STRONGLY_CONSTRAINED,1.0,8
0.001953125,kv_capacity,phase_d_v1::azure_2023_conv::w008::kv_capacity::kv_8000::step43603::sbs_reference,SBS_REFERENCE,"{""admit"":{},""hold_decode"":{},""migrate"":{},""preempt"":{},""prefill_chunk_override"":{},""swap"":{}}",952bd353c79bef75dea529eeb46f1ee1ac61a4efb946ed96403fe542a094c856,,1.0,kv_8000,kv_constrained_online,43603,43.603,2105,0.021819,0,,True,1,0.1575,True,0.281227,,200,0,200,0.483552,,False,1.0,0.005,sustained+high_valid_pressure,0,952bd353c79bef75dea529eeb46f1ee1ac61a4efb946ed96403fe542a094c856,industry_realism_causal_headroom_phase_d_v1.results.0.0,45.708,0.0,azure_2023_conv,phase_d_v1::azure_2023_conv::w008::kv_capacity::kv_8000::step43603,VALID_STRONGLY_CONSTRAINED,1.0,8
0.001953125,kv_capacity,phase_d_v1::azure_2023_conv::w008::kv_capacity::kv_8000::step43603::alt00::1f536539229e95a7,COUNTERFACTUAL,"{""admit"":{""0"":[186]},""hold_decode"":{},""migrate"":{},""preempt"":{},""prefill_chunk_override"":{},""swap"":{}}",1f536539229e95a7f86894f888fb03fb2fde7d55b9a8ffc7e71faccc65af0f87,True,1.0,kv_8000,kv_constrained_online,43603,43.603,2105,0.057842,0,,True,0,0.1575,True,0.277637,5,200,0,200,0.483552,"full_prefill,chunked_prefill_small,estimated_service_time_first,weighted_fair_share,least_laxity_first",False,1.0,0.005,sustained+high_valid_pressure,0,952bd353c79bef75dea529eeb46f1ee1ac61a4efb946ed96403fe542a094c856,industry_realism_causal_headroom_phase_d_v1.results.0.0,45.708,0.0,azure_2023_conv,phase_d_v1::azure_2023_conv::w008::kv_capacity::kv_8000::step43603,VALID_STRONGLY_CONSTRAINED,1.0,8
0.001953125,kv_capacity,phase_d_v1::azure_2023_conv::w008::kv_capacity::kv_8000::step43617::sbs_reference,SBS_REFERENCE,"{""admit"":{},""hold_decode"":{},""migrate"":{},""preempt"":{},""prefill_chunk_override"":{},""swap"":{}}",952bd353c79bef75dea529eeb46f1ee1ac61a4efb946ed96403fe542a094c856,,1.0,kv_8000,kv_constrained_online,43617,43.617000000000004,2091,0.021803,0,,True,1,0.15925,True,0.281227,,200,0,200,0.483552,,False,1.0,0.005,sustained+high_valid_pressure,0,952bd353c79bef75dea529eeb46f1ee1ac61a4efb946ed96403fe542a094c856,industry_realism_causal_headroom_phase_d_v1.results.0.0,45.708,0.0,azure_2023_conv,phase_d_v1::azure_2023_conv::w008::kv_capacity::kv_8000::step43617,VALID_STRONGLY_CONSTRAINED,1.0,8
0.001953125,kv_capacity,phase_d_v1::azure_2023_conv::w008::kv_capacity::kv_8000::step43617::alt00::1f536539229e95a7,COUNTERFACTUAL,"{""admit"":{""0"":[186]},""hold_decode"":{},""migrate"":{},""preempt"":{},""prefill_chunk_override"":{},""swap"":{}}",1f536539229e95a7f86894f888fb03fb2fde7d55b9a8ffc7e71faccc65af0f87,True,1.0,kv_8000,kv_constrained_online,43617,43.617000000000004,2091,0.019789,0,,True,0,0.15925,True,0.277797,5,200,0,200,0.483552,"full_prefill,chunked_prefill_small,estimated_service_time_first,weighted_fair_share,least_laxity_first",False,1.0,0.005,sustained+high_valid_pressure,0,952bd353c79bef75dea529eeb46f1ee1ac61a4efb946ed96403fe542a094c856,industry_realism_causal_headroom_phase_d_v1.results.0.0,45.708,0.0,azure_2023_conv,phase_d_v1::azure_2023_conv::w008::kv_capacity::kv_8000::step43617,VALID_STRONGLY_CONSTRAINED,1.0,8
0.001953125,kv_capacity,phase_d_v1::azure_2023_conv::w008::kv_capacity::kv_8000::step43833::sbs_reference,SBS_REFERENCE,"{""admit"":{},""hold_decode"":{},""migrate"":{},""preempt"":{},""prefill_chunk_override"":{},""swap"":{}}",952bd353c79bef75dea529eeb46f1ee1ac61a4efb946ed96403fe542a094c856,,1.0,kv_8000,kv_constrained_online,43833,43.833,1875,0.018489,0,,True,1,0.153875,True,0.281227,,200,0,200,0.483552,,False,1.0,0.005,sustained+high_valid_pressure,0,952bd353c79bef75dea529eeb46f1ee1ac61a4efb946ed96403fe542a094c856,industry_realism_causal_headroom_phase_d_v1.results.0.0,45.708,0.0,azure_2023_conv,phase_d_v1::azure_2023_conv::w008::kv_capacity::kv_8000::step43833,VALID_STRONGLY_CONSTRAINED,1.0,8
0.001953125,kv_capacity,phase_d_v1::azure_2023_conv::w008::kv_capacity::kv_8000::step43833::alt00::1f536539229e95a7,COUNTERFACTUAL,"{""admit"":{""0"":[186]},""hold_decode"":{},""migrate"":{},""preempt"":{},""prefill_chunk_override"":{},""swap"":{}}",1f536539229e95a7f86894f888fb03fb2fde7d55b9a8ffc7e71faccc65af0f87,True,1.0,kv_8000,kv_constrained_online,43833,43.833,1875,0.017546,0,,True,0,0.153875,True,0.278937,5,200,0,200,0.504717,"full_prefill,chunked_prefill_small,estimated_service_time_first,weighted_fair_share,least_laxity_first",False,1.0,0.005,sustained+high_valid_pressure,0,952bd353c79bef75dea529eeb46f1ee1ac61a4efb946ed96403fe542a094c856,industry_realism_causal_headroom_phase_d_v1.results.0.0,45.708,0.0,azure_2023_conv,phase_d_v1::azure_2023_conv::w008::kv_capacity::kv_8000::step43833,VALID_STRONGLY_CONSTRAINED,1.0,8
0.001953125,kv_capacity,phase_d_v1::azure_2023_conv::w008::kv_capacity::kv_8000::step44141::sbs_reference,SBS_REFERENCE,"{""admit"":{},""hold_decode"":{},""migrate"":{},""preempt"":{},""prefill_chunk_override"":{},""swap"":{}}",952bd353c79bef75dea529eeb46f1ee1ac61a4efb946ed96403fe542a094c856,,1.0,kv_8000,kv_constrained_online,44141,44.141,1567,0.013915,0,,True,1,0.178125,True,0.281227,,200,0,200,0.483552,,False,1.0,0.005,sustained+high_valid_pressure,0,952bd353c79bef75dea529eeb46f1ee1ac61a4efb946ed96403fe542a094c856,industry_realism_causal_headroom_phase_d_v1.results.0.0,45.708,0.0,azure_2023_conv,phase_d_v1::azure_2023_conv::w008::kv_capacity::kv_8000::step44141,VALID_STRONGLY_CONSTRAINED,1.0,8
0.001953125,kv_capacity,phase_d_v1::azure_2023_conv::w008::kv_capacity::kv_8000::step44141::alt00::1f536539229e95a7,COUNTERFACTUAL,"{""admit"":{""0"":[186]},""hold_decode"":{},""migrate"":{},""preempt"":{},""prefill_chunk_override"":{},""swap"":{}}",1f536539229e95a7f86894f888fb03fb2fde7d55b9a8ffc7e71faccc65af0f87,True,1.0,kv_8000,kv_constrained_online,44141,44.141,1567,0.01352,0,,True,0,0.178125,True,0.280207,5,200,0,200,0.483552,"full_prefill,chunked_prefill_small,estimated_service_time_first,weighted_fair_share,least_laxity_first",False,1.0,0.005,sustained+high_valid_pressure,0,952bd353c79bef75dea529eeb46f1ee1ac61a4efb946ed96403fe542a094c856,industry_realism_causal_headroom_phase_d_v1.results.0.0,45.708,0.0,azure_2023_conv,phase_d_v1::azure_2023_conv::w008::kv_capacity::kv_8000::step44141,VALID_STRONGLY_CONSTRAINED,1.0,8
0.001953125,kv_capacity,phase_d_v1::azure_2023_conv::w008::kv_capacity::kv_8000::step44259::sbs_reference,SBS_REFERENCE,"{""admit"":{},""hold_decode"":{},""migrate"":{},""preempt"":{},""prefill_chunk_override"":{},""swap"":{}}",952bd353c79bef75dea529eeb46f1ee1ac61a4efb946ed96403fe542a094c856,,1.0,kv_8000,kv_constrained_online,44259,44.259,1449,0.012455,0,,True,1,0.192875,True,0.281227,,200,0,200,0.483552,,False,1.0,0.005,sustained+high_valid_pressure,0,952bd353c79bef75dea529eeb46f1ee1ac61a4efb946ed96403fe542a094c856,industry_realism_causal_headroom_phase_d_v1.results.0.0,45.708,0.0,azure_2023_conv,phase_d_v1::azure_2023_conv::w008::kv_capacity::kv_8000::step44259,VALID_STRONGLY_CONSTRAINED,1.0,8
0.001953125,kv_capacity,phase_d_v1::azure_2023_conv::w008::kv_capacity::kv_8000::step44259::alt00::1f536539229e95a7,COUNTERFACTUAL,"{""admit"":{""0"":[186]},""hold_decode"":{},""migrate"":{},""preempt"":{},""prefill_chunk_override"":{},""swap"":{}}",1f536539229e95a7f86894f888fb03fb2fde7d55b9a8ffc7e71faccc65af0f87,True,1.0,kv_8000,kv_constrained_online,44259,44.259,1449,0.012371,0,,True,0,0.192875,True,0.280827,5,200,0,200,0.483552,"full_prefill,chunked_prefill_small,estimated_service_time_first,weighted_fair_share,least_laxity_first",False,1.0,0.005,sustained+high_valid_pressure,0,952bd353c79bef75dea529eeb46f1ee1ac61a4efb946ed96403fe542a094c856,industry_realism_causal_headroom_phase_d_v1.results.0.0,45.708,0.0,azure_2023_conv,phase_d_v1::azure_2023_conv::w008::kv_capacity::kv_8000::step44259,VALID_STRONGLY_CONSTRAINED,1.0,8
0.005859375,kv_capacity,phase_d_v1::azure_2023_conv::w012::kv_capacity::kv_8000::step8011::sbs_reference,SBS_REFERENCE,"{""admit"":{},""hold_decode"":{},""migrate"":{},""preempt"":{},""prefill_chunk_override"":{},""swap"":{}}",952bd353c79bef75dea529eeb46f1ee1ac61a4efb946ed96403fe542a094c856,,1.0,kv_8000,kv_constrained_online,8011,8.011000000000001,31615,0.269734,0,,True,1,0.609625,True,0.242158,,200,0,200,0.470901,,False,1.0,0.005,sustained+high_valid_pressure,0,952bd353c79bef75dea529eeb46f1ee1ac61a4efb946ed96403fe542a094c856,industry_realism_causal_headroom_phase_d_v1.results.0.0,39.626,0.0,azure_2023_conv,phase_d_v1::azure_2023_conv::w012::kv_capacity::kv_8000::step8011,VALID_STRONGLY_CONSTRAINED,1.0,12
0.005859375,kv_capacity,phase_d_v1::azure_2023_conv::w012::kv_capacity::kv_8000::step8011::alt00::cb19b6d7fd9cb631,COUNTERFACTUAL,"{""admit"":{""0"":[38]},""hold_decode"":{},""migrate"":{},""preempt"":{},""prefill_chunk_override"":{},""swap"":{}}",cb19b6d7fd9cb631d8c63a0ac016f8c64b5dd0c64d1d9cdd30e0977815384a9b,True,1.0,kv_8000,kv_constrained_online,8011,8.011000000000001,31615,0.333071,0,,True,0,0.609625,True,0.242043,5,200,0,200,0.470901,"full_prefill,chunked_prefill_small,estimated_service_time_first,weighted_fair_share,least_laxity_first",False,1.0,0.005,sustained+high_valid_pressure,0,952bd353c79bef75dea529eeb46f1ee1ac61a4efb946ed96403fe542a094c856,industry_realism_causal_headroom_phase_d_v1.results.0.0,39.626,0.0,azure_2023_conv,phase_d_v1::azure_2023_conv::w012::kv_capacity::kv_8000::step8011,VALID_STRONGLY_CONSTRAINED,1.0,12
0.005859375,kv_capacity,phase_d_v1::azure_2023_conv::w012::kv_capacity::kv_8000::step10849::sbs_reference,SBS_REFERENCE,"{""admit"":{},""hold_decode"":{},""migrate"":{},""preempt"":{},""prefill_chunk_override"":{},""swap"":{}}",952bd353c79bef75dea529eeb46f1ee1ac61a4efb946ed96403fe542a094c856,,1.0,kv_8000,kv_constrained_online,10849,10.849,28777,0.258524,0,,True,1,0.4845,True,0.242158,,200,0,200,0.470901,,False,1.0,0.005,sustained+high_valid_pressure,0,952bd353c79bef75dea529eeb46f1ee1ac61a4efb946ed96403fe542a094c856,industry_realism_causal_headroom_phase_d_v1.results.0.0,39.626,0.0,azure_2023_conv,phase_d_v1::azure_2023_conv::w012::kv_capacity::kv_8000::step10849,VALID_STRONGLY_CONSTRAINED,1.0,12
0.005859375,kv_capacity,phase_d_v1::azure_2023_conv::w012::kv_capacity::kv_8000::step10849::alt00::16dd3483fc45d1b3,COUNTERFACTUAL,"{""admit"":{""0"":[53]},""hold_decode"":{},""migrate"":{},""preempt"":{},""prefill_chunk_override"":{},""swap"":{}}",16dd3483fc45d1b39c0d900301dd86d01358f3c11787b1321d39ea58dcbc220c,True,1.0,kv_8000,kv_constrained_online,10849,10.849,28777,0.279659,0,,True,0,0.4845,True,0.241283,5,200,0,200,0.470901,"full_prefill,chunked_prefill_small,estimated_service_time_first,weighted_fair_share,least_laxity_first",False,1.0,0.005,sustained+high_valid_pressure,0,952bd353c79bef75dea529eeb46f1ee1ac61a4efb946ed96403fe542a094c856,industry_realism_causal_headroom_phase_d_v1.results.0.0,39.626,0.0,azure_2023_conv,phase_d_v1::azure_2023_conv::w012::kv_capacity::kv_8000::step10849,VALID_STRONGLY_CONSTRAINED,1.0,12
0.00390625,kv_capacity,phase_d_v1::azure_2023_conv::w012::kv_capacity::kv_8000::step23599::sbs_reference,SBS_REFERENCE,"{""admit"":{},""hold_decode"":{},""migrate"":{},""preempt"":{},""prefill_chunk_override"":{},""swap"":{}}",952bd353c79bef75dea529eeb46f1ee1ac61a4efb946ed96403fe542a094c856,,1.0,kv_8000,kv_constrained_online,23599,23.599,16027,0.152786,0,,True,1,0.338625,True,0.242158,,200,0,200,0.470901,,False,1.0,0.005,sustained+high_valid_pressure,0,952bd353c79bef75dea529eeb46f1ee1ac61a4efb946ed96403fe542a094c856,industry_realism_causal_headroom_phase_d_v1.results.0.0,39.626,0.0,azure_2023_conv,phase_d_v1::azure_2023_conv::w012::kv_capacity::kv_8000::step23599,VALID_STRONGLY_CONSTRAINED,1.0,12
0.00390625,kv_capacity,phase_d_v1::azure_2023_conv::w012::kv_capacity::kv_8000::step23599::alt00::5720de9d1046f895,COUNTERFACTUAL,"{""admit"":{""0"":[123]},""hold_decode"":{},""migrate"":{},""preempt"":{},""prefill_chunk_override"":{},""swap"":{}}",5720de9d1046f895845ca10be3e16a48a4ba71309525930ced26b37a001f98d5,True,1.0,kv_8000,kv_constrained_online,23599,23.599,16027,0.133406,0,,True,0,0.338625,True,0.241873,5,200,0,200,0.470901,"full_prefill,chunked_prefill_small,estimated_service_time_first,weighted_fair_share,least_laxity_first",False,1.0,0.005,sustained+high_valid_pressure,0,952bd353c79bef75dea529eeb46f1ee1ac61a4efb946ed96403fe542a094c856,industry_realism_causal_headroom_phase_d_v1.results.0.0,39.626,0.0,azure_2023_conv,phase_d_v1::azure_2023_conv::w012::kv_capacity::kv_8000::step23599,VALID_STRONGLY_CONSTRAINED,1.0,12
0.005859375,kv_capacity,phase_d_v1::azure_2023_conv::w012::kv_capacity::kv_8000::step26650::sbs_reference,SBS_REFERENCE,"{""admit"":{},""hold_decode"":{},""migrate"":{},""preempt"":{},""prefill_chunk_override"":{},""swap"":{}}",952bd353c79bef75dea529eeb46f1ee1ac61a4efb946ed96403fe542a094c856,,1.0,kv_8000,kv_constrained_online,26650,26.650000000000002,12976,0.145103,0,,True,1,0.450875,True,0.242158,,200,0,200,0.470901,,False,1.0,0.005,sustained+high_valid_pressure,0,952bd353c79bef75dea529eeb46f1ee1ac61a4efb946ed96403fe542a094c856,industry_realism_causal_headroom_phase_d_v1.results.0.0,39.626,0.0,azure_2023_conv,phase_d_v1::azure_2023_conv::w012::kv_capacity::kv_8000::step26650,VALID_STRONGLY_CONSTRAINED,1.0,12
0.005859375,kv_capacity,phase_d_v1::azure_2023_conv::w012::kv_capacity::kv_8000::step26650::alt00::2ed10658a69233e7,COUNTERFACTUAL,"{""admit"":{""0"":[137]},""hold_decode"":{},""migrate"":{},""preempt"":{},""prefill_chunk_override"":{},""swap"":{}}",2ed10658a69233e73ef3f9ac27a401aac98632f382fdc716df5432a05f9f5b03,True,1.0,kv_8000,kv_constrained_online,26650,26.650000000000002,12976,0.105414,0,,True,0,0.450875,True,0.240918,5,200,0,200,0.470901,"full_prefill,chunked_prefill_small,estimated_service_time_first,weighted_fair_share,least_laxity_first",False,1.0,0.005,sustained+high_valid_pressure,0,952bd353c79bef75dea529eeb46f1ee1ac61a4efb946ed96403fe542a094c856,industry_realism_causal_headroom_phase_d_v1.results.0.0,39.626,0.0,azure_2023_conv,phase_d_v1::azure_2023_conv::w012::kv_capacity::kv_8000::step26650,VALID_STRONGLY_CONSTRAINED,1.0,12
0.005859375,kv_capacity,phase_d_v1::azure_2023_conv::w012::kv_capacity::kv_8000::step27326::sbs_reference,SBS_REFERENCE,"{""admit"":{},""hold_decode"":{},""migrate"":{},""preempt"":{},""prefill_chunk_override"":{},""swap"":{}}",952bd353c79bef75dea529eeb46f1ee1ac61a4efb946ed96403fe542a094c856,,1.0,kv_8000,kv_constrained_online,27326,27.326,12300,0.121895,0,,True,1,0.539375,True,0.242158,,200,0,200,0.470901,,False,1.0,0.005,sustained+high_valid_pressure,0,952bd353c79bef75dea529eeb46f1ee1ac61a4efb946ed96403fe542a094c856,industry_realism_causal_headroom_phase_d_v1.results.0.0,39.626,0.0,azure_2023_conv,phase_d_v1::azure_2023_conv::w012::kv_capacity::kv_8000::step27326,VALID_STRONGLY_CONSTRAINED,1.0,12
0.005859375,kv_capacity,phase_d_v1::azure_2023_conv::w012::kv_capacity::kv_8000::step27326::alt00::20e745c13834ef9a,COUNTERFACTUAL,"{""admit"":{""0"":[142]},""hold_decode"":{},""migrate"":{},""preempt"":{},""prefill_chunk_override"":{},""swap"":{}}",20e745c13834ef9a5d62ba36fef04b10b7189f067f9e86a3486bacb494bf0c09,True,1.0,kv_8000,kv_constrained_online,27326,27.326,12300,0.126908,0,,True,0,0.539375,True,0.241588,5,200,0,200,0.471108,"full_prefill,chunked_prefill_small,estimated_service_time_first,weighted_fair_share,least_laxity_first",False,1.0,0.005,sustained+high_valid_pressure,0,952bd353c79bef75dea529eeb46f1ee1ac61a4efb946ed96403fe542a094c856,industry_realism_causal_headroom_phase_d_v1.results.0.0,39.626,0.0,azure_2023_conv,phase_d_v1::azure_2023_conv::w012::kv_capacity::kv_8000::step27326,VALID_STRONGLY_CONSTRAINED,1.0,12
0.0078125,kv_capacity,phase_d_v1::azure_2023_conv::w012::kv_capacity::kv_8000::step27465::sbs_reference,SBS_REFERENCE,"{""admit"":{},""hold_decode"":{},""migrate"":{},""preempt"":{},""prefill_chunk_override"":{},""swap"":{}}",952bd353c79bef75dea529eeb46f1ee1ac61a4efb946ed96403fe542a094c856,,1.0,kv_8000,kv_constrained_online,27465,27.465,12161,0.231304,0,,True,1,0.605375,True,0.242158,,200,0,200,0.470901,,False,1.0,0.005,sustained+high_valid_pressure,0,952bd353c79bef75dea529eeb46f1ee1ac61a4efb946ed96403fe542a094c856,industry_realism_causal_headroom_phase_d_v1.results.0.0,39.626,0.0,azure_2023_conv,phase_d_v1::azure_2023_conv::w012::kv_capacity::kv_8000::step27465,VALID_STRONGLY_CONSTRAINED,1.0,12
0.0078125,kv_capacity,phase_d_v1::azure_2023_conv::w012::kv_capacity::kv_8000::step27465::alt00::20e745c13834ef9a,COUNTERFACTUAL,"{""admit"":{""0"":[142]},""hold_decode"":{},""migrate"":{},""preempt"":{},""prefill_chunk_override"":{},""swap"":{}}",20e745c13834ef9a5d62ba36fef04b10b7189f067f9e86a3486bacb494bf0c09,True,1.0,kv_8000,kv_constrained_online,27465,27.465,12161,0.094258,0,,True,0,0.605375,True,0.242028,5,200,0,200,0.470901,"full_prefill,chunked_prefill_small,estimated_service_time_first,weighted_fair_share,least_laxity_first",False,1.0,0.005,sustained+high_valid_pressure,0,952bd353c79bef75dea529eeb46f1ee1ac61a4efb946ed96403fe542a094c856,industry_realism_causal_headroom_phase_d_v1.results.0.0,39.626,0.0,azure_2023_conv,phase_d_v1::azure_2023_conv::w012::kv_capacity::kv_8000::step27465,VALID_STRONGLY_CONSTRAINED,1.0,12
0.00390625,kv_capacity,phase_d_v1::azure_2023_conv::w012::kv_capacity::kv_8000::step30720::sbs_reference,SBS_REFERENCE,"{""admit"":{},""hold_decode"":{},""migrate"":{},""preempt"":{},""prefill_chunk_override"":{},""swap"":{}}",952bd353c79bef75dea529eeb46f1ee1ac61a4efb946ed96403fe542a094c856,,1.0,kv_8000,kv_constrained_online,30720,30.72,8906,0.097188,0,,True,1,0.301375,True,0.242158,,200,0,200,0.470901,,False,1.0,0.005,sustained+high_valid_pressure,0,952bd353c79bef75dea529eeb46f1ee1ac61a4efb946ed96403fe542a094c856,industry_realism_causal_headroom_phase_d_v1.results.0.0,39.626,0.0,azure_2023_conv,phase_d_v1::azure_2023_conv::w012::kv_capacity::kv_8000::step30720,VALID_STRONGLY_CONSTRAINED,1.0,12
0.00390625,kv_capacity,phase_d_v1::azure_2023_conv::w012::kv_capacity::kv_8000::step30720::alt00::17c60a48e419f257,COUNTERFACTUAL,"{""admit"":{""0"":[163]},""hold_decode"":{},""migrate"":{},""preempt"":{},""prefill_chunk_override"":{},""swap"":{}}",17c60a48e419f2573c2945b7c029c7f4491737bcf529660e14c63ef5fa92f574,True,1.0,kv_8000,kv_constrained_online,30720,30.72,8906,0.065059,0,,True,0,0.301375,True,0.241438,5,200,0,200,0.470901,"full_prefill,chunked_prefill_small,estimated_service_time_first,weighted_fair_share,least_laxity_first",False,1.0,0.005,sustained+high_valid_pressure,0,952bd353c79bef75dea529eeb46f1ee1ac61a4efb946ed96403fe542a094c856,industry_realism_causal_headroom_phase_d_v1.results.0.0,39.626,0.0,azure_2023_conv,phase_d_v1::azure_2023_conv::w012::kv_capacity::kv_8000::step30720,VALID_STRONGLY_CONSTRAINED,1.0,12
0.005859375,kv_capacity,phase_d_v1::azure_2023_conv::w012::kv_capacity::kv_8000::step30812::sbs_reference,SBS_REFERENCE,"{""admit"":{},""hold_decode"":{},""migrate"":{},""preempt"":{},""prefill_chunk_override"":{},""swap"":{}}",952bd353c79bef75dea529eeb46f1ee1ac61a4efb946ed96403fe542a094c856,,1.0,kv_8000,kv_constrained_online,30812,30.812,8814,0.061542,0,,True,1,0.442125,True,0.242158,,200,0,200,0.470901,,False,1.0,0.005,sustained+high_valid_pressure,0,952bd353c79bef75dea529eeb46f1ee1ac61a4efb946ed96403fe542a094c856,industry_realism_causal_headroom_phase_d_v1.results.0.0,39.626,0.0,azure_2023_conv,phase_d_v1::azure_2023_conv::w012::kv_capacity::kv_8000::step30812,VALID_STRONGLY_CONSTRAINED,1.0,12
0.005859375,kv_capacity,phase_d_v1::azure_2023_conv::w012::kv_capacity::kv_8000::step30812::alt00::17c60a48e419f257,COUNTERFACTUAL,"{""admit"":{""0"":[163]},""hold_decode"":{},""migrate"":{},""preempt"":{},""prefill_chunk_override"":{},""swap"":{}}",17c60a48e419f2573c2945b7c029c7f4491737bcf529660e14c63ef5fa92f574,True,1.0,kv_8000,kv_constrained_online,30812,30.812,8814,0.078239,0,,True,0,0.442125,True,0.241948,5,200,0,200,0.470901,"full_prefill,chunked_prefill_small,estimated_service_time_first,weighted_fair_share,least_laxity_first",False,1.0,0.005,sustained+high_valid_pressure,0,952bd353c79bef75dea529eeb46f1ee1ac61a4efb946ed96403fe542a094c856,industry_realism_causal_headroom_phase_d_v1.results.0.0,39.626,0.0,azure_2023_conv,phase_d_v1::azure_2023_conv::w012::kv_capacity::kv_8000::step30812,VALID_STRONGLY_CONSTRAINED,1.0,12
0.00390625,kv_capacity,phase_d_v1::azure_2023_conv::w012::kv_capacity::kv_8000::step36061::sbs_reference,SBS_REFERENCE,"{""admit"":{},""hold_decode"":{},""migrate"":{},""preempt"":{},""prefill_chunk_override"":{},""swap"":{}}",952bd353c79bef75dea529eeb46f1ee1ac61a4efb946ed96403fe542a094c856,,1.0,kv_8000,kv_constrained_online,36061,36.061,3565,0.021267,0,,True,1,0.321375,True,0.242158,,200,0,200,0.470901,,False,1.0,0.005,sustained+high_valid_pressure,0,952bd353c79bef75dea529eeb46f1ee1ac61a4efb946ed96403fe542a094c856,industry_realism_causal_headroom_phase_d_v1.results.0.0,39.626,0.0,azure_2023_conv,phase_d_v1::azure_2023_conv::w012::kv_capacity::kv_8000::step36061,VALID_STRONGLY_CONSTRAINED,1.0,12
0.00390625,kv_capacity,phase_d_v1::azure_2023_conv::w012::kv_capacity::kv_8000::step36061::alt00::a0704cedd8bbde97,COUNTERFACTUAL,"{""admit"":{""0"":[187]},""hold_decode"":{},""migrate"":{},""preempt"":{},""prefill_chunk_override"":{},""swap"":{}}",a0704cedd8bbde973b304aa8a3c545a1a23f677f5a31f49fd1a5b3a2bd1e1e5a,True,1.0,kv_8000,kv_constrained_online,36061,36.061,3565,0.020789,0,,True,0,0.321375,True,0.241358,5,200,0,200,0.470901,"full_prefill,chunked_prefill_small,estimated_service_time_first,weighted_fair_share,least_laxity_first",False,1.0,0.005,sustained+high_valid_pressure,0,952bd353c79bef75dea529eeb46f1ee1ac61a4efb946ed96403fe542a094c856,industry_realism_causal_headroom_phase_d_v1.results.0.0,39.626,0.0,azure_2023_conv,phase_d_v1::azure_2023_conv::w012::kv_capacity::kv_8000::step36061,VALID_STRONGLY_CONSTRAINED,1.0,12
0.00390625,kv_capacity,phase_d_v1::azure_2023_conv::w012::kv_capacity::kv_8000::step36151::sbs_reference,SBS_REFERENCE,"{""admit"":{},""hold_decode"":{},""migrate"":{},""preempt"":{},""prefill_chunk_override"":{},""swap"":{}}",952bd353c79bef75dea529eeb46f1ee1ac61a4efb946ed96403fe542a094c856,,1.0,kv_8000,kv_constrained_online,36151,36.151,3475,0.020097,0,,True,1,0.343875,True,0.242158,,200,0,200,0.470901,,False,1.0,0.005,sustained+high_valid_pressure,0,952bd353c79bef75dea529eeb46f1ee1ac61a4efb946ed96403fe542a094c856,industry_realism_causal_headroom_phase_d_v1.results.0.0,39.626,0.0,azure_2023_conv,phase_d_v1::azure_2023_conv::w012::kv_capacity::kv_8000::step36151,VALID_STRONGLY_CONSTRAINED,1.0,12
0.00390625,kv_capacity,phase_d_v1::azure_2023_conv::w012::kv_capacity::kv_8000::step36151::alt00::a0704cedd8bbde97,COUNTERFACTUAL,"{""admit"":{""0"":[187]},""hold_decode"":{},""migrate"":{},""preempt"":{},""prefill_chunk_override"":{},""swap"":{}}",a0704cedd8bbde973b304aa8a3c545a1a23f677f5a31f49fd1a5b3a2bd1e1e5a,True,1.0,kv_8000,kv_constrained_online,36151,36.151,3475,0.02011,0,,True,0,0.343875,True,0.242018,5,200,0,200,0.470901,"full_prefill,chunked_prefill_small,estimated_service_time_first,weighted_fair_share,least_laxity_first",False,1.0,0.005,sustained+high_valid_pressure,0,952bd353c79bef75dea529eeb46f1ee1ac61a4efb946ed96403fe542a094c856,industry_realism_causal_headroom_phase_d_v1.results.0.0,39.626,0.0,azure_2023_conv,phase_d_v1::azure_2023_conv::w012::kv_capacity::kv_8000::step36151,VALID_STRONGLY_CONSTRAINED,1.0,12
0.00390625,kv_capacity,phase_d_v1::azure_2023_conv::w012::kv_capacity::kv_8000::step36167::sbs_reference,SBS_REFERENCE,"{""admit"":{},""hold_decode"":{},""migrate"":{},""preempt"":{},""prefill_chunk_override"":{},""swap"":{}}",952bd353c79bef75dea529eeb46f1ee1ac61a4efb946ed96403fe542a094c856,,1.0,kv_8000,kv_constrained_online,36167,36.167,3459,0.02027,0,,True,1,0.347875,True,0.242158,,200,0,200,0.470901,,False,1.0,0.005,sustained+high_valid_pressure,0,952bd353c79bef75dea529eeb46f1ee1ac61a4efb946ed96403fe542a094c856,industry_realism_causal_headroom_phase_d_v1.results.0.0,39.626,0.0,azure_2023_conv,phase_d_v1::azure_2023_conv::w012::kv_capacity::kv_8000::step36167,VALID_STRONGLY_CONSTRAINED,1.0,12
0.00390625,kv_capacity,phase_d_v1::azure_2023_conv::w012::kv_capacity::kv_8000::step36167::alt00::a0704cedd8bbde97,COUNTERFACTUAL,"{""admit"":{""0"":[187]},""hold_decode"":{},""migrate"":{},""preempt"":{},""prefill_chunk_override"":{},""swap"":{}}",a0704cedd8bbde973b304aa8a3c545a1a23f677f5a31f49fd1a5b3a2bd1e1e5a,True,1.0,kv_8000,kv_constrained_online,36167,36.167,3459,0.020073,0,,True,0,0.347875,True,0.241913,5,200,0,200,0.470901,"full_prefill,chunked_prefill_small,estimated_service_time_first,weighted_fair_share,least_laxity_first",False,1.0,0.005,sustained+high_valid_pressure,0,952bd353c79bef75dea529eeb46f1ee1ac61a4efb946ed96403fe542a094c856,industry_realism_causal_headroom_phase_d_v1.results.0.0,39.626,0.0,azure_2023_conv,phase_d_v1::azure_2023_conv::w012::kv_capacity::kv_8000::step36167,VALID_STRONGLY_CONSTRAINED,1.0,12
0.00390625,kv_capacity,phase_d_v1::azure_2023_conv::w016::kv_capacity::kv_8000::step19795::sbs_reference,SBS_REFERENCE,"{""admit"":{},""hold_decode"":{},""migrate"":{},""preempt"":{},""prefill_chunk_override"":{},""swap"":{}}",952bd353c79bef75dea529eeb46f1ee1ac61a4efb946ed96403fe542a094c856,,1.0,kv_8000,kv_constrained_online,19795,19.795,21071,0.228612,0,,True,1,0.347,True,0.243972,,200,0,200,0.484422,,False,1.0,0.005,sustained+high_valid_pressure,0,952bd353c79bef75dea529eeb46f1ee1ac61a4efb946ed96403fe542a094c856,industry_realism_causal_headroom_phase_d_v1.results.0.0,40.866,0.0,azure_2023_conv,phase_d_v1::azure_2023_conv::w016::kv_capacity::kv_8000::step19795,VALID_STRONGLY_CONSTRAINED,1.0,16
0.00390625,kv_capacity,phase_d_v1::azure_2023_conv::w016::kv_capacity::kv_8000::step19795::alt00::6acc6060e5229a07,COUNTERFACTUAL,"{""admit"":{""0"":[90]},""hold_decode"":{},""migrate"":{},""preempt"":{},""prefill_chunk_override"":{},""swap"":{}}",6acc6060e5229a07d7f1dbdf4d7cb81c6adce4ab4c1453975730beff6724b92f,True,1.0,kv_8000,kv_constrained_online,19795,19.795,21071,0.190803,0,,True,0,0.347,True,0.243557,5,200,0,200,0.484422,"full_prefill,chunked_prefill_small,estimated_service_time_first,weighted_fair_share,least_laxity_first",False,1.0,0.005,sustained+high_valid_pressure,0,952bd353c79bef75dea529eeb46f1ee1ac61a4efb946ed96403fe542a094c856,industry_realism_causal_headroom_phase_d_v1.results.0.0,40.866,0.0,azure_2023_conv,phase_d_v1::azure_2023_conv::w016::kv_capacity::kv_8000::step19795,VALID_STRONGLY_CONSTRAINED,1.0,16
0.00390625,kv_capacity,phase_d_v1::azure_2023_conv::w016::kv_capacity::kv_8000::step19864::sbs_reference,SBS_REFERENCE,"{""admit"":{},""hold_decode"":{},""migrate"":{},""preempt"":{},""prefill_chunk_override"":{},""swap"":{}}",952bd353c79bef75dea529eeb46f1ee1ac61a4efb946ed96403fe542a094c856,,1.0,kv_8000,kv_constrained_online,19864,19.864,21002,0.227398,0,,True,1,0.36425,True,0.243972,,200,0,200,0.484422,,False,1.0,0.005,sustained+high_valid_pressure,0,952bd353c79bef75dea529eeb46f1ee1ac61a4efb946ed96403fe542a094c856,industry_realism_causal_headroom_phase_d_v1.results.0.0,40.866,0.0,azure_2023_conv,phase_d_v1::azure_2023_conv::w016::kv_capacity::kv_8000::step19864,VALID_STRONGLY_CONSTRAINED,1.0,16
0.00390625,kv_capacity,phase_d_v1::azure_2023_conv::w016::kv_capacity::kv_8000::step19864::alt00::6acc6060e5229a07,COUNTERFACTUAL,"{""admit"":{""0"":[90]},""hold_decode"":{},""migrate"":{},""preempt"":{},""prefill_chunk_override"":{},""swap"":{}}",6acc6060e5229a07d7f1dbdf4d7cb81c6adce4ab4c1453975730beff6724b92f,True,1.0,kv_8000,kv_constrained_online,19864,19.864,21002,0.189757,0,,True,0,0.36425,True,0.243902,5,200,0,200,0.484422,"full_prefill,chunked_prefill_small,estimated_service_time_first,weighted_fair_share,least_laxity_first",False,1.0,0.005,sustained+high_valid_pressure,0,952bd353c79bef75dea529eeb46f1ee1ac61a4efb946ed96403fe542a094c856,industry_realism_causal_headroom_phase_d_v1.results.0.0,40.866,0.0,azure_2023_conv,phase_d_v1::azure_2023_conv::w016::kv_capacity::kv_8000::step19864,VALID_STRONGLY_CONSTRAINED,1.0,16
0.00390625,kv_capacity,phase_d_v1::azure_2023_conv::w016::kv_capacity::kv_8000::step24282::sbs_reference,SBS_REFERENCE,"{""admit"":{},""hold_decode"":{},""migrate"":{},""preempt"":{},""prefill_chunk_override"":{},""swap"":{}}",952bd353c79bef75dea529eeb46f1ee1ac61a4efb946ed96403fe542a094c856,,1.0,kv_8000,kv_constrained_online,24282,24.282,16584,0.153141,0,,True,1,0.34125,True,0.243972,,200,0,200,0.484422,,False,1.0,0.005,sustained+high_valid_pressure,0,952bd353c79bef75dea529eeb46f1ee1ac61a4efb946ed96403fe542a094c856,industry_realism_causal_headroom_phase_d_v1.results.0.0,40.866,0.0,azure_2023_conv,phase_d_v1::azure_2023_conv::w016::kv_capacity::kv_8000::step24282,VALID_STRONGLY_CONSTRAINED,1.0,16
0.00390625,kv_capacity,phase_d_v1::azure_2023_conv::w016::kv_capacity::kv_8000::step24282::alt00::f170ea774a67650e,COUNTERFACTUAL,"{""admit"":{""0"":[112]},""hold_decode"":{},""migrate"":{},""preempt"":{},""prefill_chunk_override"":{},""swap"":{}}",f170ea774a67650ee8daadb34346399569cb6c63e931634ccd0219842293ce15,True,1.0,kv_8000,kv_constrained_online,24282,24.282,16584,0.178367,0,,True,0,0.34125,True,0.243777,5,200,0,200,0.484422,"full_prefill,chunked_prefill_small,estimated_service_time_first,weighted_fair_share,least_laxity_first",False,1.0,0.005,sustained+high_valid_pressure,0,952bd353c79bef75dea529eeb46f1ee1ac61a4efb946ed96403fe542a094c856,industry_realism_causal_headroom_phase_d_v1.results.0.0,40.866,0.0,azure_2023_conv,phase_d_v1::azure_2023_conv::w016::kv_capacity::kv_8000::step24282,VALID_STRONGLY_CONSTRAINED,1.0,16
0.00390625,kv_capacity,phase_d_v1::azure_2023_conv::w016::kv_capacity::kv_8000::step24289::sbs_reference,SBS_REFERENCE,"{""admit"":{},""hold_decode"":{},""migrate"":{},""preempt"":{},""prefill_chunk_override"":{},""swap"":{}}",952bd353c79bef75dea529eeb46f1ee1ac61a4efb946ed96403fe542a094c856,,1.0,kv_8000,kv_constrained_online,24289,24.289,16577,0.1593,0,,True,1,0.343,True,0.243972,,200,0,200,0.484422,,False,1.0,0.005,sustained+high_valid_pressure,0,952bd353c79bef75dea529eeb46f1ee1ac61a4efb946ed96403fe542a094c856,industry_realism_causal_headroom_phase_d_v1.results.0.0,40.866,0.0,azure_2023_conv,phase_d_v1::azure_2023_conv::w016::kv_capacity::kv_8000::step24289,VALID_STRONGLY_CONSTRAINED,1.0,16
0.00390625,kv_capacity,phase_d_v1::azure_2023_conv::w016::kv_capacity::kv_8000::step24289::alt00::f170ea774a67650e,COUNTERFACTUAL,"{""admit"":{""0"":[112]},""hold_decode"":{},""migrate"":{},""preempt"":{},""prefill_chunk_override"":{},""swap"":{}}",f170ea774a67650ee8daadb34346399569cb6c63e931634ccd0219842293ce15,True,1.0,kv_8000,kv_constrained_online,24289,24.289,16577,0.196055,0,,True,0,0.343,True,0.243812,5,200,0,200,0.484422,"full_prefill,chunked_prefill_small,estimated_service_time_first,weighted_fair_share,least_laxity_first",False,1.0,0.005,sustained+high_valid_pressure,0,952bd353c79bef75dea529eeb46f1ee1ac61a4efb946ed96403fe542a094c856,industry_realism_causal_headroom_phase_d_v1.results.0.0,40.866,0.0,azure_2023_conv,phase_d_v1::azure_2023_conv::w016::kv_capacity::kv_8000::step24289,VALID_STRONGLY_CONSTRAINED,1.0,16
0.005859375,kv_capacity,phase_d_v1::azure_2023_conv::w016::kv_capacity::kv_8000::step26963::sbs_reference,SBS_REFERENCE,"{""admit"":{},""hold_decode"":{},""migrate"":{},""preempt"":{},""prefill_chunk_override"":{},""swap"":{}}",952bd353c79bef75dea529eeb46f1ee1ac61a4efb946ed96403fe542a094c856,,1.0,kv_8000,kv_constrained_online,26963,26.963,13903,0.130215,0,,True,1,0.761,True,0.243972,,200,0,200,0.484422,,False,1.0,0.005,sustained+high_valid_pressure,0,952bd353c79bef75dea529eeb46f1ee1ac61a4efb946ed96403fe542a094c856,industry_realism_causal_headroom_phase_d_v1.results.0.0,40.866,0.0,azure_2023_conv,phase_d_v1::azure_2023_conv::w016::kv_capacity::kv_8000::step26963,VALID_STRONGLY_CONSTRAINED,1.0,16
0.005859375,kv_capacity,phase_d_v1::azure_2023_conv::w016::kv_capacity::kv_8000::step26963::alt00::6a3a3979973679cb,COUNTERFACTUAL,"{""admit"":{""0"":[127]},""hold_decode"":{},""migrate"":{},""preempt"":{},""prefill_chunk_override"":{},""swap"":{}}",6a3a3979973679cbe241c274bd7248d0ce10c791006d0d2bacc539258377fec4,True,1.0,kv_8000,kv_constrained_online,26963,26.963,13903,0.125445,0,,True,0,0.761,True,0.243907,5,200,0,200,0.484422,"full_prefill,chunked_prefill_small,estimated_service_time_first,weighted_fair_share,least_laxity_first",False,1.0,0.005,sustained+high_valid_pressure,0,952bd353c79bef75dea529eeb46f1ee1ac61a4efb946ed96403fe542a094c856,industry_realism_causal_headroom_phase_d_v1.results.0.0,40.866,0.0,azure_2023_conv,phase_d_v1::azure_2023_conv::w016::kv_capacity::kv_8000::step26963,VALID_STRONGLY_CONSTRAINED,1.0,16
0.00390625,kv_capacity,phase_d_v1::azure_2023_conv::w020::kv_capacity::kv_8000::step2669::sbs_reference,SBS_REFERENCE,"{""admit"":{},""hold_decode"":{},""migrate"":{},""preempt"":{},""prefill_chunk_override"":{},""swap"":{}}",952bd353c79bef75dea529eeb46f1ee1ac61a4efb946ed96403fe542a094c856,,1.0,kv_8000,kv_constrained_online,2669,2.669,33747,0.298969,0,,True,1,0.325125,True,0.230424,,200,0,200,0.468097,,False,1.0,0.005,sustained+high_valid_pressure,0,952bd353c79bef75dea529eeb46f1ee1ac61a4efb946ed96403fe542a094c856,industry_realism_causal_headroom_phase_d_v1.results.0.0,36.416,0.0,azure_2023_conv,phase_d_v1::azure_2023_conv::w020::kv_capacity::kv_8000::step2669,VALID_STRONGLY_CONSTRAINED,1.0,20
0.00390625,kv_capacity,phase_d_v1::azure_2023_conv::w020::kv_capacity::kv_8000::step2669::alt00::0ed16eb1598a87e6,COUNTERFACTUAL,"{""admit"":{""0"":[18]},""hold_decode"":{},""migrate"":{},""preempt"":{},""prefill_chunk_override"":{},""swap"":{}}",0ed16eb1598a87e6a56577c4617a26a3165a4643f8558e8dd38332c0066aae8b,True,1.0,kv_8000,kv_constrained_online,2669,2.669,33747,0.377938,0,,True,0,0.325125,True,0.229679,5,200,0,200,0.468097,"full_prefill,chunked_prefill_small,estimated_service_time_first,weighted_fair_share,least_laxity_first",False,1.0,0.005,sustained+high_valid_pressure,0,952bd353c79bef75dea529eeb46f1ee1ac61a4efb946ed96403fe542a094c856,industry_realism_causal_headroom_phase_d_v1.results.0.0,36.416,0.0,azure_2023_conv,phase_d_v1::azure_2023_conv::w020::kv_capacity::kv_8000::step2669,VALID_STRONGLY_CONSTRAINED,1.0,20
0.00390625,kv_capacity,phase_d_v1::azure_2023_conv::w020::kv_capacity::kv_8000::step2788::sbs_reference,SBS_REFERENCE,"{""admit"":{},""hold_decode"":{},""migrate"":{},""preempt"":{},""prefill_chunk_override"":{},""swap"":{}}",952bd353c79bef75dea529eeb46f1ee1ac61a4efb946ed96403fe542a094c856,,1.0,kv_8000,kv_constrained_online,2788,2.7880000000000003,33628,0.319108,0,,True,1,0.354875,True,0.230424,,200,0,200,0.468097,,False,1.0,0.005,sustained+high_valid_pressure,0,952bd353c79bef75dea529eeb46f1ee1ac61a4efb946ed96403fe542a094c856,industry_realism_causal_headroom_phase_d_v1.results.0.0,36.416,0.0,azure_2023_conv,phase_d_v1::azure_2023_conv::w020::kv_capacity::kv_8000::step2788,VALID_STRONGLY_CONSTRAINED,1.0,20
0.00390625,kv_capacity,phase_d_v1::azure_2023_conv::w020::kv_capacity::kv_8000::step2788::alt00::0ed16eb1598a87e6,COUNTERFACTUAL,"{""admit"":{""0"":[18]},""hold_decode"":{},""migrate"":{},""preempt"":{},""prefill_chunk_override"":{},""swap"":{}}",0ed16eb1598a87e6a56577c4617a26a3165a4643f8558e8dd38332c0066aae8b,True,1.0,kv_8000,kv_constrained_online,2788,2.7880000000000003,33628,0.343063,0,,True,0,0.354875,True,0.230274,5,200,0,200,0.468097,"full_prefill,chunked_prefill_small,estimated_service_time_first,weighted_fair_share,least_laxity_first",False,1.0,0.005,sustained+high_valid_pressure,0,952bd353c79bef75dea529eeb46f1ee1ac61a4efb946ed96403fe542a094c856,industry_realism_causal_headroom_phase_d_v1.results.0.0,36.416,0.0,azure_2023_conv,phase_d_v1::azure_2023_conv::w020::kv_capacity::kv_8000::step2788,VALID_STRONGLY_CONSTRAINED,1.0,20
0.00390625,kv_capacity,phase_d_v1::azure_2023_conv::w020::kv_capacity::kv_8000::step14711::sbs_reference,SBS_REFERENCE,"{""admit"":{},""hold_decode"":{},""migrate"":{},""preempt"":{},""prefill_chunk_override"":{},""swap"":{}}",952bd353c79bef75dea529eeb46f1ee1ac61a4efb946ed96403fe542a094c856,,1.0,kv_8000,kv_constrained_online,14711,14.711,21705,0.208263,0,,True,1,0.33725,True,0.230424,,200,0,200,0.468097,,False,1.0,0.005,sustained+high_valid_pressure,0,952bd353c79bef75dea529eeb46f1ee1ac61a4efb946ed96403fe542a094c856,industry_realism_causal_headroom_phase_d_v1.results.0.0,36.416,0.0,azure_2023_conv,phase_d_v1::azure_2023_conv::w020::kv_capacity::kv_8000::step14711,VALID_STRONGLY_CONSTRAINED,1.0,20
0.00390625,kv_capacity,phase_d_v1::azure_2023_conv::w020::kv_capacity::kv_8000::step14711::alt00::c2cc8101924352a2,COUNTERFACTUAL,"{""admit"":{""0"":[82]},""hold_decode"":{},""migrate"":{},""preempt"":{},""prefill_chunk_override"":{},""swap"":{}}",c2cc8101924352a22d2f65d37d465c41c64fbd94dbd69d132a6127bae7b393ba,True,1.0,kv_8000,kv_constrained_online,14711,14.711,21705,0.200373,0,,True,0,0.33725,True,0.229619,5,200,0,200,0.468097,"full_prefill,chunked_prefill_small,estimated_service_time_first,weighted_fair_share,least_laxity_first",False,1.0,0.005,sustained+high_valid_pressure,0,952bd353c79bef75dea529eeb46f1ee1ac61a4efb946ed96403fe542a094c856,industry_realism_causal_headroom_phase_d_v1.results.0.0,36.416,0.0,azure_2023_conv,phase_d_v1::azure_2023_conv::w020::kv_capacity::kv_8000::step14711,VALID_STRONGLY_CONSTRAINED,1.0,20
0.00390625,kv_capacity,phase_d_v1::azure_2023_conv::w020::kv_capacity::kv_8000::step14811::sbs_reference,SBS_REFERENCE,"{""admit"":{},""hold_decode"":{},""migrate"":{},""preempt"":{},""prefill_chunk_override"":{},""swap"":{}}",952bd353c79bef75dea529eeb46f1ee1ac61a4efb946ed96403fe542a094c856,,1.0,kv_8000,kv_constrained_online,14811,14.811,21605,0.202243,0,,True,1,0.36225,True,0.230424,,200,0,200,0.468097,,False,1.0,0.005,sustained+high_valid_pressure,0,952bd353c79bef75dea529eeb46f1ee1ac61a4efb946ed96403fe542a094c856,industry_realism_causal_headroom_phase_d_v1.results.0.0,36.416,0.0,azure_2023_conv,phase_d_v1::azure_2023_conv::w020::kv_capacity::kv_8000::step14811,VALID_STRONGLY_CONSTRAINED,1.0,20
0.00390625,kv_capacity,phase_d_v1::azure_2023_conv::w020::kv_capacity::kv_8000::step14811::alt00::c2cc8101924352a2,COUNTERFACTUAL,"{""admit"":{""0"":[82]},""hold_decode"":{},""migrate"":{},""preempt"":{},""prefill_chunk_override"":{},""swap"":{}}",c2cc8101924352a22d2f65d37d465c41c64fbd94dbd69d132a6127bae7b393ba,True,1.0,kv_8000,kv_constrained_online,14811,14.811,21605,0.200292,0,,True,0,0.36225,True,0.230119,5,200,0,200,0.468097,"full_prefill,chunked_prefill_small,estimated_service_time_first,weighted_fair_share,least_laxity_first",False,1.0,0.005,sustained+high_valid_pressure,0,952bd353c79bef75dea529eeb46f1ee1ac61a4efb946ed96403fe542a094c856,industry_realism_causal_headroom_phase_d_v1.results.0.0,36.416,0.0,azure_2023_conv,phase_d_v1::azure_2023_conv::w020::kv_capacity::kv_8000::step14811,VALID_STRONGLY_CONSTRAINED,1.0,20
0.009765625,kv_capacity,phase_d_v1::azure_2023_conv::w024::kv_capacity::kv_8000::step5359::sbs_reference,SBS_REFERENCE,"{""admit"":{},""hold_decode"":{},""migrate"":{},""preempt"":{},""prefill_chunk_override"":{},""swap"":{}}",952bd353c79bef75dea529eeb46f1ee1ac61a4efb946ed96403fe542a094c856,,1.0,kv_8000,kv_constrained_online,5359,5.359,35815,0.345465,0,,True,1,0.8295,True,0.279763,,200,0,200,0.53964,,False,1.0,0.005,sustained+high_valid_pressure,0,952bd353c79bef75dea529eeb46f1ee1ac61a4efb946ed96403fe542a094c856,industry_realism_causal_headroom_phase_d_v1.results.0.0,41.174,0.0,azure_2023_conv,phase_d_v1::azure_2023_conv::w024::kv_capacity::kv_8000::step5359,VALID_STRONGLY_CONSTRAINED,1.0,24
0.009765625,kv_capacity,phase_d_v1::azure_2023_conv::w024::kv_capacity::kv_8000::step5359::alt00::f914228f9ae45349,COUNTERFACTUAL,"{""admit"":{""0"":[21]},""hold_decode"":{},""migrate"":{},""preempt"":{},""prefill_chunk_override"":{},""swap"":{}}",f914228f9ae453490d74df0c1c11b7945658248e3b6704031db02b7d07f69fe0,True,1.0,kv_8000,kv_constrained_online,5359,5.359,35815,0.360424,0,,True,0,0.8295,True,0.279663,5,200,0,200,0.53964,"full_prefill,chunked_prefill_small,estimated_service_time_first,weighted_fair_share,least_laxity_first",False,1.0,0.005,sustained+high_valid_pressure,0,952bd353c79bef75dea529eeb46f1ee1ac61a4efb946ed96403fe542a094c856,industry_realism_causal_headroom_phase_d_v1.results.0.0,41.174,0.0,azure_2023_conv,phase_d_v1::azure_2023_conv::w024::kv_capacity::kv_8000::step5359,VALID_STRONGLY_CONSTRAINED,1.0,24
0.00390625,kv_capacity,phase_d_v1::azure_2023_conv::w024::kv_capacity::kv_8000::step31215::sbs_reference,SBS_REFERENCE,"{""admit"":{},""hold_decode"":{},""migrate"":{},""preempt"":{},""prefill_chunk_override"":{},""swap"":{}}",952bd353c79bef75dea529eeb46f1ee1ac61a4efb946ed96403fe542a094c856,,1.0,kv_8000,kv_constrained_online,31215,31.215,9959,0.122363,0,,True,1,0.333625,True,0.279763,,200,0,200,0.53964,,False,1.0,0.005,sustained+high_valid_pressure,0,952bd353c79bef75dea529eeb46f1ee1ac61a4efb946ed96403fe542a094c856,industry_realism_causal_headroom_phase_d_v1.results.0.0,41.174,0.0,azure_2023_conv,phase_d_v1::azure_2023_conv::w024::kv_capacity::kv_8000::step31215,VALID_STRONGLY_CONSTRAINED,1.0,24
0.00390625,kv_capacity,phase_d_v1::azure_2023_conv::w024::kv_capacity::kv_8000::step31215::alt00::270c884d08d14618,COUNTERFACTUAL,"{""admit"":{""0"":[145]},""hold_decode"":{},""migrate"":{},""preempt"":{},""prefill_chunk_override"":{},""swap"":{}}",270c884d08d146186230f9add072e95ae8327bbd943187e7874c2be6c194b6de,True,1.0,kv_8000,kv_constrained_online,31215,31.215,9959,0.141676,0,,True,0,0.333625,True,0.279668,5,200,0,200,0.53964,"full_prefill,chunked_prefill_small,estimated_service_time_first,weighted_fair_share,least_laxity_first",False,1.0,0.005,sustained+high_valid_pressure,0,952bd353c79bef75dea529eeb46f1ee1ac61a4efb946ed96403fe542a094c856,industry_realism_causal_headroom_phase_d_v1.results.0.0,41.174,0.0,azure_2023_conv,phase_d_v1::azure_2023_conv::w024::kv_capacity::kv_8000::step31215,VALID_STRONGLY_CONSTRAINED,1.0,24
0.00390625,kv_capacity,phase_d_v1::azure_2023_conv::w024::kv_capacity::kv_8000::step35840::sbs_reference,SBS_REFERENCE,"{""admit"":{},""hold_decode"":{},""migrate"":{},""preempt"":{},""prefill_chunk_override"":{},""swap"":{}}",952bd353c79bef75dea529eeb46f1ee1ac61a4efb946ed96403fe542a094c856,,1.0,kv_8000,kv_constrained_online,35840,35.84,5334,0.048108,0,,True,1,0.36125,True,0.279763,,200,0,200,0.53964,,False,1.0,0.005,sustained+high_valid_pressure,0,952bd353c79bef75dea529eeb46f1ee1ac61a4efb946ed96403fe542a094c856,industry_realism_causal_headroom_phase_d_v1.results.0.0,41.174,0.0,azure_2023_conv,phase_d_v1::azure_2023_conv::w024::kv_capacity::kv_8000::step35840,VALID_STRONGLY_CONSTRAINED,1.0,24
0.00390625,kv_capacity,phase_d_v1::azure_2023_conv::w024::kv_capacity::kv_8000::step35840::alt00::b9ea4c69560c4716,COUNTERFACTUAL,"{""admit"":{""0"":[174]},""hold_decode"":{},""migrate"":{},""preempt"":{},""prefill_chunk_override"":{},""swap"":{}}",b9ea4c69560c4716ece998abc9b7350c3934f0475295e64dd0313df863ea355b,True,1.0,kv_8000,kv_constrained_online,35840,35.84,5334,0.047807,0,,True,0,0.36125,True,0.279288,5,200,0,200,0.53964,"full_prefill,chunked_prefill_small,estimated_service_time_first,weighted_fair_share,least_laxity_first",False,1.0,0.005,sustained+high_valid_pressure,0,952bd353c79bef75dea529eeb46f1ee1ac61a4efb946ed96403fe542a094c856,industry_realism_causal_headroom_phase_d_v1.results.0.0,41.174,0.0,azure_2023_conv,phase_d_v1::azure_2023_conv::w024::kv_capacity::kv_8000::step35840,VALID_STRONGLY_CONSTRAINED,1.0,24
0.005859375,kv_capacity,phase_d_v1::azure_2023_conv::w028::kv_capacity::kv_8000::step3985::sbs_reference,SBS_REFERENCE,"{""admit"":{},""hold_decode"":{},""migrate"":{},""preempt"":{},""prefill_chunk_override"":{},""swap"":{}}",952bd353c79bef75dea529eeb46f1ee1ac61a4efb946ed96403fe542a094c856,,1.0,kv_8000,kv_constrained_online,3985,3.985,27329,0.245326,0,,True,1,0.848375,True,0.216227,,200,0,200,0.441839,,False,1.0,0.01,sustained+high_valid_pressure,1,952bd353c79bef75dea529eeb46f1ee1ac61a4efb946ed96403fe542a094c856,industry_realism_causal_headroom_phase_d_v1.results.0.0,31.314,0.0,azure_2023_conv,phase_d_v1::azure_2023_conv::w028::kv_capacity::kv_8000::step3985,VALID_STRONGLY_CONSTRAINED,1.0,28
0.005859375,kv_capacity,phase_d_v1::azure_2023_conv::w028::kv_capacity::kv_8000::step3985::alt00::91190b9b8363c67b,COUNTERFACTUAL,"{""admit"":{""0"":[31]},""hold_decode"":{},""migrate"":{},""preempt"":{},""prefill_chunk_override"":{},""swap"":{}}",91190b9b8363c67b376eae47716f6e344da73d3be1379232ca721689136467d9,True,1.0,kv_8000,kv_constrained_online,3985,3.985,27329,0.247721,0,,True,0,0.848375,True,0.216082,3,200,0,200,0.441839,"full_prefill,chunked_prefill_small,least_laxity_first",False,1.0,0.01,sustained+high_valid_pressure,1,952bd353c79bef75dea529eeb46f1ee1ac61a4efb946ed96403fe542a094c856,industry_realism_causal_headroom_phase_d_v1.results.0.0,31.314,0.0,azure_2023_conv,phase_d_v1::azure_2023_conv::w028::kv_capacity::kv_8000::step3985,VALID_STRONGLY_CONSTRAINED,1.0,28
0.005859375,kv_capacity,phase_d_v1::azure_2023_conv::w028::kv_capacity::kv_8000::step3985::alt01::0def93c0112572cb,COUNTERFACTUAL,"{""admit"":{""0"":[32]},""hold_decode"":{},""migrate"":{},""preempt"":{},""prefill_chunk_override"":{},""swap"":{}}",0def93c0112572cb1c25d28680aae3edcd094e18adfe35163e8d02ce31d9fac2,True,1.0,kv_8000,kv_constrained_online,3985,3.985,27329,0.251629,0,,True,0,0.848375,True,0.216092,2,200,0,200,0.441839,"estimated_service_time_first,weighted_fair_share",False,1.0,0.01,sustained+high_valid_pressure,1,952bd353c79bef75dea529eeb46f1ee1ac61a4efb946ed96403fe542a094c856,industry_realism_causal_headroom_phase_d_v1.results.0.0,31.314,0.0,azure_2023_conv,phase_d_v1::azure_2023_conv::w028::kv_capacity::kv_8000::step3985,VALID_STRONGLY_CONSTRAINED,1.0,28
0.005859375,kv_capacity,phase_d_v1::azure_2023_conv::w028::kv_capacity::kv_8000::step5563::sbs_reference,SBS_REFERENCE,"{""admit"":{},""hold_decode"":{},""migrate"":{},""preempt"":{},""prefill_chunk_override"":{},""swap"":{}}",952bd353c79bef75dea529eeb46f1ee1ac61a4efb946ed96403fe542a094c856,,1.0,kv_8000,kv_constrained_online,5563,5.563,25751,0.226069,0,,True,1,0.36975,True,0.216227,,200,0,200,0.441839,,False,1.0,0.005,sustained+high_valid_pressure,0,952bd353c79bef75dea529eeb46f1ee1ac61a4efb946ed96403fe542a094c856,industry_realism_causal_headroom_phase_d_v1.results.0.0,31.314,0.0,azure_2023_conv,phase_d_v1::azure_2023_conv::w028::kv_capacity::kv_8000::step5563,VALID_STRONGLY_CONSTRAINED,1.0,28
0.005859375,kv_capacity,phase_d_v1::azure_2023_conv::w028::kv_capacity::kv_8000::step5563::alt00::c1dbaa66b562c2f4,COUNTERFACTUAL,"{""admit"":{""0"":[43]},""hold_decode"":{},""migrate"":{},""preempt"":{},""prefill_chunk_override"":{},""swap"":{}}",c1dbaa66b562c2f418c89aff73a30064fa1ea4bbc64f898964fb6225a9f2b5e5,True,1.0,kv_8000,kv_constrained_online,5563,5.563,25751,0.227446,0,,True,0,0.36975,True,0.216002,5,200,0,200,0.441839,"full_prefill,chunked_prefill_small,estimated_service_time_first,weighted_fair_share,least_laxity_first",False,1.0,0.005,sustained+high_valid_pressure,0,952bd353c79bef75dea529eeb46f1ee1ac61a4efb946ed96403fe542a094c856,industry_realism_causal_headroom_phase_d_v1.results.0.0,31.314,0.0,azure_2023_conv,phase_d_v1::azure_2023_conv::w028::kv_capacity::kv_8000::step5563,VALID_STRONGLY_CONSTRAINED,1.0,28
0.00390625,kv_capacity,phase_d_v1::azure_2023_conv::w028::kv_capacity::kv_8000::step6030::sbs_reference,SBS_REFERENCE,"{""admit"":{},""hold_decode"":{},""migrate"":{},""preempt"":{},""prefill_chunk_override"":{},""swap"":{}}",952bd353c79bef75dea529eeb46f1ee1ac61a4efb946ed96403fe542a094c856,,1.0,kv_8000,kv_constrained_online,6030,6.03,25284,0.228764,0,,True,1,0.319,True,0.216227,,200,0,200,0.441839,,False,1.0,0.005,sustained+high_valid_pressure,0,952bd353c79bef75dea529eeb46f1ee1ac61a4efb946ed96403fe542a094c856,industry_realism_causal_headroom_phase_d_v1.results.0.0,31.314,0.0,azure_2023_conv,phase_d_v1::azure_2023_conv::w028::kv_capacity::kv_8000::step6030,VALID_STRONGLY_CONSTRAINED,1.0,28
0.00390625,kv_capacity,phase_d_v1::azure_2023_conv::w028::kv_capacity::kv_8000::step6030::alt00::300e035752a9ec7c,COUNTERFACTUAL,"{""admit"":{""0"":[46]},""hold_decode"":{},""migrate"":{},""preempt"":{},""prefill_chunk_override"":{},""swap"":{}}",300e035752a9ec7cb2bf3d301f341fddd21dc6e467b35aafcdc2175458018510,True,1.0,kv_8000,kv_constrained_online,6030,6.03,25284,0.283465,0,,True,0,0.319,True,0.216132,5,200,0,200,0.441839,"full_prefill,chunked_prefill_small,estimated_service_time_first,weighted_fair_share,least_laxity_first",False,1.0,0.005,sustained+high_valid_pressure,0,952bd353c79bef75dea529eeb46f1ee1ac61a4efb946ed96403fe542a094c856,industry_realism_causal_headroom_phase_d_v1.results.0.0,31.314,0.0,azure_2023_conv,phase_d_v1::azure_2023_conv::w028::kv_capacity::kv_8000::step6030,VALID_STRONGLY_CONSTRAINED,1.0,28
0.00390625,kv_capacity,phase_d_v1::azure_2023_conv::w028::kv_capacity::kv_8000::step6040::sbs_reference,SBS_REFERENCE,"{""admit"":{},""hold_decode"":{},""migrate"":{},""preempt"":{},""prefill_chunk_override"":{},""swap"":{}}",952bd353c79bef75dea529eeb46f1ee1ac61a4efb946ed96403fe542a094c856,,1.0,kv_8000,kv_constrained_online,6040,6.04,25274,0.228186,0,,True,1,0.3215,True,0.216227,,200,0,200,0.441839,,False,1.0,0.005,sustained+high_valid_pressure,0,952bd353c79bef75dea529eeb46f1ee1ac61a4efb946ed96403fe542a094c856,industry_realism_causal_headroom_phase_d_v1.results.0.0,31.314,0.0,azure_2023_conv,phase_d_v1::azure_2023_conv::w028::kv_capacity::kv_8000::step6040,VALID_STRONGLY_CONSTRAINED,1.0,28
0.00390625,kv_capacity,phase_d_v1::azure_2023_conv::w028::kv_capacity::kv_8000::step6040::alt00::300e035752a9ec7c,COUNTERFACTUAL,"{""admit"":{""0"":[46]},""hold_decode"":{},""migrate"":{},""preempt"":{},""prefill_chunk_override"":{},""swap"":{}}",300e035752a9ec7cb2bf3d301f341fddd21dc6e467b35aafcdc2175458018510,True,1.0,kv_8000,kv_constrained_online,6040,6.04,25274,0.241374,0,,True,0,0.3215,True,0.216182,5,200,0,200,0.441839,"full_prefill,chunked_prefill_small,estimated_service_time_first,weighted_fair_share,least_laxity_first",False,1.0,0.005,sustained+high_valid_pressure,0,952bd353c79bef75dea529eeb46f1ee1ac61a4efb946ed96403fe542a094c856,industry_realism_causal_headroom_phase_d_v1.results.0.0,31.314,0.0,azure_2023_conv,phase_d_v1::azure_2023_conv::w028::kv_capacity::kv_8000::step6040,VALID_STRONGLY_CONSTRAINED,1.0,28
0.005859375,kv_capacity,phase_d_v1::azure_2023_conv::w032::kv_capacity::kv_8000::step14238::sbs_reference,SBS_REFERENCE,"{""admit"":{""0"":[73]},""hold_decode"":{},""migrate"":{},""preempt"":{},""prefill_chunk_override"":{},""swap"":{}}",645fd54c66599b2ec0831eba575e74c8c0aec9314f90938474298364041dfe75,,1.0,kv_8000,kv_constrained_online,14238,14.238,18546,0.20974,0,,True,1,0.390625,True,0.235419,,200,0,200,0.44023,,False,1.0,0.01,sustained+high_valid_pressure,0,645fd54c66599b2ec0831eba575e74c8c0aec9314f90938474298364041dfe75,industry_realism_causal_headroom_phase_d_v1.results.0.0,32.784,0.0,azure_2023_conv,phase_d_v1::azure_2023_conv::w032::kv_capacity::kv_8000::step14238,VALID_STRONGLY_CONSTRAINED,1.0,32
0.005859375,kv_capacity,phase_d_v1::azure_2023_conv::w032::kv_capacity::kv_8000::step14238::alt00::04f0f502ba5b9de6,COUNTERFACTUAL,"{""admit"":{""0"":[71,73]},""hold_decode"":{},""migrate"":{},""preempt"":{},""prefill_chunk_override"":{},""swap"":{}}",04f0f502ba5b9de6cc3e49639742e05a57dbcc8adaa107d78bebe6d3cd41311e,True,1.0,kv_8000,kv_constrained_online,14238,14.238,18546,0.192295,0,,True,0,0.390625,True,0.235329,5,200,0,200,0.44023,"full_prefill,chunked_prefill_small,estimated_service_time_first,weighted_fair_share,least_laxity_first",False,1.0,0.01,sustained+high_valid_pressure,0,645fd54c66599b2ec0831eba575e74c8c0aec9314f90938474298364041dfe75,industry_realism_causal_headroom_phase_d_v1.results.0.0,32.784,0.0,azure_2023_conv,phase_d_v1::azure_2023_conv::w032::kv_capacity::kv_8000::step14238,VALID_STRONGLY_CONSTRAINED,1.0,32
0.005859375,kv_capacity,phase_d_v1::azure_2023_conv::w032::kv_capacity::kv_8000::step22247::sbs_reference,SBS_REFERENCE,"{""admit"":{},""hold_decode"":{},""migrate"":{},""preempt"":{},""prefill_chunk_override"":{},""swap"":{}}",952bd353c79bef75dea529eeb46f1ee1ac61a4efb946ed96403fe542a094c856,,1.0,kv_8000,kv_constrained_online,22247,22.247,10537,0.160683,0,,True,1,0.822875,True,0.235419,,200,0,200,0.44023,,False,1.0,0.005,sustained+high_valid_pressure,0,952bd353c79bef75dea529eeb46f1ee1ac61a4efb946ed96403fe542a094c856,industry_realism_causal_headroom_phase_d_v1.results.0.0,32.784,0.0,azure_2023_conv,phase_d_v1::azure_2023_conv::w032::kv_capacity::kv_8000::step22247,VALID_STRONGLY_CONSTRAINED,1.0,32
0.005859375,kv_capacity,phase_d_v1::azure_2023_conv::w032::kv_capacity::kv_8000::step22247::alt00::86e57aa227b0d7ce,COUNTERFACTUAL,"{""admit"":{""0"":[124]},""hold_decode"":{},""migrate"":{},""preempt"":{},""prefill_chunk_override"":{},""swap"":{}}",86e57aa227b0d7cec1fb4954c3531695d795edf36c5419b351988ae99571ce31,True,1.0,kv_8000,kv_constrained_online,22247,22.247,10537,0.115702,0,,True,0,0.822875,True,0.235054,5,200,0,200,0.44023,"full_prefill,chunked_prefill_small,estimated_service_time_first,weighted_fair_share,least_laxity_first",False,1.0,0.005,sustained+high_valid_pressure,0,952bd353c79bef75dea529eeb46f1ee1ac61a4efb946ed96403fe542a094c856,industry_realism_causal_headroom_phase_d_v1.results.0.0,32.784,0.0,azure_2023_conv,phase_d_v1::azure_2023_conv::w032::kv_capacity::kv_8000::step22247,VALID_STRONGLY_CONSTRAINED,1.0,32
0.00390625,kv_capacity,phase_d_v1::azure_2023_conv::w032::kv_capacity::kv_8000::step26196::sbs_reference,SBS_REFERENCE,"{""admit"":{},""hold_decode"":{},""migrate"":{},""preempt"":{},""prefill_chunk_override"":{},""swap"":{}}",952bd353c79bef75dea529eeb46f1ee1ac61a4efb946ed96403fe542a094c856,,1.0,kv_8000,kv_constrained_online,26196,26.196,6588,0.108832,0,,True,1,0.340125,True,0.235419,,200,0,200,0.44023,,False,1.0,0.005,sustained+high_valid_pressure,0,952bd353c79bef75dea529eeb46f1ee1ac61a4efb946ed96403fe542a094c856,industry_realism_causal_headroom_phase_d_v1.results.0.0,32.784,0.0,azure_2023_conv,phase_d_v1::azure_2023_conv::w032::kv_capacity::kv_8000::step26196,VALID_STRONGLY_CONSTRAINED,1.0,32
0.00390625,kv_capacity,phase_d_v1::azure_2023_conv::w032::kv_capacity::kv_8000::step26196::alt00::1ae0bf0774faf6a1,COUNTERFACTUAL,"{""admit"":{""0"":[152]},""hold_decode"":{},""migrate"":{},""preempt"":{},""prefill_chunk_override"":{},""swap"":{}}",1ae0bf0774faf6a1c83297d80146a43ea4bc9de552bb5c72d0d4c7d5bb4e4d4c,True,1.0,kv_8000,kv_constrained_online,26196,26.196,6588,0.069804,0,,True,0,0.340125,True,0.234894,5,200,0,200,0.44023,"full_prefill,chunked_prefill_small,estimated_service_time_first,weighted_fair_share,least_laxity_first",False,1.0,0.005,sustained+high_valid_pressure,0,952bd353c79bef75dea529eeb46f1ee1ac61a4efb946ed96403fe542a094c856,industry_realism_causal_headroom_phase_d_v1.results.0.0,32.784,0.0,azure_2023_conv,phase_d_v1::azure_2023_conv::w032::kv_capacity::kv_8000::step26196,VALID_STRONGLY_CONSTRAINED,1.0,32
0.0078125,kv_capacity,phase_d_v1::azure_2023_conv::w032::kv_capacity::kv_8000::step26219::sbs_reference,SBS_REFERENCE,"{""admit"":{},""hold_decode"":{},""migrate"":{},""preempt"":{},""prefill_chunk_override"":{},""swap"":{}}",952bd353c79bef75dea529eeb46f1ee1ac61a4efb946ed96403fe542a094c856,,1.0,kv_8000,kv_constrained_online,26219,26.219,6565,0.071591,0,,True,1,0.458875,True,0.235419,,200,0,200,0.44023,,False,1.0,0.005,sustained+high_valid_pressure,0,952bd353c79bef75dea529eeb46f1ee1ac61a4efb946ed96403fe542a094c856,industry_realism_causal_headroom_phase_d_v1.results.0.0,32.784,0.0,azure_2023_conv,phase_d_v1::azure_2023_conv::w032::kv_capacity::kv_8000::step26219,VALID_STRONGLY_CONSTRAINED,1.0,32
0.0078125,kv_capacity,phase_d_v1::azure_2023_conv::w032::kv_capacity::kv_8000::step26219::alt00::1ae0bf0774faf6a1,COUNTERFACTUAL,"{""admit"":{""0"":[152]},""hold_decode"":{},""migrate"":{},""preempt"":{},""prefill_chunk_override"":{},""swap"":{}}",1ae0bf0774faf6a1c83297d80146a43ea4bc9de552bb5c72d0d4c7d5bb4e4d4c,True,1.0,kv_8000,kv_constrained_online,26219,26.219,6565,0.072448,0,,True,0,0.458875,True,0.234949,5,200,0,200,0.44023,"full_prefill,chunked_prefill_small,estimated_service_time_first,weighted_fair_share,least_laxity_first",False,1.0,0.005,sustained+high_valid_pressure,0,952bd353c79bef75dea529eeb46f1ee1ac61a4efb946ed96403fe542a094c856,industry_realism_causal_headroom_phase_d_v1.results.0.0,32.784,0.0,azure_2023_conv,phase_d_v1::azure_2023_conv::w032::kv_capacity::kv_8000::step26219,VALID_STRONGLY_CONSTRAINED,1.0,32
0.009765625,kv_capacity,phase_d_v1::azure_2023_conv::w036::kv_capacity::kv_8000::step2166::sbs_reference,SBS_REFERENCE,"{""admit"":{},""hold_decode"":{},""migrate"":{},""preempt"":{},""prefill_chunk_override"":{},""swap"":{}}",952bd353c79bef75dea529eeb46f1ee1ac61a4efb946ed96403fe542a094c856,,1.0,kv_8000,kv_constrained_online,2166,2.166,26950,0.224273,0,,True,1,0.760625,True,0.174125,,200,0,200,0.438005,,False,1.0,0.005,sustained+high_valid_pressure,0,952bd353c79bef75dea529eeb46f1ee1ac61a4efb946ed96403fe542a094c856,industry_realism_causal_headroom_phase_d_v1.results.0.0,29.116,0.0,azure_2023_conv,phase_d_v1::azure_2023_conv::w036::kv_capacity::kv_8000::step2166,VALID_STRONGLY_CONSTRAINED,1.0,36
0.009765625,kv_capacity,phase_d_v1::azure_2023_conv::w036::kv_capacity::kv_8000::step2166::alt00::80ab67f8134da5ae,COUNTERFACTUAL,"{""admit"":{""0"":[14]},""hold_decode"":{},""migrate"":{},""preempt"":{},""prefill_chunk_override"":{},""swap"":{}}",80ab67f8134da5aeb5c735436fc3b2a73592eddc87d581b55662421f346a511b,True,1.0,kv_8000,kv_constrained_online,2166,2.166,26950,0.225037,0,,True,0,0.760625,True,0.173885,5,200,0,200,0.438005,"full_prefill,chunked_prefill_small,estimated_service_time_first,weighted_fair_share,least_laxity_first",False,1.0,0.005,sustained+high_valid_pressure,0,952bd353c79bef75dea529eeb46f1ee1ac61a4efb946ed96403fe542a094c856,industry_realism_causal_headroom_phase_d_v1.results.0.0,29.116,0.0,azure_2023_conv,phase_d_v1::azure_2023_conv::w036::kv_capacity::kv_8000::step2166,VALID_STRONGLY_CONSTRAINED,1.0,36
0.00390625,kv_capacity,phase_d_v1::azure_2023_conv::w036::kv_capacity::kv_8000::step4651::sbs_reference,SBS_REFERENCE,"{""admit"":{},""hold_decode"":{},""migrate"":{},""preempt"":{},""prefill_chunk_override"":{},""swap"":{}}",952bd353c79bef75dea529eeb46f1ee1ac61a4efb946ed96403fe542a094c856,,1.0,kv_8000,kv_constrained_online,4651,4.651,24465,0.221871,0,,True,1,0.349625,True,0.174125,,200,0,200,0.438005,,False,1.0,0.005,sustained+high_valid_pressure,0,952bd353c79bef75dea529eeb46f1ee1ac61a4efb946ed96403fe542a094c856,industry_realism_causal_headroom_phase_d_v1.results.0.0,29.116,0.0,azure_2023_conv,phase_d_v1::azure_2023_conv::w036::kv_capacity::kv_8000::step4651,VALID_STRONGLY_CONSTRAINED,1.0,36
0.00390625,kv_capacity,phase_d_v1::azure_2023_conv::w036::kv_capacity::kv_8000::step4651::alt00::0def93c0112572cb,COUNTERFACTUAL,"{""admit"":{""0"":[32]},""hold_decode"":{},""migrate"":{},""preempt"":{},""prefill_chunk_override"":{},""swap"":{}}",0def93c0112572cb1c25d28680aae3edcd094e18adfe35163e8d02ce31d9fac2,True,1.0,kv_8000,kv_constrained_online,4651,4.651,24465,0.200226,0,,True,0,0.349625,True,0.17412,5,200,0,200,0.438005,"full_prefill,chunked_prefill_small,estimated_service_time_first,weighted_fair_share,least_laxity_first",False,1.0,0.005,sustained+high_valid_pressure,0,952bd353c79bef75dea529eeb46f1ee1ac61a4efb946ed96403fe542a094c856,industry_realism_causal_headroom_phase_d_v1.results.0.0,29.116,0.0,azure_2023_conv,phase_d_v1::azure_2023_conv::w036::kv_capacity::kv_8000::step4651,VALID_STRONGLY_CONSTRAINED,1.0,36
0.00390625,kv_capacity,phase_d_v1::azure_2023_conv::w036::kv_capacity::kv_8000::step22762::sbs_reference,SBS_REFERENCE,"{""admit"":{},""hold_decode"":{},""migrate"":{},""preempt"":{},""prefill_chunk_override"":{},""swap"":{}}",952bd353c79bef75dea529eeb46f1ee1ac61a4efb946ed96403fe542a094c856,,1.0,kv_8000,kv_constrained_online,22762,22.762,6354,0.05869,0,,True,1,0.348375,True,0.174125,,200,0,200,0.438005,,False,1.0,0.005,sustained+high_valid_pressure,0,952bd353c79bef75dea529eeb46f1ee1ac61a4efb946ed96403fe542a094c856,industry_realism_causal_headroom_phase_d_v1.results.0.0,29.116,0.0,azure_2023_conv,phase_d_v1::azure_2023_conv::w036::kv_capacity::kv_8000::step22762,VALID_STRONGLY_CONSTRAINED,1.0,36
0.00390625,kv_capacity,phase_d_v1::azure_2023_conv::w036::kv_capacity::kv_8000::step22762::alt00::aee42031f64c04ca,COUNTERFACTUAL,"{""admit"":{""0"":[156]},""hold_decode"":{},""migrate"":{},""preempt"":{},""prefill_chunk_override"":{},""swap"":{}}",aee42031f64c04ca6b323cb79c8a4e809be74b03a47411be3832aa96c21d115b,True,1.0,kv_8000,kv_constrained_online,22762,22.762,6354,0.053041,0,,True,0,0.348375,True,0.17406,5,200,0,200,0.438005,"full_prefill,chunked_prefill_small,estimated_service_time_first,weighted_fair_share,least_laxity_first",False,1.0,0.005,sustained+high_valid_pressure,0,952bd353c79bef75dea529eeb46f1ee1ac61a4efb946ed96403fe542a094c856,industry_realism_causal_headroom_phase_d_v1.results.0.0,29.116,0.0,azure_2023_conv,phase_d_v1::azure_2023_conv::w036::kv_capacity::kv_8000::step22762,VALID_STRONGLY_CONSTRAINED,1.0,36
0.00390625,kv_capacity,phase_d_v1::azure_2023_conv::w040::kv_capacity::kv_8000::step18205::sbs_reference,SBS_REFERENCE,"{""admit"":{},""hold_decode"":{},""migrate"":{},""preempt"":{},""prefill_chunk_override"":{},""swap"":{}}",952bd353c79bef75dea529eeb46f1ee1ac61a4efb946ed96403fe542a094c856,,1.0,kv_8000,kv_constrained_online,18205,18.205000000000002,14182,0.114437,0,,True,1,0.5765,True,0.184959,,200,0,200,0.47384,,False,1.0,0.005,sustained+high_valid_pressure,0,952bd353c79bef75dea529eeb46f1ee1ac61a4efb946ed96403fe542a094c856,industry_realism_causal_headroom_phase_d_v1.results.0.0,32.387,0.0,azure_2023_conv,phase_d_v1::azure_2023_conv::w040::kv_capacity::kv_8000::step18205,VALID_STRONGLY_CONSTRAINED,1.0,40
0.00390625,kv_capacity,phase_d_v1::azure_2023_conv::w040::kv_capacity::kv_8000::step18205::alt00::86e57aa227b0d7ce,COUNTERFACTUAL,"{""admit"":{""0"":[124]},""hold_decode"":{},""migrate"":{},""preempt"":{},""prefill_chunk_override"":{},""swap"":{}}",86e57aa227b0d7cec1fb4954c3531695d795edf36c5419b351988ae99571ce31,True,1.0,kv_8000,kv_constrained_online,18205,18.205000000000002,14182,0.10898,0,,True,0,0.5765,True,0.184844,5,200,0,200,0.47384,"full_prefill,chunked_prefill_small,estimated_service_time_first,weighted_fair_share,least_laxity_first",False,1.0,0.005,sustained+high_valid_pressure,0,952bd353c79bef75dea529eeb46f1ee1ac61a4efb946ed96403fe542a094c856,industry_realism_causal_headroom_phase_d_v1.results.0.0,32.387,0.0,azure_2023_conv,phase_d_v1::azure_2023_conv::w040::kv_capacity::kv_8000::step18205,VALID_STRONGLY_CONSTRAINED,1.0,40
0.00390625,kv_capacity,phase_d_v1::azure_2023_conv::w040::kv_capacity::kv_8000::step18213::sbs_reference,SBS_REFERENCE,"{""admit"":{},""hold_decode"":{},""migrate"":{},""preempt"":{},""prefill_chunk_override"":{},""swap"":{}}",952bd353c79bef75dea529eeb46f1ee1ac61a4efb946ed96403fe542a094c856,,1.0,kv_8000,kv_constrained_online,18213,18.213,14174,0.112131,0,,True,1,0.5785,True,0.184959,,200,0,200,0.47384,,False,1.0,0.005,sustained+high_valid_pressure,0,952bd353c79bef75dea529eeb46f1ee1ac61a4efb946ed96403fe542a094c856,industry_realism_causal_headroom_phase_d_v1.results.0.0,32.387,0.0,azure_2023_conv,phase_d_v1::azure_2023_conv::w040::kv_capacity::kv_8000::step18213,VALID_STRONGLY_CONSTRAINED,1.0,40
0.00390625,kv_capacity,phase_d_v1::azure_2023_conv::w040::kv_capacity::kv_8000::step18213::alt00::86e57aa227b0d7ce,COUNTERFACTUAL,"{""admit"":{""0"":[124]},""hold_decode"":{},""migrate"":{},""preempt"":{},""prefill_chunk_override"":{},""swap"":{}}",86e57aa227b0d7cec1fb4954c3531695d795edf36c5419b351988ae99571ce31,True,1.0,kv_8000,kv_constrained_online,18213,18.213,14174,0.113074,0,,True,0,0.5785,True,0.184884,5,200,0,200,0.47384,"full_prefill,chunked_prefill_small,estimated_service_time_first,weighted_fair_share,least_laxity_first",False,1.0,0.005,sustained+high_valid_pressure,0,952bd353c79bef75dea529eeb46f1ee1ac61a4efb946ed96403fe542a094c856,industry_realism_causal_headroom_phase_d_v1.results.0.0,32.387,0.0,azure_2023_conv,phase_d_v1::azure_2023_conv::w040::kv_capacity::kv_8000::step18213,VALID_STRONGLY_CONSTRAINED,1.0,40
0.005859375,kv_capacity,phase_d_v1::azure_2023_conv::w040::kv_capacity::kv_8000::step21350::sbs_reference,SBS_REFERENCE,"{""admit"":{},""hold_decode"":{},""migrate"":{},""preempt"":{},""prefill_chunk_override"":{},""swap"":{}}",952bd353c79bef75dea529eeb46f1ee1ac61a4efb946ed96403fe542a094c856,,1.0,kv_8000,kv_constrained_online,21350,21.35,11037,0.085272,0,,True,1,0.357125,True,0.184959,,200,0,200,0.47384,,False,1.0,0.005,sustained+high_valid_pressure,0,952bd353c79bef75dea529eeb46f1ee1ac61a4efb946ed96403fe542a094c856,industry_realism_causal_headroom_phase_d_v1.results.0.0,32.387,0.0,azure_2023_conv,phase_d_v1::azure_2023_conv::w040::kv_capacity::kv_8000::step21350,VALID_STRONGLY_CONSTRAINED,1.0,40
0.005859375,kv_capacity,phase_d_v1::azure_2023_conv::w040::kv_capacity::kv_8000::step21350::alt00::905d9b48036364b1,COUNTERFACTUAL,"{""admit"":{""0"":[147]},""hold_decode"":{},""migrate"":{},""preempt"":{},""prefill_chunk_override"":{},""swap"":{}}",905d9b48036364b1b86ebf79faca83e2f34d9d771f4602d1b83238439144905e,True,1.0,kv_8000,kv_constrained_online,21350,21.35,11037,0.120098,0,,True,0,0.357125,True,0.184664,5,200,0,200,0.47384,"full_prefill,chunked_prefill_small,estimated_service_time_first,weighted_fair_share,least_laxity_first",False,1.0,0.005,sustained+high_valid_pressure,0,952bd353c79bef75dea529eeb46f1ee1ac61a4efb946ed96403fe542a094c856,industry_realism_causal_headroom_phase_d_v1.results.0.0,32.387,0.0,azure_2023_conv,phase_d_v1::azure_2023_conv::w040::kv_capacity::kv_8000::step21350,VALID_STRONGLY_CONSTRAINED,1.0,40
0.005859375,kv_capacity,phase_d_v1::azure_2023_conv::w040::kv_capacity::kv_8000::step21376::sbs_reference,SBS_REFERENCE,"{""admit"":{},""hold_decode"":{},""migrate"":{},""preempt"":{},""prefill_chunk_override"":{},""swap"":{}}",952bd353c79bef75dea529eeb46f1ee1ac61a4efb946ed96403fe542a094c856,,1.0,kv_8000,kv_constrained_online,21376,21.376,11011,0.083768,0,,True,1,0.366875,True,0.184959,,200,0,200,0.47384,,False,1.0,0.005,sustained+high_valid_pressure,0,952bd353c79bef75dea529eeb46f1ee1ac61a4efb946ed96403fe542a094c856,industry_realism_causal_headroom_phase_d_v1.results.0.0,32.387,0.0,azure_2023_conv,phase_d_v1::azure_2023_conv::w040::kv_capacity::kv_8000::step21376,VALID_STRONGLY_CONSTRAINED,1.0,40
0.005859375,kv_capacity,phase_d_v1::azure_2023_conv::w040::kv_capacity::kv_8000::step21376::alt00::905d9b48036364b1,COUNTERFACTUAL,"{""admit"":{""0"":[147]},""hold_decode"":{},""migrate"":{},""preempt"":{},""prefill_chunk_override"":{},""swap"":{}}",905d9b48036364b1b86ebf79faca83e2f34d9d771f4602d1b83238439144905e,True,1.0,kv_8000,kv_constrained_online,21376,21.376,11011,0.084985,0,,True,0,0.366875,True,0.184794,5,200,0,200,0.47384,"full_prefill,chunked_prefill_small,estimated_service_time_first,weighted_fair_share,least_laxity_first",False,1.0,0.005,sustained+high_valid_pressure,0,952bd353c79bef75dea529eeb46f1ee1ac61a4efb946ed96403fe542a094c856,industry_realism_causal_headroom_phase_d_v1.results.0.0,32.387,0.0,azure_2023_conv,phase_d_v1::azure_2023_conv::w040::kv_capacity::kv_8000::step21376,VALID_STRONGLY_CONSTRAINED,1.0,40
0.005859375,kv_capacity,phase_d_v1::azure_2023_conv::w040::kv_capacity::kv_8000::step22371::sbs_reference,SBS_REFERENCE,"{""admit"":{},""hold_decode"":{},""migrate"":{},""preempt"":{},""prefill_chunk_override"":{},""swap"":{}}",952bd353c79bef75dea529eeb46f1ee1ac61a4efb946ed96403fe542a094c856,,1.0,kv_8000,kv_constrained_online,22371,22.371000000000002,10016,0.074163,0,,True,1,0.827875,True,0.184959,,200,0,200,0.47384,,False,1.0,0.005,sustained+high_valid_pressure,0,952bd353c79bef75dea529eeb46f1ee1ac61a4efb946ed96403fe542a094c856,industry_realism_causal_headroom_phase_d_v1.results.0.0,32.387,0.0,azure_2023_conv,phase_d_v1::azure_2023_conv::w040::kv_capacity::kv_8000::step22371,VALID_STRONGLY_CONSTRAINED,1.0,40
0.005859375,kv_capacity,phase_d_v1::azure_2023_conv::w040::kv_capacity::kv_8000::step22371::alt00::38b02bc7b98dd11c,COUNTERFACTUAL,"{""admit"":{""0"":[154]},""hold_decode"":{},""migrate"":{},""preempt"":{},""prefill_chunk_override"":{},""swap"":{}}",38b02bc7b98dd11c87ed3b08507d9c726a24a84d763dcc97468e8c4224bf22f5,True,1.0,kv_8000,kv_constrained_online,22371,22.371000000000002,10016,0.104775,0,,True,0,0.827875,True,0.184694,5,200,0,200,0.47384,"full_prefill,chunked_prefill_small,estimated_service_time_first,weighted_fair_share,least_laxity_first",False,1.0,0.005,sustained+high_valid_pressure,0,952bd353c79bef75dea529eeb46f1ee1ac61a4efb946ed96403fe542a094c856,industry_realism_causal_headroom_phase_d_v1.results.0.0,32.387,0.0,azure_2023_conv,phase_d_v1::azure_2023_conv::w040::kv_capacity::kv_8000::step22371,VALID_STRONGLY_CONSTRAINED,1.0,40
0.0078125,kv_capacity,phase_d_v1::azure_2023_conv::w040::kv_capacity::kv_8000::step22619::sbs_reference,SBS_REFERENCE,"{""admit"":{},""hold_decode"":{},""migrate"":{},""preempt"":{},""prefill_chunk_override"":{},""swap"":{}}",952bd353c79bef75dea529eeb46f1ee1ac61a4efb946ed96403fe542a094c856,,1.0,kv_8000,kv_constrained_online,22619,22.619,9768,0.069706,0,,True,1,0.78275,True,0.184959,,200,0,200,0.47384,,False,1.0,0.01,sustained+high_valid_pressure,1,952bd353c79bef75dea529eeb46f1ee1ac61a4efb946ed96403fe542a094c856,industry_realism_causal_headroom_phase_d_v1.results.0.0,32.387,0.0,azure_2023_conv,phase_d_v1::azure_2023_conv::w040::kv_capacity::kv_8000::step22619,VALID_STRONGLY_CONSTRAINED,1.0,40
0.0078125,kv_capacity,phase_d_v1::azure_2023_conv::w040::kv_capacity::kv_8000::step22619::alt00::303c0bcb5b49f5c9,COUNTERFACTUAL,"{""admit"":{""0"":[157]},""hold_decode"":{},""migrate"":{},""preempt"":{},""prefill_chunk_override"":{},""swap"":{}}",303c0bcb5b49f5c95df4c847c5117d0d735284656f1ec9c1ee14f86744c6f748,True,1.0,kv_8000,kv_constrained_online,22619,22.619,9768,0.073543,0,,True,0,0.78275,True,0.184854,5,200,0,200,0.469681,"full_prefill,chunked_prefill_small,estimated_service_time_first,weighted_fair_share,least_laxity_first",False,1.0,0.01,sustained+high_valid_pressure,1,952bd353c79bef75dea529eeb46f1ee1ac61a4efb946ed96403fe542a094c856,industry_realism_causal_headroom_phase_d_v1.results.0.0,32.387,0.0,azure_2023_conv,phase_d_v1::azure_2023_conv::w040::kv_capacity::kv_8000::step22619,VALID_STRONGLY_CONSTRAINED,1.0,40
0.005859375,kv_capacity,phase_d_v1::azure_2023_conv::w040::kv_capacity::kv_8000::step22687::sbs_reference,SBS_REFERENCE,"{""admit"":{},""hold_decode"":{},""migrate"":{},""preempt"":{},""prefill_chunk_override"":{},""swap"":{}}",952bd353c79bef75dea529eeb46f1ee1ac61a4efb946ed96403fe542a094c856,,1.0,kv_8000,kv_constrained_online,22687,22.687,9700,0.071049,0,,True,1,0.487125,True,0.184959,,200,0,200,0.47384,,False,1.0,0.005,sustained+high_valid_pressure,0,952bd353c79bef75dea529eeb46f1ee1ac61a4efb946ed96403fe542a094c856,industry_realism_causal_headroom_phase_d_v1.results.0.0,32.387,0.0,azure_2023_conv,phase_d_v1::azure_2023_conv::w040::kv_capacity::kv_8000::step22687,VALID_STRONGLY_CONSTRAINED,1.0,40
0.005859375,kv_capacity,phase_d_v1::azure_2023_conv::w040::kv_capacity::kv_8000::step22687::alt00::d6595f28619b645c,COUNTERFACTUAL,"{""admit"":{""0"":[155]},""hold_decode"":{},""migrate"":{},""preempt"":{},""prefill_chunk_override"":{},""swap"":{}}",d6595f28619b645c0b2067a0689055c70a3712438cd7fb45747afffb670e14cb,True,1.0,kv_8000,kv_constrained_online,22687,22.687,9700,0.066819,0,,True,0,0.487125,True,0.184244,5,200,0,200,0.47389,"full_prefill,chunked_prefill_small,estimated_service_time_first,weighted_fair_share,least_laxity_first",False,1.0,0.005,sustained+high_valid_pressure,0,952bd353c79bef75dea529eeb46f1ee1ac61a4efb946ed96403fe542a094c856,industry_realism_causal_headroom_phase_d_v1.results.0.0,32.387,0.0,azure_2023_conv,phase_d_v1::azure_2023_conv::w040::kv_capacity::kv_8000::step22687,VALID_STRONGLY_CONSTRAINED,1.0,40
0.005859375,kv_capacity,phase_d_v1::azure_2023_conv::w040::kv_capacity::kv_8000::step26003::sbs_reference,SBS_REFERENCE,"{""admit"":{},""hold_decode"":{},""migrate"":{},""preempt"":{},""prefill_chunk_override"":{},""swap"":{}}",952bd353c79bef75dea529eeb46f1ee1ac61a4efb946ed96403fe542a094c856,,1.0,kv_8000,kv_constrained_online,26003,26.003,6384,0.0505,0,,True,1,0.42,True,0.184959,,200,0,200,0.47384,,False,1.0,0.005,sustained+high_valid_pressure,0,952bd353c79bef75dea529eeb46f1ee1ac61a4efb946ed96403fe542a094c856,industry_realism_causal_headroom_phase_d_v1.results.0.0,32.387,0.0,azure_2023_conv,phase_d_v1::azure_2023_conv::w040::kv_capacity::kv_8000::step26003,VALID_STRONGLY_CONSTRAINED,1.0,40
0.005859375,kv_capacity,phase_d_v1::azure_2023_conv::w040::kv_capacity::kv_8000::step26003::alt00::4055b26e0a948de6,COUNTERFACTUAL,"{""admit"":{""0"":[167]},""hold_decode"":{},""migrate"":{},""preempt"":{},""prefill_chunk_override"":{},""swap"":{}}",4055b26e0a948de6a85861c1124e877a9d90c9135cf2e6d6eefa6be9cb6ce5be,True,1.0,kv_8000,kv_constrained_online,26003,26.003,6384,0.051145,0,,True,0,0.42,True,0.184699,5,200,0,200,0.47384,"full_prefill,chunked_prefill_small,estimated_service_time_first,weighted_fair_share,least_laxity_first",False,1.0,0.005,sustained+high_valid_pressure,0,952bd353c79bef75dea529eeb46f1ee1ac61a4efb946ed96403fe542a094c856,industry_realism_causal_headroom_phase_d_v1.results.0.0,32.387,0.0,azure_2023_conv,phase_d_v1::azure_2023_conv::w040::kv_capacity::kv_8000::step26003,VALID_STRONGLY_CONSTRAINED,1.0,40
0.00390625,kv_capacity,phase_d_v1::azure_2023_conv::w040::kv_capacity::kv_8000::step31572::sbs_reference,SBS_REFERENCE,"{""admit"":{},""hold_decode"":{},""migrate"":{},""preempt"":{},""prefill_chunk_override"":{},""swap"":{}}",952bd353c79bef75dea529eeb46f1ee1ac61a4efb946ed96403fe542a094c856,,1.0,kv_8000,kv_constrained_online,31572,31.572,815,0.00877,0,,True,1,0.348375,True,0.184959,,200,0,200,0.47384,,False,1.0,0.005,sustained+high_valid_pressure,0,952bd353c79bef75dea529eeb46f1ee1ac61a4efb946ed96403fe542a094c856,industry_realism_causal_headroom_phase_d_v1.results.0.0,32.387,0.0,azure_2023_conv,phase_d_v1::azure_2023_conv::w040::kv_capacity::kv_8000::step31572,VALID_STRONGLY_CONSTRAINED,1.0,40
0.00390625,kv_capacity,phase_d_v1::azure_2023_conv::w040::kv_capacity::kv_8000::step31572::alt00::f3cafdad2f7c51fd,COUNTERFACTUAL,"{""admit"":{""0"":[196]},""hold_decode"":{},""migrate"":{},""preempt"":{},""prefill_chunk_override"":{},""swap"":{}}",f3cafdad2f7c51fd1c8e7c2f9e0d2f882e0bffb76ab32d61cefa301896374b11,True,1.0,kv_8000,kv_constrained_online,31572,31.572,815,0.008086,0,,True,0,0.348375,True,0.184159,5,200,0,200,0.47384,"full_prefill,chunked_prefill_small,estimated_service_time_first,weighted_fair_share,least_laxity_first",False,1.0,0.005,sustained+high_valid_pressure,0,952bd353c79bef75dea529eeb46f1ee1ac61a4efb946ed96403fe542a094c856,industry_realism_causal_headroom_phase_d_v1.results.0.0,32.387,0.0,azure_2023_conv,phase_d_v1::azure_2023_conv::w040::kv_capacity::kv_8000::step31572,VALID_STRONGLY_CONSTRAINED,1.0,40
0.005859375,kv_capacity,phase_d_v1::azure_2023_conv::w048::kv_capacity::kv_8000::step2364::sbs_reference,SBS_REFERENCE,"{""admit"":{},""hold_decode"":{},""migrate"":{},""preempt"":{},""prefill_chunk_override"":{},""swap"":{}}",952bd353c79bef75dea529eeb46f1ee1ac61a4efb946ed96403fe542a094c856,,1.0,kv_8000,kv_constrained_online,2364,2.364,24089,0.183658,0,,True,1,0.36375,True,0.129402,,200,0,200,0.413042,,False,1.0,0.005,sustained+high_valid_pressure,0,952bd353c79bef75dea529eeb46f1ee1ac61a4efb946ed96403fe542a094c856,industry_realism_causal_headroom_phase_d_v1.results.0.0,26.453,0.0,azure_2023_conv,phase_d_v1::azure_2023_conv::w048::kv_capacity::kv_8000::step2364,VALID_STRONGLY_CONSTRAINED,1.0,48
0.005859375,kv_capacity,phase_d_v1::azure_2023_conv::w048::kv_capacity::kv_8000::step2364::alt00::2f02fae541008141,COUNTERFACTUAL,"{""admit"":{""0"":[24]},""hold_decode"":{},""migrate"":{},""preempt"":{},""prefill_chunk_override"":{},""swap"":{}}",2f02fae541008141cab7a20815285ad4e40f3fbb310f74e7102c4e5b00ec060c,True,1.0,kv_8000,kv_constrained_online,2364,2.364,24089,0.180537,0,,True,0,0.36375,True,0.129192,5,200,0,200,0.413042,"full_prefill,chunked_prefill_small,estimated_service_time_first,weighted_fair_share,least_laxity_first",False,1.0,0.005,sustained+high_valid_pressure,0,952bd353c79bef75dea529eeb46f1ee1ac61a4efb946ed96403fe542a094c856,industry_realism_causal_headroom_phase_d_v1.results.0.0,26.453,0.0,azure_2023_conv,phase_d_v1::azure_2023_conv::w048::kv_capacity::kv_8000::step2364,VALID_STRONGLY_CONSTRAINED,1.0,48
0.00390625,kv_capacity,phase_d_v1::azure_2023_conv::w048::kv_capacity::kv_8000::step7453::sbs_reference,SBS_REFERENCE,"{""admit"":{},""hold_decode"":{},""migrate"":{},""preempt"":{},""prefill_chunk_override"":{},""swap"":{}}",952bd353c79bef75dea529eeb46f1ee1ac61a4efb946ed96403fe542a094c856,,1.0,kv_8000,kv_constrained_online,7453,7.453,19000,0.142881,0,,True,1,0.691,True,0.129402,,200,0,200,0.413042,,False,1.0,0.005,sustained+high_valid_pressure,0,952bd353c79bef75dea529eeb46f1ee1ac61a4efb946ed96403fe542a094c856,industry_realism_causal_headroom_phase_d_v1.results.0.0,26.453,0.0,azure_2023_conv,phase_d_v1::azure_2023_conv::w048::kv_capacity::kv_8000::step7453,VALID_STRONGLY_CONSTRAINED,1.0,48
0.00390625,kv_capacity,phase_d_v1::azure_2023_conv::w048::kv_capacity::kv_8000::step7453::alt00::de9d4d31c29db46c,COUNTERFACTUAL,"{""admit"":{""0"":[60]},""hold_decode"":{},""migrate"":{},""preempt"":{},""prefill_chunk_override"":{},""swap"":{}}",de9d4d31c29db46c9f805bc907bf54257c720b910fe89f051daf851172c55f6f,True,1.0,kv_8000,kv_constrained_online,7453,7.453,19000,0.138291,0,,True,0,0.691,True,0.129152,5,200,0,200,0.413042,"full_prefill,chunked_prefill_small,estimated_service_time_first,weighted_fair_share,least_laxity_first",False,1.0,0.005,sustained+high_valid_pressure,0,952bd353c79bef75dea529eeb46f1ee1ac61a4efb946ed96403fe542a094c856,industry_realism_causal_headroom_phase_d_v1.results.0.0,26.453,0.0,azure_2023_conv,phase_d_v1::azure_2023_conv::w048::kv_capacity::kv_8000::step7453,VALID_STRONGLY_CONSTRAINED,1.0,48
0.00390625,kv_capacity,phase_d_v1::azure_2023_conv::w048::kv_capacity::kv_8000::step7704::sbs_reference,SBS_REFERENCE,"{""admit"":{},""hold_decode"":{},""migrate"":{},""preempt"":{},""prefill_chunk_override"":{},""swap"":{}}",952bd353c79bef75dea529eeb46f1ee1ac61a4efb946ed96403fe542a094c856,,1.0,kv_8000,kv_constrained_online,7704,7.704,18749,0.151982,0,,True,1,0.680375,True,0.129402,,200,0,200,0.413042,,False,1.0,0.005,sustained+high_valid_pressure,0,952bd353c79bef75dea529eeb46f1ee1ac61a4efb946ed96403fe542a094c856,industry_realism_causal_headroom_phase_d_v1.results.0.0,26.453,0.0,azure_2023_conv,phase_d_v1::azure_2023_conv::w048::kv_capacity::kv_8000::step7704,VALID_STRONGLY_CONSTRAINED,1.0,48
0.00390625,kv_capacity,phase_d_v1::azure_2023_conv::w048::kv_capacity::kv_8000::step7704::alt00::8b5e9925b0f0ddf7,COUNTERFACTUAL,"{""admit"":{""0"":[63]},""hold_decode"":{},""migrate"":{},""preempt"":{},""prefill_chunk_override"":{},""swap"":{}}",8b5e9925b0f0ddf7673e86a220bb94af2a06e684fb05ca85473e8cc7524eb2bc,True,1.0,kv_8000,kv_constrained_online,7704,7.704,18749,0.143973,0,,True,0,0.680375,True,0.129297,5,200,0,200,0.413042,"full_prefill,chunked_prefill_small,estimated_service_time_first,weighted_fair_share,least_laxity_first",False,1.0,0.005,sustained+high_valid_pressure,0,952bd353c79bef75dea529eeb46f1ee1ac61a4efb946ed96403fe542a094c856,industry_realism_causal_headroom_phase_d_v1.results.0.0,26.453,0.0,azure_2023_conv,phase_d_v1::azure_2023_conv::w048::kv_capacity::kv_8000::step7704,VALID_STRONGLY_CONSTRAINED,1.0,48
0.005859375,kv_capacity,phase_d_v1::azure_2023_conv::w052::kv_capacity::kv_8000::step6521::sbs_reference,SBS_REFERENCE,"{""admit"":{},""hold_decode"":{},""migrate"":{},""preempt"":{},""prefill_chunk_override"":{},""swap"":{}}",952bd353c79bef75dea529eeb46f1ee1ac61a4efb946ed96403fe542a094c856,,1.0,kv_8000,kv_constrained_online,6521,6.521,18267,0.191139,0,,True,1,0.36525,True,0.136164,,200,0,200,0.428987,,False,1.0,0.005,sustained+high_valid_pressure,0,952bd353c79bef75dea529eeb46f1ee1ac61a4efb946ed96403fe542a094c856,industry_realism_causal_headroom_phase_d_v1.results.0.0,24.788,0.0,azure_2023_conv,phase_d_v1::azure_2023_conv::w052::kv_capacity::kv_8000::step6521,VALID_STRONGLY_CONSTRAINED,1.0,52
0.005859375,kv_capacity,phase_d_v1::azure_2023_conv::w052::kv_capacity::kv_8000::step6521::alt00::de9d4d31c29db46c,COUNTERFACTUAL,"{""admit"":{""0"":[60]},""hold_decode"":{},""migrate"":{},""preempt"":{},""prefill_chunk_override"":{},""swap"":{}}",de9d4d31c29db46c9f805bc907bf54257c720b910fe89f051daf851172c55f6f,True,1.0,kv_8000,kv_constrained_online,6521,6.521,18267,0.152274,0,,True,0,0.36525,True,0.135349,5,200,0,200,0.428987,"full_prefill,chunked_prefill_small,estimated_service_time_first,weighted_fair_share,least_laxity_first",False,1.0,0.005,sustained+high_valid_pressure,0,952bd353c79bef75dea529eeb46f1ee1ac61a4efb946ed96403fe542a094c856,industry_realism_causal_headroom_phase_d_v1.results.0.0,24.788,0.0,azure_2023_conv,phase_d_v1::azure_2023_conv::w052::kv_capacity::kv_8000::step6521,VALID_STRONGLY_CONSTRAINED,1.0,52
0.00390625,kv_capacity,phase_d_v1::azure_2023_conv::w052::kv_capacity::kv_8000::step6571::sbs_reference,SBS_REFERENCE,"{""admit"":{},""hold_decode"":{},""migrate"":{},""preempt"":{},""prefill_chunk_override"":{},""swap"":{}}",952bd353c79bef75dea529eeb46f1ee1ac61a4efb946ed96403fe542a094c856,,1.0,kv_8000,kv_constrained_online,6571,6.571,18217,0.153167,0,,True,1,0.321375,True,0.136164,,200,0,200,0.428987,,False,1.0,0.005,sustained+high_valid_pressure,0,952bd353c79bef75dea529eeb46f1ee1ac61a4efb946ed96403fe542a094c856,industry_realism_causal_headroom_phase_d_v1.results.0.0,24.788,0.0,azure_2023_conv,phase_d_v1::azure_2023_conv::w052::kv_capacity::kv_8000::step6571,VALID_STRONGLY_CONSTRAINED,1.0,52
0.00390625,kv_capacity,phase_d_v1::azure_2023_conv::w052::kv_capacity::kv_8000::step6571::alt00::de9d4d31c29db46c,COUNTERFACTUAL,"{""admit"":{""0"":[60]},""hold_decode"":{},""migrate"":{},""preempt"":{},""prefill_chunk_override"":{},""swap"":{}}",de9d4d31c29db46c9f805bc907bf54257c720b910fe89f051daf851172c55f6f,True,1.0,kv_8000,kv_constrained_online,6571,6.571,18217,0.15116,0,,True,0,0.321375,True,0.135599,5,200,0,200,0.428987,"full_prefill,chunked_prefill_small,estimated_service_time_first,weighted_fair_share,least_laxity_first",False,1.0,0.005,sustained+high_valid_pressure,0,952bd353c79bef75dea529eeb46f1ee1ac61a4efb946ed96403fe542a094c856,industry_realism_causal_headroom_phase_d_v1.results.0.0,24.788,0.0,azure_2023_conv,phase_d_v1::azure_2023_conv::w052::kv_capacity::kv_8000::step6571,VALID_STRONGLY_CONSTRAINED,1.0,52
0.00390625,kv_capacity,phase_d_v1::azure_2023_conv::w052::kv_capacity::kv_8000::step6594::sbs_reference,SBS_REFERENCE,"{""admit"":{},""hold_decode"":{},""migrate"":{},""preempt"":{},""prefill_chunk_override"":{},""swap"":{}}",952bd353c79bef75dea529eeb46f1ee1ac61a4efb946ed96403fe542a094c856,,1.0,kv_8000,kv_constrained_online,6594,6.594,18194,0.208401,0,,True,1,0.327125,True,0.136164,,200,0,200,0.428987,,False,1.0,0.005,sustained+high_valid_pressure,0,952bd353c79bef75dea529eeb46f1ee1ac61a4efb946ed96403fe542a094c856,industry_realism_causal_headroom_phase_d_v1.results.0.0,24.788,0.0,azure_2023_conv,phase_d_v1::azure_2023_conv::w052::kv_capacity::kv_8000::step6594,VALID_STRONGLY_CONSTRAINED,1.0,52
0.00390625,kv_capacity,phase_d_v1::azure_2023_conv::w052::kv_capacity::kv_8000::step6594::alt00::de9d4d31c29db46c,COUNTERFACTUAL,"{""admit"":{""0"":[60]},""hold_decode"":{},""migrate"":{},""preempt"":{},""prefill_chunk_override"":{},""swap"":{}}",de9d4d31c29db46c9f805bc907bf54257c720b910fe89f051daf851172c55f6f,True,1.0,kv_8000,kv_constrained_online,6594,6.594,18194,0.15483,0,,True,0,0.327125,True,0.135714,5,200,0,200,0.428987,"full_prefill,chunked_prefill_small,estimated_service_time_first,weighted_fair_share,least_laxity_first",False,1.0,0.005,sustained+high_valid_pressure,0,952bd353c79bef75dea529eeb46f1ee1ac61a4efb946ed96403fe542a094c856,industry_realism_causal_headroom_phase_d_v1.results.0.0,24.788,0.0,azure_2023_conv,phase_d_v1::azure_2023_conv::w052::kv_capacity::kv_8000::step6594,VALID_STRONGLY_CONSTRAINED,1.0,52
0.00390625,kv_capacity,phase_d_v1::azure_2023_conv::w052::kv_capacity::kv_8000::step6630::sbs_reference,SBS_REFERENCE,"{""admit"":{},""hold_decode"":{},""migrate"":{},""preempt"":{},""prefill_chunk_override"":{},""swap"":{}}",952bd353c79bef75dea529eeb46f1ee1ac61a4efb946ed96403fe542a094c856,,1.0,kv_8000,kv_constrained_online,6630,6.63,18158,0.154026,0,,True,1,0.336125,True,0.136164,,200,0,200,0.428987,,False,1.0,0.005,sustained+high_valid_pressure,0,952bd353c79bef75dea529eeb46f1ee1ac61a4efb946ed96403fe542a094c856,industry_realism_causal_headroom_phase_d_v1.results.0.0,24.788,0.0,azure_2023_conv,phase_d_v1::azure_2023_conv::w052::kv_capacity::kv_8000::step6630,VALID_STRONGLY_CONSTRAINED,1.0,52
0.00390625,kv_capacity,phase_d_v1::azure_2023_conv::w052::kv_capacity::kv_8000::step6630::alt00::de9d4d31c29db46c,COUNTERFACTUAL,"{""admit"":{""0"":[60]},""hold_decode"":{},""migrate"":{},""preempt"":{},""prefill_chunk_override"":{},""swap"":{}}",de9d4d31c29db46c9f805bc907bf54257c720b910fe89f051daf851172c55f6f,True,1.0,kv_8000,kv_constrained_online,6630,6.63,18158,0.151169,0,,True,0,0.336125,True,0.135894,5,200,0,200,0.428987,"full_prefill,chunked_prefill_small,estimated_service_time_first,weighted_fair_share,least_laxity_first",False,1.0,0.005,sustained+high_valid_pressure,0,952bd353c79bef75dea529eeb46f1ee1ac61a4efb946ed96403fe542a094c856,industry_realism_causal_headroom_phase_d_v1.results.0.0,24.788,0.0,azure_2023_conv,phase_d_v1::azure_2023_conv::w052::kv_capacity::kv_8000::step6630,VALID_STRONGLY_CONSTRAINED,1.0,52
0.00390625,kv_capacity,phase_d_v1::azure_2023_conv::w052::kv_capacity::kv_8000::step24697::sbs_reference,SBS_REFERENCE,"{""admit"":{},""hold_decode"":{},""migrate"":{},""preempt"":{},""prefill_chunk_override"":{},""swap"":{}}",952bd353c79bef75dea529eeb46f1ee1ac61a4efb946ed96403fe542a094c856,,1.0,kv_8000,kv_constrained_online,24697,24.697,91,0.001375,0,,True,1,0.3555,True,0.136164,,200,0,200,0.428987,,False,1.0,0.005,sustained+high_valid_pressure,0,952bd353c79bef75dea529eeb46f1ee1ac61a4efb946ed96403fe542a094c856,industry_realism_causal_headroom_phase_d_v1.results.0.0,24.788,0.0,azure_2023_conv,phase_d_v1::azure_2023_conv::w052::kv_capacity::kv_8000::step24697,VALID_STRONGLY_CONSTRAINED,1.0,52
0.00390625,kv_capacity,phase_d_v1::azure_2023_conv::w052::kv_capacity::kv_8000::step24697::alt00::066126f938a45645,COUNTERFACTUAL,"{""admit"":{""0"":[195]},""hold_decode"":{},""migrate"":{},""preempt"":{},""prefill_chunk_override"":{},""swap"":{}}",066126f938a456457b9da6c30ea504a851061287d9ecf354e9da9001bbbcf98f,True,1.0,kv_8000,kv_constrained_online,24697,24.697,66,0.000932,0,,True,0,0.3555,True,0.136014,5,200,0,200,0.42699,"full_prefill,chunked_prefill_small,estimated_service_time_first,weighted_fair_share,least_laxity_first",False,1.0,0.005,sustained+high_valid_pressure,0,952bd353c79bef75dea529eeb46f1ee1ac61a4efb946ed96403fe542a094c856,industry_realism_causal_headroom_phase_d_v1.results.0.0,24.763,0.0,azure_2023_conv,phase_d_v1::azure_2023_conv::w052::kv_capacity::kv_8000::step24697,VALID_STRONGLY_CONSTRAINED,1.0,52
0.00390625,kv_capacity,phase_d_v1::azure_2023_conv::w052::kv_capacity::kv_8000::step24718::sbs_reference,SBS_REFERENCE,"{""admit"":{},""hold_decode"":{},""migrate"":{},""preempt"":{},""prefill_chunk_override"":{},""swap"":{}}",952bd353c79bef75dea529eeb46f1ee1ac61a4efb946ed96403fe542a094c856,,1.0,kv_8000,kv_constrained_online,24718,24.718,70,0.000954,0,,True,1,0.36075,True,0.136164,,200,0,200,0.428987,,False,1.0,0.005,sustained+high_valid_pressure,0,952bd353c79bef75dea529eeb46f1ee1ac61a4efb946ed96403fe542a094c856,industry_realism_causal_headroom_phase_d_v1.results.0.0,24.788,0.0,azure_2023_conv,phase_d_v1::azure_2023_conv::w052::kv_capacity::kv_8000::step24718,VALID_STRONGLY_CONSTRAINED,1.0,52
0.00390625,kv_capacity,phase_d_v1::azure_2023_conv::w052::kv_capacity::kv_8000::step24718::alt00::066126f938a45645,COUNTERFACTUAL,"{""admit"":{""0"":[195]},""hold_decode"":{},""migrate"":{},""preempt"":{},""prefill_chunk_override"":{},""swap"":{}}",066126f938a456457b9da6c30ea504a851061287d9ecf354e9da9001bbbcf98f,True,1.0,kv_8000,kv_constrained_online,24718,24.718,61,0.000808,0,,True,0,0.36075,True,0.136119,5,200,0,200,0.427161,"full_prefill,chunked_prefill_small,estimated_service_time_first,weighted_fair_share,least_laxity_first",False,1.0,0.005,sustained+high_valid_pressure,0,952bd353c79bef75dea529eeb46f1ee1ac61a4efb946ed96403fe542a094c856,industry_realism_causal_headroom_phase_d_v1.results.0.0,24.779,0.0,azure_2023_conv,phase_d_v1::azure_2023_conv::w052::kv_capacity::kv_8000::step24718,VALID_STRONGLY_CONSTRAINED,1.0,52
0.001953125,kv_capacity,phase_d_v1::azure_2023_conv::w056::kv_capacity::kv_8000::step6106::sbs_reference,SBS_REFERENCE,"{""admit"":{},""hold_decode"":{},""migrate"":{},""preempt"":{},""prefill_chunk_override"":{},""swap"":{}}",952bd353c79bef75dea529eeb46f1ee1ac61a4efb946ed96403fe542a094c856,,1.0,kv_8000,kv_constrained_online,6106,6.106,20905,0.167951,0,,True,1,0.51325,True,0.135726,,200,0,200,0.430292,,False,1.0,0.005,sustained+high_valid_pressure,0,952bd353c79bef75dea529eeb46f1ee1ac61a4efb946ed96403fe542a094c856,industry_realism_causal_headroom_phase_d_v1.results.0.0,27.011,0.0,azure_2023_conv,phase_d_v1::azure_2023_conv::w056::kv_capacity::kv_8000::step6106,VALID_STRONGLY_CONSTRAINED,1.0,56
0.001953125,kv_capacity,phase_d_v1::azure_2023_conv::w056::kv_capacity::kv_8000::step6106::alt00::19bea97f52fc2c6f,COUNTERFACTUAL,"{""admit"":{""0"":[57]},""hold_decode"":{},""migrate"":{},""preempt"":{},""prefill_chunk_override"":{},""swap"":{}}",19bea97f52fc2c6f37531960b60798986e4f424f753b41e2755b199518887162,True,1.0,kv_8000,kv_constrained_online,6106,6.106,20905,0.248682,0,,True,0,0.51325,True,0.135646,5,200,0,200,0.430292,"full_prefill,chunked_prefill_small,estimated_service_time_first,weighted_fair_share,least_laxity_first",False,1.0,0.005,sustained+high_valid_pressure,0,952bd353c79bef75dea529eeb46f1ee1ac61a4efb946ed96403fe542a094c856,industry_realism_causal_headroom_phase_d_v1.results.0.0,27.011,0.0,azure_2023_conv,phase_d_v1::azure_2023_conv::w056::kv_capacity::kv_8000::step6106,VALID_STRONGLY_CONSTRAINED,1.0,56
0.00390625,kv_capacity,phase_d_v1::azure_2023_conv::w056::kv_capacity::kv_8000::step16805::sbs_reference,SBS_REFERENCE,"{""admit"":{},""hold_decode"":{},""migrate"":{},""preempt"":{},""prefill_chunk_override"":{},""swap"":{}}",952bd353c79bef75dea529eeb46f1ee1ac61a4efb946ed96403fe542a094c856,,1.0,kv_8000,kv_constrained_online,16805,16.805,10206,0.085075,0,,True,1,0.33175,True,0.135726,,200,0,200,0.430292,,False,1.0,0.005,sustained+high_valid_pressure,0,952bd353c79bef75dea529eeb46f1ee1ac61a4efb946ed96403fe542a094c856,industry_realism_causal_headroom_phase_d_v1.results.0.0,27.011,0.0,azure_2023_conv,phase_d_v1::azure_2023_conv::w056::kv_capacity::kv_8000::step16805,VALID_STRONGLY_CONSTRAINED,1.0,56
0.00390625,kv_capacity,phase_d_v1::azure_2023_conv::w056::kv_capacity::kv_8000::step16805::alt00::e64086d78d0929dc,COUNTERFACTUAL,"{""admit"":{""0"":[132]},""hold_decode"":{},""migrate"":{},""preempt"":{},""prefill_chunk_override"":{},""swap"":{}}",e64086d78d0929dcafc143026509e1f42b06e74354cdd34930cf4e2ea0aa9f0c,True,1.0,kv_8000,kv_constrained_online,16805,16.805,10206,0.105171,0,,True,0,0.33175,True,0.134396,5,200,0,200,0.430292,"full_prefill,chunked_prefill_small,estimated_service_time_first,weighted_fair_share,least_laxity_first",False,1.0,0.005,sustained+high_valid_pressure,0,952bd353c79bef75dea529eeb46f1ee1ac61a4efb946ed96403fe542a094c856,industry_realism_causal_headroom_phase_d_v1.results.0.0,27.011,0.0,azure_2023_conv,phase_d_v1::azure_2023_conv::w056::kv_capacity::kv_8000::step16805,VALID_STRONGLY_CONSTRAINED,1.0,56
0.00390625,kv_capacity,phase_d_v1::azure_2023_conv::w056::kv_capacity::kv_8000::step16860::sbs_reference,SBS_REFERENCE,"{""admit"":{},""hold_decode"":{},""migrate"":{},""preempt"":{},""prefill_chunk_override"":{},""swap"":{}}",952bd353c79bef75dea529eeb46f1ee1ac61a4efb946ed96403fe542a094c856,,1.0,kv_8000,kv_constrained_online,16860,16.86,10151,0.085469,0,,True,1,0.3455,True,0.135726,,200,0,200,0.430292,,False,1.0,0.005,sustained+high_valid_pressure,0,952bd353c79bef75dea529eeb46f1ee1ac61a4efb946ed96403fe542a094c856,industry_realism_causal_headroom_phase_d_v1.results.0.0,27.011,0.0,azure_2023_conv,phase_d_v1::azure_2023_conv::w056::kv_capacity::kv_8000::step16860,VALID_STRONGLY_CONSTRAINED,1.0,56
0.00390625,kv_capacity,phase_d_v1::azure_2023_conv::w056::kv_capacity::kv_8000::step16860::alt00::e64086d78d0929dc,COUNTERFACTUAL,"{""admit"":{""0"":[132]},""hold_decode"":{},""migrate"":{},""preempt"":{},""prefill_chunk_override"":{},""swap"":{}}",e64086d78d0929dcafc143026509e1f42b06e74354cdd34930cf4e2ea0aa9f0c,True,1.0,kv_8000,kv_constrained_online,16860,16.86,10151,0.123129,0,,True,0,0.3455,True,0.134896,5,200,0,200,0.430292,"full_prefill,chunked_prefill_small,estimated_service_time_first,weighted_fair_share,least_laxity_first",False,1.0,0.005,sustained+high_valid_pressure,0,952bd353c79bef75dea529eeb46f1ee1ac61a4efb946ed96403fe542a094c856,industry_realism_causal_headroom_phase_d_v1.results.0.0,27.011,0.0,azure_2023_conv,phase_d_v1::azure_2023_conv::w056::kv_capacity::kv_8000::step16860,VALID_STRONGLY_CONSTRAINED,1.0,56
0.00390625,kv_capacity,phase_d_v1::azure_2023_conv::w056::kv_capacity::kv_8000::step17003::sbs_reference,SBS_REFERENCE,"{""admit"":{},""hold_decode"":{},""migrate"":{},""preempt"":{},""prefill_chunk_override"":{},""swap"":{}}",952bd353c79bef75dea529eeb46f1ee1ac61a4efb946ed96403fe542a094c856,,1.0,kv_8000,kv_constrained_online,17003,17.003,10008,0.0819,0,,True,1,0.38125,True,0.135726,,200,0,200,0.430292,,False,1.0,0.005,sustained+high_valid_pressure,0,952bd353c79bef75dea529eeb46f1ee1ac61a4efb946ed96403fe542a094c856,industry_realism_causal_headroom_phase_d_v1.results.0.0,27.011,0.0,azure_2023_conv,phase_d_v1::azure_2023_conv::w056::kv_capacity::kv_8000::step17003,VALID_STRONGLY_CONSTRAINED,1.0,56
0.00390625,kv_capacity,phase_d_v1::azure_2023_conv::w056::kv_capacity::kv_8000::step17003::alt00::e64086d78d0929dc,COUNTERFACTUAL,"{""admit"":{""0"":[132]},""hold_decode"":{},""migrate"":{},""preempt"":{},""prefill_chunk_override"":{},""swap"":{}}",e64086d78d0929dcafc143026509e1f42b06e74354cdd34930cf4e2ea0aa9f0c,True,1.0,kv_8000,kv_constrained_online,17003,17.003,10008,0.102676,0,,True,0,0.38125,True,0.135511,5,200,0,200,0.430292,"full_prefill,chunked_prefill_small,estimated_service_time_first,weighted_fair_share,least_laxity_first",False,1.0,0.005,sustained+high_valid_pressure,0,952bd353c79bef75dea529eeb46f1ee1ac61a4efb946ed96403fe542a094c856,industry_realism_causal_headroom_phase_d_v1.results.0.0,27.011,0.0,azure_2023_conv,phase_d_v1::azure_2023_conv::w056::kv_capacity::kv_8000::step17003,VALID_STRONGLY_CONSTRAINED,1.0,56
0.005859375,kv_capacity,phase_d_v1::azure_2023_conv::w060::kv_capacity::kv_8000::step3706::sbs_reference,SBS_REFERENCE,"{""admit"":{},""hold_decode"":{},""migrate"":{},""preempt"":{},""prefill_chunk_override"":{},""swap"":{}}",952bd353c79bef75dea529eeb46f1ee1ac61a4efb946ed96403fe542a094c856,,1.0,kv_8000,kv_constrained_online,3706,3.706,23771,0.228665,0,,True,1,0.73775,True,0.165607,,200,0,200,0.41818,,False,1.0,0.005,sustained+high_valid_pressure,0,952bd353c79bef75dea529eeb46f1ee1ac61a4efb946ed96403fe542a094c856,industry_realism_causal_headroom_phase_d_v1.results.0.0,27.477,0.0,azure_2023_conv,phase_d_v1::azure_2023_conv::w060::kv_capacity::kv_8000::step3706,VALID_PARTIALLY_CONSTRAINED,1.0,60
0.005859375,kv_capacity,phase_d_v1::azure_2023_conv::w060::kv_capacity::kv_8000::step3706::alt00::ff30d006c2d828e2,COUNTERFACTUAL,"{""admit"":{""0"":[35]},""hold_decode"":{},""migrate"":{},""preempt"":{},""prefill_chunk_override"":{},""swap"":{}}",ff30d006c2d828e250481f988a834dc4860d984798d9d66a0ce50ad186887aa2,True,1.0,kv_8000,kv_constrained_online,3706,3.706,23771,0.263099,0,,True,0,0.73775,True,0.165537,5,200,0,200,0.41818,"full_prefill,chunked_prefill_small,estimated_service_time_first,weighted_fair_share,least_laxity_first",False,1.0,0.005,sustained+high_valid_pressure,0,952bd353c79bef75dea529eeb46f1ee1ac61a4efb946ed96403fe542a094c856,industry_realism_causal_headroom_phase_d_v1.results.0.0,27.477,0.0,azure_2023_conv,phase_d_v1::azure_2023_conv::w060::kv_capacity::kv_8000::step3706,VALID_PARTIALLY_CONSTRAINED,1.0,60
0.01171875,kv_capacity,phase_d_v1::azure_2023_conv::w076::kv_capacity::kv_8000::step2448::sbs_reference,SBS_REFERENCE,"{""admit"":{},""hold_decode"":{},""migrate"":{},""preempt"":{},""prefill_chunk_override"":{},""swap"":{}}",952bd353c79bef75dea529eeb46f1ee1ac61a4efb946ed96403fe542a094c856,,1.0,kv_8000,kv_constrained_online,2448,2.448,29635,0.332553,0,,True,1,0.857625,True,0.229075,,200,0,200,0.500808,,False,1.0,0.005,sustained+high_valid_pressure,0,952bd353c79bef75dea529eeb46f1ee1ac61a4efb946ed96403fe542a094c856,industry_realism_causal_headroom_phase_d_v1.results.0.0,32.083,0.0,azure_2023_conv,phase_d_v1::azure_2023_conv::w076::kv_capacity::kv_8000::step2448,VALID_STRONGLY_CONSTRAINED,1.0,76
0.01171875,kv_capacity,phase_d_v1::azure_2023_conv::w076::kv_capacity::kv_8000::step2448::alt00::0ed16eb1598a87e6,COUNTERFACTUAL,"{""admit"":{""0"":[18]},""hold_decode"":{},""migrate"":{},""preempt"":{},""prefill_chunk_override"":{},""swap"":{}}",0ed16eb1598a87e6a56577c4617a26a3165a4643f8558e8dd38332c0066aae8b,True,1.0,kv_8000,kv_constrained_online,2448,2.448,29635,0.30127,0,,True,0,0.857625,True,0.22888,5,200,0,200,0.500808,"full_prefill,chunked_prefill_small,estimated_service_time_first,weighted_fair_share,least_laxity_first",False,1.0,0.005,sustained+high_valid_pressure,0,952bd353c79bef75dea529eeb46f1ee1ac61a4efb946ed96403fe542a094c856,industry_realism_causal_headroom_phase_d_v1.results.0.0,32.083,0.0,azure_2023_conv,phase_d_v1::azure_2023_conv::w076::kv_capacity::kv_8000::step2448,VALID_STRONGLY_CONSTRAINED,1.0,76
0.009765625,kv_capacity,phase_d_v1::azure_2023_conv::w076::kv_capacity::kv_8000::step2476::sbs_reference,SBS_REFERENCE,"{""admit"":{},""hold_decode"":{},""migrate"":{},""preempt"":{},""prefill_chunk_override"":{},""swap"":{}}",952bd353c79bef75dea529eeb46f1ee1ac61a4efb946ed96403fe542a094c856,,1.0,kv_8000,kv_constrained_online,2476,2.476,29607,0.290613,0,,True,1,0.77675,True,0.229075,,200,0,200,0.500808,,False,1.0,0.005,sustained+high_valid_pressure,0,952bd353c79bef75dea529eeb46f1ee1ac61a4efb946ed96403fe542a094c856,industry_realism_causal_headroom_phase_d_v1.results.0.0,32.083,0.0,azure_2023_conv,phase_d_v1::azure_2023_conv::w076::kv_capacity::kv_8000::step2476,VALID_STRONGLY_CONSTRAINED,1.0,76
0.009765625,kv_capacity,phase_d_v1::azure_2023_conv::w076::kv_capacity::kv_8000::step2476::alt00::0ed16eb1598a87e6,COUNTERFACTUAL,"{""admit"":{""0"":[18]},""hold_decode"":{},""migrate"":{},""preempt"":{},""prefill_chunk_override"":{},""swap"":{}}",0ed16eb1598a87e6a56577c4617a26a3165a4643f8558e8dd38332c0066aae8b,True,1.0,kv_8000,kv_constrained_online,2476,2.476,29607,0.318884,0,,True,0,0.77675,True,0.22902,5,200,0,200,0.500808,"full_prefill,chunked_prefill_small,estimated_service_time_first,weighted_fair_share,least_laxity_first",False,1.0,0.005,sustained+high_valid_pressure,0,952bd353c79bef75dea529eeb46f1ee1ac61a4efb946ed96403fe542a094c856,industry_realism_causal_headroom_phase_d_v1.results.0.0,32.083,0.0,azure_2023_conv,phase_d_v1::azure_2023_conv::w076::kv_capacity::kv_8000::step2476,VALID_STRONGLY_CONSTRAINED,1.0,76
0.0078125,kv_capacity,phase_d_v1::azure_2023_conv::w076::kv_capacity::kv_8000::step3095::sbs_reference,SBS_REFERENCE,"{""admit"":{},""hold_decode"":{},""migrate"":{},""preempt"":{},""prefill_chunk_override"":{},""swap"":{}}",952bd353c79bef75dea529eeb46f1ee1ac61a4efb946ed96403fe542a094c856,,1.0,kv_8000,kv_constrained_online,3095,3.095,28988,0.271044,0,,True,1,0.648875,True,0.229075,,200,0,200,0.500808,,False,1.0,0.005,sustained+high_valid_pressure,0,952bd353c79bef75dea529eeb46f1ee1ac61a4efb946ed96403fe542a094c856,industry_realism_causal_headroom_phase_d_v1.results.0.0,32.083,0.0,azure_2023_conv,phase_d_v1::azure_2023_conv::w076::kv_capacity::kv_8000::step3095,VALID_STRONGLY_CONSTRAINED,1.0,76
0.0078125,kv_capacity,phase_d_v1::azure_2023_conv::w076::kv_capacity::kv_8000::step3095::alt00::a7d1aaaee1024763,COUNTERFACTUAL,"{""admit"":{""0"":[25]},""hold_decode"":{},""migrate"":{},""preempt"":{},""prefill_chunk_override"":{},""swap"":{}}",a7d1aaaee10247633d3032284795af397f60b47d97fc24fe1571a212c03223c8,True,1.0,kv_8000,kv_constrained_online,3095,3.095,28988,0.376373,0,,True,0,0.648875,True,0.229065,5,200,0,200,0.500808,"full_prefill,chunked_prefill_small,estimated_service_time_first,weighted_fair_share,least_laxity_first",False,1.0,0.005,sustained+high_valid_pressure,0,952bd353c79bef75dea529eeb46f1ee1ac61a4efb946ed96403fe542a094c856,industry_realism_causal_headroom_phase_d_v1.results.0.0,32.083,0.0,azure_2023_conv,phase_d_v1::azure_2023_conv::w076::kv_capacity::kv_8000::step3095,VALID_STRONGLY_CONSTRAINED,1.0,76
0.001953125,kv_capacity,phase_d_v1::azure_2023_conv::w076::kv_capacity::kv_8000::step4781::sbs_reference,SBS_REFERENCE,"{""admit"":{},""hold_decode"":{},""migrate"":{},""preempt"":{},""prefill_chunk_override"":{},""swap"":{}}",952bd353c79bef75dea529eeb46f1ee1ac61a4efb946ed96403fe542a094c856,,1.0,kv_8000,kv_constrained_online,4781,4.781,27302,0.258825,0,,True,1,0.1715,True,0.229075,,200,0,200,0.500808,,False,1.0,0.005,sustained+high_valid_pressure,0,952bd353c79bef75dea529eeb46f1ee1ac61a4efb946ed96403fe542a094c856,industry_realism_causal_headroom_phase_d_v1.results.0.0,32.083,0.0,azure_2023_conv,phase_d_v1::azure_2023_conv::w076::kv_capacity::kv_8000::step4781,VALID_STRONGLY_CONSTRAINED,1.0,76
0.001953125,kv_capacity,phase_d_v1::azure_2023_conv::w076::kv_capacity::kv_8000::step4781::alt00::f45d6307cb6cd010,COUNTERFACTUAL,"{""admit"":{""0"":[40]},""hold_decode"":{},""migrate"":{},""preempt"":{},""prefill_chunk_override"":{},""swap"":{}}",f45d6307cb6cd010213b08aa2d60eb61645cb664b0fb70a20b881a5b1e94ab54,True,1.0,kv_8000,kv_constrained_online,4781,4.781,27302,0.25245,0,,True,0,0.1715,True,0.225045,5,200,0,200,0.500808,"full_prefill,chunked_prefill_small,estimated_service_time_first,weighted_fair_share,least_laxity_first",False,1.0,0.005,sustained+high_valid_pressure,0,952bd353c79bef75dea529eeb46f1ee1ac61a4efb946ed96403fe542a094c856,industry_realism_causal_headroom_phase_d_v1.results.0.0,32.083,0.0,azure_2023_conv,phase_d_v1::azure_2023_conv::w076::kv_capacity::kv_8000::step4781,VALID_STRONGLY_CONSTRAINED,1.0,76
0.001953125,kv_capacity,phase_d_v1::azure_2023_conv::w076::kv_capacity::kv_8000::step4790::sbs_reference,SBS_REFERENCE,"{""admit"":{},""hold_decode"":{},""migrate"":{},""preempt"":{},""prefill_chunk_override"":{},""swap"":{}}",952bd353c79bef75dea529eeb46f1ee1ac61a4efb946ed96403fe542a094c856,,1.0,kv_8000,kv_constrained_online,4790,4.79,27293,0.251302,0,,True,1,0.172625,True,0.229075,,200,0,200,0.500808,,False,1.0,0.005,sustained+high_valid_pressure,0,952bd353c79bef75dea529eeb46f1ee1ac61a4efb946ed96403fe542a094c856,industry_realism_causal_headroom_phase_d_v1.results.0.0,32.083,0.0,azure_2023_conv,phase_d_v1::azure_2023_conv::w076::kv_capacity::kv_8000::step4790,VALID_STRONGLY_CONSTRAINED,1.0,76
0.001953125,kv_capacity,phase_d_v1::azure_2023_conv::w076::kv_capacity::kv_8000::step4790::alt00::f45d6307cb6cd010,COUNTERFACTUAL,"{""admit"":{""0"":[40]},""hold_decode"":{},""migrate"":{},""preempt"":{},""prefill_chunk_override"":{},""swap"":{}}",f45d6307cb6cd010213b08aa2d60eb61645cb664b0fb70a20b881a5b1e94ab54,True,1.0,kv_8000,kv_constrained_online,4790,4.79,27293,0.243242,0,,True,0,0.172625,True,0.22469,5,200,0,200,0.491326,"full_prefill,chunked_prefill_small,estimated_service_time_first,weighted_fair_share,least_laxity_first",False,1.0,0.005,sustained+high_valid_pressure,0,952bd353c79bef75dea529eeb46f1ee1ac61a4efb946ed96403fe542a094c856,industry_realism_causal_headroom_phase_d_v1.results.0.0,32.083,0.0,azure_2023_conv,phase_d_v1::azure_2023_conv::w076::kv_capacity::kv_8000::step4790,VALID_STRONGLY_CONSTRAINED,1.0,76
0.00390625,kv_capacity,phase_d_v1::azure_2023_conv::w076::kv_capacity::kv_8000::step4820::sbs_reference,SBS_REFERENCE,"{""admit"":{},""hold_decode"":{},""migrate"":{},""preempt"":{},""prefill_chunk_override"":{},""swap"":{}}",952bd353c79bef75dea529eeb46f1ee1ac61a4efb946ed96403fe542a094c856,,1.0,kv_8000,kv_constrained_online,4820,4.82,27263,0.282892,0,,True,1,0.313375,True,0.229075,,200,0,200,0.500808,,False,1.0,0.005,sustained+high_valid_pressure,0,952bd353c79bef75dea529eeb46f1ee1ac61a4efb946ed96403fe542a094c856,industry_realism_causal_headroom_phase_d_v1.results.0.0,32.083,0.0,azure_2023_conv,phase_d_v1::azure_2023_conv::w076::kv_capacity::kv_8000::step4820,VALID_STRONGLY_CONSTRAINED,1.0,76
0.00390625,kv_capacity,phase_d_v1::azure_2023_conv::w076::kv_capacity::kv_8000::step4820::alt00::f45d6307cb6cd010,COUNTERFACTUAL,"{""admit"":{""0"":[40]},""hold_decode"":{},""migrate"":{},""preempt"":{},""prefill_chunk_override"":{},""swap"":{}}",f45d6307cb6cd010213b08aa2d60eb61645cb664b0fb70a20b881a5b1e94ab54,True,1.0,kv_8000,kv_constrained_online,4820,4.82,27263,0.244038,0,,True,0,0.313375,True,0.22502,5,200,0,200,0.491326,"full_prefill,chunked_prefill_small,estimated_service_time_first,weighted_fair_share,least_laxity_first",False,1.0,0.005,sustained+high_valid_pressure,0,952bd353c79bef75dea529eeb46f1ee1ac61a4efb946ed96403fe542a094c856,industry_realism_causal_headroom_phase_d_v1.results.0.0,32.083,0.0,azure_2023_conv,phase_d_v1::azure_2023_conv::w076::kv_capacity::kv_8000::step4820,VALID_STRONGLY_CONSTRAINED,1.0,76
0.00390625,kv_capacity,phase_d_v1::azure_2023_conv::w076::kv_capacity::kv_8000::step4989::sbs_reference,SBS_REFERENCE,"{""admit"":{},""hold_decode"":{},""migrate"":{},""preempt"":{},""prefill_chunk_override"":{},""swap"":{}}",952bd353c79bef75dea529eeb46f1ee1ac61a4efb946ed96403fe542a094c856,,1.0,kv_8000,kv_constrained_online,4989,4.989,27094,0.265869,0,,True,1,0.30775,True,0.229075,,200,0,200,0.500808,,False,1.0,0.005,sustained+high_valid_pressure,0,952bd353c79bef75dea529eeb46f1ee1ac61a4efb946ed96403fe542a094c856,industry_realism_causal_headroom_phase_d_v1.results.0.0,32.083,0.0,azure_2023_conv,phase_d_v1::azure_2023_conv::w076::kv_capacity::kv_8000::step4989,VALID_STRONGLY_CONSTRAINED,1.0,76
0.00390625,kv_capacity,phase_d_v1::azure_2023_conv::w076::kv_capacity::kv_8000::step4989::alt00::f45d6307cb6cd010,COUNTERFACTUAL,"{""admit"":{""0"":[40]},""hold_decode"":{},""migrate"":{},""preempt"":{},""prefill_chunk_override"":{},""swap"":{}}",f45d6307cb6cd010213b08aa2d60eb61645cb664b0fb70a20b881a5b1e94ab54,True,1.0,kv_8000,kv_constrained_online,4989,4.989,27094,0.380861,0,,True,0,0.30775,True,0.22577,5,200,0,200,0.491326,"full_prefill,chunked_prefill_small,estimated_service_time_first,weighted_fair_share,least_laxity_first",False,1.0,0.005,sustained+high_valid_pressure,0,952bd353c79bef75dea529eeb46f1ee1ac61a4efb946ed96403fe542a094c856,industry_realism_causal_headroom_phase_d_v1.results.0.0,32.083,0.0,azure_2023_conv,phase_d_v1::azure_2023_conv::w076::kv_capacity::kv_8000::step4989,VALID_STRONGLY_CONSTRAINED,1.0,76
0.001953125,kv_capacity,phase_d_v1::azure_2023_conv::w076::kv_capacity::kv_8000::step5301::sbs_reference,SBS_REFERENCE,"{""admit"":{},""hold_decode"":{},""migrate"":{},""preempt"":{},""prefill_chunk_override"":{},""swap"":{}}",952bd353c79bef75dea529eeb46f1ee1ac61a4efb946ed96403fe542a094c856,,1.0,kv_8000,kv_constrained_online,5301,5.301,26782,0.262022,0,,True,1,0.1545,True,0.229075,,200,0,200,0.500808,,False,1.0,0.005,sustained+high_valid_pressure,0,952bd353c79bef75dea529eeb46f1ee1ac61a4efb946ed96403fe542a094c856,industry_realism_causal_headroom_phase_d_v1.results.0.0,32.083,0.0,azure_2023_conv,phase_d_v1::azure_2023_conv::w076::kv_capacity::kv_8000::step5301,VALID_STRONGLY_CONSTRAINED,1.0,76
0.001953125,kv_capacity,phase_d_v1::azure_2023_conv::w076::kv_capacity::kv_8000::step5301::alt00::f45d6307cb6cd010,COUNTERFACTUAL,"{""admit"":{""0"":[40]},""hold_decode"":{},""migrate"":{},""preempt"":{},""prefill_chunk_override"":{},""swap"":{}}",f45d6307cb6cd010213b08aa2d60eb61645cb664b0fb70a20b881a5b1e94ab54,True,1.0,kv_8000,kv_constrained_online,5301,5.301,26782,0.257489,0,,True,0,0.1545,True,0.227425,5,200,0,200,0.500808,"full_prefill,chunked_prefill_small,estimated_service_time_first,weighted_fair_share,least_laxity_first",False,1.0,0.005,sustained+high_valid_pressure,0,952bd353c79bef75dea529eeb46f1ee1ac61a4efb946ed96403fe542a094c856,industry_realism_causal_headroom_phase_d_v1.results.0.0,32.083,0.0,azure_2023_conv,phase_d_v1::azure_2023_conv::w076::kv_capacity::kv_8000::step5301,VALID_STRONGLY_CONSTRAINED,1.0,76
0.001953125,kv_capacity,phase_d_v1::azure_2023_conv::w076::kv_capacity::kv_8000::step5608::sbs_reference,SBS_REFERENCE,"{""admit"":{},""hold_decode"":{},""migrate"":{},""preempt"":{},""prefill_chunk_override"":{},""swap"":{}}",952bd353c79bef75dea529eeb46f1ee1ac61a4efb946ed96403fe542a094c856,,1.0,kv_8000,kv_constrained_online,5608,5.6080000000000005,26475,0.257182,0,,True,1,0.192875,True,0.229075,,200,0,200,0.500808,,False,1.0,0.005,sustained+high_valid_pressure,0,952bd353c79bef75dea529eeb46f1ee1ac61a4efb946ed96403fe542a094c856,industry_realism_causal_headroom_phase_d_v1.results.0.0,32.083,0.0,azure_2023_conv,phase_d_v1::azure_2023_conv::w076::kv_capacity::kv_8000::step5608,VALID_STRONGLY_CONSTRAINED,1.0,76
0.001953125,kv_capacity,phase_d_v1::azure_2023_conv::w076::kv_capacity::kv_8000::step5608::alt00::f45d6307cb6cd010,COUNTERFACTUAL,"{""admit"":{""0"":[40]},""hold_decode"":{},""migrate"":{},""preempt"":{},""prefill_chunk_override"":{},""swap"":{}}",f45d6307cb6cd010213b08aa2d60eb61645cb664b0fb70a20b881a5b1e94ab54,True,1.0,kv_8000,kv_constrained_online,5608,5.6080000000000005,26475,0.235401,0,,True,0,0.192875,True,0.228775,5,200,0,200,0.500808,"full_prefill,chunked_prefill_small,estimated_service_time_first,weighted_fair_share,least_laxity_first",False,1.0,0.005,sustained+high_valid_pressure,0,952bd353c79bef75dea529eeb46f1ee1ac61a4efb946ed96403fe542a094c856,industry_realism_causal_headroom_phase_d_v1.results.0.0,32.083,0.0,azure_2023_conv,phase_d_v1::azure_2023_conv::w076::kv_capacity::kv_8000::step5608,VALID_STRONGLY_CONSTRAINED,1.0,76
0.00390625,kv_capacity,phase_d_v1::azure_2023_conv::w076::kv_capacity::kv_8000::step14517::sbs_reference,SBS_REFERENCE,"{""admit"":{},""hold_decode"":{},""migrate"":{},""preempt"":{},""prefill_chunk_override"":{},""swap"":{}}",952bd353c79bef75dea529eeb46f1ee1ac61a4efb946ed96403fe542a094c856,,1.0,kv_8000,kv_constrained_online,14517,14.517,17566,0.17114,0,,True,1,0.770875,True,0.229075,,200,0,200,0.500808,,False,1.0,0.01,sustained+high_valid_pressure,0,952bd353c79bef75dea529eeb46f1ee1ac61a4efb946ed96403fe542a094c856,industry_realism_causal_headroom_phase_d_v1.results.0.0,32.083,0.0,azure_2023_conv,phase_d_v1::azure_2023_conv::w076::kv_capacity::kv_8000::step14517,VALID_STRONGLY_CONSTRAINED,1.0,76
0.00390625,kv_capacity,phase_d_v1::azure_2023_conv::w076::kv_capacity::kv_8000::step14517::alt00::e7917086f32372d2,COUNTERFACTUAL,"{""admit"":{""0"":[96,97]},""hold_decode"":{},""migrate"":{},""preempt"":{},""prefill_chunk_override"":{},""swap"":{}}",e7917086f32372d2182f829dbe86d76a45ef398a7f0e74782840a485c4469c5f,True,1.0,kv_8000,kv_constrained_online,14517,14.517,17566,0.156915,0,,True,0,0.770875,True,0.228735,5,200,0,200,0.500808,"full_prefill,chunked_prefill_small,estimated_service_time_first,weighted_fair_share,least_laxity_first",False,1.0,0.01,sustained+high_valid_pressure,0,952bd353c79bef75dea529eeb46f1ee1ac61a4efb946ed96403fe542a094c856,industry_realism_causal_headroom_phase_d_v1.results.0.0,32.083,0.0,azure_2023_conv,phase_d_v1::azure_2023_conv::w076::kv_capacity::kv_8000::step14517,VALID_STRONGLY_CONSTRAINED,1.0,76
0.001953125,kv_capacity,phase_d_v1::azure_2023_conv::w076::kv_capacity::kv_8000::step26957::sbs_reference,SBS_REFERENCE,"{""admit"":{},""hold_decode"":{},""migrate"":{},""preempt"":{},""prefill_chunk_override"":{},""swap"":{}}",952bd353c79bef75dea529eeb46f1ee1ac61a4efb946ed96403fe542a094c856,,1.0,kv_8000,kv_constrained_online,26957,26.957,5126,0.039555,0,,True,1,0.185875,True,0.229075,,200,0,200,0.500808,,False,1.0,0.005,sustained+high_valid_pressure,0,952bd353c79bef75dea529eeb46f1ee1ac61a4efb946ed96403fe542a094c856,industry_realism_causal_headroom_phase_d_v1.results.0.0,32.083,0.0,azure_2023_conv,phase_d_v1::azure_2023_conv::w076::kv_capacity::kv_8000::step26957,VALID_STRONGLY_CONSTRAINED,1.0,76
0.001953125,kv_capacity,phase_d_v1::azure_2023_conv::w076::kv_capacity::kv_8000::step26957::alt00::f59cddf74bf1736d,COUNTERFACTUAL,"{""admit"":{""0"":[169]},""hold_decode"":{},""migrate"":{},""preempt"":{},""prefill_chunk_override"":{},""swap"":{}}",f59cddf74bf1736d50937b6e94420871a097970dbe6d91b58fdf4dbf4f1dd4f6,True,1.0,kv_8000,kv_constrained_online,26957,26.957,5126,0.036955,0,,True,0,0.185875,True,0.2267,5,200,0,200,0.491326,"full_prefill,chunked_prefill_small,estimated_service_time_first,weighted_fair_share,least_laxity_first",False,1.0,0.005,sustained+high_valid_pressure,0,952bd353c79bef75dea529eeb46f1ee1ac61a4efb946ed96403fe542a094c856,industry_realism_causal_headroom_phase_d_v1.results.0.0,32.083,0.0,azure_2023_conv,phase_d_v1::azure_2023_conv::w076::kv_capacity::kv_8000::step26957,VALID_STRONGLY_CONSTRAINED,1.0,76
0.001953125,kv_capacity,phase_d_v1::azure_2023_conv::w076::kv_capacity::kv_8000::step27033::sbs_reference,SBS_REFERENCE,"{""admit"":{},""hold_decode"":{},""migrate"":{},""preempt"":{},""prefill_chunk_override"":{},""swap"":{}}",952bd353c79bef75dea529eeb46f1ee1ac61a4efb946ed96403fe542a094c856,,1.0,kv_8000,kv_constrained_online,27033,27.033,5050,0.060932,0,,True,1,0.195375,True,0.229075,,200,0,200,0.500808,,False,1.0,0.005,sustained+high_valid_pressure,0,952bd353c79bef75dea529eeb46f1ee1ac61a4efb946ed96403fe542a094c856,industry_realism_causal_headroom_phase_d_v1.results.0.0,32.083,0.0,azure_2023_conv,phase_d_v1::azure_2023_conv::w076::kv_capacity::kv_8000::step27033,VALID_STRONGLY_CONSTRAINED,1.0,76
0.001953125,kv_capacity,phase_d_v1::azure_2023_conv::w076::kv_capacity::kv_8000::step27033::alt00::f59cddf74bf1736d,COUNTERFACTUAL,"{""admit"":{""0"":[169]},""hold_decode"":{},""migrate"":{},""preempt"":{},""prefill_chunk_override"":{},""swap"":{}}",f59cddf74bf1736d50937b6e94420871a097970dbe6d91b58fdf4dbf4f1dd4f6,True,1.0,kv_8000,kv_constrained_online,27033,27.033,5050,0.038661,0,,True,0,0.195375,True,0.22779,5,200,0,200,0.491326,"full_prefill,chunked_prefill_small,estimated_service_time_first,weighted_fair_share,least_laxity_first",False,1.0,0.005,sustained+high_valid_pressure,0,952bd353c79bef75dea529eeb46f1ee1ac61a4efb946ed96403fe542a094c856,industry_realism_causal_headroom_phase_d_v1.results.0.0,32.083,0.0,azure_2023_conv,phase_d_v1::azure_2023_conv::w076::kv_capacity::kv_8000::step27033,VALID_STRONGLY_CONSTRAINED,1.0,76
0.00390625,kv_capacity,phase_d_v1::azure_2023_conv::w076::kv_capacity::kv_8000::step27202::sbs_reference,SBS_REFERENCE,"{""admit"":{},""hold_decode"":{},""migrate"":{},""preempt"":{},""prefill_chunk_override"":{},""swap"":{}}",952bd353c79bef75dea529eeb46f1ee1ac61a4efb946ed96403fe542a094c856,,1.0,kv_8000,kv_constrained_online,27202,27.202,4881,0.037833,0,,True,1,0.326,True,0.229075,,200,0,200,0.500808,,False,1.0,0.005,sustained+high_valid_pressure,0,952bd353c79bef75dea529eeb46f1ee1ac61a4efb946ed96403fe542a094c856,industry_realism_causal_headroom_phase_d_v1.results.0.0,32.083,0.0,azure_2023_conv,phase_d_v1::azure_2023_conv::w076::kv_capacity::kv_8000::step27202,VALID_STRONGLY_CONSTRAINED,1.0,76
0.00390625,kv_capacity,phase_d_v1::azure_2023_conv::w076::kv_capacity::kv_8000::step27202::alt00::f59cddf74bf1736d,COUNTERFACTUAL,"{""admit"":{""0"":[169]},""hold_decode"":{},""migrate"":{},""preempt"":{},""prefill_chunk_override"":{},""swap"":{}}",f59cddf74bf1736d50937b6e94420871a097970dbe6d91b58fdf4dbf4f1dd4f6,True,1.0,kv_8000,kv_constrained_online,27202,27.202,4881,0.033229,0,,True,0,0.326,True,0.22784,5,200,0,200,0.491326,"full_prefill,chunked_prefill_small,estimated_service_time_first,weighted_fair_share,least_laxity_first",False,1.0,0.005,sustained+high_valid_pressure,0,952bd353c79bef75dea529eeb46f1ee1ac61a4efb946ed96403fe542a094c856,industry_realism_causal_headroom_phase_d_v1.results.0.0,32.083,0.0,azure_2023_conv,phase_d_v1::azure_2023_conv::w076::kv_capacity::kv_8000::step27202,VALID_STRONGLY_CONSTRAINED,1.0,76
0.001953125,kv_capacity,phase_d_v1::azure_2023_conv::w076::kv_capacity::kv_8000::step27216::sbs_reference,SBS_REFERENCE,"{""admit"":{},""hold_decode"":{},""migrate"":{},""preempt"":{},""prefill_chunk_override"":{},""swap"":{}}",952bd353c79bef75dea529eeb46f1ee1ac61a4efb946ed96403fe542a094c856,,1.0,kv_8000,kv_constrained_online,27216,27.216,4867,0.036551,0,,True,1,0.1645,True,0.229075,,200,0,200,0.500808,,False,1.0,0.005,sustained+high_valid_pressure,0,952bd353c79bef75dea529eeb46f1ee1ac61a4efb946ed96403fe542a094c856,industry_realism_causal_headroom_phase_d_v1.results.0.0,32.083,0.0,azure_2023_conv,phase_d_v1::azure_2023_conv::w076::kv_capacity::kv_8000::step27216,VALID_STRONGLY_CONSTRAINED,1.0,76
0.001953125,kv_capacity,phase_d_v1::azure_2023_conv::w076::kv_capacity::kv_8000::step27216::alt00::f59cddf74bf1736d,COUNTERFACTUAL,"{""admit"":{""0"":[169]},""hold_decode"":{},""migrate"":{},""preempt"":{},""prefill_chunk_override"":{},""swap"":{}}",f59cddf74bf1736d50937b6e94420871a097970dbe6d91b58fdf4dbf4f1dd4f6,True,1.0,kv_8000,kv_constrained_online,27216,27.216,4867,0.034539,0,,True,0,0.1645,True,0.22786,5,200,0,200,0.491326,"full_prefill,chunked_prefill_small,estimated_service_time_first,weighted_fair_share,least_laxity_first",False,1.0,0.005,sustained+high_valid_pressure,0,952bd353c79bef75dea529eeb46f1ee1ac61a4efb946ed96403fe542a094c856,industry_realism_causal_headroom_phase_d_v1.results.0.0,32.083,0.0,azure_2023_conv,phase_d_v1::azure_2023_conv::w076::kv_capacity::kv_8000::step27216,VALID_STRONGLY_CONSTRAINED,1.0,76
0.001953125,kv_capacity,phase_d_v1::azure_2023_conv::w076::kv_capacity::kv_8000::step27221::sbs_reference,SBS_REFERENCE,"{""admit"":{},""hold_decode"":{},""migrate"":{},""preempt"":{},""prefill_chunk_override"":{},""swap"":{}}",952bd353c79bef75dea529eeb46f1ee1ac61a4efb946ed96403fe542a094c856,,1.0,kv_8000,kv_constrained_online,27221,27.221,4862,0.035366,0,,True,1,0.165125,True,0.229075,,200,0,200,0.500808,,False,1.0,0.005,sustained+high_valid_pressure,0,952bd353c79bef75dea529eeb46f1ee1ac61a4efb946ed96403fe542a094c856,industry_realism_causal_headroom_phase_d_v1.results.0.0,32.083,0.0,azure_2023_conv,phase_d_v1::azure_2023_conv::w076::kv_capacity::kv_8000::step27221,VALID_STRONGLY_CONSTRAINED,1.0,76
0.001953125,kv_capacity,phase_d_v1::azure_2023_conv::w076::kv_capacity::kv_8000::step27221::alt00::f59cddf74bf1736d,COUNTERFACTUAL,"{""admit"":{""0"":[169]},""hold_decode"":{},""migrate"":{},""preempt"":{},""prefill_chunk_override"":{},""swap"":{}}",f59cddf74bf1736d50937b6e94420871a097970dbe6d91b58fdf4dbf4f1dd4f6,True,1.0,kv_8000,kv_constrained_online,27221,27.221,4862,0.033781,0,,True,0,0.165125,True,0.227885,5,200,0,200,0.491326,"full_prefill,chunked_prefill_small,estimated_service_time_first,weighted_fair_share,least_laxity_first",False,1.0,0.005,sustained+high_valid_pressure,0,952bd353c79bef75dea529eeb46f1ee1ac61a4efb946ed96403fe542a094c856,industry_realism_causal_headroom_phase_d_v1.results.0.0,32.083,0.0,azure_2023_conv,phase_d_v1::azure_2023_conv::w076::kv_capacity::kv_8000::step27221,VALID_STRONGLY_CONSTRAINED,1.0,76
0.001953125,kv_capacity,phase_d_v1::azure_2023_conv::w076::kv_capacity::kv_8000::step27263::sbs_reference,SBS_REFERENCE,"{""admit"":{},""hold_decode"":{},""migrate"":{},""preempt"":{},""prefill_chunk_override"":{},""swap"":{}}",952bd353c79bef75dea529eeb46f1ee1ac61a4efb946ed96403fe542a094c856,,1.0,kv_8000,kv_constrained_online,27263,27.263,4820,0.038876,0,,True,1,0.170375,True,0.229075,,200,0,200,0.500808,,False,1.0,0.005,sustained+high_valid_pressure,0,952bd353c79bef75dea529eeb46f1ee1ac61a4efb946ed96403fe542a094c856,industry_realism_causal_headroom_phase_d_v1.results.0.0,32.083,0.0,azure_2023_conv,phase_d_v1::azure_2023_conv::w076::kv_capacity::kv_8000::step27263,VALID_STRONGLY_CONSTRAINED,1.0,76
0.001953125,kv_capacity,phase_d_v1::azure_2023_conv::w076::kv_capacity::kv_8000::step27263::alt00::f59cddf74bf1736d,COUNTERFACTUAL,"{""admit"":{""0"":[169]},""hold_decode"":{},""migrate"":{},""preempt"":{},""prefill_chunk_override"":{},""swap"":{}}",f59cddf74bf1736d50937b6e94420871a097970dbe6d91b58fdf4dbf4f1dd4f6,True,1.0,kv_8000,kv_constrained_online,27263,27.263,4820,0.033546,0,,True,0,0.170375,True,0.228275,5,200,0,200,0.491326,"full_prefill,chunked_prefill_small,estimated_service_time_first,weighted_fair_share,least_laxity_first",False,1.0,0.005,sustained+high_valid_pressure,0,952bd353c79bef75dea529eeb46f1ee1ac61a4efb946ed96403fe542a094c856,industry_realism_causal_headroom_phase_d_v1.results.0.0,32.083,0.0,azure_2023_conv,phase_d_v1::azure_2023_conv::w076::kv_capacity::kv_8000::step27263,VALID_STRONGLY_CONSTRAINED,1.0,76
0.001953125,kv_capacity,phase_d_v1::azure_2023_conv::w076::kv_capacity::kv_8000::step27282::sbs_reference,SBS_REFERENCE,"{""admit"":{},""hold_decode"":{},""migrate"":{},""preempt"":{},""prefill_chunk_override"":{},""swap"":{}}",952bd353c79bef75dea529eeb46f1ee1ac61a4efb946ed96403fe542a094c856,,1.0,kv_8000,kv_constrained_online,27282,27.282,4801,0.034453,0,,True,1,0.17275,True,0.229075,,200,0,200,0.500808,,False,1.0,0.005,sustained+high_valid_pressure,0,952bd353c79bef75dea529eeb46f1ee1ac61a4efb946ed96403fe542a094c856,industry_realism_causal_headroom_phase_d_v1.results.0.0,32.083,0.0,azure_2023_conv,phase_d_v1::azure_2023_conv::w076::kv_capacity::kv_8000::step27282,VALID_STRONGLY_CONSTRAINED,1.0,76
0.001953125,kv_capacity,phase_d_v1::azure_2023_conv::w076::kv_capacity::kv_8000::step27282::alt00::f59cddf74bf1736d,COUNTERFACTUAL,"{""admit"":{""0"":[169]},""hold_decode"":{},""migrate"":{},""preempt"":{},""prefill_chunk_override"":{},""swap"":{}}",f59cddf74bf1736d50937b6e94420871a097970dbe6d91b58fdf4dbf4f1dd4f6,True,1.0,kv_8000,kv_constrained_online,27282,27.282,4801,0.034073,0,,True,0,0.17275,True,0.228465,5,200,0,200,0.491326,"full_prefill,chunked_prefill_small,estimated_service_time_first,weighted_fair_share,least_laxity_first",False,1.0,0.005,sustained+high_valid_pressure,0,952bd353c79bef75dea529eeb46f1ee1ac61a4efb946ed96403fe542a094c856,industry_realism_causal_headroom_phase_d_v1.results.0.0,32.083,0.0,azure_2023_conv,phase_d_v1::azure_2023_conv::w076::kv_capacity::kv_8000::step27282,VALID_STRONGLY_CONSTRAINED,1.0,76
0.001953125,kv_capacity,phase_d_v1::azure_2023_conv::w076::kv_capacity::kv_8000::step27334::sbs_reference,SBS_REFERENCE,"{""admit"":{},""hold_decode"":{},""migrate"":{},""preempt"":{},""prefill_chunk_override"":{},""swap"":{}}",952bd353c79bef75dea529eeb46f1ee1ac61a4efb946ed96403fe542a094c856,,1.0,kv_8000,kv_constrained_online,27334,27.334,4749,0.03441,0,,True,1,0.17925,True,0.229075,,200,0,200,0.500808,,False,1.0,0.005,sustained+high_valid_pressure,0,952bd353c79bef75dea529eeb46f1ee1ac61a4efb946ed96403fe542a094c856,industry_realism_causal_headroom_phase_d_v1.results.0.0,32.083,0.0,azure_2023_conv,phase_d_v1::azure_2023_conv::w076::kv_capacity::kv_8000::step27334,VALID_STRONGLY_CONSTRAINED,1.0,76
0.001953125,kv_capacity,phase_d_v1::azure_2023_conv::w076::kv_capacity::kv_8000::step27334::alt00::f59cddf74bf1736d,COUNTERFACTUAL,"{""admit"":{""0"":[169]},""hold_decode"":{},""migrate"":{},""preempt"":{},""prefill_chunk_override"":{},""swap"":{}}",f59cddf74bf1736d50937b6e94420871a097970dbe6d91b58fdf4dbf4f1dd4f6,True,1.0,kv_8000,kv_constrained_online,27334,27.334,4749,0.033331,0,,True,0,0.17925,True,0.228985,5,200,0,200,0.500808,"full_prefill,chunked_prefill_small,estimated_service_time_first,weighted_fair_share,least_laxity_first",False,1.0,0.005,sustained+high_valid_pressure,0,952bd353c79bef75dea529eeb46f1ee1ac61a4efb946ed96403fe542a094c856,industry_realism_causal_headroom_phase_d_v1.results.0.0,32.083,0.0,azure_2023_conv,phase_d_v1::azure_2023_conv::w076::kv_capacity::kv_8000::step27334,VALID_STRONGLY_CONSTRAINED,1.0,76
0.0,kv_capacity,phase_d_v1::burstgpt::w351::kv_capacity::kv_8000::step83000::sbs_reference,SBS_REFERENCE,"{""admit"":{""0"":[69,70]},""hold_decode"":{},""migrate"":{},""preempt"":{},""prefill_chunk_override"":{},""swap"":{}}",8ac5e03031f9188469e154afd4483a8e35bd5036fceb39fe05a362ca066c3a97,,1.0,kv_8000,kv_constrained_online,83000,83.0,178266,0.270525,0,,True,1,0.0,True,0.18702,,200,0,200,0.3398,,False,1.0,0.015,high_valid_pressure,1,8ac5e03031f9188469e154afd4483a8e35bd5036fceb39fe05a362ca066c3a97,industry_realism_causal_headroom_phase_d_v1.results.0.0,261.266,0.0,burstgpt,phase_d_v1::burstgpt::w351::kv_capacity::kv_8000::step83000,VALID_STRONGLY_CONSTRAINED,1.0,351
0.0,kv_capacity,phase_d_v1::burstgpt::w351::kv_capacity::kv_8000::step83000::alt00::fa40fd61abb3a43f,COUNTERFACTUAL,"{""admit"":{""0"":[68,69]},""hold_decode"":{},""migrate"":{},""preempt"":{},""prefill_chunk_override"":{},""swap"":{}}",fa40fd61abb3a43fe214751d55680ea219b6e4d39ea482e48e80afb183a6724f,True,1.0,kv_8000,kv_constrained_online,83000,83.0,178266,0.252026,0,,True,0,0.0,True,0.187015,2,200,0,200,0.33885,"full_prefill,chunked_prefill_small",False,1.0,0.015,high_valid_pressure,1,8ac5e03031f9188469e154afd4483a8e35bd5036fceb39fe05a362ca066c3a97,industry_realism_causal_headroom_phase_d_v1.results.0.0,261.266,0.0,burstgpt,phase_d_v1::burstgpt::w351::kv_capacity::kv_8000::step83000,VALID_STRONGLY_CONSTRAINED,1.0,351
0.0,kv_capacity,phase_d_v1::burstgpt::w351::kv_capacity::kv_8000::step83000::alt01::6493d0ea9e279767,COUNTERFACTUAL,"{""admit"":{""0"":[68,70]},""hold_decode"":{},""migrate"":{},""preempt"":{},""prefill_chunk_override"":{},""swap"":{}}",6493d0ea9e279767a264aa0109282a63cd200004d054f6a724bb0e72e785ca6a,True,1.0,kv_8000,kv_constrained_online,83000,83.0,178266,0.215755,0,,True,0,0.0,True,0.187015,1,200,0,200,0.33885,least_laxity_first,False,1.0,0.015,high_valid_pressure,1,8ac5e03031f9188469e154afd4483a8e35bd5036fceb39fe05a362ca066c3a97,industry_realism_causal_headroom_phase_d_v1.results.0.0,261.266,0.0,burstgpt,phase_d_v1::burstgpt::w351::kv_capacity::kv_8000::step83000,VALID_STRONGLY_CONSTRAINED,1.0,351
0.75,active_sequence_capacity,phase_d_v1::burstgpt::w3159::active_sequence_capacity::active_4::step128189::sbs_reference,SBS_REFERENCE,"{""admit"":{""0"":[166]},""hold_decode"":{},""migrate"":{},""preempt"":{},""prefill_chunk_override"":{},""swap"":{}}",34e0a02116010cd65266c4b5ee9f61c92db2ca85aa08ec530ca1c31ea391c9d7,,1.0,active_4,kv_constrained_online,128189,128.189,18677,0.136481,0,,True,1,0.000335625,True,0.794925,,200,0,200,2.12025,,False,1.0,0.125,high_valid_pressure,0,34e0a02116010cd65266c4b5ee9f61c92db2ca85aa08ec530ca1c31ea391c9d7,industry_realism_causal_headroom_phase_d_v1.results.0.0,146.866,0.0,burstgpt,phase_d_v1::burstgpt::w3159::active_sequence_capacity::active_4::step128189,VALID_STRONGLY_CONSTRAINED,1.0,3159
0.75,active_sequence_capacity,phase_d_v1::burstgpt::w3159::active_sequence_capacity::active_4::step128189::alt00::270c884d08d14618,COUNTERFACTUAL,"{""admit"":{""0"":[145]},""hold_decode"":{},""migrate"":{},""preempt"":{},""prefill_chunk_override"":{},""swap"":{}}",270c884d08d146186230f9add072e95ae8327bbd943187e7874c2be6c194b6de,True,1.0,active_4,kv_constrained_online,128189,128.189,18677,0.174608,0,,True,0,0.000335625,True,0.79488,2,200,0,200,2.1134,"full_prefill,chunked_prefill_small",False,1.0,0.125,high_valid_pressure,0,34e0a02116010cd65266c4b5ee9f61c92db2ca85aa08ec530ca1c31ea391c9d7,industry_realism_causal_headroom_phase_d_v1.results.0.0,146.866,0.0,burstgpt,phase_d_v1::burstgpt::w3159::active_sequence_capacity::active_4::step128189,VALID_STRONGLY_CONSTRAINED,1.0,3159
0.75,active_sequence_capacity,phase_d_v1::burstgpt::w3159::active_sequence_capacity::active_4::step128189::alt01::07588f7f4a9b1f46,COUNTERFACTUAL,"{""admit"":{""0"":[159]},""hold_decode"":{},""migrate"":{},""preempt"":{},""prefill_chunk_override"":{},""swap"":{}}",07588f7f4a9b1f46e0a7432b3294fcc27d339d0c142668762d2420373f57e4d7,True,1.0,active_4,kv_constrained_online,128189,128.189,18677,0.12769,0,,True,0,0.000335625,True,0.804035,1,200,0,200,1.9707,least_laxity_first,False,1.0,0.125,high_valid_pressure,0,34e0a02116010cd65266c4b5ee9f61c92db2ca85aa08ec530ca1c31ea391c9d7,industry_realism_causal_headroom_phase_d_v1.results.0.0,146.866,0.0,burstgpt,phase_d_v1::burstgpt::w3159::active_sequence_capacity::active_4::step128189,VALID_STRONGLY_CONSTRAINED,1.0,3159
0.75,active_sequence_capacity,phase_d_v1::burstgpt::w3159::active_sequence_capacity::active_8::step93208::sbs_reference,SBS_REFERENCE,"{""admit"":{""0"":[125,126]},""hold_decode"":{},""migrate"":{},""preempt"":{},""prefill_chunk_override"":{},""swap"":{}}",18c001e520c2326a89d2420c5bcb7a6f0ae34f9e60f54bda360a7d5a9f902b2a,,1.0,active_8,kv_constrained_online,93208,93.208,53658,0.207514,0,,True,1,0.0006975,True,0.537305,,200,0,200,1.7356,,False,1.0,0.025,sustained,0,18c001e520c2326a89d2420c5bcb7a6f0ae34f9e60f54bda360a7d5a9f902b2a,industry_realism_causal_headroom_phase_d_v1.results.0.0,146.866,0.0,burstgpt,phase_d_v1::burstgpt::w3159::active_sequence_capacity::active_8::step93208,VALID_STRONGLY_CONSTRAINED,1.0,3159
0.75,active_sequence_capacity,phase_d_v1::burstgpt::w3159::active_sequence_capacity::active_8::step93208::alt00::8b28028f5260e401,COUNTERFACTUAL,"{""admit"":{""0"":[114,118]},""hold_decode"":{},""migrate"":{},""preempt"":{},""prefill_chunk_override"":{},""swap"":{}}",8b28028f5260e401db1cfae252a3687c908e2c63ea8d36331f75ae5f7ebc2c94,True,1.0,active_8,kv_constrained_online,93208,93.208,53658,0.255758,0,,True,0,0.0006975,True,0.53732,2,200,0,200,1.7356,"full_prefill,chunked_prefill_small",False,1.0,0.025,sustained,0,18c001e520c2326a89d2420c5bcb7a6f0ae34f9e60f54bda360a7d5a9f902b2a,industry_realism_causal_headroom_phase_d_v1.results.0.0,146.866,0.0,burstgpt,phase_d_v1::burstgpt::w3159::active_sequence_capacity::active_8::step93208,VALID_STRONGLY_CONSTRAINED,1.0,3159
0.75,active_sequence_capacity,phase_d_v1::burstgpt::w3159::active_sequence_capacity::active_8::step93208::alt01::9f27e25a3a35f2ab,COUNTERFACTUAL,"{""admit"":{""0"":[118,123]},""hold_decode"":{},""migrate"":{},""preempt"":{},""prefill_chunk_override"":{},""swap"":{}}",9f27e25a3a35f2ab553cb683913adf538fe9ef39e8419847c7988a7c1187e0c0,True,1.0,active_8,kv_constrained_online,93208,93.208,53658,0.215636,0,,True,0,0.0006975,True,0.53731,1,200,0,200,1.7356,least_laxity_first,False,1.0,0.025,sustained,0,18c001e520c2326a89d2420c5bcb7a6f0ae34f9e60f54bda360a7d5a9f902b2a,industry_realism_causal_headroom_phase_d_v1.results.0.0,146.866,0.0,burstgpt,phase_d_v1::burstgpt::w3159::active_sequence_capacity::active_8::step93208,VALID_STRONGLY_CONSTRAINED,1.0,3159
0.0,active_sequence_capacity,phase_d_v1::burstgpt::w3510::active_sequence_capacity::active_4::step46000::sbs_reference,SBS_REFERENCE,"{""admit"":{""0"":[125,126,127,128]},""hold_decode"":{},""migrate"":{},""preempt"":{},""prefill_chunk_override"":{},""swap"":{}}",cf2f5dc1a3a7cff8f3323858b72006f0f66215628bc28e88b36d2a16d4ab197b,,1.0,active_4,kv_constrained_online,46000,46.0,25137,0.074164,0,,True,1,0.0,True,0.09118,,200,0,200,0.163,,False,1.0,0.025,high_valid_pressure,0,cf2f5dc1a3a7cff8f3323858b72006f0f66215628bc28e88b36d2a16d4ab197b,industry_realism_causal_headroom_phase_d_v1.results.0.0,71.137,0.0,burstgpt,phase_d_v1::burstgpt::w3510::active_sequence_capacity::active_4::step46000,VALID_STRONGLY_CONSTRAINED,1.0,3510
0.0,active_sequence_capacity,phase_d_v1::burstgpt::w3510::active_sequence_capacity::active_4::step46000::alt00::244d75eae99ce7ad,COUNTERFACTUAL,"{""admit"":{""0"":[125,126,128,129]},""hold_decode"":{},""migrate"":{},""preempt"":{},""prefill_chunk_override"":{},""swap"":{}}",244d75eae99ce7ad0c4dcdfa71183bf73acb1e80a83c702b492e7796fc6e61dd,True,1.0,active_4,kv_constrained_online,46000,46.0,25137,0.084356,0,,True,0,0.0,True,0.091505,1,200,0,200,0.163,least_laxity_first,False,1.0,0.025,high_valid_pressure,0,cf2f5dc1a3a7cff8f3323858b72006f0f66215628bc28e88b36d2a16d4ab197b,industry_realism_causal_headroom_phase_d_v1.results.0.0,71.137,0.0,burstgpt,phase_d_v1::burstgpt::w3510::active_sequence_capacity::active_4::step46000,VALID_STRONGLY_CONSTRAINED,1.0,3510
0.0,active_sequence_capacity,phase_d_v1::burstgpt::w6318::active_sequence_capacity::active_4::step61000::sbs_reference,SBS_REFERENCE,"{""admit"":{""0"":[183,184,185,186]},""hold_decode"":{},""migrate"":{},""preempt"":{},""prefill_chunk_override"":{},""swap"":{}}",e2b6af4490077b46eb9407f5748a9c32b9e64accb4c075e1c0de89de388eb85f,,1.0,active_4,kv_constrained_online,61000,61.0,3014,0.009341,0,,True,1,0.0,True,0.02348,,200,0,200,0.15715,,False,1.0,0.025,high_valid_pressure,0,e2b6af4490077b46eb9407f5748a9c32b9e64accb4c075e1c0de89de388eb85f,industry_realism_causal_headroom_phase_d_v1.results.0.0,64.014,0.0,burstgpt,phase_d_v1::burstgpt::w6318::active_sequence_capacity::active_4::step61000,VALID_STRONGLY_CONSTRAINED,1.0,6318
0.0,active_sequence_capacity,phase_d_v1::burstgpt::w6318::active_sequence_capacity::active_4::step61000::alt00::780d311c01b46622,COUNTERFACTUAL,"{""admit"":{""0"":[182,183,184,185]},""hold_decode"":{},""migrate"":{},""preempt"":{},""prefill_chunk_override"":{},""swap"":{}}",780d311c01b46622e408e888c9029e81304a69f71168ff730a1d72f0c811ead2,True,1.0,active_4,kv_constrained_online,61000,61.0,3014,0.009434,0,,True,0,0.0,True,0.02349,3,200,0,200,0.15715,"full_prefill,chunked_prefill_small,least_laxity_first",False,1.0,0.025,high_valid_pressure,0,e2b6af4490077b46eb9407f5748a9c32b9e64accb4c075e1c0de89de388eb85f,industry_realism_causal_headroom_phase_d_v1.results.0.0,64.014,0.0,burstgpt,phase_d_v1::burstgpt::w6318::active_sequence_capacity::active_4::step61000,VALID_STRONGLY_CONSTRAINED,1.0,6318
